{"type": "FeatureCollection", "features": [{"type": "Feature", "geometry": {"curveRings": [[[-75.66168124699993, 4.089226556000028], [-75.66128845299994, 4.089223892000064], [-75.66068974499996, 4.089225077000037], [-75.66045862899995, 4.089213573000052], [-75.66022839299995, 4.089190135000024], [-75.65999967999994, 4.089154830000041], [-75.65977305699994, 4.089107743000056], [-75.65954918099999, 4.089049014000068], [-75.65932856699999, 4.088978775000044], [-75.65896885199999, 4.088843417000021], [-75.65888206599999, 4.088806934000047], [-75.65868825599995, 4.0887226580000515], [-75.65865771399996, 4.088709405000031], [-75.65863614199998, 4.088700063000033], [-75.65863145899993, 4.088698025000042], [-75.65862437299995, 4.088694925000027], [-75.65861749499999, 4.088691895000068], [-75.65861296299994, 4.088689887000044], [-75.65860841799997, 4.088687865000054], [-75.65860385599996, 4.088685825000027], [-75.65859938499995, 4.08868381700006], [-75.65859490099996, 4.0886817950000705], [-75.65858997799995, 4.088679565000064], [-75.65858554099998, 4.088677546000042], [-75.65858112199999, 4.088675526000031], [-75.65857658199997, 4.088673441000026], [-75.65857201899996, 4.088671337000051], [-75.65856749399995, 4.088669241000048], [-75.65856298499995, 4.0886671440000555], [-75.65855853799997, 4.088665066000033], [-75.65855343099997, 4.088662670000076], [-75.65854686099993, 4.088659570000061], [-75.65853803199997, 4.088655371000073], [-75.65853140099995, 4.088652196000055], [-75.65852446099996, 4.088648850000027], [-75.65851765499997, 4.088645549000034], [-75.65851094199996, 4.088642271000026], [-75.65850213799996, 4.088637940000069], [-75.65849287699996, 4.088633347000041], [-75.65848604699994, 4.088629935000029], [-75.65847950499995, 4.088626644000044], [-75.65847316199995, 4.088623435000045], [-75.65846597299998, 4.088619775000041], [-75.65845937799998, 4.088616397000067], [-75.65845299399996, 4.088613105000036], [-75.65844622099996, 4.088609593000058], [-75.65844170399998, 4.088607239000055], [-75.65843734499998, 4.088604958000076], [-75.65843280399997, 4.088602571000024], [-75.65842825899995, 4.088600173000032], [-75.65842390399996, 4.088597867000033], [-75.65841736299996, 4.088594383000043], [-75.65841063999994, 4.08859078100005], [-75.65840632699997, 4.08858845900005], [-75.65840181699997, 4.088586021000026], [-75.65839739899997, 4.088583623000034], [-75.65839303199994, 4.088581244000068], [-75.65838667199995, 4.088577761000067], [-75.65837773199996, 4.088572831000022], [-75.65836899599998, 4.088567977000025], [-75.65836257699993, 4.088564385000041], [-75.65835594199996, 4.088560651000023], [-75.65834733199995, 4.088555771000074], [-75.65834069299996, 4.088551984000048], [-75.65833630499998, 4.088549468000053], [-75.65832980799996, 4.088545725000074], [-75.65832125199995, 4.0885407620000365], [-75.65831259899994, 4.088535705000027], [-75.65830397999997, 4.088530628000058], [-75.65829523799994, 4.088525441000058], [-75.65828868899996, 4.088521529000047], [-75.65828448799994, 4.088519007000059], [-75.65827811799994, 4.088515164000057], [-75.65827163199998, 4.0885112300000515], [-75.65826740399996, 4.088508654000066], [-75.65826097399997, 4.088504717000035], [-75.65825443799997, 4.088500693000071], [-75.65825023899998, 4.088498095000034], [-75.65824389299996, 4.088494150000031], [-75.65823749899994, 4.0884901540000556], [-75.65823129299997, 4.088486254000031], [-75.65822468099998, 4.088482075000059], [-75.65820478899997, 4.088469446000033], {"c": [[-75.65745532199998, 4.088013885000066], [-75.65783226286939, 4.088238003874775]]}, [-75.65743489199997, 4.088002004000032], [-75.65743077399998, 4.087999593000063], [-75.65742703999996, 4.08799739400007], [-75.65742171599999, 4.087994237000032], [-75.65741659799994, 4.087991177000049], [-75.65741153799996, 4.087988130000042], [-75.65740796499995, 4.087985963000051], [-75.65740389499996, 4.087983480000048], [-75.65739887199999, 4.087980397000024], [-75.65739381399999, 4.087977267000042], [-75.65738975399995, 4.087974738000071], [-75.65738604199998, 4.087972412000056], [-75.65738223299996, 4.087970012000028], [-75.65737853199994, 4.0879676670000435], [-75.65737344299998, 4.0879644200000484], [-75.65736944199995, 4.087961850000056], [-75.65736593699995, 4.087959586000068], [-75.65736196499995, 4.087957006000067], [-75.65735817799998, 4.087954533000072], [-75.65735338399998, 4.087951381000039], [-75.65734975699996, 4.0879489800000215], [-75.65734580399999, 4.087946350000038], [-75.65734081999994, 4.087943012000039], [-75.65733697399997, 4.087940420000052], [-75.65733334099997, 4.087937956000076], [-75.65732838299994, 4.0879345720000515], [-75.65732352599997, 4.087931233000063], [-75.65731842999998, 4.087927705000027], [-75.65731476699995, 4.0879251530000715], [-75.65731121799996, 4.087922665000065], [-75.65730645399998, 4.087919304000025], [-75.65730138599997, 4.087915705000057], [-75.65729677199994, 4.087912404000065], [-75.65729172099998, 4.087908765000066], [-75.65728815299997, 4.087906177000036], [-75.65728446699995, 4.087903489000041], [-75.65727967799995, 4.087899976000074], [-75.65727603399995, 4.087897285000054], [-75.65727238699998, 4.087894577000043], [-75.65726761599996, 4.087891013000046], [-75.65726301199999, 4.087887550000062], [-75.65725783599999, 4.087883628000043], [-75.65725446799996, 4.08788105900004], [-75.65725099499997, 4.087878396000065], [-75.65724731999995, 4.087875564000058], [-75.65724391099997, 4.08787292300002], [-75.65723894299998, 4.087869049000062], [-75.65723560199996, 4.08786642900003], [-75.65721797899994, 4.087852543000054], {"c": [[-75.65631406299997, 4.087177301000054], [-75.65677043786853, 4.087508960202145]]}, [-75.65626122099997, 4.087132349000058], [-75.65595763499994, 4.086882059000061], [-75.65564974499995, 4.086637127000074], [-75.65533764599996, 4.0863976270000535], [-75.65502142999998, 4.086163634000059], [-75.65470119799994, 4.085935217000042], [-75.65437704399994, 4.085712448000038], [-75.65404906699996, 4.085495392000041], [-75.65371736799995, 4.0852841170000715], [-75.65338204799997, 4.085078686000031], [-75.65304320799999, 4.084879164000029], [-75.65270095299996, 4.084685610000065], [-75.65235538499996, 4.084498083000028], [-75.65200661099993, 4.084316640000054], [-75.65165473699994, 4.084141337000062], [-75.65129986999995, 4.083972227000061], [-75.65094211699994, 4.083809362000068], [-75.65058158899996, 4.083652790000031], [-75.65021839499997, 4.083502561000046], [-75.64985264399996, 4.083358718000056], [-75.64948444999999, 4.083221307000031], [-75.64911392299996, 4.083090371000026], [-75.64874117699998, 4.0829659460000585], [-75.64836632599997, 4.0828480730000365], [-75.64798948199996, 4.082736787000044], [-75.64761076199994, 4.082632121000074], [-75.64723028099996, 4.082534109000051], [-75.64684815399994, 4.0824427790000755], [-75.64647067699997, 4.082359522000047], [-75.64624285499997, 4.08229975200004], [-75.64602225299996, 4.082229511000037], [-75.64580556599998, 4.082147968000072], [-75.64559333899996, 4.08205532900007], [-75.64538613999997, 4.081951840000045], [-75.64525159799996, 4.081875725000032], [-75.64507724199996, 4.081778106000058], [-75.64473167599994, 4.081590575000064], [-75.64438290399994, 4.081409128000075], [-75.64403103199999, 4.081233820000023], [-75.64367616699997, 4.081064705000074], [-75.64331841599994, 4.080901836000066], [-75.64295788899994, 4.0807452600000715], [-75.64259469599995, 4.080595026000026], [-75.64222894699998, 4.080451179000022], [-75.64186075399994, 4.080313763000049], [-75.64149022899994, 4.08018282200004], [-75.64111748399995, 4.0800583930000585], [-75.64074263399993, 4.0799405150000325], [-75.64036579199995, 4.079829225000026], [-75.63998707299999, 4.079724555000041], [-75.63960659299994, 4.0796265380000705], [-75.63922446699996, 4.0795352030000345], [-75.63884081199996, 4.079450579000024], [-75.63845574499999, 4.07937269100006], [-75.63806938199997, 4.079301563000058], [-75.63768184299994, 4.079237216000024], [-75.63729324399998, 4.07917967100002], [-75.63712494199996, 4.07915775500004], [-75.63635590399997, 4.079039014000045], [-75.63602459199996, 4.078990389000069], [-75.63599406499998, 4.078986414000042], [-75.63546028499997, 4.078903996000065], [-75.63523366499999, 4.078856902000041], [-75.63500978499997, 4.078798161000066], [-75.63478917999998, 4.078727916000048], [-75.63457249799995, 4.078646370000058], [-75.63436027299997, 4.078553727000042], [-75.63393175199997, 4.078339686000049], [-75.63363315999999, 4.078178997000066], [-75.63324320099997, 4.07795717700003], [-75.63302560599999, 4.077818789000048], [-75.63283673099994, 4.0776845060000255], [-75.63265501299998, 4.077540656000053], [-75.63248088599994, 4.07738758000005], [-75.63231484799996, 4.077225718000022], [-75.63215734099998, 4.077055500000029], [-75.63199534399996, 4.076861269000062], [-75.63171611599995, 4.076490556000067], [-75.63152429699994, 4.076222825000059], [-75.63111384299998, 4.075614655000038], [-75.63084376299997, 4.0751927210000645], {"c": [[-75.62395364699995, 4.068319897000038], [-75.62777227085809, 4.071378675691389]]}, [-75.62363024299998, 4.068114206000075], [-75.62344135999996, 4.067979911000066], [-75.62325964299998, 4.067836055000043], [-75.62308552199994, 4.06768297800005], [-75.62291948499995, 4.06752110900004], [-75.62276199199994, 4.0673508990000755], [-75.62261340699996, 4.067172741000036], [-75.62247414799998, 4.066987133000055], [-75.62234460299999, 4.066794592000065], [-75.62213656799997, 4.066448198000046], [-75.62211632299994, 4.066411543000072], [-75.62198126499999, 4.066160840000066], [-75.62189349699997, 4.065991818000043], [-75.62174454299998, 4.065673831000026], [-75.62165696299996, 4.065458767000052], [-75.62158051399996, 4.0652394250000725], [-75.62151541599997, 4.065016441000068], [-75.62146183499993, 4.064790384000048], [-75.62141991499993, 4.064561867000066], [-75.62138976099999, 4.064331450000054], [-75.62137146399994, 4.064099826000074], [-75.62136506299998, 4.063867535000043], [-75.62137057999996, 4.063635217000069], [-75.62138799699994, 4.063403516000051], [-75.62145957199994, 4.062839926000038], [-75.62147782399995, 4.062692346000063], [-75.62152154399996, 4.062300359000062], [-75.62155844499995, 4.061907667000071], [-75.62158851599997, 4.061514387000045], [-75.62161174699997, 4.06112064000007], [-75.62162813199996, 4.060726545000023], [-75.62163766399993, 4.060332225000025], [-75.62164034199998, 4.059937797000032], [-75.62163797199997, 4.059714033000034], [-75.62163884599994, 4.059180333000029], [-75.62165076799994, 4.058713150000074], [-75.62166968899999, 4.05846144100002], [-75.62169896799998, 4.058230902000048], [-75.62174001899996, 4.0580022200000485], [-75.62179107999998, 4.05778308400005], [-75.62197092599996, 4.057159726000066], {"c": [[-75.60383156999995, 4.02854171000007], [-75.61934004796568, 4.038735118779666]]}, [-75.60355337299995, 4.028483102000052], [-75.60329737099994, 4.028415912000071], [-75.60307677699996, 4.028345651000052], [-75.60286011699998, 4.028264092000029], [-75.60264789699994, 4.028171430000043], [-75.60244073499996, 4.028067933000045], [-75.60224471199996, 4.027957009000033], [-75.60184069999997, 4.027699687000052], [-75.60160350099994, 4.027542665000055], [-75.60138306199997, 4.027401311000062], [-75.60090720899996, 4.027100070000074], [-75.60073838899996, 4.026980021000043], [-75.60055668499996, 4.026836154000023], [-75.60035283999997, 4.026656919000061], [-75.60005713399994, 4.02637061300004], [-75.59957724699996, 4.0258848380000245], [-75.59926242299997, 4.025544543000024], [-75.59911385699996, 4.025366381000026], [-75.59884507699996, 4.025008089000039], [-75.59864413899999, 4.024719324000046], [-75.59826549699994, 4.024150374000044], [-75.59818852499996, 4.024035480000066], [-75.59796544799997, 4.023710827000059], [-75.59773676299994, 4.023390133000021], [-75.59750253999994, 4.023073495000062], [-75.59726284999994, 4.022761011000057], [-75.59701776499998, 4.022452775000033], [-75.59699990299998, 4.022431032000043], [-75.59683504499998, 4.022211270000071], [-75.59670551599999, 4.022018721000052], [-75.59658602599995, 4.021819727000036], [-75.59647689799993, 4.0216148220000605], [-75.59637840199997, 4.021404514000039], [-75.59629083799996, 4.021189443000026], [-75.59621440299998, 4.020970094000063], [-75.59614932099998, 4.020747110000059], [-75.59609575399998, 4.020521047000045], [-75.59605384699995, 4.020292521000044], [-75.59602370599998, 4.020062102000054], [-75.59599599999996, 4.019711138000048], {"c": [[-75.59340643099995, 4.010838560000025], [-75.59515784423128, 4.015140445586163]]}, [-75.59312588999995, 4.010311784000066], [-75.59305636499994, 4.010163329000022], [-75.59290030299996, 4.009836908000068], [-75.59272439699998, 4.009484235000059], [-75.59254238899996, 4.0091346960000465], [-75.59235433499998, 4.008788401000061], [-75.59216029099997, 4.008445455000071], [-75.59196031699997, 4.008105962000059], [-75.59175447299998, 4.00777002500007], [-75.59154282299994, 4.00743774700004], [-75.59132543099997, 4.0071092290000365], [-75.59110236299995, 4.006784572000072], [-75.59087368699994, 4.00646387300003], [-75.59063947299995, 4.006147230000067], [-75.59039979199997, 4.005834741000058], [-75.59015471699996, 4.005526499000041], [-75.58990432299998, 4.005222601000071], [-75.58964868599998, 4.004923136000059], [-75.58938788299997, 4.0046281980000344], [-75.58912199499997, 4.004337875000033], [-75.58885110199998, 4.004052256000023], [-75.58857528799996, 4.00377142800005], [-75.58829463399996, 4.003495478000048], [-75.58800922799998, 4.003224487000068], [-75.58771915599993, 4.002958541000055], [-75.58742450799997, 4.002697718000036], [-75.58712536999997, 4.002442100000053], [-75.58682183799993, 4.002191763000042], [-75.58651399999997, 4.001946783000051], [-75.58620195299994, 4.001707237000062], [-75.58588578899997, 4.001473195000074], [-75.58556560799997, 4.0012447310000425], [-75.58524150399995, 4.001021913000045], [-75.58491357799994, 4.000804808000055], [-75.58458192899997, 4.000593485000024], [-75.58424665799998, 4.0003880050000475], [-75.58390786799998, 4.000188433000062], [-75.58356566099997, 3.999994829000059], [-75.58322014099997, 3.9998072530000286], [-75.58287141399995, 3.9996257600000718], [-75.58251958799997, 3.9994504070000403], [-75.58216476699994, 3.9992812460000664], [-75.58180705999996, 3.9991183310000338], [-75.58144657599996, 3.9989617090000706], [-75.58108342699995, 3.9988114290000567], [-75.58071771999994, 3.9986675350000382], [-75.58034956899996, 3.99853007400003], [-75.57997908499993, 3.998399086000063], [-75.57960638099996, 3.998274611000056], [-75.57923157099998, 3.998156687000062], [-75.57885476899997, 3.998045350000041], [-75.57847608899993, 3.9979406330000415], [-75.57809564599995, 3.9978425700000457], [-75.57771355799997, 3.997751188000052], [-75.57732993999997, 3.9976665180000737], [-75.57694490999995, 3.997588583000038], [-75.57655858199996, 3.997517409000068], [-75.57617107799996, 3.9974530160000654], [-75.57578251399997, 3.997395425000036], [-75.57539300699995, 3.9973446530000274], [-75.57500267799998, 3.9973007150000512], [-75.57461164399996, 3.9972636250000733], [-75.57422002499999, 3.9972333930000445], [-75.57382793999994, 3.997210030000076], [-75.57343550899998, 3.9971935410000583], [-75.57304285099997, 3.99718393400002], [-75.57265008599995, 3.9971812090000753], [-75.57225733399997, 3.9971853690000216], [-75.57186471399996, 3.9971964110000613], [-75.57147234399997, 3.9972143340000343], [-75.57108034599997, 3.9972391300000254], [-75.57068883899996, 3.9972707920000516], [-75.57029794099998, 3.997309312000027], [-75.56990777299995, 3.997354676000043], [-75.56951845199995, 3.9974068710000665], [-75.56945876799995, 3.997415861000036], [-75.56918919799995, 3.997444342000051], [-75.56895814499995, 3.997456725000063], [-75.56872673399994, 3.997457147000034], [-75.56849563699996, 3.997445606000042], [-75.56826541999999, 3.997422132000054], [-75.56803672799998, 3.9973867890000747], [-75.56762541999996, 3.997301253000046], [-75.56755213199995, 3.9972826630000213], [-75.56731438199995, 3.9972180140000546], [-75.56700009199994, 3.9971178840000334], [-75.56678343199997, 3.9970363080000197], [-75.56657123099995, 3.996943637000072], [-75.56636406399997, 3.9968401170000334], [-75.56616248099994, 3.9967260270000224], [-75.56585803999997, 3.996532334000051], [-75.56584908599996, 3.996526179000057], [-75.56552116399996, 3.9963090640000587], [-75.56518951999993, 3.996097730000031], [-75.56485425299996, 3.995892240000046], [-75.56451546599999, 3.9956926580000527], [-75.56417326299999, 3.995499043000052], [-75.56382774699995, 3.9953114560000245], [-75.56347902299996, 3.9951299530000597], [-75.56312719999994, 3.994954589000031], [-75.56277238199993, 3.9947854170000596], [-75.56241467799998, 3.9946224910000296], [-75.56205419799994, 3.9944658590000586], [-75.56169105099997, 3.9943155680000473], [-75.56132534699998, 3.994171664000021], [-75.56095719799998, 3.9940341910000257], [-75.56058671599999, 3.993903193000051], [-75.56021401399994, 3.993778707000047], [-75.55983920599994, 3.993660772000055], [-75.55946240499998, 3.993549425000026], [-75.55908372599998, 3.9934446970000295], [-75.55870328499998, 3.9933466230000363], [-75.55832119799999, 3.9932552310000347], [-75.55793758099998, 3.993170550000059], [-75.55755255099996, 3.993092605000072], [-75.55716622399996, 3.993021420000048], [-75.55677871999995, 3.9929570170000375], [-75.55639015599996, 3.9928994150000676], [-75.55600064899994, 3.9928486320000616], [-75.55561031999997, 3.9928046840000206], [-75.55521928499996, 3.9927675830000453], [-75.55482766599994, 3.9927373410000655], [-75.55443558099995, 3.992713967000043], [-75.55441628499995, 3.9927129950000335], [-75.55392764399994, 3.9926885830000742], [-75.55369743799997, 3.9926651050000714], [-75.55346873799994, 3.9926297550000527], [-75.55324213999995, 3.992582627000047], [-75.55301828699999, 3.992523854000069], [-75.55279770399994, 3.9924535730000343], [-75.55258105399997, 3.9923719960000312], [-75.55236884599998, 3.9922793150000757], [-75.55216169199997, 3.9921757970000726], [-75.55196009999997, 3.9920616960000643], [-75.55176464099998, 3.991937334000056], [-75.55157580299993, 3.9918030230000454], [-75.55147494399995, 3.9917231510000306], [-75.55109951199995, 3.9913868410000646], [-75.55085309699996, 3.9911693210000294], [-75.55055397199999, 3.9909136830000307], [-75.55025045099995, 3.9906633270000498], [-75.54994262499997, 3.9904183280000325], [-75.54963058799996, 3.9901787610000383], [-75.54931443499999, 3.9899447000000237], [-75.54899426399999, 3.9897162160000335], [-75.54867017099997, 3.98949337800002], [-75.54835101199996, 3.9892820530000677], [-75.54835055499996, 3.9892383380000638], [-75.54833957199997, 3.98884404100005], [-75.54832173799997, 3.9884499960000426], [-75.54829705999998, 3.9880563240000697], [-75.54826554399995, 3.9876631440000665], [-75.54822719999999, 3.9872705770000607], [-75.54818204099996, 3.9868787420000444], [-75.54813007899998, 3.9864877580000666], [-75.54807132999997, 3.9860977440000624], [-75.54800581199999, 3.9857088200000703], [-75.54793354599997, 3.985321102000057], [-75.54785455299998, 3.984934711000051], [-75.54776885799998, 3.9845497620000287], [-75.54767648599994, 3.9841663750000293], [-75.54757746599995, 3.9837846640000407], [-75.54754661499999, 3.9836737140000764], [-75.54747633999995, 3.983377027000074], [-75.54743444999997, 3.9831484860000614], [-75.54740432699998, 3.9829180550000274], [-75.54738605999995, 3.982686423000075], [-75.54737968899997, 3.9824541190000673], [-75.54738523599997, 3.98222178900005], [-75.54740267899996, 3.9819901050000226], [-75.54743198599994, 3.9817595560000427], [-75.54747306299998, 3.9815308750000327], [-75.54752580799999, 3.9813046190000705], [-75.54759008199994, 3.981081384000049], [-75.54766571899995, 3.980861753000056], [-75.54775249999994, 3.9806463590000476], [-75.54785022199997, 3.980435704000058], [-75.54795861199995, 3.980230382000059], [-75.54807737399994, 3.980030948000035], [-75.54820619899994, 3.9798379250000266], [-75.54834476399998, 3.9796517940000626], [-75.54849267999998, 3.979473082000027], [-75.54864953599997, 3.9793022790000236], [-75.54881497099996, 3.979139782000061], [-75.54898850499995, 3.978986063000036], [-75.54926961899997, 3.9787617980000505], [-75.54957286699994, 3.97856732300005], [-75.54977404199997, 3.9784525020000387], [-75.55012470699995, 3.9782756930000573], [-75.55018923199998, 3.9782461230000763], [-75.55030965999998, 3.978192598000021], [-75.55045764099998, 3.9781293530000426], [-75.55079451099994, 3.978001124000059], [-75.55101484299996, 3.977930049000065], [-75.55123848199997, 3.9778704720000633], [-75.55146490899995, 3.9778225290000364], [-75.55170192399999, 3.977785021000045], [-75.55217903699997, 3.977734258000055], [-75.55282209899997, 3.977699562000055], [-75.55296102699998, 3.9776976390000414], [-75.55312864899997, 3.977697640000031], [-75.55321631799995, 3.977698695000072], [-75.55360223499997, 3.977717979000033], [-75.55383244799998, 3.977741460000061], [-75.55406113599997, 3.9777768090000336], [-75.55428773699998, 3.9778239400000643], [-75.55453055699996, 3.9778876950000495], [-75.55463821199999, 3.9779212660000667], [-75.55501500499997, 3.9780326190000324], [-75.55539367599994, 3.9781373510000435], [-75.55577410999996, 3.9782354290000512], [-75.55615618999997, 3.9783268250000674], [-75.55653979899995, 3.9784115100000577], [-75.55692482199998, 3.9784894580000696], [-75.55731114199995, 3.978560645000073], [-75.55769863799998, 3.9786250510000514], [-75.55808719599997, 3.978682655000057], [-75.55847669499997, 3.9787334390000524], [-75.55886701699995, 3.978777388000026], [-75.55925804399999, 3.9788144900000475], [-75.55964965599998, 3.9788447320000273], [-75.56004173399998, 3.97886810600005], [-75.56006103699997, 3.9788690790000487], [-75.56029294299998, 3.9788806640000303], [-75.56052314099998, 3.978904142000033], [-75.56075182899997, 3.9789394890000267], [-75.56099181699994, 3.978989403000071], [-75.56119587999996, 3.979041503000076], [-75.56157795999997, 3.979132896000067], [-75.56196156999994, 3.979217578000032], [-75.56234659199998, 3.9792955230000757], [-75.56273291199994, 3.979366708000043], [-75.56283607199998, 3.979384535000065], [-75.56286107399995, 3.9793887960000234], [-75.56286712899998, 3.9793898380000314], [-75.56287411499994, 3.9793910520000395], [-75.56288043299998, 3.979392161000021], [-75.56288723199998, 3.9793933650000213], [-75.56289375299997, 3.9793945310000254], [-75.56290063699998, 3.9793957750000573], [-75.56290726299994, 3.9793969820000257], [-75.56291367099993, 3.979398161000063], [-75.56292026599994, 3.9793993860000683], [-75.56292668299994, 3.979400589000022], [-75.56293352399996, 3.979401883000037], [-75.56293996499994, 3.9794031110000674], [-75.56294652599996, 3.979404374000069], [-75.56295322399995, 3.9794056750000664], [-75.56295952199997, 3.9794069090000335], [-75.56296654999994, 3.9794082970000204], [-75.56297283399994, 3.979409550000071], [-75.56297948099996, 3.9794108870000287], [-75.56298603999994, 3.979412216000071], [-75.56299258099995, 3.979413548000025], [-75.56300604499995, 3.9794163360000425], [-75.56301218899995, 3.979417629000068], [-75.56301881299999, 3.979419030000031], [-75.56302506099996, 3.9794203610000523], [-75.56303184499995, 3.9794218180000485], [-75.56303880799999, 3.9794233250000275], [-75.56304477599997, 3.979424626000025], [-75.56305188499994, 3.9794261900000265], [-75.56305803999999, 3.97942755400004], [-75.56306481999997, 3.979429069000048], [-75.56307102599999, 3.9794304660000535], [-75.56307773099996, 3.979431987000055], [-75.56308443499995, 3.979433519000054], [-75.56309075999997, 3.97943497600005], [-75.56309765699996, 3.9794365760000687], [-75.56310363999995, 3.979437975000053], [-75.56311046199994, 3.979439581000065], [-75.56311706099996, 3.9794411470000455], [-75.56312328799999, 3.979442635000055], [-75.56312983199996, 3.9794442100000538], [-75.56313676199994, 3.9794458900000222], [-75.56314284099994, 3.979447374000074], [-75.56314929099995, 3.9794489610000596], [-75.56315619799994, 3.9794506720000413], [-75.56316239599994, 3.9794522170000732], [-75.56316922799994, 3.979453933000059], [-75.56317558699999, 3.9794555420000393], [-75.56318169899998, 3.9794570980000685], [-75.56318853599998, 3.979458851000061], [-75.56319481599996, 3.979460473000074], [-75.56320155899994, 3.9794622250000202], [-75.56320846299997, 3.9794640320000667], [-75.56321459599997, 3.97946564800003], [-75.56322074099995, 3.979467277000026], [-75.56322764599997, 3.9794691210000224], [-75.56323391699993, 3.9794708060000517], [-75.56324050399996, 3.9794725880000215], [-75.56324660899998, 3.9794742500000666], [-75.56325356699995, 3.979476157000022], [-75.56325955799997, 3.9794778100000485], [-75.56326625099996, 3.979479667000021], [-75.56327254399997, 3.979481425000074], [-75.56327924299995, 3.979483308000056], [-75.56328520399995, 3.9794849940000745], [-75.56329191599997, 3.979486904000055], [-75.56329867799997, 3.979488841000034], [-75.56330484199998, 3.9794906170000672], [-75.56331122999995, 3.979492470000025], [-75.56331789999996, 3.9794944160000227], [-75.56332418899996, 3.9794962620000547], [-75.56333048899995, 3.9794981230000417], [-75.56333703399997, 3.97950006800005], [-75.56334358799995, 3.9795020270000236], [-75.56335013899997, 3.979503996000062], [-75.56335620299996, 3.97950583100004], [-75.56336304399997, 3.9795079130000204], [-75.56336911399995, 3.979509771000039], [-75.56337564799998, 3.979511784000067], [-75.56338205399999, 3.9795137670000713], [-75.56338812099995, 3.979515657000036], [-75.56339468799996, 3.9795177150000427], [-75.56340134399994, 3.979519812000035], [-75.56340756499998, 3.9795217830000524], [-75.56341413299998, 3.9795238770000765], [-75.56342008299998, 3.9795257840000318], [-75.56342690999998, 3.979527985000061], [-75.56343280599998, 3.979529896000031], [-75.56343921999996, 3.979531988000076], [-75.56344599599998, 3.979534208000075], [-75.56345224499995, 3.9795362680000608], [-75.56345867499994, 3.9795383990000346], [-75.56346512499994, 3.979540549000035], [-75.56347101099993, 3.979542522000031], [-75.56347770299999, 3.979544777000058], [-75.56348386799993, 3.9795468650000316], [-75.56349064299997, 3.97954917200002], [-75.56349656199995, 3.9795511990000705], [-75.56352046799998, 3.9795594300000516], {"c": [[-75.58566846999997, 3.9751610320000736], [-75.57518348486752, 3.980351416238486]]}, [-75.58585564099997, 3.9749959330000593], [-75.58602707099999, 3.9748562380000294], [-75.58652076799996, 3.974466479000057], {"c": [[-75.58939005699995, 3.9717617040000732], [-75.58801439890792, 3.9731772012255573]]}, [-75.58940609699994, 3.9717436850000354], [-75.58941009599994, 3.971739208000031], [-75.58941400799995, 3.971734841000057], [-75.58941737899994, 3.9717310930000735], [-75.58942171199999, 3.9717262890000598], [-75.58942529399997, 3.9717223310000236], [-75.58942919899994, 3.971718031000023], [-75.58943297599996, 3.9717138850000424], [-75.58943701799996, 3.9717094620000353], [-75.58944079599996, 3.9717053430000533], [-75.58944473099996, 3.971701066000037], [-75.58944852199994, 3.971696960000031], [-75.58945236499994, 3.9716928110000254], [-75.58945633799993, 3.9716885350000553], [-75.58946031699998, 3.9716842670000574], [-75.58946423099997, 3.971680083000024], [-75.58946814799998, 3.971675909000055], [-75.58947211799995, 3.9716716930000757], [-75.58947586599999, 3.9716677270000673], [-75.58947989499995, 3.97166347600006], [-75.58948401199996, 3.9716591470000253], [-75.58948762499995, 3.9716553600000566], [-75.58949187999997, 3.971650916000044], [-75.58949585499994, 3.9716467770000463], [-75.58949944899996, 3.9716430480000326], [-75.58950391799993, 3.9716384250000374], [-75.58950758999998, 3.971634639000058], [-75.58951162399995, 3.9716304950000563], [-75.58951575399993, 3.971626264000065], [-75.58951977299995, 3.971622162000074], [-75.58952388599994, 3.9716179780000402], [-75.58952784199994, 3.971613967000053], [-75.58953175599999, 3.971610010000063], [-75.58953584999995, 3.971605885000031], [-75.58953990099997, 3.971601819000057], [-75.58954392099997, 3.9715977950000365], [-75.58954793799995, 3.971593789000053], [-75.58955215599997, 3.9715895950000686], [-75.58955603699997, 3.971585750000031], [-75.58956007199998, 3.9715817640000637], [-75.58956437199998, 3.9715775310000367], [-75.58956837799997, 3.971573600000056], [-75.58957265399994, 3.9715694190000477], [-75.58957665399998, 3.9715655200000697], [-75.58958058699994, 3.971561698000073], [-75.58958486099993, 3.971557561000054], [-75.58958894799997, 3.9715536170000405], [-75.58959282299998, 3.971549889000073], [-75.58959718599993, 3.971545706000029], [-75.58960131499998, 3.971541759000047], [-75.58960558799998, 3.971537690000048], [-75.58960988399997, 3.9715336110000408], [-75.58961383999997, 3.9715298680000615], [-75.58961794999993, 3.971525993000057], [-75.58962209899994, 3.9715220920000434], [-75.58962620599993, 3.971518245000027], [-75.58963035399995, 3.9715143720000583], [-75.58963469699995, 3.9715103290000684], [-75.58963899899999, 3.97150633800004], [-75.58964320499996, 3.97150244900007], [-75.58964746199996, 3.9714985260000617], [-75.58965144999996, 3.9714948640000216], [-75.58965589699994, 3.971490792000054], [-75.58965966499994, 3.971487355000022], [-75.58966429899993, 3.9714831410000215], [-75.58966848699998, 3.971479344000045], [-75.58967286699993, 3.971475387000055], [-75.58967679099999, 3.9714718540000717], [-75.58968148899999, 3.9714676380000355], [-75.58968558699996, 3.9714639720000378], [-75.58968996099998, 3.9714600730000598], [-75.58969383599998, 3.9714566310000237], [-75.58969855199996, 3.9714524540000298], [-75.58970278499999, 3.9714487180000333], [-75.58970693699996, 3.9714450650000686], [-75.58971135499996, 3.9714411910000535], [-75.58971555399995, 3.9714375220000306], [-75.58972008699999, 3.9714335740000593], [-75.58972404499997, 3.9714301380000734], [-75.58972884599996, 3.9714259840000636], [-75.58973268399996, 3.971422675000042], [-75.58973716899999, 3.9714188200000535], [-75.58974164099999, 3.971414990000028], [-75.58974597399998, 3.9714112900000487], [-75.58975058199997, 3.971407369000076], [-75.58975442499997, 3.9714041100000372], [-75.58975897399995, 3.9714002650000566], [-75.58976350499995, 3.971396448000064], [-75.58976795399997, 3.971392713000057], [-75.58977212299999, 3.9713892240000632], [-75.58977696699998, 3.971385185000031], [-75.58978096799996, 3.9713818590000756], [-75.58978529499996, 3.9713782750000632], [-75.58979003799999, 3.9713743590000377], [-75.58980862399994, 3.9713590650000583], [-75.58981562099996, 3.971353306000026], [-75.58987836899996, 3.9713016320000634], [-75.59038941599994, 3.9708982250000417], [-75.59078273899996, 3.970600837000063], [-75.59079653899994, 3.9705904220000434], [-75.59080191199996, 3.9705863790000535], [-75.59080834699995, 3.9705815540000344], [-75.59081382699998, 3.9705774600000723], [-75.59082002299994, 3.9705728460000387], [-75.59082566999996, 3.9705686550000223], [-75.59083160899996, 3.970564262000039], [-75.59083744999998, 3.9705599570000345], [-75.59084311999999, 3.9705557920000274], [-75.59084914799996, 3.970551379000028], [-75.59085524199998, 3.9705469320000475], [-75.59086116199995, 3.970542627000043], [-75.59086679699999, 3.9705385440000214], [-75.59087283999997, 3.9705341800000724], [-75.59087892999997, 3.97052979700004], [-75.59088480699995, 3.9705255820000502], [-75.59089049799996, 3.970521513000051], [-75.59089667399996, 3.9705171150000638], [-75.59090222799995, 3.97051317100005], [-75.59090876499994, 3.9705085470000654], [-75.59091444399996, 3.970504543000061], [-75.59092049999998, 3.9705002880000393], [-75.59092643299994, 3.97049613300004], [-75.59093232299995, 3.970492024000066], [-75.59093836799997, 3.9704878200000735], [-75.59094453499995, 3.9704835460000254], [-75.59095032299996, 3.9704795490000606], [-75.59095654799995, 3.9704752650000614], [-75.59096222299996, 3.9704713730000663], [-75.59096856099995, 3.9704670420000525], [-75.59097467899994, 3.9704628750000666], [-75.59098046899999, 3.9704589450000753], [-75.59098641199995, 3.970454926000059], [-75.59099255799998, 3.970450784000036], [-75.59099878799998, 3.9704466000000593], [-75.59100482499997, 3.9704425590000483], [-75.59101086499999, 3.9704385320000597], [-75.59101706499996, 3.9704344120000314], [-75.59102277399995, 3.970430631000056], [-75.59102921399995, 3.970426382000028], [-75.59103525799998, 3.9704224070000578], [-75.59104134399996, 3.9704184190000547], [-75.59104762799996, 3.970414316000074], [-75.59105350699997, 3.970410492000042], [-75.59105979099996, 3.9704064180000387], [-75.59106620499995, 3.9704022750000263], [-75.59107195799999, 3.970398572000022], [-75.59107797599995, 3.9703947130000756], [-75.59108435699994, 3.970390635000058], [-75.59109047399994, 3.9703867390000482], [-75.59109645099994, 3.9703829470000755], [-75.59110271599997, 3.970378986000071], [-75.59110875499994, 3.9703751810000654], [-75.59111543099993, 3.9703709910000384], [-75.59112125299998, 3.970367349000071], [-75.59112788499993, 3.9703632160000666], [-75.59113365999997, 3.9703596300000754], [-75.59113985099998, 3.97035580000005], [-75.59114631799997, 3.9703518140000256], [-75.59115224299995, 3.9703481750000265], [-75.59115872299998, 3.970344209000075], [-75.59116504299999, 3.9703403550000758], [-75.59117100599997, 3.970336732000021], [-75.59117757899998, 3.970332754000026], [-75.59118366899997, 3.9703290810000453], [-75.59118949899994, 3.970325578000029], [-75.59119628399998, 3.970321517000059], [-75.59120250799998, 3.9703178040000466], [-75.59120884699996, 3.970314037000037], [-75.59121470299993, 3.970310570000038], [-75.59122137399999, 3.9703066350000427], [-75.59122782799994, 3.9703028410000343], [-75.59123401199997, 3.9702992210000616], [-75.59124025299997, 3.970295581000073], [-75.59124615999997, 3.970292149000045], [-75.59125281399997, 3.970288296000035], [-75.59125948899998, 3.970284445000061], [-75.59126534799998, 3.970281079000074], [-75.59127164499995, 3.9702774740000564], [-75.59127806899994, 3.9702738100000374], [-75.59128443599997, 3.9702701920000436], [-75.59129104199997, 3.970266453000022], [-75.59129723599995, 3.9702629600000705], [-75.59130349399999, 3.9702594450000674], [-75.59130978599995, 3.970255924000071], [-75.59131638099996, 3.970252247000076], [-75.59132292299995, 3.970248613000024], [-75.59132898299998, 3.970245261000059], [-75.59133547399995, 3.97024168300004], [-75.59134173699994, 3.9702382450000755], [-75.59134834299994, 3.970234632000029], [-75.59135485699994, 3.9702310840000337], [-75.59136110699995, 3.970227691000048], [-75.59136789899998, 3.970224020000046], [-75.59137362099995, 3.970220940000047], [-75.59138028599995, 3.970217365000053], [-75.59138695699994, 3.9702138000000673], [-75.59139342599997, 3.9702103570000418], [-75.59139961399995, 3.9702070770000546], [-75.59140609299999, 3.970203656000024], [-75.59141279499994, 3.9702001300000234], [-75.59141902699997, 3.970196865000048], [-75.59142593399997, 3.97019326100002], [-75.59143219999999, 3.9701900040000737], [-75.59144677199998, 3.970182461000036], [-75.59174612299995, 3.9700277960000676], [-75.59229519799999, 3.969744108000043], [-75.59230335299998, 3.9697398920000637], [-75.59232605399995, 3.9697281560000306], [-75.59233425699995, 3.9697239480000235], [-75.59234032199998, 3.9697208580000733], [-75.59234646899995, 3.9697177480000505], [-75.59235291499994, 3.96971450500007], [-75.59235871499999, 3.969711607000022], [-75.59236697499995, 3.9697075100000347], [-75.59237526999993, 3.9697034280000594], [-75.59238336999994, 3.9696994780000523], [-75.59239162599994, 3.9696954830000664], [-75.59239981999997, 3.969691555000054], [-75.59240825199998, 3.969687545000056], [-75.59241657299998, 3.9696836240000266], [-75.59242475399998, 3.9696798010000407], [-75.59243297599994, 3.969675994000056], [-75.59243939299995, 3.969673043000057], [-75.59244569699996, 3.969670165000025], [-75.59245375199998, 3.9696665170000642], [-75.59246218099997, 3.9696627320000744], [-75.59246843499994, 3.969659944000057], [-75.59247494399995, 3.9696570650000353], [-75.59248121899998, 3.9696543070000416], [-75.59248748599998, 3.9696515740000677], [-75.59249576399998, 3.969647989000066], [-75.59250412799997, 3.9696444020000285], [-75.59251048499993, 3.9696416960000533], [-75.59251677599997, 3.9696390380000253], [-75.59252340099994, 3.969636258000037], [-75.59252938699996, 3.9696337640000365], [-75.59253797299993, 3.969630217000031], [-75.59254447799998, 3.9696275510000305], [-75.59255064099995, 3.9696250450000434], [-75.59255700999995, 3.9696224710000365], [-75.59256152299997, 3.969620659000043], [-75.59256760099998, 3.9696182360000307], [-75.59257611199996, 3.969614869000054], [-75.59258272699998, 3.9696122730000525], [-75.59258883699994, 3.9696098940000297], [-75.59259752699995, 3.9696065400000293], [-75.59260384499999, 3.969604122000021], [-75.59261023599998, 3.96960169700003], [-75.59261898999995, 3.969598402000031], [-75.59262542099998, 3.9695960030000492], [-75.59263185599997, 3.969593621000058], [-75.59264033999995, 3.969590510000046], [-75.59264877699997, 3.9695874470000376], [-75.59265749199994, 3.96958431500002], [-75.59266610599997, 3.9695812540000475], [-75.59269034999994, 3.9695727230000557], {"c": [[-75.59356956799996, 3.9692426700000283], [-75.5931316740432, 3.9694123042008536]]}, [-75.59368297599997, 3.969199081000056], [-75.59373172799997, 3.9691803750000645], {"c": [[-75.59436420099996, 3.9689266130000647], [-75.59404892079719, 3.969055897841295]]}, [-75.59517833999996, 3.9685855260000267], [-75.59531156899999, 3.968529204000049], [-75.59557302299999, 3.9684176820000516], [-75.59567481099998, 3.968376977000048], [-75.59603739399995, 3.968225362000055], [-75.59639728699995, 3.968067415000064], [-75.59675438099998, 3.9679031850000683], [-75.59710856599997, 3.9677327190000256], [-75.59745973399998, 3.9675560720000362], [-75.59780777899994, 3.9673732970000515], [-75.59815259499999, 3.967184449000058], [-75.59849407599995, 3.966989586000068], [-75.59883211899995, 3.9667887680000717], [-75.59916661999995, 3.966582054000071], [-75.59921729299998, 3.966550029000075], [-75.59947308499994, 3.966387894000036], [-75.60004261799997, 3.966026728000031], [-75.60007237199994, 3.9660078270000554], [-75.60026313399999, 3.9658864370000515], [-75.60031374999994, 3.96585501200002], [-75.60065843399997, 3.9656582540000613], [-75.60086520699997, 3.9655539810000278], [-75.60107705799999, 3.9654605320000655], [-75.60130435499997, 3.9653739960000394], [-75.60165581299998, 3.965255171000024], [-75.60202579799994, 3.9651228210000227], [-75.60239342499995, 3.964984005000076], [-75.60275858499995, 3.9648387650000245], [-75.60312116399996, 3.9646871480000527], [-75.60348105299994, 3.964529199000026], [-75.60383814399995, 3.9643649670000514], [-75.60419232399994, 3.9641944990000297], [-75.60454348799993, 3.9640178500000616], [-75.60489152999997, 3.963835073000041], [-75.60523634199996, 3.9636462240000583], [-75.60557781899996, 3.9634513590000324], [-75.60591585799995, 3.9632505390000574], [-75.60625035499999, 3.963043823000021], [-75.60650490299997, 3.962880298000073], [-75.60661387899995, 3.9628285050000613], [-75.60668378499997, 3.962793128000044], [-75.60680779999996, 3.962732474000063], [-75.60714512999994, 3.9625836740000295], [-75.60736147399996, 3.9625013060000356], [-75.60758178799995, 3.962430222000023], [-75.60780540499997, 3.962370634000024], [-75.60803181999995, 3.962322678000021], [-75.60826037399994, 3.9622864950000576], [-75.60849048699998, 3.9622621740000454], [-75.60872152599995, 3.9622497840000506], [-75.60895292299995, 3.96224935500004], [-75.60918400599996, 3.96226088800006], [-75.60941626499994, 3.962284564000072], [-75.60967054399998, 3.962323806000029], {"c": [[-75.62006537899998, 3.9614722500000425], [-75.61491776993546, 3.962511178646757]]}, [-75.62017278599996, 3.9614370710000344], [-75.62064599199994, 3.9612821630000212], {"c": [[-75.62096982599996, 3.961172351000073], [-75.6208082019328, 3.9612281282676682]]}, [-75.62098657599995, 3.9611675860000446], [-75.62100626899996, 3.9611620280000466], [-75.62112432199996, 3.9611367740000674], [-75.62149238899997, 3.9610532170000283], [-75.62203389399997, 3.960941774000048], [-75.62253651699996, 3.9608563920000392], [-75.62255723699997, 3.9608528760000468], [-75.62256361799996, 3.960851805000061], [-75.62256972599994, 3.9608507890000624], [-75.62257502799997, 3.9608499170000755], [-75.62258129899999, 3.9608488950000265], [-75.62258729099995, 3.9608479300000567], [-75.62259303999997, 3.960847013000034], [-75.62259840299998, 3.9608461670000565], [-75.62260464299999, 3.9608451930000683], [-75.62261086799998, 3.960844231000067], [-75.62261611199995, 3.9608434310000575], [-75.62262217399996, 3.9608425150000244], [-75.62262834499995, 3.9608415930000547], [-75.62263355199997, 3.9608408240000585], [-75.62263991699996, 3.960839895000049], [-75.62264580499993, 3.960839045000057], [-75.62265145099997, 3.9608382400000437], [-75.62265755899995, 3.960837379000054], [-75.62266352099994, 3.9608365480000316], [-75.62266908199996, 3.96083578300005], [-75.62267493399997, 3.960834987000055], [-75.62268109599995, 3.9608341610000366], [-75.62268711099995, 3.960833363000063], [-75.62269244399994, 3.960832665000055], [-75.62269862099998, 3.9608318670000244], [-75.62270450399996, 3.9608311160000653], [-75.62271041099996, 3.960830372000032], [-75.62271627899997, 3.960829643000068], [-75.62272214299998, 3.960828925000044], [-75.62272792499994, 3.9608282260000465], [-75.62273392099996, 3.9608275110000477], [-75.62273969299997, 3.960826832000066], [-75.62274591399995, 3.9608261120000634], [-75.62275176099996, 3.9608254440000223], [-75.62275741599996, 3.9608248080000408], [-75.62276377999996, 3.96082410300005], [-75.62276921199998, 3.960823509000022], [-75.62277511699995, 3.96082287400003], [-75.62278139399996, 3.9608222100000603], [-75.62278691099993, 3.960821635000059], [-75.62279308499996, 3.9608210020000456], [-75.62279903499996, 3.9608204020000244], [-75.62280487099997, 3.9608198230000653], [-75.62281052399999, 3.9608192720000375], [-75.62281663499994, 3.9608186860000387], [-75.62282240099995, 3.96081814300004], [-75.62282837099997, 3.9608175900000333], [-75.62283466199995, 3.960817018000057], [-75.62284036199998, 3.96081650900004], [-75.62284602099999, 3.960816014000045], [-75.62285190899996, 3.9608155090000423], [-75.62285807499995, 3.9608149890000277], [-75.62286390499997, 3.960814507000066], [-75.62287018799998, 3.960813999000038], [-75.62287550899998, 3.960813577000067], [-75.62288163499994, 3.9608131020000314], [-75.62288762199995, 3.9608126470000684], [-75.62289378699995, 3.9608121890000234], [-75.62289984599994, 3.9608117490000723], [-75.62290519899994, 3.960811369000055], [-75.62291160899997, 3.9608109250000325], [-75.62291693999998, 3.9608105640000417], [-75.62292365399998, 3.9608101210000655], [-75.62292905599998, 3.960809773000051], [-75.62293485599997, 3.9608094100000244], [-75.62294121199994, 3.960809022000035], [-75.62294661899995, 3.960808701000076], [-75.62295271799996, 3.9608083480000573], [-75.62295873099998, 3.96080801100004], [-75.62296476099993, 3.960807682000052], [-75.62297037799993, 3.960807386000056], [-75.62297636199997, 3.960807080000052], [-75.62298241099995, 3.9608067800000413], [-75.62298848999995, 3.9608064900000386], [-75.62299423599995, 3.9608062240000663], [-75.62300008299997, 3.9608059640000306], [-75.62300626799998, 3.9608056980000583], [-75.62301236199994, 3.960805447000041], [-75.62301810899999, 3.960805219000065], [-75.62302403399997, 3.9608049950000463], [-75.62303021099996, 3.960804771000028], [-75.62305428399998, 3.9608039380000264], [-75.62310589599997, 3.960802091000062], [-75.62349823799997, 3.960784151000041], [-75.62389020699999, 3.96075933700007], [-75.62428168699995, 3.960727656000074], [-75.62467255499996, 3.960689119000051], [-75.62506269399995, 3.9606437360000655], [-75.62545198599997, 3.9605915220000725], [-75.62584030999994, 3.9605324930000734], [-75.62622754799997, 3.9604666650000695], [-75.62661358499997, 3.960394061000045], [-75.62699829999997, 3.9603147000000263], [-75.62738157799998, 3.9602286100000583], [-75.62776330099996, 3.960135813000022], [-75.62814335399997, 3.960036341000034], [-75.62852161999996, 3.959930221000036], [-75.62889798399993, 3.9598174880000556], [-75.62898720799996, 3.959789304000026], [-75.62923199799997, 3.959724068000071], [-75.62945840899994, 3.959676107000064], [-75.62968695899997, 3.9596399180000503], [-75.62991706799994, 3.959615592000034], [-75.63014810399994, 3.959603196000046], [-75.63037949599999, 3.959602761000042], [-75.63061057599998, 3.959614289000058], [-75.63084077799994, 3.9596377490000236], [-75.63106945599998, 3.959673078000037], [-75.63129604699998, 3.9597201880000625], [-75.63151988599998, 3.959778940000035], [-75.63174045199997, 3.9598491990000753], [-75.63198933899997, 3.95994289500004], [-75.63237994599996, 3.9601120450000735], [-75.63279954199999, 3.9603216750000456], [-75.63300112099995, 3.960435751000034], [-75.63319658099994, 3.960560095000062], [-75.63338542299994, 3.9606943900000715], [-75.63356711099993, 3.96083825300002], [-75.63374120299994, 3.9609913360000633], [-75.63390721299999, 3.961153212000056], [-75.63406467999994, 3.96132343000005], [-75.63421322899995, 3.96150158100005], [-75.63435247099994, 3.9616872050000325], [-75.63448198999998, 3.961879745000033], [-75.63460147199999, 3.9620787340000447], [-75.63471059599993, 3.9622836370000414], [-75.63489210399996, 3.962671202000024], [-75.63508214599995, 3.963124244000028], [-75.63518702199997, 3.9633875230000513], [-75.63529166799998, 3.963687832000062], [-75.63535674899998, 3.963910811000062], [-75.63541031599993, 3.964136869000072], [-75.63545222399995, 3.9643653900000686], [-75.63548236799994, 3.964595811000038], [-75.63550065699997, 3.96482743100006], [-75.63551309899998, 3.9652795370000717], [-75.63551973399996, 3.965486353000074], [-75.63553760399998, 3.9658803810000336], [-75.63556231799998, 3.966274034000037], [-75.63559386899993, 3.9666671950000705], [-75.63563224799998, 3.96705974300005], [-75.63567744199997, 3.9674515580000502], [-75.63572943899999, 3.967842522000069], [-75.63578822199997, 3.9682325140000216], [-75.63585377399994, 3.968621416000076], [-75.63592607399994, 3.969009111000048], [-75.63600509999998, 3.9693954790000703], [-75.63609082899995, 3.9697804030000725], [-75.63618323399999, 3.9701637660000415], [-75.63628228699997, 3.970545451000021], [-75.63638795799994, 3.9709253420000437], [-75.63650021399997, 3.971303323000029], [-75.63661902299998, 3.9716792780000674], [-75.63674434699993, 3.972053094000046], [-75.63687614699995, 3.972424656000044], [-75.63701438499999, 3.9727938510000627], [-75.63715901799998, 3.9731605670000363], [-75.63731000199994, 3.973524692000069], [-75.63746729099995, 3.9738861150000275], [-75.63763083599997, 3.974244727000041], [-75.63780058899994, 3.9746004170000333], [-75.63797649699995, 3.97495307600002], [-75.63815850699996, 3.9753026000000204], [-75.63834656399996, 3.9756488810000405], [-75.63854060999995, 3.9759918110000285], [-75.63874058599998, 3.9763312890000293], [-75.63894643199995, 3.9766672100000733], [-75.63915808299998, 3.9769994720000454], [-75.63937547699999, 3.977327973000058], [-75.63959854599995, 3.9776526140000215], [-75.63982722299994, 3.9779732950000266], [-75.64006143899996, 3.9782899200000656], [-75.64030112099994, 3.9786023900000487], [-75.64054619699994, 3.978910613000039], [-75.64079659299995, 3.9792144920000396], [-75.64105222999996, 3.9795139370000356], [-75.64131303399995, 3.9798088550000443], [-75.64157892199995, 3.9800991570000406], [-75.64184981599993, 3.980384754000056], [-75.64212563099994, 3.980665560000034], [-75.64240628499994, 3.9809414880000418], [-75.64269169099998, 3.981212456000037], [-75.64298176199998, 3.981478379000066], [-75.64327641099999, 3.981739178000055], [-75.64357554699995, 3.981994772000064], [-75.64387907999998, 3.982245085000045], [-75.64418691599997, 3.9824900390000266], [-75.64449896299999, 3.9827295600000525], [-75.64481512499998, 3.982963575000042], [-75.64513530499994, 3.983192013000064], [-75.64545940599999, 3.9834148040000628], [-75.64578733099995, 3.9836318800000754], [-75.64611897699996, 3.9838431760000503], [-75.64645424499997, 3.9840486270000497], [-75.64679303299994, 3.984248169000068], [-75.64713523599994, 3.984441744000037], [-75.64726033299996, 3.9845096470000385], [-75.64772637699997, 3.984773361000066], [-75.64792184499998, 3.9848976990000438], [-75.64811069599995, 3.9850319870000703], [-75.64829239099998, 3.985175843000036], [-75.64846648499997, 3.9853289140000356], [-75.64863251299994, 3.985490794000043], [-75.64878998099994, 3.9856609960000355], [-75.64893854799999, 3.9858391540000753], [-75.64907779399994, 3.9860247650000247], [-75.64931181899993, 3.9863726310000516], [-75.64951020199999, 3.9867041700000527], [-75.64962769099998, 3.9869247560000645], [-75.64972618599995, 3.987135045000059], [-75.64981946399996, 3.9873641310000494], [-75.64989138599998, 3.9875658620000536], [-75.65002963399996, 3.9879350520000685], [-75.65017427699996, 3.9883017620000487], [-75.65032527099999, 3.9886658810000313], [-75.65048256999995, 3.989027298000053], [-75.65064612499998, 3.9893859040000734], [-75.65081588899994, 3.989741587000026], [-75.65099180699997, 3.9900942410000653], [-75.65117382799997, 3.9904437580000263], [-75.65136189399993, 3.9907900320000635], [-75.65155595099998, 3.991132956000058], [-75.65175593699996, 3.991472427000076], [-75.65196179299994, 3.9918083410000236], [-75.65205593799999, 3.9919577040000718], [-75.65206904199994, 3.991978313000061], [-75.65207233299998, 3.9919835100000682], [-75.65207551099996, 3.9919885450000265], [-75.65207867399994, 3.991993576000027], [-75.65208177799997, 3.9919985300000462], [-75.65208475799994, 3.9920033050000256], [-75.65208827699996, 3.992008963000046], [-75.65209098899999, 3.992013340000028], [-75.65209422099997, 3.992018576000021], [-75.65209714299993, 3.992023328000073], [-75.65210035099994, 3.9920285640000657], [-75.65210360999998, 3.992033903000049], [-75.65210646399998, 3.992038596000043], [-75.65210948599997, 3.992043585000033], [-75.65211277599997, 3.992049034000047], [-75.65211549199995, 3.9920535510000263], [-75.65211880599998, 3.9920590840000614], [-75.65212177199999, 3.992064052000046], [-75.65212471299998, 3.9920689990000255], [-75.65212751699994, 3.9920737330000406], [-75.65213087199999, 3.9920794190000493], [-75.65213378999994, 3.99208438200003], [-75.65213665899995, 3.9920892810000623], [-75.65213965699996, 3.992094421000047], [-75.65214256699994, 3.992099427000028], [-75.65214566199995, 3.992104773000051], [-75.65214845199995, 3.992109610000057], [-75.65215137699994, 3.9921147020000376], [-75.65215429599994, 3.9921198020000475], [-75.65215736299996, 3.9921251810000626], [-75.65216013299994, 3.9921300580000434], [-75.65216310399995, 3.992135309000048], [-75.65216614199994, 3.9921406990000605], [-75.65216872699995, 3.992145305000065], [-75.65217182099997, 3.9921508380000432], [-75.65217470699997, 3.992156019000049], [-75.65217736599999, 3.99216081000003], [-75.65218025399997, 3.992166037000061], [-75.65218326999997, 3.9921715150000523], [-75.65218609999994, 3.992176675000053], [-75.65218864699995, 3.9921813390000693], [-75.65219169399995, 3.9921869400000674], [-75.65219458499996, 3.9921922730000574], [-75.65219731399998, 3.992197329000021], [-75.65219996599996, 3.9922022630000242], [-75.65220283999997, 3.9922076300000526], [-75.65220559999995, 3.992212805000065], [-75.65220834399997, 3.9922179700000697], [-75.65221120199999, 3.9922233700000334], [-75.65221395899994, 3.992228601000022], [-75.65221650599995, 3.9922334540000293], [-75.65221924899998, 3.9922387020000656], [-75.65222217899998, 3.992244329000073], [-75.65222493499994, 3.9922496430000365], [-75.65222736099997, 3.9922543410000344], [-75.65223028999998, 3.992260037000051], [-75.65223288699997, 3.992265107000037], [-75.65223553599998, 3.9922702990000403], [-75.65223819699997, 3.992275538000058], [-75.65224097299995, 3.9922810230000323], [-75.65224368299994, 3.9922864000000686], [-75.65224622499994, 3.99229146600004], [-75.65224870199995, 3.992296425000063], [-75.65225142499997, 3.9923018950000255], [-75.65225401199996, 3.9923071140000275], [-75.65225673399993, 3.9923126290000255], [-75.65225908499997, 3.9923174130000234], [-75.65226196199995, 3.992323291000048], [-75.65226445199994, 3.9923283980000406], [-75.65226697199995, 3.9923335920000227], [-75.65226962999998, 3.9923390920000656], [-75.65227216599999, 3.9923443610000504], [-75.65227475399996, 3.9923497620000603], [-75.65228534299996, 3.9923719530000312], {"c": [[-75.65957546299995, 4.001050173000067], [-75.65537886451563, 3.9971783344728102]]}, [-75.66014276499999, 4.001453545000061], [-75.66032446899999, 4.0015973990000475], [-75.66049856799998, 4.001750464000054], [-75.66083000699996, 4.002073600000074], [-75.66128001699997, 4.002542154000025], [-75.66131976499997, 4.002583435000076], [-75.66151937099994, 4.002787609000052], [-75.66219192799997, 4.003466902000071], [-75.66220349599996, 4.003478598000072], [-75.66220705199999, 4.003482206000058], [-75.66221193799998, 4.00348718500004], [-75.66221864799996, 4.0034940620000725], [-75.66222522499999, 4.003500847000055], [-75.66223199499996, 4.003507877000061], [-75.66223667199995, 4.00351276300006], [-75.66224156699997, 4.00351790600007], [-75.66224825399996, 4.003524966000043], [-75.66225482699997, 4.003531955000028], [-75.66226126899994, 4.00353885100003], [-75.66226766699998, 4.003545746000043], [-75.66227414999997, 4.003552780000064], [-75.66227879099995, 4.003557844000056], [-75.66228224999998, 4.00356163400005], [-75.66228689199994, 4.003566744000068], [-75.66229335699995, 4.003573902000028], [-75.66229779199995, 4.003578839000056], [-75.66230112699998, 4.00358256800007], [-75.66230592699998, 4.003587959000072], [-75.66231067599995, 4.003593316000035], [-75.66231401199997, 4.003597092000064], [-75.66231976399996, 4.003603645000055], [-75.66232328099994, 4.003607676000058], [-75.66232803699995, 4.003613146000021], [-75.66233256199996, 4.003618374000041], [-75.66233728299994, 4.003623859000072], [-75.66234197599994, 4.0036293370000635], [-75.66234637599996, 4.003634502000068], [-75.66235265499995, 4.003641913000024], [-75.66235871399994, 4.003649113000051], [-75.66236491099994, 4.003656529000068], [-75.66236949099994, 4.0036620400000515], [-75.66238445999994, 4.003680135000025], {"c": [[-75.66952849899997, 4.009400689000074], [-75.66566432022346, 4.006908374959246]]}, [-75.66955012099999, 4.009411684000042], [-75.66955454299995, 4.009413941000048], [-75.66955942499999, 4.009416444000067], [-75.66956431499995, 4.009418962000041], [-75.66956885099995, 4.009421306000036], [-75.66957345399999, 4.009423695000066], [-75.66957820099998, 4.009426169000051], [-75.66958324399997, 4.009428808000052], [-75.66958785699995, 4.009431232000054], [-75.66959242799999, 4.009433644000069], [-75.66959677999995, 4.0094359490000215], [-75.66960427199996, 4.00943993900006], [-75.66961143899994, 4.009443777000058], [-75.66961575199997, 4.009446099000058], [-75.66962035699999, 4.009448589000044], [-75.66962514099998, 4.009451185000046], [-75.66962944499994, 4.009453529000041], [-75.66963439299997, 4.009456236000062], [-75.66963895299995, 4.0094587400000705], [-75.66964377499994, 4.009461399000031], [-75.66965081499995, 4.009465300000045], [-75.66965784899998, 4.009469220000028], [-75.66966253699997, 4.009471846000054], [-75.66966698599998, 4.009474349000072], [-75.66967147399998, 4.009476883000048], [-75.66967605399998, 4.00947947800006], [-75.66968089399995, 4.009482232000039], [-75.66968549399996, 4.009484860000043], [-75.66968972899997, 4.009487288000059], [-75.66969462799995, 4.009490109000069], [-75.66970136499998, 4.0094940070000575], [-75.66970840399995, 4.0094981010000765], [-75.66971288099995, 4.009500718000027], [-75.66971759799998, 4.009503486000028], [-75.66972214899994, 4.009506166000051], [-75.66972676599994, 4.009508897000046], [-75.66973344199994, 4.009512866000023], [-75.66974266099999, 4.009518379000042], [-75.66974939899995, 4.009522436000054], [-75.66975358199994, 4.009524966000072], [-75.66975866299998, 4.009528052000064], [-75.66976293899995, 4.009530658000074], [-75.66976729299995, 4.009533322000038], [-75.66977225799997, 4.009536371000024], [-75.66977653599997, 4.009539008000047], [-75.66978099599999, 4.0095417680000764], [-75.66978571099997, 4.009544697000024], [-75.66978998399998, 4.009547361000045], [-75.66979692299998, 4.009551707000071], [-75.66980371099999, 4.009555982000052], [-75.66980794099999, 4.009558659000049], [-75.66981253799997, 4.009561579000035], [-75.66981742499996, 4.009564693000073], [-75.66982346699996, 4.0095685640000625], [-75.66983275099994, 4.009574548000046], [-75.66983948399997, 4.00957891500002], [-75.66984388899994, 4.009581786000069], [-75.66984822299997, 4.009584620000055], [-75.66985251599993, 4.009587439000029], [-75.66985683499996, 4.009590285000058], [-75.66986170399997, 4.009593504000065], [-75.66986604399995, 4.009596384000076], [-75.66987074599996, 4.009599516000037], [-75.66987491799995, 4.009602305000044], [-75.66987910699999, 4.009605116000046], [-75.66988389299996, 4.009608340000057], [-75.66988794899999, 4.00961108100006], [-75.66989242199998, 4.009614114000044], [-75.66989697899999, 4.009617216000038], [-75.66990132399997, 4.009620185000074], [-75.66990545999994, 4.0096230210000385], [-75.66990983099998, 4.00962602900006], [-75.66991646699995, 4.009630616000038], [-75.66992314099997, 4.009635252000066], [-75.66992766299995, 4.0096384080000576], [-75.66993164399997, 4.009641196000075], [-75.66993594799999, 4.009644223000066], [-75.66994030299998, 4.009647295000036], [-75.66994505999998, 4.009650663000059], [-75.66994903299997, 4.009653485000058], [-75.66995323299994, 4.0096564800000465], [-75.66995989199995, 4.009661250000022], [-75.66996613499998, 4.009665743000028], [-75.66997295799996, 4.009670682000035], [-75.66997926799996, 4.009675273000028], [-75.66999870799998, 4.009689481000066], [-75.67002533599998, 4.009708910000029], [-75.67099897399999, 4.010418272000038], [-75.67101250799993, 4.010428149000063], [-75.67101858699993, 4.010432601000048], [-75.67102437799997, 4.010436856000069], [-75.67103022099997, 4.010441164000042], [-75.67103604399995, 4.010445473000061], [-75.67104203999997, 4.010449923000067], [-75.67104772799996, 4.010454160000052], [-75.67105367999994, 4.010458607000032], [-75.67105930999998, 4.010462830000051], [-75.67106530499996, 4.010467340000048], [-75.67107143899995, 4.010471970000026], [-75.67107655199999, 4.010475844000041], [-75.67108287599996, 4.010480651000023], [-75.67108854799994, 4.010484976000043], [-75.67109454699994, 4.010489566000047], [-75.67110029699995, 4.010493981000025], [-75.67110616799994, 4.010498504000054], [-75.67111165299997, 4.010502744000064], [-75.67111755599996, 4.010507322000024], [-75.67112329899999, 4.010511790000066], [-75.67112917599997, 4.010516379000023], [-75.67113494899996, 4.0105209010000635], [-75.67114036899994, 4.010525161000032], [-75.67114639499994, 4.010529914000074], [-75.67115224099996, 4.010534539000048], [-75.67115765299997, 4.010538836000023], [-75.67116368399996, 4.010543641000027], [-75.67116889499994, 4.010547805000044], [-75.67117492099999, 4.010552637000046], [-75.67118031099994, 4.010556973000064], [-75.67118646399996, 4.010561940000059], [-75.67119193199994, 4.01056636800007], [-75.67119743999996, 4.010570843000039], [-75.67120315999995, 4.0105755070000555], [-75.67120897899997, 4.010580266000034], [-75.67121474699996, 4.010584999000059], [-75.67121995399998, 4.010589287000073], [-75.67122588199999, 4.01059418400007], [-75.67123139099994, 4.010598751000032], [-75.67123707899998, 4.010603480000043], [-75.67124270299996, 4.0106081720000475], [-75.67124835899995, 4.010612907000052], [-75.67125355299999, 4.010617269000022], [-75.67125968999994, 4.010622441000066], [-75.67126492199998, 4.010626863000027], [-75.67127038499996, 4.01063149700002], [-75.67127607599997, 4.01063633900003], [-75.67128142999996, 4.010640910000063], [-75.67128756399995, 4.010646164000036], [-75.67129260599995, 4.010650497000029], [-75.67129822499999, 4.010655342000064], [-75.67130399899997, 4.010660336000058], [-75.67130924499997, 4.010664888000065], [-75.67131519099996, 4.010670066000046], [-75.67132034099996, 4.010674564000055], [-75.67132590799997, 4.010679444000061], [-75.67133155799996, 4.010684412000046], [-75.67133685699997, 4.01068908700006], [-75.67134222499999, 4.010693838000066], [-75.67134752199996, 4.010698542000057], [-75.67135347199996, 4.010703842000055], [-75.67135861699995, 4.01070844100002], [-75.67136411399997, 4.010713370000076], [-75.67136934299998, 4.010718074000067], [-75.67137498699998, 4.010723168000027], [-75.67138029699998, 4.010727976000055], [-75.67138580999995, 4.010732984000072], [-75.67139129499998, 4.01073798300007], [-75.67139629199994, 4.0107425520000675], [-75.67140191099998, 4.010747706000075], [-75.67140726999997, 4.010752639000032], [-75.67141285299994, 4.010757793000039], [-75.67141802399993, 4.0107625840000765], [-75.67142331999997, 4.010767506000036], [-75.67142851599993, 4.010772351000071], [-75.67143402599999, 4.010777505000021], [-75.67143946799996, 4.010782611000025], [-75.67144468199996, 4.010787520000065], [-75.67145025499997, 4.010792784000046], [-75.67145517999995, 4.01079745200002], [-75.67146049899998, 4.01080250900003], [-75.67146581099996, 4.0108075760000474], [-75.67147102599995, 4.010812566000027], [-75.67147655999997, 4.0108178780000685], [-75.67148138299996, 4.0108225230000585], [-75.67148700899997, 4.010827959000039], [-75.67149240899994, 4.010833193000053], [-75.67149748899999, 4.010838134000039], [-75.67150284099995, 4.010843356000066], [-75.67150803499999, 4.010848440000075], [-75.67151304899994, 4.0108533650000595], [-75.67151865899996, 4.010858892000044], [-75.67152349299994, 4.010863671000038], [-75.67152860999994, 4.010868745000039], [-75.67153385799998, 4.010873967000066], [-75.67153901599994, 4.010879115000023], [-75.67154424699999, 4.010884352000062], [-75.67154936699995, 4.010889496000061], [-75.67156087499995, 4.010901095000065], [-75.67159014799995, 4.01093064600002], [-75.67202431699997, 4.011368957000059], [-75.67224251099998, 4.0115981000000716], [-75.67275213099998, 4.012145792000069], [-75.67288674499997, 4.012294664000024], [-75.67329042999995, 4.012775182000041], {"c": [[-75.67400523999999, 4.013585815000056], [-75.67364299939894, 4.013184798700995]]}, [-75.67417489399998, 4.013769167000021], [-75.67432345499998, 4.013947293000058], [-75.67446271599994, 4.014132903000075], [-75.67459225499994, 4.014325429000053], [-75.67471175699995, 4.0145244050000315], [-75.67484359299993, 4.014771895000024], [-75.67503579399994, 4.015177677000054], {"c": [[-75.68054080699994, 4.022479542000042], [-75.67741609062283, 4.019111604308443]]}, [-75.68115533099996, 4.023019395000063], [-75.68131858999999, 4.023178548000033], [-75.68147608099997, 4.023348749000036], [-75.68162465299997, 4.023526883000045], [-75.68182259699995, 4.02379069400007], [-75.68196350899996, 4.023996256000032], [-75.68330157399998, 4.026021447000062], [-75.68351868099995, 4.02638292000006], [-75.68362782699995, 4.02658780400003], [-75.68372634199994, 4.0267980920000355], [-75.68381392699996, 4.027013145000069], [-75.68389038299995, 4.0272324760000515], [-75.68395548799998, 4.027455444000054], [-75.68400907799997, 4.027681491000067], [-75.68405100899997, 4.027910003000045], [-75.68408117499996, 4.028140416000042], [-75.68409948499993, 4.028372028000035], [-75.68411311799997, 4.028865754000037], [-75.68411292599995, 4.029056074000039], [-75.68410094099994, 4.029532215000074], [-75.68408227799995, 4.029780705000064], [-75.68405301499996, 4.030011239000032], [-75.68401300199997, 4.030234230000076], [-75.68382357199994, 4.031045590000076], {"c": [[-75.68817281499997, 4.05033658800005], [-75.68378491298283, 4.041194287643877]]}, [-75.68843462899997, 4.050664652000023], [-75.68895459599997, 4.051320916000066], [-75.68896258699993, 4.051331024000035], [-75.68896725099995, 4.051336943000024], [-75.68897156699995, 4.051342439000052], [-75.68897617899995, 4.051348332000032], [-75.68898102999998, 4.051354549000052], [-75.68898517599996, 4.0513598820000425], [-75.68898973099994, 4.051365761000056], [-75.68899421299994, 4.051371564000021], [-75.68899877299998, 4.051377488000071], [-75.68900295599997, 4.051382940000053], [-75.68900779399996, 4.051389269000026], [-75.68901178399994, 4.051394505000076], [-75.68901644099998, 4.051400637000029], [-75.68902084099994, 4.051406449000069], [-75.68902505699998, 4.05141203900007], [-75.68902982699996, 4.051418382000065], [-75.68903411699995, 4.051424109000038], [-75.68903838499995, 4.051429823000035], [-75.68904265099997, 4.0514355570000475], [-75.68904700399997, 4.051441424000075], [-75.68905146199995, 4.0514474540000265], [-75.68905582399998, 4.05145337600004], [-75.68905993799996, 4.051458978000028], [-75.68906436099996, 4.051465022000059], [-75.68906855899996, 4.051470779000056], [-75.68907301499996, 4.05147690900003], [-75.68907715299997, 4.051482621000048], [-75.68908154699994, 4.051488707000033], [-75.68908566899995, 4.051494436000041], [-75.68909033399996, 4.051500942000075], [-75.68909411699997, 4.051506236000023], [-75.68909864899996, 4.051512602000059], [-75.68910283499997, 4.0515184990000535], [-75.68910700599997, 4.051524397000037], [-75.68911132499994, 4.051530525000032], [-75.68911518599998, 4.051536021000061], [-75.68911973899998, 4.051542527000038], [-75.68912376899993, 4.051548303000061], [-75.68912800599998, 4.051554399000054], [-75.68913229899994, 4.051560595000069], [-75.68913621199994, 4.051566263000041], [-75.68914039799995, 4.051572348000036], [-75.68914463999994, 4.051578535000033], [-75.68914862299994, 4.0515843630000745], [-75.68915277899998, 4.051590469000075], [-75.68915692999997, 4.051596586000073], [-75.68916112799997, 4.051602793000029], [-75.68916522399996, 4.051608873000021], [-75.68916915199998, 4.051614724000046], [-75.68917313199995, 4.05162067200007], [-75.68917722599997, 4.051626812000052], [-75.68918134999996, 4.051633018000075], [-75.68918548099998, 4.0516392570000335], [-75.68918936899996, 4.05164515000007], [-75.68919329899995, 4.051651129000049], [-75.68919729899994, 4.051657233000071], [-75.68920149099995, 4.051663653000048], [-75.68920530799994, 4.051669521000065], [-75.68920938499997, 4.051675810000063], [-75.68921323099994, 4.051681763000033], [-75.68921714899994, 4.051687850000064], [-75.68922119099994, 4.051694153000028], [-75.68922526799997, 4.051700530000062], [-75.68922910299995, 4.0517065520000415], [-75.68923302999997, 4.051712741000074], [-75.68923669199995, 4.051718533000042], [-75.68924092999998, 4.051725260000069], [-75.68924462999996, 4.051731152000059], [-75.68924859799995, 4.051737496000044], [-75.68925246799995, 4.051743704000046], [-75.68925624099995, 4.051749780000023], [-75.68926022899996, 4.05175622400003], [-75.68926392699996, 4.051762223000026], [-75.68926780099997, 4.051768528000025], [-75.68927170599994, 4.051774908000027], [-75.68927523299999, 4.051780691000033], [-75.68927927099998, 4.051787335000029], [-75.68928303299998, 4.051793548000035], [-75.68928698799994, 4.051800104000051], [-75.68929049999997, 4.0518059480000375], [-75.68929419099999, 4.051812111000061], [-75.68929804299995, 4.051818566000065], [-75.68930185399995, 4.051824977000024], [-75.68930530699998, 4.051830807000044], [-75.68930931799997, 4.05183760400007], [-75.68931298199993, 4.0518438350000565], [-75.68931650399998, 4.051849847000028], [-75.68932037299999, 4.051856477000058], [-75.68932400199998, 4.051862717000063], [-75.68932759199998, 4.051868916000046], [-75.68933137799996, 4.051875476000021], [-75.68933476799998, 4.051881371000036], [-75.68933857899998, 4.051888025000039], [-75.68934224799995, 4.051894454000035], [-75.68934560999998, 4.051900366000041], [-75.68934955299994, 4.051907327000038], [-75.68935280699998, 4.051913093000053], [-75.68935669999996, 4.0519200180000325], [-75.68936018799997, 4.051926245000061], [-75.68936362699998, 4.051932410000063], [-75.68936737599995, 4.05193915600006], [-75.68937075699995, 4.051945262000061], [-75.68937912799998, 4.051960440000073], [-75.68949484999996, 4.052170648000072], [-75.68964989299997, 4.052465905000076], [-75.68977716499995, 4.0527375550000215], [-75.68986476099997, 4.052952616000027], [-75.68999764299997, 4.0533337800000595], [-75.69001055999996, 4.053375651000067], [-75.69013262699997, 4.0537866660000645], [-75.69018363399994, 4.053968436000048], [-75.69026691299996, 4.054319666000026], [-75.69033427099998, 4.054596018000041], [-75.69043337199997, 4.054977682000072], [-75.69053909199994, 4.055357550000053], [-75.69065139699995, 4.055735508000055], [-75.69077025499996, 4.056111440000052], [-75.69089562799996, 4.056485232000057], [-75.69102747799997, 4.056856769000035], [-75.69116576599998, 4.057225939000034], [-75.69131044899996, 4.057592629000055], [-75.69146148299996, 4.057956728000022], [-75.69161882299994, 4.0583181240000386], [-75.69178241899994, 4.058676708000064], [-75.69195222299999, 4.059032370000068], [-75.69212818199998, 4.05938500000002], [-75.69231024299995, 4.059734495000043], [-75.69249835099998, 4.06008074500005], [-75.69267592399996, 4.0603944520000255], [-75.69282340699993, 4.060671268000021], [-75.69292192399996, 4.060881537000057], [-75.69300952199995, 4.061096597000073], [-75.69308598399994, 4.061315915000023], [-75.69315110099996, 4.061538893000034], [-75.69328773199999, 4.062115104000043], [-75.69334345399994, 4.062372453000023], {"c": [[-75.69683921399997, 4.070446041000025], [-75.69469602555398, 4.0665818416449575]]}, [-75.69703122599998, 4.07072417400002], [-75.69706011399995, 4.070765919000053], [-75.69741088399996, 4.07127157900004], [-75.69759885799994, 4.071554424000055], [-75.69775210899996, 4.071809544000075], [-75.69786127299994, 4.072014429000035], [-75.69795979799994, 4.072224706000043], [-75.69806772899994, 4.072489672000074], {"c": [[-75.69853395899997, 4.073555096000064], [-75.6982940130502, 4.0730253981722315]]}, [-75.69864360899999, 4.0737891140000215], [-75.69873121299997, 4.074004177000063], [-75.69880768199994, 4.0742235030000415], [-75.69887279899996, 4.074446465000051], [-75.69892640299997, 4.074672512000063], [-75.69896834499997, 4.074901020000027], [-75.69901998599994, 4.07529531800003], [-75.69902568699996, 4.075356111000076], [-75.69904865599995, 4.075634150000042], [-75.69905003899999, 4.075651064000056], [-75.69905060799994, 4.075658153000063], [-75.69905119199996, 4.075665588000049], [-75.69905173899997, 4.0756726960000265], [-75.69905230899997, 4.075680199000033], [-75.69905337599994, 4.075694833000057], [-75.69905385199996, 4.075701670000058], [-75.69905439099995, 4.075709500000073], [-75.69905487099999, 4.075716643000021], [-75.69905534399999, 4.075723849000042], [-75.69905582099994, 4.075731297000061], [-75.69905623499994, 4.075737935000063], [-75.69905670199995, 4.075745625000025], [-75.69905716999995, 4.075753530000043], [-75.69905754599995, 4.075760057000025], [-75.69905797199993, 4.075767695000025], [-75.69905834799994, 4.0757746160000465], [-75.69905875599994, 4.07578236300003], [-75.69905911099994, 4.07578931200004], [-75.69905948099995, 4.075796789000037], [-75.69905982899996, 4.075804048000066], [-75.69906017899996, 4.075811621000071], [-75.69906049699995, 4.075818765000065], [-75.69906080199996, 4.0758258540000725], [-75.69906111899996, 4.075833515000056], [-75.69906140299997, 4.075840668000069], [-75.69906167599999, 4.075847818000057], [-75.69906194899994, 4.075855268000055], [-75.69906219199999, 4.075862244000064], [-75.69906244699996, 4.075869874000034], [-75.69906268999995, 4.075877547000061], [-75.69906288599998, 4.075884054000028], [-75.69906310999994, 4.0758919500000275], [-75.69906329799994, 4.075898920000043], [-75.69906348799998, 4.075906438000061], [-75.69906365299994, 4.07591343100006], [-75.69906381299995, 4.075920705000044], [-75.69906396699997, 4.075928211000075], [-75.69906411099998, 4.075935854000022], [-75.69906423299994, 4.075942945000065], [-75.69906434399996, 4.075950061000071], [-75.69906445099997, 4.075957724000034], [-75.69906453299996, 4.0759643200000255], [-75.69906461799997, 4.07597224400007], [-75.69906468699998, 4.075979749000055], [-75.69906473999998, 4.075986797000041], [-75.69906478099995, 4.075993704000041], [-75.69906481399994, 4.076001527000074], [-75.69906483399996, 4.076008733000037], [-75.69906484199998, 4.076015722000022], [-75.69906483299997, 4.076032378000036], [-75.69906450699995, 4.076279967000062], [-75.69905259999996, 4.076750557000025], [-75.69903379699997, 4.077001028000041], [-75.69900454199995, 4.077231562000065], [-75.69896351499995, 4.077460245000054], [-75.69891081899993, 4.077686503000052], [-75.69884659499996, 4.077909727000076], [-75.69877100699995, 4.078129352000076], [-75.69868426499994, 4.078344767000033], [-75.69858658699997, 4.078555430000051], [-75.69847824499993, 4.078760750000072], [-75.69835952199998, 4.0789601960000255], [-75.69823073599997, 4.079153235000035], [-75.69809219699994, 4.079339398000059], [-75.69794431899999, 4.079518126000039], [-75.69778750299997, 4.079688941000029], [-75.69762209599998, 4.079851465000047], [-75.69740297699997, 4.080045630000029], [-75.69712918999994, 4.080266560000041], [-75.69693635399994, 4.08041578600006], [-75.69657593699998, 4.080674176000059], [-75.69638093399993, 4.080799280000065], [-75.69617977899998, 4.080914135000057], [-75.69597300599997, 4.081018438000058], [-75.69576114399996, 4.081111922000048], [-75.69554479099997, 4.081194322000044], [-75.69532446699998, 4.081265440000038], [-75.69510083699998, 4.08132506100003], [-75.69487440499995, 4.08137305200006], [-75.69464583399997, 4.081409271000041], [-75.69441570099997, 4.08143362800007], [-75.69418463999995, 4.081446056000061], [-75.69395321199994, 4.081446522000022], [-75.69372211699994, 4.081435028000044], [-75.69342148199996, 4.0814044350000245], {"c": [[-75.67553226799998, 4.087618406000047], [-75.68379468694151, 4.082531040008291]]}, [-75.67543401399996, 4.087713516000065], [-75.67519768299996, 4.0879229200000395], [-75.67501652899995, 4.088067482000042], [-75.67482818099995, 4.088202504000037], [-75.67463316699997, 4.088327607000053], [-75.67443200299994, 4.088442460000067], [-75.67408507699997, 4.088617450000072], [-75.67400993299998, 4.088651866000021], [-75.67386321099997, 4.088716972000043], [-75.67372608599999, 4.088775542000064], [-75.67338527299995, 4.088905332000024], [-75.67316494599999, 4.088976445000071], [-75.67294130699997, 4.089036062000048], [-75.67271487099998, 4.089084048000075], [-75.67224506899998, 4.089158481000027], [-75.67218781999998, 4.089167626000062], [-75.67180053699997, 4.0892334980000555], [-75.67141445599998, 4.0893061460000695], [-75.67102969799998, 4.089385549000042], [-75.67064637699997, 4.089471682000067], [-75.67026461199998, 4.089564521000057], [-75.66988451899994, 4.089664034000066], [-75.66950621199999, 4.089770194000039], [-75.66928410899999, 4.089836738000031], [-75.66896491399996, 4.089921827000069], [-75.66873847599999, 4.089969812000049], [-75.66850989799997, 4.0900060250000365], [-75.66827975899997, 4.0900303760000725], [-75.66804869199996, 4.090042797000024], [-75.66781726599999, 4.090043257000048], [-75.66758615099997, 4.090031755000041], [-75.66735591499997, 4.090008320000038], [-75.66712720099997, 4.089973017000034], [-75.66688263399999, 4.08992220500005], [-75.66673450099995, 4.089884390000066], [-75.66635237199995, 4.089793071000031], [-75.66596871399997, 4.0897084640000685], [-75.66558364399998, 4.089630591000059], [-75.66519727899998, 4.089559479000059], [-75.66480973699998, 4.089495149000072], [-75.66442113599999, 4.089437619000023], [-75.66403159399994, 4.089386909000041], [-75.66364122999994, 4.089343033000034], [-75.66325016299999, 4.089306004000036], [-75.66285851099997, 4.089275833000045], [-75.66246639499997, 4.0892525310000565], [-75.66207393399998, 4.089236103000076], [-75.66168124699993, 4.089226556000028]], [[-75.20565056099997, 4.10388817200004], [-75.20525768799996, 4.103885285000047], [-75.20486482499996, 4.103889283000058], [-75.20447209099996, 4.103900165000027], [-75.20407960499995, 4.103917928000044], [-75.20368748799996, 4.1039425660000575], [-75.20329585899998, 4.103974072000028], [-75.20290483699995, 4.104012435000072], [-75.20251454099997, 4.1040576450000685], [-75.20212509099997, 4.104109688000051], [-75.20173660399996, 4.104168547000029], [-75.20134919999998, 4.104234206000058], [-75.20096299499994, 4.10430664200004], [-75.20057810799995, 4.104385837000052], [-75.20019465699994, 4.104471763000049], [-75.19981275599997, 4.104564397000047], [-75.19943252399997, 4.104663708000032], [-75.19905407599998, 4.104769668000074], [-75.19867752599998, 4.10488224300002], [-75.19830299099993, 4.105001399000059], [-75.19793058399995, 4.10512710200004], [-75.19756041699998, 4.105259310000065], [-75.19719260599999, 4.105397985000025], [-75.19682725999996, 4.105543086000068], [-75.19646449199996, 4.105694566000068], [-75.19610441099996, 4.105852380000044], [-75.19574712799994, 4.106016480000051], [-75.19539275199998, 4.106186817000037], [-75.19527287399995, 4.106246462000058], [-75.19505353299996, 4.106343081000034], [-75.19483707699999, 4.106425365000064], [-75.19461665599994, 4.10649636200003], [-75.19439293599999, 4.106555858000036], [-75.19416642099998, 4.10660371900002], [-75.19393777199997, 4.106639805000043], [-75.19370756899997, 4.106664025000043], [-75.19347644599998, 4.106676313000037], [-75.19324496999997, 4.106676637000021], [-75.19301381299994, 4.106664997000053], [-75.19278353999994, 4.106641422000052], [-75.19255479699996, 4.106605977000072], [-75.19232814699996, 4.106558749000044], [-75.19210425499995, 4.106499879000069], [-75.19188364399997, 4.106429502000026], [-75.19166695599995, 4.106347822000032], [-75.19145473499998, 4.106255047000047], [-75.19124755699994, 4.106151428000032], [-75.19104596099999, 4.106037234000041], [-75.19085049099994, 4.105912773000057], [-75.19066164599997, 4.10577836300007], [-75.19047996299997, 4.105634386000077], [-75.19030588299995, 4.105481191000024], [-75.19013989099994, 4.105319204000068], [-75.18998244899996, 4.105148878000023], [-75.18983393299999, 4.104970622000053], [-75.18969473599998, 4.104784902000063], [-75.18956526599999, 4.104592266000054], [-75.18944584099995, 4.104393188000074], [-75.18933677199993, 4.104188184000066], [-75.18923835499999, 4.10397781100005], [-75.18915086399994, 4.103762652000057], [-75.18907451299998, 4.103543233000039], [-75.18900951599994, 4.103320175000022], [-75.18895604199997, 4.103094059000057], [-75.18891423099996, 4.102865473000065], [-75.18888419099994, 4.102635003000046], [-75.18886600899998, 4.102403327000047], [-75.18885972799995, 4.102170994000062], [-75.18886536699995, 4.101938640000071], [-75.18888290799998, 4.101706918000048], [-75.18891231199996, 4.101476357000024], [-75.18895349099995, 4.101247658000034], [-75.18897659399994, 4.101148743000067], [-75.18904208499998, 4.100925773000029], [-75.18919316799997, 4.100395478000053], [-75.18933055199994, 4.099997254000073], [-75.18941789899998, 4.099780734000035], [-75.18951573499999, 4.099570080000035], [-75.18962423099998, 4.099364784000045], [-75.18974310899995, 4.0991653660000225], [-75.18985536999998, 4.098997327000063], [-75.19033690799995, 4.098354685000061], {"c": [[-75.19308563499999, 4.093560363000051], [-75.19185789218682, 4.096042280534544]]}, [-75.19309432599994, 4.093539730000032], [-75.19309605199999, 4.093535432000067], [-75.19309807799993, 4.093531082000027], [-75.19309983599999, 4.0935272580000515], [-75.19310124099997, 4.09352451500007], [-75.19310356299997, 4.093519997000044], [-75.19310554699996, 4.093516214000033], [-75.19310721599999, 4.093513073000054], [-75.19311341099996, 4.093501530000026], [-75.19311730499999, 4.093494639000028], [-75.19312152499998, 4.093487113000037], [-75.19330851099994, 4.093140153000036], [-75.19348943799997, 4.092789969000023], [-75.19366425099997, 4.092436669000051], [-75.19383289699994, 4.0920803580000324], [-75.19399532299997, 4.091721146000054], [-75.19415148199994, 4.091359142000044], [-75.19416898599997, 4.091316679000045], [-75.19428522099997, 4.091066407000028], [-75.19439372099998, 4.090861099000051], [-75.19451259299996, 4.090661685000043], [-75.19464152799998, 4.090468685000076], [-75.19478020399998, 4.090282584000022], [-75.19492822999996, 4.090103905000035], [-75.19508519599998, 4.089933141000074], [-75.19525073499995, 4.089770692000059], [-75.19560622899996, 4.089456081000037], [-75.19570908799994, 4.089369800000043], {"c": [[-75.19751757199998, 4.087674941000046], [-75.1966365344836, 4.088547335450603]]}, [-75.19795064499993, 4.087221876000058], [-75.19828511699995, 4.086893642000064], [-75.19845877099993, 4.0867399580000665], [-75.19864004099998, 4.086595480000028], [-75.19864880099993, 4.086589208000021], [-75.19883689099998, 4.086453066000047], [-75.19915238199997, 4.08621796400007], [-75.19946373699997, 4.085977368000044], [-75.19977086299997, 4.085731352000039], [-75.20007366599998, 4.0854799910000565], [-75.20037205399996, 4.085223363000068], [-75.20066593599995, 4.084961544000066], [-75.20095522299994, 4.084694615000046], [-75.20123982599995, 4.084422656000072], [-75.20151965999997, 4.084145751000051], [-75.20179463699998, 4.083863984000061], [-75.20206467499997, 4.083577442000035], [-75.20232969199998, 4.08328621000004], [-75.20258960599995, 4.082990379000023], [-75.20284433899997, 4.08269003700002], [-75.20309381299995, 4.082385278000061], [-75.20333795199997, 4.082076192000045], [-75.20357668199995, 4.081762875000038], [-75.20380992999998, 4.081445422000058], [-75.20403762399997, 4.081123930000047], [-75.20410170099996, 4.081030030000022], [-75.20425742899994, 4.0808176350000736], [-75.20448512299998, 4.080496143000062], [-75.20470719499997, 4.080170710000061], [-75.20492357699999, 4.079841434000059], [-75.20513420199995, 4.079508416000067], [-75.20533900899994, 4.0791717580000295], [-75.20553793099998, 4.078831561000072], [-75.20573091199998, 4.078487931000041], [-75.20591788999997, 4.078140971000039], [-75.20609880899997, 4.077790786000037], [-75.20627361399994, 4.077437486000065], [-75.20644225199999, 4.077081175000046], [-75.20660467099998, 4.076721962000022], [-75.20676082299997, 4.076359958000069], [-75.20691065899996, 4.075995273000046], [-75.20705413499996, 4.075628018000032], [-75.20719120499996, 4.0752583040000445], [-75.20729875199999, 4.074953501000039], [-75.20756098199996, 4.074193077000075], [-75.20762325399994, 4.074033618000044], [-75.20819139399998, 4.072639116000062], [-75.20824017699994, 4.072518387000059], [-75.20838365199995, 4.072151131000055], [-75.20852072099996, 4.071781418000057], [-75.20865134299999, 4.0714093580000394], [-75.20877547899994, 4.071035065000046], [-75.20889309099994, 4.070658655000045], [-75.20900414299996, 4.070280240000045], [-75.20910860199996, 4.069899937000059], [-75.20920643399995, 4.069517861000065], [-75.20929761199994, 4.069134129000076], [-75.20938210499997, 4.06874885700006], [-75.20945989099994, 4.068362164000064], [-75.20953094299995, 4.0679741650000665], [-75.20959524199998, 4.067584982000028], [-75.20960806299996, 4.067498002000036], [-75.20967451299998, 4.067128905000061], [-75.20972735499998, 4.066902644000038], [-75.20979172999995, 4.066679401000044], [-75.20986746599993, 4.066459775000055], [-75.21017201699993, 4.0657047720000605], {"c": [[-75.21120628699998, 4.062454872000046], [-75.21075030301587, 4.064099445620754]]}, [-75.21122468699997, 4.062377281000067], {"c": [[-75.21019771099998, 4.048672991000046], [-75.21177351078195, 4.055444860793219]]}, [-75.21015202899997, 4.048559459000046], [-75.21014043699995, 4.048530706000065], [-75.21000113199995, 4.048194313000067], [-75.20995954299997, 4.048051582000028], [-75.20990607099998, 4.047825463000038], [-75.20982295899995, 4.047371073000022], [-75.20965368699996, 4.0462759900000265], [-75.20961554099995, 4.045980315000065], {"c": [[-75.20034325799998, 4.030467303000023], [-75.20659240905053, 4.037251561922478]]}, [-75.20032162999996, 4.030451843000037], [-75.20031528199996, 4.030447279000043], [-75.20031099599998, 4.030444183000043], [-75.20030679699994, 4.03044114000005], [-75.20030058499998, 4.030436618000067], [-75.20029410999996, 4.030431880000037], [-75.20028989699995, 4.030428783000048], [-75.20028587699994, 4.030425818000026], [-75.20028188799995, 4.030422865000048], [-75.20027732899996, 4.030419479000045], [-75.20027342799995, 4.030416571000046], [-75.20026926899999, 4.030413460000034], [-75.20026512499999, 4.030410350000068], [-75.20026077799997, 4.030407076000074], [-75.20025674599998, 4.030404028000021], [-75.20025049299994, 4.0303992810000295], [-75.20024434099997, 4.030394587000046], [-75.20024014699999, 4.030391373000043], [-75.20023596499993, 4.030388157000061], [-75.20023196399995, 4.030385069000033], [-75.20022787599999, 4.030381903000034], [-75.20022375299999, 4.030378699000039], [-75.20021978899996, 4.030375608000043], [-75.20021550299998, 4.030372255000032], [-75.20021134299998, 4.030368989000067], [-75.20020714499998, 4.030365681000035], [-75.20020319499997, 4.030362558000036], [-75.20019903199994, 4.030359255000064], [-75.20019492799997, 4.0303559880000535], [-75.20019107799999, 4.030352911000023], [-75.20018705199993, 4.030349685000033], [-75.20018271699996, 4.030346198000075], [-75.20017885899995, 4.030343084000037], [-75.20017478899996, 4.030339789000038], [-75.20016883599999, 4.03033494500005], [-75.20016063299994, 4.03032823500007], [-75.20015477599998, 4.030323414000065], [-75.20015062499994, 4.030319983000027], [-75.20014675399995, 4.030316772000049], [-75.20014251499998, 4.0303132440000695], [-75.20013671199996, 4.030308394000031], [-75.20013080299998, 4.03030343000006], [-75.20012674999998, 4.030300011000065], [-75.20012301099996, 4.030296846000056], [-75.20011864299994, 4.030293136000068], [-75.20011482599995, 4.030289884000069], [-75.20011093099998, 4.030286553000053], [-75.20010687599995, 4.030283073000021], [-75.20010104999994, 4.030278052000028], [-75.20009499499997, 4.030272808000063], [-75.20009121599998, 4.030269522000026], [-75.20008712699996, 4.0302659530000255], [-75.20008342799997, 4.0302627140000595], [-75.20007932599998, 4.030259109000042], [-75.20007560799996, 4.030255832000023], [-75.20007177399998, 4.030252447000066], [-75.20006393399996, 4.030245477000051], [-75.20005991499994, 4.030241880000062], [-75.20005611299996, 4.030238472000065], [-75.20005034499997, 4.030233278000026], [-75.20004456299995, 4.0302280460000475], [-75.20004069699996, 4.030224533000023], [-75.20003696999999, 4.030221136000023], [-75.20003299099994, 4.030217496000034], [-75.20002724699998, 4.0302122190000205], [-75.20002158899996, 4.030206995000071], [-75.20001784599998, 4.030203525000047], [-75.20001392399996, 4.03019987700003], [-75.20001029299993, 4.030196487000069], [-75.20000644699996, 4.030192886000066], [-75.20000254899998, 4.030189223000036], [-75.19999888699994, 4.030185771000049], [-75.19999503699995, 4.030182129000025], [-75.19999115999997, 4.030178450000051], [-75.19998756499996, 4.030175026000052], [-75.19998375899996, 4.030171390000021], [-75.19998000399994, 4.030167789000075], [-75.19997623999996, 4.030164169000045], [-75.19997239899999, 4.030160462000026], [-75.19996852199995, 4.03015670700006], [-75.19996306699994, 4.030151402000058], [-75.19995737599999, 4.030145840000046], [-75.19995370299995, 4.030142236000074], [-75.19995010399998, 4.030138691000047], [-75.19994637899998, 4.030135010000038], [-75.19994260999994, 4.030131274000041], [-75.19993896299997, 4.03012764500005], [-75.19993543099997, 4.0301241210000285], [-75.19993138999996, 4.03012007500007], [-75.19991464999998, 4.030103256000075], [-75.19990820499999, 4.030096790000073], [-75.19940719799996, 4.029554719000032], [-75.19935012099995, 4.029493193000064], [-75.19907930999995, 4.0292074030000435], [-75.19880357399995, 4.028926402000025], [-75.19852299599995, 4.028650277000054], [-75.19823766299999, 4.028379111000049], [-75.19794765999995, 4.028112987000043], [-75.19765307799997, 4.02785198600003], [-75.19735400299999, 4.027596187000029], [-75.19705052999996, 4.027345669000056], [-75.19674274899995, 4.027100507000057], [-75.19643075499994, 4.026860777000024], [-75.19611464099995, 4.026626551000049], [-75.19579450499998, 4.026397901000053], [-75.19547044499996, 4.026174897000033], [-75.19514255799999, 4.0259576050000305], [-75.19481094599996, 4.025746093000066], [-75.19447570799997, 4.025540424000042], [-75.19413694699995, 4.025340663000065], [-75.19379476599994, 4.025146869000025], [-75.19344926899998, 4.024959101000036], [-75.19310056099994, 4.0247774170000525], [-75.19274875099995, 4.024601872000062], [-75.19262055499996, 4.024540683000055], [-75.19215352499998, 4.024307060000069], [-75.19195195199995, 4.024192860000028], [-75.19175650499994, 4.0240683940000395], [-75.19156768199997, 4.023933978000059], [-75.19138602199996, 4.023789996000062], [-75.19121196299994, 4.023636796000062], [-75.19104599299999, 4.023474805000035], [-75.19088857199995, 4.023304476000021], [-75.19074007699999, 4.023126216000037], [-75.19060089399994, 4.022940487000028], [-75.19047144199999, 4.0227478460000725], [-75.19035203099997, 4.022548759000074], [-75.19024298399995, 4.022343763000038], [-75.19014628399998, 4.02213701900007], [-75.19008273899993, 4.021983553000041], [-75.18993844199997, 4.021650892000025], [-75.18990918299994, 4.021584889000053], [-75.18990468299995, 4.021573956000054], [-75.18974387399999, 4.02117473900006], [-75.18972284499995, 4.02111541000005], [-75.18968209999997, 4.020999361000065], [-75.18964258699998, 4.020884358000046], [-75.18963727399995, 4.0208689140000615], [-75.18950563599998, 4.020497215000034], [-75.18936755799996, 4.020127880000075], [-75.18922308199996, 4.019761021000022], [-75.18907225299995, 4.019396750000055], [-75.18891511699996, 4.019035178000024], [-75.18875172099996, 4.018676414000026], [-75.18858211499997, 4.018320569000025], [-75.18840635099997, 4.017967752000061], [-75.18822448299994, 4.017618068000047], [-75.18803656599994, 4.0172716240000454], [-75.18784265499994, 4.016928527000061], [-75.18764281299997, 4.016588880000029], [-75.18743709799998, 4.016252787000042], [-75.18722557399997, 4.015920352000023], [-75.18700830499995, 4.015591673000074], [-75.18678535699996, 4.015266853000071], [-75.18655679899996, 4.014945990000058], [-75.18632269899996, 4.014629180000043], [-75.18608312999999, 4.014316523000048], [-75.18583816299997, 4.0140081110000665], [-75.18558787399996, 4.01370404000005], [-75.18533233899996, 4.013404401000059], [-75.18507163599998, 4.01310928700002], [-75.18480584399998, 4.012818786000025], [-75.18453504399997, 4.012532988000032], [-75.18425931899998, 4.012251979000041], [-75.18397875199997, 4.011975846000041], [-75.18369342899996, 4.011704672000064], [-75.18340343699998, 4.011438539000039], [-75.18310886499995, 4.0111775300000545], [-75.18280980199995, 4.010921723000024], [-75.18250633899999, 4.0106711960000325], [-75.18219856799993, 4.0104260260000615], [-75.18188658399998, 4.010186287000067], [-75.18157048099994, 4.009952052000074], [-75.18125035599996, 4.009723394000048], [-75.18092630599995, 4.00950038000002], [-75.18059842899999, 4.009283080000046], [-75.18026682699997, 4.009071559000063], [-75.17993159799994, 4.008865881000077], [-75.17959284699998, 4.008666111000025], [-75.17925067599998, 4.008472307000034], [-75.17906289499996, 4.0083714440000335], [-75.17904610799997, 4.008360869000057], [-75.17904147699994, 4.008358164000072], [-75.17903536399996, 4.008354101000066], [-75.17902945999998, 4.008350335000046], [-75.17902457199995, 4.008347589000039], [-75.17901705399998, 4.008343183000022], [-75.17874110899999, 4.008142934000034], [-75.17841705999996, 4.007919919000074], [-75.17808918499998, 4.007702617000064], [-75.17775758299996, 4.007491095000034], [-75.17742235599997, 4.007285416000059], [-75.17708360599994, 4.007085644000028], [-75.17674143599999, 4.006891839000048], [-75.17639594999997, 4.00670406100005], [-75.17604725299998, 4.006522367000059], [-75.17569545299995, 4.006346811000071], [-75.17534065499996, 4.006177447000027], [-75.17498296699995, 4.006014328000049], [-75.17462249899995, 4.0058575030000725], [-75.17425936199999, 4.0057070180000665], [-75.17389366399993, 4.005562921000035], [-75.17352551799996, 4.005425255000034], [-75.17315503499998, 4.005294062000075], [-75.17278232899997, 4.005169382000076], [-75.17240751399999, 4.005051254000023], [-75.17203070199997, 4.004939712000066], [-75.17165200899996, 4.004834791000064], [-75.17127155099996, 4.004736524000066], [-75.17088944299996, 4.0046449380000695], [-75.17050580099993, 4.004560064000032], [-75.17012074399997, 4.004481927000029], [-75.16973438599996, 4.0044105500000455], [-75.16934684799998, 4.004345955000076], [-75.16895824599999, 4.004288162000023], [-75.16856869899993, 4.004237188000047], [-75.16817832499999, 4.004193050000026], [-75.16778724299996, 4.00415576000006], [-75.16739557299996, 4.004125330000022], [-75.16700343299993, 4.004101769000044], [-75.16661094399996, 4.004085083000064], [-75.16621822499997, 4.004075280000052], [-75.16582539499996, 4.0040723610000555], [-75.16543257399996, 4.004076327000064], [-75.16503988199997, 4.004087176000041], [-75.16464743799997, 4.004104907000055], [-75.16425536199995, 4.004129513000066], [-75.16386377299995, 4.004160987000034], [-75.16347279099995, 4.004199319000065], [-75.16308253399995, 4.004244497000059], [-75.16269312199995, 4.004296508000039], [-75.16230467299994, 4.0043553370000495], [-75.16191730599996, 4.004420964000076], [-75.16153113699994, 4.004493370000034], [-75.16114628599996, 4.004572534000033], [-75.16076286899994, 4.004658430000063], [-75.16038100299994, 4.004751034000037], [-75.16000080499998, 4.004850315000056], [-75.15962238899994, 4.004956246000063], [-75.15924587099994, 4.005068791000042], [-75.15887136799995, 4.005187919000036], [-75.15849899099999, 4.005313593000039], [-75.15812885399998, 4.00544577200003], [-75.15776107099998, 4.005584420000048], [-75.15739575399994, 4.005729492000057], [-75.15703301299999, 4.005880945000058], [-75.15667295899993, 4.006038732000036], [-75.15631570199997, 4.0062028050000436], [-75.15596134999998, 4.006373115000031], [-75.15561001299994, 4.0065496090000465], [-75.15526179499994, 4.006732234000026], [-75.15491680399998, 4.00692093400005], [-75.15457514499997, 4.007115652000039], [-75.15423692199994, 4.007316327000069], [-75.15390223699995, 4.007522901000073], [-75.15357119299995, 4.007735309000054], [-75.15324389099999, 4.007953486000076], [-75.15292042999994, 4.008177366000041], [-75.15260090899994, 4.008406881000042], [-75.15228542499995, 4.0086419610000235], [-75.15197407399995, 4.008882535000055], [-75.15166695099998, 4.0091285290000656], [-75.15136415099994, 4.009379868000053], [-75.15106576299996, 4.009636476000026], [-75.15097374399994, 4.009717462000026], [-75.15095294999998, 4.009735864000049], [-75.15077167899994, 4.009880332000023], [-75.15058322099998, 4.010015252000073], [-75.15026117699995, 4.010221557000023], [-75.15020146099994, 4.010256670000047], [-75.15011157999999, 4.010306444000037], [-75.14978008399999, 4.010473384000022], [-75.14956813899994, 4.010566734000065], [-75.14935169999995, 4.010648999000068], [-75.14913129099995, 4.010719979000044], [-75.14890757999996, 4.010779459000048], [-75.14868108599995, 4.010827301000063], [-75.14824496599994, 4.010896100000025], [-75.14804683699998, 4.010919877000049], [-75.14803916699998, 4.010920800000065], [-75.14801291499998, 4.010923955000067], [-75.14800290499994, 4.010925126000075], [-75.14799277899994, 4.010926275000031], [-75.14798553899993, 4.01092707600003], [-75.14798027299997, 4.010927647000074], [-75.14797277899999, 4.010928444000058], [-75.14796551599994, 4.010929197000053], [-75.14796017199996, 4.010929741000041], [-75.14795534299998, 4.010930223000059], [-75.14795020999998, 4.010930727000073], [-75.14794521699997, 4.010931210000024], [-75.14793756899996, 4.010931930000027], [-75.14793005099995, 4.010932622000041], [-75.14792267999997, 4.010933279000028], [-75.14791235599995, 4.010934170000041], [-75.14790525999996, 4.0109347620000335], [-75.14789989899998, 4.010935198000027], [-75.14789498899995, 4.010935588000052], [-75.14788989799996, 4.01093598500006], [-75.14788479999999, 4.01093637300005], [-75.14787962999998, 4.010936758000071], [-75.14787457099999, 4.010937126000044], [-75.14786951299999, 4.010937485000056], [-75.14786456699994, 4.010937828000067], [-75.14785709899996, 4.010938329000055], [-75.14784954899994, 4.0109388180000565], [-75.14784467799996, 4.010939123000071], [-75.14783939599994, 4.01093944400003], [-75.14783203399998, 4.010939877000055], [-75.14782169599994, 4.0109404540000355], [-75.14781441999997, 4.010940839000057], [-75.14780930899997, 4.010941099000036], [-75.14780409799994, 4.010941354000067], [-75.14779923699996, 4.010941585000069], [-75.14779168199993, 4.010941926000044], [-75.14778141899995, 4.010942360000058], [-75.14777379899994, 4.010942661000058], [-75.14776889099994, 4.010942843000066], [-75.14776385899995, 4.010943022000049], [-75.14775864899997, 4.010943199000053], [-75.14775120099995, 4.010943434000069], [-75.14774374199999, 4.010943653000027], [-75.14773869199996, 4.010943790000056], [-75.14773342799998, 4.01094392400006], [-75.14772594499993, 4.010944098000039], [-75.14771606399995, 4.010944299000073], [-75.14770825799997, 4.010944436000045], [-75.14768439499994, 4.01094480200004], {"c": [[-75.14325217999993, 4.011456760000044], [-75.14545562709367, 4.011090233390426]]}, [-75.14322871499996, 4.011461876000055], [-75.14322390099994, 4.011462917000074], [-75.14321860699994, 4.011464053000054], [-75.14321352899998, 4.011465133000058], [-75.14320859799994, 4.01146617400002], [-75.14320072499999, 4.011467818000028], [-75.14319057299997, 4.011469907000048], [-75.14318330799995, 4.011471380000046], [-75.14317764999998, 4.011472515000037], [-75.14317017599996, 4.011473998000042], [-75.14316280999998, 4.011475439000037], [-75.14315745999994, 4.011476475000052], [-75.14315251499994, 4.01147742400002], [-75.14314743399996, 4.011478390000036], [-75.14314209899999, 4.011479395000038], [-75.14313716299995, 4.011480317000064], [-75.14313206199995, 4.011481260000039], [-75.14312675499997, 4.011482233000038], [-75.14312174099996, 4.011483142000031], [-75.14311694299994, 4.011484005000057], [-75.14311158099997, 4.011484960000075], [-75.14310654299999, 4.0114858480000635], [-75.14310125299994, 4.011486771000023], [-75.14309347999995, 4.011488111000062], [-75.14308637399995, 4.011489318000031], [-75.14308073999996, 4.0114902630000415], [-75.14307302599997, 4.0114915400000655], [-75.14306548599995, 4.011492768000039], [-75.14306038099994, 4.011493590000043], [-75.14305515199999, 4.011494421000066], [-75.14304998399996, 4.011495235000041], [-75.14304224999995, 4.011496434000037], [-75.14303477199996, 4.0114975760000675], [-75.14302927999995, 4.0114984030000755], [-75.14302448299998, 4.011499117000028], [-75.14301684799995, 4.011500235000028], [-75.14300877399995, 4.011501400000043], [-75.14300387199995, 4.011502096000072], [-75.14299878199995, 4.0115028100000245], [-75.14299363799995, 4.011503523000044], [-75.14298811299994, 4.011504278000075], [-75.14298295199995, 4.011504976000026], [-75.14297796799997, 4.011505641000042], [-75.14297285699996, 4.01150631400003], [-75.14296514599994, 4.011507312000049], [-75.14295504299997, 4.011508591000052], [-75.14294439899999, 4.0115099030000465], [-75.14293687199995, 4.0115108080000255], [-75.14292911799998, 4.0115117210000335], [-75.14292131399998, 4.011512620000076], [-75.14291627499995, 4.011513190000073], [-75.14291101399994, 4.011513775000026], [-75.14290344399996, 4.011514602000034], [-75.14289286499996, 4.011515726000027], [-75.14288541299999, 4.01151649600007], [-75.14287752199994, 4.011517291000075], [-75.14286692399997, 4.011518327000033], [-75.14285939799998, 4.011519042000032], [-75.14285415099994, 4.011519529000054], [-75.14284926299996, 4.011519974000066], [-75.14284102499994, 4.011520706000056], [-75.14283349599998, 4.011521357000049], [-75.14282808099995, 4.0115218130000585], [-75.14282303799996, 4.011522229000036], [-75.14281791399998, 4.011522644000024], [-75.14281274099994, 4.011523054000065], [-75.14280767399998, 4.011523447000059], [-75.14280237499997, 4.011523849000071], [-75.14279741499996, 4.011524217000044], [-75.14279182799999, 4.0115246220000245], [-75.14278440299995, 4.011525144000075], [-75.14277652499999, 4.011525679000044], [-75.14277102799997, 4.011526041000025], [-75.14276610899998, 4.011526356000047], [-75.14276107299997, 4.011526670000023], [-75.14275557399998, 4.011527004000072], [-75.14275071099996, 4.01152729100005], [-75.14274567199999, 4.011527580000063], [-75.14274009299999, 4.011527891000071], [-75.14273501999998, 4.0115281650000725], [-75.14272977799999, 4.011528440000063], [-75.14270589499995, 4.011529649000067], [-75.14267699199996, 4.011531132000073], [-75.14232378199995, 4.011549480000042], {"c": [[-75.14172590199996, 4.011589394000055], [-75.14202469503726, 4.0115672166333916]]}, [-75.14133113299994, 4.0116103460000545], [-75.14109967899998, 4.011610648000044], [-75.14086854599998, 4.011598986000024], [-75.14063830699996, 4.011575389000029], [-75.14040957999998, 4.011539920000075], [-75.14018295899996, 4.011492670000052], [-75.13995909299996, 4.011433776000047], [-75.13973851299994, 4.011363377000066], [-75.13952184899995, 4.011281672000052], [-75.13930965899993, 4.0111888760000625], [-75.13910251199997, 4.011085235000053], [-75.13890094499999, 4.010971018000021], [-75.13870550499996, 4.010846534000052], [-75.13851670199995, 4.010712110000043], [-75.13833505099996, 4.010568112000044], [-75.13814984199996, 4.010405073000072], [-75.13780744199994, 4.010071710000034], {"c": [[-75.13514013899999, 4.007848163000062], [-75.13651647692113, 4.008908295126851]]}, [-75.13448672399994, 4.007383899000047], [-75.13431369099999, 4.00724673000002], [-75.13413964399996, 4.007093514000076], [-75.13397368599993, 4.006931507000047], [-75.13381627799998, 4.0067611630000215], [-75.13366779599994, 4.006582888000025], [-75.13352862799997, 4.006397145000051], [-75.13339919299995, 4.006204496000066], [-75.13327979699994, 4.006005395000045], [-75.13317076499999, 4.005800385000043], [-75.13307237699996, 4.005589990000033], [-75.13298491899997, 4.005374824000057], [-75.13290859799997, 4.005155395000031], [-75.13284649099995, 4.004942147000065], [-75.13279123699994, 4.004713726000034], [-75.13277623899995, 4.004653989000076], [-75.13276995899997, 4.004629118000025], [-75.13276832399998, 4.004622599000072], [-75.13276638299999, 4.004614810000021], [-75.13276476099998, 4.0046082520000255], [-75.13276301399998, 4.00460114200007], [-75.13276127299997, 4.004594009000073], [-75.13275943299993, 4.004586416000052], [-75.13275787899994, 4.004579956000043], [-75.13275611899996, 4.00457258900002], [-75.13275441599995, 4.004565405000051], [-75.13275286699997, 4.004558829000075], [-75.13275120699996, 4.004551731000049], [-75.13274945399996, 4.004544177000071], [-75.13274791799995, 4.004537515000038], [-75.13274624899998, 4.004530215000045], [-75.13274454499998, 4.004522715000064], [-75.13274302699995, 4.00451597600005], [-75.13274151999997, 4.004509239000072], [-75.13273995299994, 4.004502177000063], [-75.13273830899993, 4.004494718000046], [-75.13273677199999, 4.00448768900003], [-75.13273519799998, 4.004480434000072], [-75.13273373799996, 4.004473655000027], [-75.13273220099995, 4.004466456000046], [-75.13273064799995, 4.004459132000022], [-75.13272917599994, 4.00445213200004], [-75.13272764899995, 4.004444811000042], [-75.13272621999994, 4.004437905000032], [-75.13272473899997, 4.004430687000024], [-75.13272329899996, 4.004423614000075], [-75.13272188999997, 4.00441663700002], [-75.13272046799995, 4.004409536000026], [-75.13271900699993, 4.004402174000063], [-75.13271756699999, 4.004394865000052], [-75.13271622299999, 4.004387980000047], [-75.13271490299996, 4.0043811570000685], [-75.13271342199994, 4.004373440000052], [-75.13271213399997, 4.004366670000024], [-75.13271073999994, 4.004359282000053], [-75.13270944599998, 4.004352355000037], [-75.13270803199998, 4.004344722000042], [-75.13270685299995, 4.004338302000065], [-75.13270550699997, 4.004330904000028], [-75.13270416799998, 4.004323477000071], [-75.13270286299996, 4.004316173000063], [-75.13270162299995, 4.004309167000031], [-75.13270042599999, 4.00430233700007], [-75.13269907799997, 4.004294576000063], [-75.13269794499996, 4.00428802600004], [-75.13269545499998, 4.004273337000029], [-75.13269127699994, 4.004248287000053], {"c": [[-75.13256985399994, 4.003584171000057], [-75.13263313985352, 4.003915754314195]]}, [-75.13250916899995, 4.003222846000028], [-75.13243708199997, 4.002835030000028], [-75.13235826699997, 4.002448538000067], [-75.13227274699994, 4.002063485000065], [-75.13218054899994, 4.001679990000071], [-75.13208169999996, 4.0012981690000515], [-75.13197623099995, 4.000918138000031], [-75.13186417399999, 4.000540014000023], [-75.13174556299998, 4.000163912000062], [-75.13162043299997, 3.999789945000032], [-75.13148882499996, 3.999418229000071], [-75.13135077699997, 3.9990488760000744], [-75.13120632999994, 3.998681998000052], [-75.13105552999997, 3.998317709000048], [-75.13089842299996, 3.997956117000058], [-75.13073505699998, 3.9975973340000337], [-75.13071971299996, 3.9975644670000747], [-75.13029401899996, 3.996654546000059], {"c": [[-75.13008240099998, 3.996186880000039], [-75.13019032536931, 3.99641974762741]]}, [-75.13004900399994, 3.9961154600000555], [-75.13000968999995, 3.996024976000058], [-75.12984632399997, 3.9956661920000442], [-75.12967674799995, 3.9953103260000375], [-75.12950101299998, 3.9949574880000682], [-75.12931917399999, 3.9946077820000596], [-75.12913128599996, 3.9942613160000633], [-75.12893740399994, 3.9939181970000277], [-75.12873759099995, 3.993578527000068], [-75.12853190399994, 3.993242412000029], [-75.12832040799998, 3.9929099520000477], [-75.12810316699995, 3.9925812500000575], [-75.12788024699995, 3.992256406000024], [-75.12765171599995, 3.991935518000048], [-75.12741764299994, 3.9916186830000697], [-75.12717809999998, 3.9913060000000655], [-75.12693315999996, 3.9909975630000645], [-75.12668289699997, 3.990693466000039], [-75.12642738799997, 3.990393801000039], [-75.12616670999995, 3.990098660000058], [-75.12590094399997, 3.9898081320000642], [-75.12563016799999, 3.9895223070000725], [-75.12535446799995, 3.9892412700000364], [-75.12514796099998, 3.9890370570000755], [-75.12456563999996, 3.9884685680000302], {"c": [[-75.11361762299998, 3.9825794420000307], [-75.11950407929007, 3.9847506824046657]]}, [-75.11359480099998, 3.9825745030000235], [-75.11358752299998, 3.9825729130000695], [-75.11358065199994, 3.982571392000068], [-75.11357552399994, 3.9825702470000692], [-75.11356872499994, 3.9825687120000453], [-75.11355948999994, 3.982566600000041], [-75.11355021099996, 3.982564445000037], [-75.11354063199997, 3.9825621880000313], [-75.11353374199996, 3.9825605430000337], [-75.11352866699997, 3.9825593190000745], [-75.11352198999998, 3.982557694000036], [-75.11351251599996, 3.982555360000049], [-75.11350339799998, 3.9825530810000487], [-75.11349637799998, 3.9825513050000723], [-75.11348926499994, 3.982549486000039], [-75.11348000599997, 3.982547089000036], [-75.11347276399994, 3.982545192000032], [-75.11346595399993, 3.9825433880000674], [-75.11345867499995, 3.982541443000059], [-75.11345209899997, 3.9825396660000365], [-75.11344265199995, 3.9825370840000573], [-75.11343578999998, 3.9825351880000426], [-75.11342887099994, 3.982533257000057], [-75.11342173299994, 3.9825312460000646], [-75.11341498299998, 3.98252932500003], [-75.11340815999995, 3.9825273650000668], [-75.11340109999998, 3.9825253180000573], [-75.11339456099995, 3.9825234050000518], [-75.11338711799993, 3.9825212070000475], [-75.11337796899994, 3.982518475000063], [-75.11336875699999, 3.9825156900000707], [-75.11335957599994, 3.9825128820000373], [-75.11335051499998, 3.982510077000029], [-75.11334369199994, 3.98250794300003], [-75.11333666899998, 3.9825057270000457], [-75.11332750699995, 3.98250280700006], [-75.11331828599998, 3.98249983300002], [-75.11330914699994, 3.9824968530000433], [-75.11330226199993, 3.9824945850000404], [-75.11329552399997, 3.982492346000072], [-75.11328845199995, 3.9824899780000464], [-75.11328165399993, 3.982487681000066], [-75.11327263699997, 3.9824846050000247], [-75.11326355699998, 3.982481475000043], [-75.11325454699994, 3.9824783340000636], [-75.11324762699996, 3.982475900000054], [-75.11324304299995, 3.9824742760000618], [-75.11322090799996, 3.982466395000074], [-75.11319954999993, 3.9824588020000533], [-75.11297105999995, 3.982377705000033], [-75.11295577699997, 3.9823722670000734], [-75.11294870899997, 3.9823697380000453], [-75.11294219199993, 3.982367396000029], [-75.11293498699996, 3.9823647920000553], [-75.11292823299993, 3.982362339000076], [-75.11292152599998, 3.982359891000044], [-75.11291429799996, 3.9823572390000663], [-75.11290774199995, 3.9823548220000475], [-75.11290125599999, 3.982352418000062], [-75.11289384199995, 3.982349657000043], [-75.11288706999994, 3.9823471230000678], [-75.11288032799996, 3.982344587000057], [-75.11287342199995, 3.9823419760000434], [-75.11286672699998, 3.9823394330000497], [-75.11285986599995, 3.982336814000064], [-75.11285262399997, 3.9823340370000437], [-75.11284642899994, 3.9823316490000593], [-75.11283912299996, 3.982328819000031], [-75.11283269199998, 3.9823263160000693], [-75.11282561299998, 3.9823235470000213], [-75.11281899299996, 3.9823209460000726], [-75.11281219899996, 3.982318264000071], [-75.11280556499997, 3.982315632000052], [-75.11279857099998, 3.9823128440000346], [-75.11279153199996, 3.98231002600005], [-75.11278523699997, 3.9823074930000644], [-75.11277779999995, 3.9823044860000323], [-75.11277157199999, 3.982301957000061], [-75.11276474499994, 3.982299170000033], [-75.11275793399994, 3.9822963780000578], [-75.11275128699998, 3.982293640000023], [-75.11274459199996, 3.9822908700000426], [-75.11273780899995, 3.9822880510000687], [-75.11273084699997, 3.982285144000059], [-75.11272448299997, 3.9822824750000336], [-75.11271756399998, 3.9822795590000624], [-75.11271071699997, 3.9822766610000713], [-75.11270375099997, 3.982273699000075], [-75.11269750199995, 3.98227102900006], [-75.11269063299994, 3.9822680820000755], [-75.11268397499998, 3.982265213000062], [-75.11267755399996, 3.9822624330000735], [-75.11267055599996, 3.982259389000035], [-75.11266372299997, 3.9822564050000437], [-75.11265713599994, 3.982253516000071], [-75.11265032799997, 3.9822505150000325], [-75.11264386799996, 3.982247656000027], [-75.11263728499995, 3.982244729000058], [-75.11263071399998, 3.9822417960000394], [-75.11262379299995, 3.9822386920000667], [-75.11261697899994, 3.982235623000065], [-75.11261035299998, 3.982232626000041], [-75.11260389999995, 3.982229693000022], [-75.11259715799997, 3.9822266170000375], [-75.11259034199998, 3.982223493000049], [-75.11258413199994, 3.9822206360000223], [-75.11257737799997, 3.9822175140000695], [-75.11257062099997, 3.9822143780000374], [-75.11256422599996, 3.9822113970000714], [-75.11255731899996, 3.982208164000042], [-75.11255074899998, 3.9822050750000244], [-75.11254419999995, 3.9822019830000386], [-75.11253783699993, 3.982198967000045], [-75.11253093999994, 3.982195683000043], [-75.11252458099995, 3.982192643000076], [-75.11251774399994, 3.982189361000053], [-75.11251094599999, 3.982186084000034], [-75.11250456099998, 3.9821829930000376], [-75.11249809299994, 3.982179848000044], [-75.11249182499995, 3.98217678900005], [-75.11248480499995, 3.9821733480000603], [-75.11247833799996, 3.98217016600006], [-75.11247184899997, 3.9821669590000397], [-75.11246543099998, 3.982163774000071], [-75.11245892699998, 3.9821605340000588], [-75.11245226299997, 3.9821572000000742], [-75.11244563499997, 3.982153871000037], [-75.11243909199999, 3.982150571000034], [-75.11243290699997, 3.9821474400000625], [-75.11242612899997, 3.9821439930000224], [-75.11241938399996, 3.982140551000043], [-75.11241357099993, 3.9821375710000666], [-75.11240673299994, 3.9821340530000384], [-75.11239993199996, 3.982130540000071], [-75.11239381099995, 3.9821273650000535], [-75.11238700499996, 3.982123821000073], [-75.11238071599996, 3.9821205330000566], [-75.11237437499994, 3.982117204000076], [-75.11236787999997, 3.982113782000056], [-75.11236140799997, 3.9821103580000567], [-75.11235486699996, 3.982106884000075], [-75.11234805599997, 3.982103253000048], [-75.11234198499994, 3.9821000030000278], [-75.11233547199998, 3.9820965030000366], [-75.11232907599998, 3.982093052000039], [-75.11232286099994, 3.9820896860000516], [-75.11231631899994, 3.982086129000038], [-75.11230983999997, 3.9820825920000402], [-75.11230343599993, 3.98207908400002], [-75.11229704399994, 3.9820755690000738], [-75.11229077799999, 3.9820721090000575], [-75.11228408799997, 3.9820684000000597], [-75.11227767899999, 3.982064835000074], [-75.11227181299995, 3.982061558000055], [-75.11226490599995, 3.9820576860000756], [-75.11225885499994, 3.9820542800000567], [-75.11225224499998, 3.982050546000039], [-75.11224629299994, 3.9820471710000334], [-75.11223948299994, 3.98204329400005], [-75.11223358099994, 3.9820399220000695], [-75.11222692799998, 3.9820361060000664], [-75.11222057499998, 3.9820324490000303], [-75.11221423899997, 3.9820287880000365], [-75.11220821999996, 3.9820252960000744], [-75.11220153699998, 3.9820214050000686], [-75.11219544799997, 3.982017846000076], [-75.11218903499997, 3.98201408500006], [-75.11218298899996, 3.9820105260000673], [-75.11217646199998, 3.9820066680000537], [-75.11217038999996, 3.9820030670000506], [-75.11216361699996, 3.981999035000058], [-75.11215798299997, 3.9819956680000246], [-75.11214354799995, 3.981987011000058], [-75.11192786199996, 3.9818574140000464], [-75.11191485999996, 3.981849584000031], [-75.11190896999994, 3.981846024000049], [-75.11190248699995, 3.9818420910000327], [-75.11189603999998, 3.981838165000056], [-75.11189028099994, 3.9818346460000384], [-75.11188395599999, 3.98183076600003], [-75.11187729199997, 3.981826664000039], [-75.11187106399996, 3.9818228170000225], [-75.11186497099999, 3.981819038000026], [-75.11185870099996, 3.9818151350000335], [-75.11185260099995, 3.9818113250000238], [-75.11184640999994, 3.9818074430000365], [-75.11184002299996, 3.98180342400002], [-75.11183366099993, 3.9817994070000395], [-75.11182770799996, 3.9817956340000364], [-75.11182138499998, 3.981791612000052], [-75.11181531599993, 3.981787738000037], [-75.11180914199997, 3.9817837820000364], [-75.11180296799995, 3.9817798120000703], [-75.11179660099998, 3.9817757030000394], [-75.11179069199994, 3.9817718770000283], [-75.11178442399995, 3.981767803000025], [-75.11177822399998, 3.9817637600000353], [-75.11177235099996, 3.9817599150000547], [-75.11176585099997, 3.9817556460000674], [-75.11175981799994, 3.981751668000072], [-75.11175389599998, 3.9817477500000678], [-75.11174769999997, 3.9817436370000223], [-75.11174161399998, 3.9817395820000456], [-75.11173543599995, 3.98173545100002], [-75.11172925299996, 3.981731302000071], [-75.11172347299998, 3.9817274110000653], [-75.11171726299995, 3.9817232140000556], [-75.11171086099995, 3.981718873000034], [-75.11170523599998, 3.9817150460000335], [-75.11169886399995, 3.9817106940000713], [-75.11169294799998, 3.981706640000027], [-75.11168709999998, 3.9817026180000425], [-75.11168065699997, 3.9816981720000513], [-75.11167482699994, 3.9816941350000548], [-75.11166918999999, 3.9816902180000397], [-75.11166271099995, 3.981685700000071], [-75.11165674199998, 3.9816815240000665], [-75.11165119099996, 3.981677626000021], [-75.11164471699993, 3.981673064000063], [-75.11163868799997, 3.9816688020000583], [-75.11163287099998, 3.9816646750000473], [-75.11162679499995, 3.9816603490000375], [-75.11162096099997, 3.981656181000062], [-75.11161491099995, 3.981651844000055], [-75.11160883799994, 3.9816474760000347], [-75.11160314899996, 3.981643370000029], [-75.11159704199997, 3.9816389460000323], [-75.11159104299998, 3.9816345850000516], [-75.11158531299998, 3.9816304070000683], [-75.11157947599997, 3.9816261360000453], [-75.11157339499994, 3.9816216710000276], [-75.11156756199995, 3.981617373000063], [-75.11156178299996, 3.9816131010000504], [-75.11155569499994, 3.9816085850000604], [-75.11154975999995, 3.9816041670000573], [-75.11154406999998, 3.981599918000029], [-75.11153779099999, 3.981595212000059], [-75.11153208499996, 3.9815909220000663], [-75.11152623499999, 3.9815865070000314], [-75.11152044899995, 3.981582126000035], [-75.11151467899998, 3.9815777430000594], [-75.11150883199997, 3.9815732860000708], [-75.11150287099997, 3.9815687280000702], [-75.11149719199994, 3.9815643690000684], [-75.11149116199994, 3.9815597260000573], [-75.11148557199994, 3.9815554070000303], [-75.11147976699993, 3.9815509060000522], [-75.11147363999999, 3.98154614200007], [-75.11146799599999, 3.981541736000054], [-75.11146234399996, 3.9815373100000215], [-75.11144858699998, 3.9815265010000758], [-75.11138493899995, 3.9814764070000592], [-75.11080142699996, 3.9810133770000675], [-75.11068227899995, 3.9809194830000365], [-75.11037032199994, 3.980679708000025], [-75.11005424499996, 3.9804454380000607], [-75.10973414599994, 3.9802167420000387], [-75.10941012099994, 3.9799936920000505], [-75.10908226999999, 3.9797763550000695], [-75.10875069199994, 3.979564797000023], [-75.10841548699995, 3.979359081000041], [-75.10807675899997, 3.9791592740000397], [-75.10773461199994, 3.9789654320000523], [-75.10738914599995, 3.9787776170000484], [-75.10704046999996, 3.9785958860000505], [-75.10668868999994, 3.9784202940000455], [-75.10633391199997, 3.9782508930000517], [-75.10597624299999, 3.9780877370000667], [-75.10561579399996, 3.9779308740000374], [-75.10525267499997, 3.9777803520000248], [-75.10488699499996, 3.977636217000054], [-75.10451886599998, 3.9774985130000573], [-75.10414839899994, 3.9773672840000245], [-75.10377570899993, 3.9772425660000295], [-75.10363340999999, 3.9771977030000585], [-75.10331214599995, 3.9770645300000638], [-75.10294646699998, 3.976920393000057], [-75.10257833799994, 3.9767826890000606], [-75.10220787199995, 3.976651458000049], [-75.10183518299993, 3.9765267390000645], [-75.10146038299996, 3.9764085720000253], [-75.10108358599996, 3.976296992000073], [-75.10070490699997, 3.9761920320000286], [-75.10032446299994, 3.9760937260000446], [-75.09994236799997, 3.976002102000052], [-75.09955873899997, 3.975917189000029], [-75.09917369399994, 3.9758390120000513], [-75.09878734699998, 3.975767597000072], [-75.09839981999994, 3.97570296300006], [-75.09834253599996, 3.975694001000022], [-75.09796869799999, 3.9756360030000337], [-75.09774208799996, 3.975588738000056], [-75.09751823499994, 3.9755298300000277], [-75.09729766399994, 3.9754594150000457], [-75.09708101699994, 3.9753776980000453], [-75.09686883799998, 3.975284886000054], [-75.09666170299994, 3.975181231000022], [-75.09646015099997, 3.9750670010000704], [-75.09626472599996, 3.9749425040000688], [-75.09607592699996, 3.974808059000054], [-75.09589428999993, 3.9746640480000224], [-75.09572025699998, 3.9745108200000345], [-75.09555431299998, 3.9743488020000655], [-75.09539691899994, 3.974178446000053], [-75.09524845099997, 3.974000161000049], [-75.09510929699996, 3.9738144080000666], [-75.09497987699996, 3.973621749000074], [-75.09486049499998, 3.973422638000045], [-75.09475147799998, 3.9732176190000246], [-75.09465310499996, 3.973007216000042], [-75.09456566099993, 3.9727920420000373], [-75.09447848199994, 3.9725413400000207], [-75.09446410599998, 3.9724931710000533], [-75.09434551799995, 3.972117057000048], [-75.09422041099998, 3.9717430790000208], [-75.09408882599996, 3.971371351000073], [-75.09395079999996, 3.971001986000033], [-75.09380637699996, 3.9706350960000236], [-75.09365559999998, 3.9702707940000437], [-75.09349851599995, 3.9699091890000204], [-75.09333517199997, 3.9695503920000306], [-75.09316561799994, 3.9691945130000477], [-75.09298990499997, 3.968841661000056], [-75.09280808799997, 3.968491942000071], [-75.09262022099995, 3.9681454620000522], [-75.09242636199997, 3.9678023280000616], [-75.09222656999998, 3.9674626440000225], [-75.09202090499997, 3.9671265130000393], [-75.09180942999996, 3.9667940390000354], [-75.09159221099998, 3.966465321000044], [-75.09136931199998, 3.966140461000066], [-75.09114080199998, 3.965819558000021], [-75.09090675099998, 3.9655027070000415], [-75.09066722899996, 3.9651900070000465], [-75.09042230999995, 3.9648815530000547], [-75.09017206799996, 3.9645774390000383], [-75.08991657999997, 3.9642777570000476], [-75.08965592299995, 3.963982599000076], [-75.08939017599994, 3.9636920540000347], [-75.08911942099996, 3.9634062110000627], [-75.08884374099995, 3.9631251560000464], [-75.08856321799993, 3.9628489770000215], [-75.08827793899997, 3.96257775600003], [-75.08798799099998, 3.9623115770000368], [-75.08769346099996, 3.962050520000048], [-75.08740697199994, 3.9618052090000333], [-75.08738879299995, 3.961789897000074], [-75.08738400599998, 3.9617858250000495], [-75.08737854399999, 3.9617811250000727], [-75.08737383599998, 3.9617770280000286], [-75.08736912599994, 3.961772882000048], [-75.08736282499996, 3.9617672700000526], [-75.08735677399994, 3.961761809000052], [-75.08735210099996, 3.961757533000025], [-75.08734610099998, 3.961751980000031], [-75.08734086799996, 3.9617470780000303], [-75.08733541299995, 3.9617419000000496], [-75.08732949499995, 3.9617362100000264], [-75.08732347899996, 3.961730345000035], [-75.08731824799997, 3.9617251800000304], [-75.08731319099996, 3.9617201210000417], [-75.08730731599996, 3.961714172000029], [-75.08730148599994, 3.9617081850000204], [-75.08729719599995, 3.9617037250000635], [-75.08729285199996, 3.9616991630000484], [-75.08728851699993, 3.961694562000048], [-75.08728503499998, 3.9616908280000303], [-75.08728142099994, 3.9616869220000694], [-75.08727724799996, 3.961682367000037], [-75.08727164199996, 3.961676171000022], [-75.08726679199998, 3.9616707440000596], [-75.08726338599996, 3.9616668900000604], [-75.08726002399999, 3.9616630520000626], [-75.08725669799998, 3.961659225000062], [-75.08725246699998, 3.9616543080000497], [-75.08724776499997, 3.961648779000029], [-75.08724304599997, 3.9616431610000404], [-75.08723840699997, 3.9616375730000755], [-75.08723573599997, 3.9616343240000447], [-75.08722201999996, 3.9616175440000347], {"c": [[-75.08591816699999, 3.9601566300000286], [-75.08658588186671, 3.960872874380399]]}, [-75.08583779499997, 3.960074083000052], {"c": [[-75.08458303599997, 3.9588806570000656], [-75.08522182413203, 3.9594652714522875]]}, [-75.08406033099999, 3.9584204150000346], [-75.08389439099994, 3.958258391000072], [-75.08373700299995, 3.9580880310000452], [-75.08358854099998, 3.957909743000073], [-75.08344939299997, 3.957723986000076], [-75.08331997499994, 3.957531318000065], [-75.08320059899995, 3.9573322060000464], [-75.08309158799995, 3.9571271860000365], [-75.08292619499997, 3.9567734150000433], [-75.08281793299994, 3.956510296000033], [-75.08272409099999, 3.9562856620000275], [-75.08256701499994, 3.955924054000036], [-75.08240367999997, 3.9555652530000316], [-75.08223413399998, 3.955209370000034], [-75.08205842999996, 3.9548565130000384], [-75.08201538099996, 3.954773233000026], [-75.08197823499995, 3.95469954400005], [-75.08179642699997, 3.9543498200000613], [-75.08160856899997, 3.9540033350000385], [-75.08141471799996, 3.9536601970000333], [-75.08121493399995, 3.953320508000047], [-75.08119123699998, 3.9532814160000385], [-75.08118174399993, 3.9532633110000575], [-75.08090706499996, 3.952675771000031], [-75.08075118299996, 3.9523491670000226], [-75.08057548099998, 3.951996310000027], [-75.08039367399994, 3.9516465850000486], [-75.08020581699998, 3.951300100000026], [-75.08001196799995, 3.9509569610000312], [-75.07981218599997, 3.9506172710000556], [-75.07960652999998, 3.9502811350000684], [-75.07939506599996, 3.949948655000071], [-75.07917785699993, 3.9496199310000293], [-75.07895496799995, 3.949295065000058], [-75.07872646899995, 3.9489741560000198], [-75.07849242799995, 3.948657299000047], [-75.07825291599994, 3.9483445930000585], [-75.07800800699994, 3.9480361330000733], [-75.07799583499997, 3.9480212970000252], [-75.07783035099999, 3.947800376000032], [-75.07770093399995, 3.947607703000074], [-75.07758156199998, 3.947408590000066], [-75.07747255599998, 3.947203572000035], [-75.07737418799996, 3.9469931570000654], [-75.07728675399994, 3.9467779840000503], [-75.07721045499994, 3.946558540000069], [-75.07714550999998, 3.946335462000036], [-75.07709208499995, 3.9461093190000724], [-75.07705032399997, 3.945880723000073], [-75.07702033199996, 3.9456502350000733], [-75.07700219599997, 3.9454185480000206], [-75.07699595999998, 3.945186202000059], [-75.07700164099998, 3.9449538360000247], [-75.07701922199993, 3.9447221200000513], [-75.07704866499995, 3.9444915530000344], [-75.07708987899997, 3.9442628550000336], [-75.07714276299998, 3.9440365840000595], [-75.07720717499996, 3.943813348000049], [-75.07728294999998, 3.9435937170000557], [-75.07748919899996, 3.9430826290000596], {"c": [[-75.07894750699995, 3.9316626410000595], [-75.07895443774649, 3.937467446587323]]}, [-75.07886314699994, 3.9310143390000576], [-75.07884501099994, 3.9307826310000564], [-75.07883877499995, 3.9305502840000486], [-75.07884814499994, 3.9301670470000545], [-75.07886384799997, 3.9297956490000274], [-75.07887365899995, 3.9294012510000584], [-75.07887661699993, 3.929006740000034], [-75.07887271899995, 3.928612238000028], [-75.07886196599998, 3.928217865000022], [-75.07884436099994, 3.9278237390000754], [-75.07881991099998, 3.927429982000035], [-75.07878862199993, 3.927036714000053], [-75.07875050499996, 3.9266440540000644], [-75.07870556999995, 3.926252122000051], [-75.07868686199998, 3.9261045670000385], [-75.07861758999996, 3.9255722090000518], [-75.07859945499996, 3.9253405080000334], [-75.07859321999996, 3.925108162000072], [-75.07859890199995, 3.9248757960000376], [-75.07861648399995, 3.924644069000067], [-75.07864592699997, 3.924413507000054], [-75.07872053299997, 3.9239999940000416], [-75.07876252099999, 3.9238143810000565], [-75.07881641599994, 3.9235931020000407], [-75.07891012999994, 3.9232683090000364], [-75.07898590299999, 3.923048685000026], [-75.07907282199994, 3.9228332960000216], [-75.07917068099994, 3.9226226520000296], [-75.07927919599996, 3.9224173690000725], [-75.07939809099997, 3.9222179650000726], [-75.07952703599994, 3.922024992000047], [-75.07966573399995, 3.9218388970000433], [-75.07981376499998, 3.9216602460000445], [-75.07998662799997, 3.921472222000034], [-75.08031204399998, 3.921151605000034], [-75.08050990499999, 3.920965684000066], [-75.08052266799996, 3.9209537110000383], [-75.08052780899999, 3.920948919000068], [-75.08053168399994, 3.9209453270000267], [-75.08053564699998, 3.9209416750000514], [-75.08054074899997, 3.920937001000027], [-75.08054594499998, 3.9209322720000728], [-75.08054999399997, 3.9209286090000433], [-75.08055380099995, 3.9209251840000547], [-75.08055768599996, 3.9209217040000226], [-75.08056164699997, 3.9209181760000433], [-75.08056557399993, 3.9209146940000323], [-75.08056953899995, 3.9209112000000346], [-75.08057343599995, 3.9209077810000394], [-75.08057753599996, 3.920904202000031], [-75.08058273499995, 3.92089969400007], [-75.08058807899994, 3.9208950880000657], [-75.08059346699997, 3.9208904800000255], [-75.08059887799999, 3.9208858810000606], [-75.08060290999998, 3.920882476000031], [-75.08060677499998, 3.920879229000036], [-75.08061108399994, 3.9208756270000436], [-75.08061495699997, 3.920872407000047], [-75.08062053099997, 3.9208678010000426], [-75.08062454099996, 3.9208645060000435], [-75.08062846899998, 3.920861296000055], [-75.08063243799995, 3.9208580700000653], [-75.08063672199995, 3.920854605000045], [-75.08064102799995, 3.9208511400000248], [-75.08064500999996, 3.9208479540000667], [-75.08064909999996, 3.9208446970000637], [-75.08065311999997, 3.9208415130000276], [-75.08065888599998, 3.920836975000043], [-75.08067801599998, 3.92082201900007], [-75.08073273099996, 3.9207791160000625], [-75.08103985599996, 3.9205331500000398], [-75.08134265899997, 3.9202818390000402], [-75.08164104999997, 3.9200252600000454], [-75.08193493599998, 3.919763488000058], [-75.08222422899996, 3.919496605000063], [-75.08250883899996, 3.9192246910000677], [-75.08278868199994, 3.918947830000036], [-75.08306366999994, 3.918666106000046], [-75.08333372199996, 3.918379605000041], [-75.08359875299993, 3.918088414000067], [-75.08385868399995, 3.917792622000036], [-75.08411343399996, 3.917492318000029], [-75.08436292799996, 3.91718759500003], [-75.08460708899997, 3.9168785450000314], [-75.08484584199994, 3.916565262000063], [-75.08507911399994, 3.916247841000029], [-75.08508434899994, 3.9162379810000516], [-75.08509919799997, 3.916220236000072], [-75.08510301399997, 3.916215252000029], [-75.08510612499998, 3.9162112170000682], [-75.08510927299994, 3.916207626000073], [-75.08511298999997, 3.9162033630000224], [-75.08515719899998, 3.9161616690000756], [-75.08542724899996, 3.9158751670000242], [-75.08569227899994, 3.9155839760000504], [-75.08595220799998, 3.9152881830000297], [-75.08620695799993, 3.914987879000023], [-75.08645644999996, 3.9146831560000237], [-75.08670060899993, 3.914374106000025], [-75.08693936099996, 3.9140608230000566], [-75.08717263199998, 3.913743402000023], [-75.08740035199997, 3.9134219420000704], [-75.08762245099996, 3.9130965380000475], [-75.08783886099997, 3.912767291000023], [-75.08804951799993, 3.9124343010000757], [-75.08825435599994, 3.9120976690000475], [-75.08845331299995, 3.9117574970000533], [-75.08864632899997, 3.911413891000052], [-75.08883334399997, 3.911066953000045], [-75.08901430199995, 3.9107167890000483], [-75.08918914799995, 3.910363508000046], [-75.08935782799995, 3.9100072160000536], [-75.08952029099999, 3.90964802000002], [-75.08967648799995, 3.909286032000068], [-75.08982637099996, 3.9089213610000684], [-75.08996989499997, 3.9085541180000405], [-75.09010701499994, 3.90818441600004], [-75.09023768899993, 3.90781236600003], [-75.09036187899994, 3.9074380820000556], [-75.09047954699997, 3.907061679000037], [-75.09059065499997, 3.9066832700000305], [-75.09069517199998, 3.906302971000059], [-75.09079306299998, 3.9059208980000335], [-75.09088430199995, 3.9055371680000235], [-75.09096885699995, 3.905151897000053], [-75.09104670599999, 3.9047652020000214], [-75.09111782399998, 3.9043772010000453], [-75.09118218799995, 3.903988014000049], [-75.09123977999997, 3.903597757000057], [-75.09129058199994, 3.90320655000005], [-75.09133457799999, 3.9028145120000204], [-75.09137175499995, 3.9024217630000635], [-75.09140210199996, 3.9020284220000576], [-75.09142560999999, 3.9016346080000517], [-75.09144227199994, 3.901240443000063], [-75.09145208099994, 3.9008460460000265], [-75.09145503599996, 3.9004515370000377], [-75.09145113499994, 3.900057036000021], [-75.09144038099998, 3.899662663000072], [-75.09142277399997, 3.8992685390000474], [-75.09139832299996, 3.898874784000043], [-75.09136703199994, 3.89848151700005], [-75.09132891399997, 3.8980888590000404], [-75.09128397899997, 3.897696928000073], [-75.09123223999995, 3.897305845000062], [-75.09117371299999, 3.8969157290000567], [-75.09110841699999, 3.8965266980000592], [-75.09103637099997, 3.8961388700000725], [-75.09095759599995, 3.895752365000021], [-75.09087211799994, 3.8953672990000427], [-75.09077996199994, 3.894983790000026], [-75.09068115699995, 3.8946019550000415], [-75.09057572999996, 3.8942219100000557], [-75.09046371799997, 3.8938437700000463], [-75.09034515199994, 3.8934676520000266], [-75.09022006699996, 3.893093669000052], [-75.09008850499998, 3.8927219360000436], [-75.08995050299995, 3.8923525660000564], [-75.08980610399993, 3.8919856700000537], [-75.08965535099998, 3.8916213630000698], [-75.08949829199997, 3.891259752000053], [-75.08933497399994, 3.89090094900007], [-75.08916544499994, 3.890545065000026], [-75.08898975899996, 3.8901922060000516], [-75.08880796899996, 3.889842480000027], [-75.08862012999998, 3.8894959940000717], [-75.08842629799994, 3.889152854000031], [-75.08822653399994, 3.8888131630000657], [-75.08802089799997, 3.888477025000043], [-75.08780945299998, 3.8881445430000667], [-75.08759226199999, 3.8878158180000355], [-75.08736939399995, 3.887490951000075], [-75.08714091499996, 3.8871700390000683], [-75.08690689399998, 3.886853181000049], [-75.08666740299998, 3.8865404740000713], [-75.08642251499998, 3.886232011000061], [-75.08617230499993, 3.8859278890000724], [-75.08591684999999, 3.8856281990000525], [-75.08565622499998, 3.8853330320000623], [-75.08539051199995, 3.8850424780000594], [-75.08511978999996, 3.8847566270000584], [-75.08484414299994, 3.8844755630000236], [-75.08456365399996, 3.884199375000037], [-75.08427840899998, 3.883928145000027], [-75.08398849499997, 3.883661957000072], [-75.08369399999998, 3.883400891000065], [-75.08339501399996, 3.8831450270000687], [-75.08309162799998, 3.8828944420000653], [-75.08278393299997, 3.8826492140000255], [-75.08247202499996, 3.88240941600003], [-75.08215599699997, 3.8821751230000245], [-75.08183594699995, 3.8819464040000753], [-75.08151197199999, 3.881723331000046], [-75.08118416999997, 3.8815059700000347], [-75.08085264099998, 3.881294389000061], [-75.08051748599996, 3.8810886490000485], [-75.08042198199996, 3.8810314890000654], [-75.07996382399995, 3.8807588100000316], [-75.07990158799998, 3.880721574000063], [-75.07958657699999, 3.8805321170000298], [-75.07920187499997, 3.8803007400000524], [-75.07917440499995, 3.880284245000041], [-75.07834861499998, 3.879789181000035], [-75.07742803899998, 3.87923728800007], [-75.07738485499993, 3.879211463000047], [-75.07616125099997, 3.8784816180000234], [-75.07612703499996, 3.8784612500000435], [-75.07607412499993, 3.8784298170000397], [-75.07605127299996, 3.8784162610000408], [-75.07599782999995, 3.8783845970000357], [-75.07595650299999, 3.878360174000022], {"c": [[-75.07318660399994, 3.876659142000051], [-75.07460213651173, 3.877459417628186]]}, [-75.07233628999995, 3.8762182160000407], [-75.07220578499994, 3.876151084000071], [-75.07190509899993, 3.8760009490000584], [-75.07176426599995, 3.8759109980000517], [-75.07156576199998, 3.8757696060000626], [-75.07138415399999, 3.875625583000044], [-75.07121014899997, 3.8754723430000695], [-75.07104423199996, 3.875310313000057], [-75.07088686499998, 3.8751399450000577], [-75.07073842399996, 3.8749616490000562], [-75.07059929999997, 3.8747758900000235], [-75.07046990299995, 3.8745832170000654], [-75.07035054999994, 3.874384105000047], [-75.07024155099998, 3.874179067000057], [-75.07014320399998, 3.873968663000028], [-75.07005578099995, 3.873753476000047], [-75.06997949499998, 3.8735340310000765], [-75.06991456199995, 3.873310949000029], [-75.06986115099994, 3.8730848110000693], [-75.06981939899998, 3.8728562060000513], [-75.06978941599994, 3.872625719000041], [-75.06977128999995, 3.87239402900002], [-75.06976506099994, 3.8721616850000373], [-75.06977074899999, 3.871929322000028], [-75.06978833599999, 3.871697594000068], [-75.06981778299996, 3.87146702900003], [-75.06985900099994, 3.8712383290000503], [-75.06996043399994, 3.870804357000054], [-75.07001082199997, 3.8706077130000267], [-75.07010207099995, 3.8702239830000735], [-75.07018663699995, 3.869838712000046], [-75.07026449699998, 3.869452018000061], [-75.07033562499998, 3.869064017000028], [-75.07040000099994, 3.8686748290000423], [-75.07045760499994, 3.8682845710000606], [-75.07050841899996, 3.8678933630000643], [-75.07055242699994, 3.8675013240000453], [-75.07058961699994, 3.8671085730000527], [-75.07061997699998, 3.866715230000068], [-75.07064349799998, 3.8663214150000726], [-75.07066017299996, 3.8659272470000587], [-75.07066999499995, 3.865532847000054], [-75.07067296399998, 3.8651383360000295], [-75.07066907699993, 3.8647438320000447], [-75.07065833699994, 3.8643494560000704], [-75.07064074499993, 3.863955329000021], [-75.07061630799996, 3.8635615700000585], [-75.07058503299999, 3.8631682990000513], [-75.07054692899999, 3.8627756360000376], [-75.07050200999998, 3.8623837010000557], [-75.07045028599998, 3.8619926140000302], [-75.07039177499996, 3.8616024920000314], [-75.07032649499996, 3.8612134570000762], [-75.07025446499995, 3.8608256230000393], [-75.07017570699998, 3.860439113000041], [-75.07009024599995, 3.860054041000069], [-75.06999810599996, 3.859670526000059], [-75.06989931699997, 3.859288685000024], [-75.06979390799995, 3.8589086330000555], [-75.06968191299995, 3.8585304870000527], [-75.06956336399998, 3.8581543620000502], [-75.06943829799997, 3.857780372000036], [-75.06930675299998, 3.8574086310000553], [-75.06916876899999, 3.857039253000039], [-75.06902438699996, 3.8566723500000535], [-75.06887365299997, 3.856308034000051], [-75.06871661199995, 3.8559464160000516], [-75.06855331199995, 3.8555876050000393], [-75.06838380199997, 3.855231712000034], [-75.06820813399997, 3.85487884500003], [-75.06802636299994, 3.8545291090000546], [-75.06783854199995, 3.854182614000024], [-75.06764472899994, 3.853839464000032], [-75.06744498499995, 3.8534997640000483], [-75.06723936699996, 3.8531636160000744], [-75.06702794099994, 3.852831125000023], [-75.06681076999996, 3.8525023900000406], [-75.06658792099995, 3.8521775120000257], [-75.06635946099993, 3.851856590000068], [-75.06612545899998, 3.8515397210000515], [-75.06588598799993, 3.8512270030000764], [-75.06564111899996, 3.850918530000058], [-75.06539092899999, 3.850614397000072], [-75.06513549299996, 3.8503146950000655], [-75.06487488699997, 3.850019517000021], [-75.06460919399996, 3.849728952000021], [-75.06433849099994, 3.849443089000033], [-75.06406286399994, 3.8491620140000578], [-75.06378239399999, 3.8488858140000275], [-75.06349716899996, 3.848614572000031], [-75.06320727399998, 3.848348371000043], [-75.06291279899995, 3.8480872930000487], [-75.06261383199995, 3.847831417000066], [-75.06231046499994, 3.8475808200000756], [-75.06200278999995, 3.8473355790000596], [-75.06177772299998, 3.8471616310000627], [-75.06171017899999, 3.847098279000022], [-75.06169381799998, 3.847083006000048], [-75.06164136399997, 3.8470340850000753], [-75.06162570999999, 3.847019499000055], [-75.06160820199995, 3.8470032010000637], [-75.06160354699995, 3.846998848000055], [-75.06159706799997, 3.84699275600002], [-75.06159062399996, 3.8469866560000696], [-75.06158571399999, 3.84698197900002], [-75.06158071799996, 3.8469771980000473], [-75.06157600999995, 3.846972668000035], [-75.06157108599996, 3.8469679060000317], [-75.06156630399994, 3.846963259000063], [-75.06156156599997, 3.8469586310000636], [-75.06155512299995, 3.8469522990000655], [-75.06154860799995, 3.8469458560000476], [-75.06154227699994, 3.846939551000048], [-75.06153748699995, 3.8469347520000383], [-75.06153298999999, 3.846930223000072], [-75.06152789699996, 3.846925069000065], [-75.06152337999998, 3.8469204730000683], [-75.06151721699996, 3.8469141670000226], [-75.06151098499998, 3.8469077470000457], [-75.06150614099994, 3.8469027290000213], [-75.06150153299996, 3.8468979300000683], [-75.06149532099994, 3.846891421000066], [-75.06148908599994, 3.8468848450000337], [-75.06148455499994, 3.846880037000062], [-75.06147991299997, 3.8468750860000682], [-75.06147376399997, 3.84686849000002], [-75.06146770799995, 3.846861949000072], [-75.06146145199995, 3.8468551460000526], [-75.06145578399997, 3.8468489400000294], [-75.06145092999998, 3.8468435950000526], [-75.06144647099995, 3.8468386590000705], [-75.06144058999996, 3.8468321090000472], [-75.06143606999996, 3.8468270470000334], [-75.06143162099994, 3.8468220380000275], [-75.06142708699997, 3.8468169070000613], [-75.06142281399997, 3.846812046000025], [-75.06141820799996, 3.846806781000055], [-75.06141390899995, 3.8468018420000476], [-75.06140797499995, 3.846794981000073], [-75.06140202899996, 3.8467880610000407], [-75.06139763599998, 3.8467829190000202], [-75.06139339299995, 3.846777924000037], [-75.06138756099995, 3.846771019000073], [-75.06138165899995, 3.8467639830000735], [-75.06136528199994, 3.8467443300000355], [-75.06132922199998, 3.846701157000041], [-75.06107378899998, 3.8464014530000554], [-75.06081318599996, 3.846106273000032], [-75.06054749499998, 3.845815706000053], [-75.06027679499994, 3.84552984000004], [-75.06000116999996, 3.845248763000029], [-75.05972070299998, 3.84497256100002], [-75.05943548099998, 3.8447013170000446], [-75.05914558899997, 3.844435115000067], [-75.05885111599997, 3.844174034000048], [-75.05880298499994, 3.8441338880000444], [-75.05878731499996, 3.844120386000043], [-75.05877457499997, 3.844106795000073], [-75.05869139799995, 3.84401820100004], [-75.05857714399997, 3.843900493000035], [-75.05836554099994, 3.843684076000045], {"c": [[-75.04781129099996, 3.8376041290000558], [-75.05350521493673, 3.839914117910643]]}, [-75.04743707299997, 3.8375093490000722], [-75.04731709999999, 3.837471029000028], [-75.04710049699997, 3.837389290000033], [-75.04688835899998, 3.8372964550000574], [-75.04666853599997, 3.837186404000022], [-75.04663856099995, 3.8371695830000476], [-75.04629316899997, 3.8369817240000543], [-75.04594456499996, 3.836799949000067], [-75.04559285799996, 3.836624311000037], [-75.04523815299996, 3.8364548660000537], [-75.04488055599995, 3.836291665000033], [-75.04452017899996, 3.8361347560000354], [-75.04415713099996, 3.835984189000044], [-75.04379152199994, 3.835840008000048], [-75.04342346399994, 3.8357022590000724], [-75.04305306799995, 3.835570983000025], [-75.04268044799994, 3.835446220000051], [-75.04230571699998, 3.8353280070000437], [-75.04192898899998, 3.8352163820000555], [-75.04155037899994, 3.8351113770000325], [-75.04117000199994, 3.8350130250000234], [-75.04078797499994, 3.834921356000052], [-75.04040441299998, 3.83483639800005], [-75.04001943299994, 3.8347581760000367], [-75.03963315199996, 3.834686715000032], [-75.03924568999997, 3.8346220360000416], [-75.03918840799997, 3.8346130660000313], [-75.03906310999997, 3.8345936090000237], [-75.03883654499998, 3.834546319000026], [-75.03861273099994, 3.834487384000056], [-75.03839219399998, 3.834416941000029], [-75.03817559699996, 3.834335202000034], [-75.03796345099994, 3.8342423590000294], [-75.03775636699999, 3.8341386820000594], [-75.03755485899995, 3.834024427000031], [-75.03735946899997, 3.8338999020000415], [-75.03717071499995, 3.8337654340000427], [-75.03707457099995, 3.8336891750000746], {"c": [[-75.03316687899996, 3.8311987020000515], [-75.03518462601413, 3.8323427772466707]]}, [-75.03277479499997, 3.831002399000056], [-75.03257328099994, 3.830888139000024], [-75.03237789299999, 3.830763612000055], [-75.03218913999996, 3.830629143000067], [-75.03200755099994, 3.830485109000051], [-75.03183356699998, 3.8303318610000474], [-75.03166766599998, 3.8301698180000585], [-75.03151030799995, 3.829999431000033], [-75.03136188399998, 3.8298211250000236], [-75.03122277999995, 3.8296353600000543], [-75.03109339699995, 3.8294426720000274], [-75.03097405799997, 3.829243545000054], [-75.03086508399997, 3.8290385130000573], [-75.03076674699997, 3.828828086000044], [-75.03067934399996, 3.8286129010000423], [-75.03060307399994, 3.828393447000053], [-75.03053815899995, 3.8281703660000517], [-75.03048476099997, 3.8279442130000234], [-75.03044302499995, 3.827715607000073], [-75.03041271899997, 3.8274825200000464], [-75.03039619099997, 3.827283858000044], [-75.03035811199999, 3.8268911880000474], [-75.03031321599997, 3.8264992460000258], [-75.03026151599994, 3.8261081500000387], [-75.03020302999994, 3.8257180200000676], [-75.03013777299998, 3.825328976000037], [-75.03006576799999, 3.824941134000028], [-75.02998703399999, 3.824554613000032], [-75.02990159799998, 3.8241695320000417], [-75.02980948299995, 3.823786007000024], [-75.02971071899998, 3.823404154000059], [-75.02960533499999, 3.8230240920000256], [-75.02949336499995, 3.822645934000036], [-75.02937484099994, 3.822269798000036], [-75.02924979999995, 3.8218957960000353], [-75.02911827999998, 3.8215240430000676], [-75.02909863399998, 3.8214734010000484], [-75.02909384799995, 3.821462117000067], [-75.02909260099995, 3.821457083000041], [-75.02908992699997, 3.821444652000025], [-75.02908750999995, 3.8214389050000364], [-75.02908556299997, 3.8214335620000384], [-75.02901358599996, 3.8211236560000543], [-75.02891482299998, 3.820741804000022], [-75.02880943999997, 3.820361741000056], [-75.02869747099999, 3.8199835830000666], [-75.02857894799996, 3.8196074460000204], [-75.02845390699997, 3.8192334440000764], [-75.02832238899998, 3.8188616900000625], [-75.02818443099994, 3.81849229900007], [-75.02804007599997, 3.8181253830000514], [-75.02788936799999, 3.817761054000073], [-75.02773235299998, 3.8173994210000615], [-75.02756907999998, 3.8170405960000267], [-75.02739959699994, 3.816684688000066], [-75.02722395599994, 3.816331805000061], [-75.02704221099998, 3.815982055000063], [-75.02685441699998, 3.815635544000031], [-75.02666062999998, 3.815292378000038], [-75.02646091199995, 3.8149526610000635], [-75.02625532099995, 3.8146164970000314], [-75.02604392099994, 3.814283989000046], [-75.02582677699996, 3.813955237000073], [-75.02560395399996, 3.8136303420000672], [-75.02537551999995, 3.8133094020000726], [-75.02514154499994, 3.812992515000076], [-75.02490209999996, 3.8126797790000637], [-75.02465725799993, 3.812371287000076], [-75.02440709299998, 3.8120671350000634], [-75.02415168299996, 3.8117674140000304], [-75.02389110399997, 3.811472217000073], [-75.02362543599997, 3.811181632000057], [-75.02337048799996, 3.8109120910000343], [-75.02324950299999, 3.810786268000072], [-75.02323377399995, 3.810769927000024], [-75.02295948799997, 3.8104901510000673], [-75.02288102399996, 3.8104114950000394], [-75.02274736699997, 3.810277205000034], [-75.02272792999997, 3.8102576980000435], [-75.02266355599994, 3.810193439000045], [-75.02226257299998, 3.8097947680000743], [-75.02123143599994, 3.808763632000023], [-75.02095717199995, 3.8084893670000497], {"c": [[-75.02000978199999, 3.8075951930000542], [-75.0204899062924, 3.8080354067414874]]}, [-75.01981796399997, 3.8074243550000233], [-75.01959501299996, 3.807221941000023], [-75.01903105699995, 3.8067000140000573], [-75.01865522899999, 3.806333124000048], [-75.01850022999997, 3.8061652790000267], [-75.01835180399996, 3.8059869560000266], [-75.01821270499994, 3.805801185000064], [-75.01805487099995, 3.80556610900004], [-75.01800138599998, 3.8054786520000334], [-75.01778999299995, 3.8051461400000335], [-75.01757285399998, 3.804817384000046], [-75.01735003699997, 3.804492486000072], [-75.01712160899996, 3.8041715430000522], [-75.01688763899995, 3.803854652000041], [-75.01664819999996, 3.803541912000071], [-75.01640336399998, 3.8032334160000687], [-75.01615320499997, 3.802929261000031], [-75.01589779999995, 3.8026295360000404], [-75.01563722699996, 3.8023343340000224], [-75.01537156399996, 3.802043746000038], [-75.01510089299995, 3.80175785900002], [-75.01482529699996, 3.8014767590000247], [-75.01454485899995, 3.801200535000021], [-75.01425966399995, 3.8009292680000613], [-75.01396979999998, 3.8006630430000428], [-75.01376755599995, 3.8004827140000543], [-75.01315879299995, 3.7999464540000645], [-75.01297182599995, 3.7997747340000387], [-75.01267738199994, 3.7995136300000354], [-75.01237844599996, 3.7992577280000432], [-75.01207510999996, 3.799007105000044], [-75.01176746599998, 3.798761837000029], [-75.01145560699996, 3.798522000000048], [-75.01113962899996, 3.798287667000068], [-75.01081962799998, 3.7980589090000763], [-75.01049570199996, 3.797835795000026], [-75.01016794799995, 3.7976183940000396], [-75.00983646699996, 3.797406772000045], [-75.00950135999994, 3.7972009920000573], [-75.00916272899997, 3.797001119000072], [-75.00882067699996, 3.796807212000033], [-75.00847530799996, 3.7966193320000343], [-75.00823475299995, 3.7964938740000207], [-75.00798802399999, 3.7963539580000543], [-75.00779265499995, 3.796229427000071], [-75.00760391099993, 3.7960949470000287], [-75.00742233099999, 3.795950904000051], [-75.00724835399996, 3.7957976430000713], [-75.00708246599999, 3.795635594000032], [-75.00692512699999, 3.795465208000053], [-75.00677671499994, 3.7952868940000712], [-75.00663761599998, 3.795101113000044], [-75.00650824599995, 3.7949084220000486], [-75.00638892399996, 3.794709297000054], [-75.00627995599996, 3.794504249000056], [-75.00618163299998, 3.7942938230000323], [-75.00609424099997, 3.794078632000037], [-75.00601798399998, 3.7938591820000624], [-75.00595307599997, 3.7936360840000702], [-75.00579247599995, 3.7929557670000236], [-75.00572537499994, 3.7926792840000303], [-75.00562662899995, 3.7922974260000615], [-75.00552126099996, 3.791917356000056], [-75.00540930799997, 3.791539192000073], [-75.00529080199993, 3.791163048000044], [-75.00516577699995, 3.7907890390000603], [-75.00503427599995, 3.7904172780000636], [-75.00489633399997, 3.790047879000042], [-75.00475199499994, 3.789680955000051], [-75.00460130399995, 3.7893166180000435], [-75.00444430599998, 3.78895497700006], [-75.00428104999997, 3.7885961430000634], [-75.00411158299994, 3.7882402260000276], [-75.00393595899999, 3.78788733600004], [-75.00390325999996, 3.787824401000023], [-75.00353646399998, 3.7870374120000747], {"c": [[-75.00108269199995, 3.782957760000045], [-75.00241691825605, 3.784932439919946]]}, [-75.00082029699996, 3.7826103960000523], [-75.00077789899996, 3.7825544480000417], [-75.00052208899996, 3.7822179800000413], [-74.99995587599994, 3.7814732360000676], [-74.99844013599994, 3.7794795570000588], [-74.99781284199997, 3.77865446200002], [-74.99683425199999, 3.7773672960000226], [-74.99680302399997, 3.777326080000023], [-74.99659003199997, 3.777044012000033], [-74.99648300599995, 3.7768977920000566], {"c": [[-74.99509758199997, 3.7750483940000663], [-74.99581387378952, 3.7759552685253435]]}, [-74.99494926699998, 3.7748701860000438], [-74.99491792099997, 3.774829594000039], [-74.99400605299996, 3.773621978000051], [-74.99373681699996, 3.7732654200000297], [-74.99297735999994, 3.772259638000037], [-74.99277048899995, 3.771989913000027], [-74.99214917399996, 3.771192317000043], [-74.99214517799999, 3.771187188000056], [-74.99212353199994, 3.7711594630000604], [-74.99202916699994, 3.7710387830000514], [-74.99141506299998, 3.7702508750000447], [-74.99116258099997, 3.7699114080000413], [-74.99101333999994, 3.769689099000061], [-74.99089401599997, 3.76948995500004], [-74.99078506099994, 3.769284915000071], [-74.99068674799997, 3.7690744870000685], [-74.99054363699997, 3.768722058000037], [-74.99048640799998, 3.7685687920000532], [-74.99034208099994, 3.7682018630000584], [-74.99019140099995, 3.7678375200000573], [-74.99003441399998, 3.76747587400007], [-74.98987116899997, 3.7671170350000693], [-74.98970171399998, 3.7667611130000296], [-74.98952610199996, 3.766408216000059], [-74.98934438499998, 3.766058451000049], [-74.98915661999996, 3.765711925000062], [-74.98896286199994, 3.7653687440000567], [-74.98876317299994, 3.7650290120000705], [-74.98855760999999, 3.764692832000037], [-74.98834623999994, 3.764360307000061], [-74.98812912399995, 3.7640315390000296], [-74.98790632999999, 3.7637066270000332], [-74.98767792599995, 3.763385670000048], [-74.98744397999997, 3.7630687660000604], [-74.98720456399997, 3.762756012000068], [-74.98695974999998, 3.7624475030000326], [-74.98670961499994, 3.76214333300004], [-74.98645423399995, 3.7618435930000373], [-74.98619368399994, 3.761548378000043], [-74.98592804499998, 3.7612577740000575], [-74.98565739699995, 3.7609718720000274], [-74.98538182399994, 3.7606907580000666], [-74.98510140899998, 3.7604145180000614], [-74.98481623799995, 3.760143236000033], [-74.98452639699997, 3.75987699500007], [-74.98423197499994, 3.7596158750000654], [-74.98393306199995, 3.7593599580000614], [-74.98362974799994, 3.7591093190000606], [-74.98332212599996, 3.758864036000034], [-74.98301028999998, 3.7586241830000517], [-74.98269433299998, 3.75838983400007], [-74.98250596799994, 3.7582541370000513], [-74.98244638499995, 3.7582116790000555], [-74.98226480699998, 3.758067618000041], [-74.98209085399998, 3.7579143610000756], [-74.98192497299993, 3.757752298000071], [-74.98176764699997, 3.757581905000052], [-74.98148944999997, 3.75724761500004], [-74.98045536799998, 3.755902382000045], [-74.98040470599994, 3.7558367250000515], [-74.98028756499997, 3.7556854870000507], [-74.97973798399994, 3.7549567790000538], [-74.97952025299998, 3.7546727880000503], [-74.97865358999996, 3.753560728000025], [-74.97850024699994, 3.7533532240000227], [-74.97833179299994, 3.753102282000043], [-74.97821247799999, 3.752903141000047], [-74.97810352699997, 3.752698093000049], [-74.97800522299997, 3.75248767100004], [-74.97797424699996, 3.752411384000027], [-74.97784297799996, 3.752094978000059], [-74.97768599999995, 3.751733328000057], [-74.97752276499995, 3.7513744840000527], [-74.97735331799998, 3.7510185580000552], [-74.97717771499998, 3.75066565700007], [-74.97699600699997, 3.750315887000056], [-74.97680825099997, 3.749969356000065], [-74.97661450299995, 3.749626170000056], [-74.97641482199998, 3.7492864330000657], [-74.97620926899998, 3.7489502480000283], [-74.97599790799995, 3.748617718000048], [-74.97578080099998, 3.7482889440000235], [-74.97555801699997, 3.747964027000023], [-74.97532962099996, 3.747643065000034], [-74.97509568499999, 3.747326155000053], [-74.97485627799995, 3.7470133960000567], [-74.97461147399997, 3.7467048800000384], [-74.97436134799995, 3.746400705000042], [-74.97410597599998, 3.746100959000046], [-74.97384543499999, 3.7458057380000582], [-74.97357980499999, 3.7455151280000223], [-74.97330916599998, 3.7452292200000556], [-74.97303360299998, 3.7449481000000446], [-74.97275319599999, 3.744671854000046], [-74.97254009899996, 3.744469124000034], [-74.97218536799994, 3.74412254300006], [-74.97202805499995, 3.7439521560000344], [-74.97187964999995, 3.743773820000058], [-74.97174056899996, 3.7435880330000373], [-74.97161122399996, 3.7433953430000315], [-74.97149190999994, 3.7431961940000633], [-74.97138295699995, 3.7429911380000362], [-74.97127007299997, 3.7427494980000233], {"c": [[-74.97075088199995, 3.7417086820000236], [-74.97101714801683, 3.7422257320846652]]}, [-74.97070941699997, 3.7416306430000645], {"c": [[-74.96498078699994, 3.7346762470000385], [-74.96819414875719, 3.737863284614409]]}, [-74.96493599099995, 3.7346399680000673], [-74.96467746599996, 3.7344121820000282], [-74.96451159299994, 3.7342501140000763], [-74.96449821099998, 3.73423561900006], [-74.96435580799994, 3.7340624360000447], [-74.96410044299995, 3.733762686000034], [-74.96383990999993, 3.7334674600000426], [-74.96357428699997, 3.733176846000049], [-74.96330365599994, 3.7328909330000215], [-74.96322458699996, 3.7328092580000316], [-74.96311383999995, 3.732695437000075], {"c": [[-74.96185975399999, 3.7315018400000213], [-74.96249820282237, 3.7320865446131486]]}, [-74.96137026299994, 3.731070543000044], [-74.96120438999998, 3.7309084740000458], [-74.96104707399996, 3.730738074000044], [-74.96089868299998, 3.7305597470000293], [-74.96075960499996, 3.730373954000072], [-74.96063025899997, 3.7301812540000583], [-74.96037504499998, 3.7297552530000644], [-74.96028770599997, 3.7295996380000247], [-74.96027958699995, 3.7295851460000335], [-74.96027622199995, 3.729579116000025], [-74.96027266399994, 3.729572716000064], [-74.96026905599996, 3.7295662020000577], [-74.96026569699995, 3.7295601150000266], [-74.96026197299994, 3.7295533400000522], [-74.96025852999998, 3.7295470540000224], [-74.96025507399997, 3.729540719000056], [-74.96025160699998, 3.7295343380000645], [-74.96024820599996, 3.72952805500006], [-74.96024455699995, 3.7295212870000682], [-74.96024122599994, 3.7295150870000384], [-74.96023787799999, 3.7295088310000324], [-74.96023449499995, 3.729502483000033], [-74.96023089299996, 3.7294957010000758], [-74.96022750599997, 3.7294892980000327], [-74.96022414799995, 3.729482924000024], [-74.96022090299994, 3.7294767400000524], [-74.96021733399994, 3.729469914000049], [-74.96021409799994, 3.729463699000064], [-74.96021074899994, 3.72945724300007], [-74.96020738099998, 3.7294507230000704], [-74.96020409699997, 3.7294443430000683], [-74.96020073899996, 3.7294377910000662], [-74.96019724599995, 3.729430950000051], [-74.96019429299997, 3.7294251440000608], [-74.96019075999999, 3.7294181690000414], [-74.96018768599998, 3.7294120760000737], [-74.96018435299999, 3.729405444000065], [-74.96018085299994, 3.729398450000076], [-74.96017771099997, 3.7293921470000555], [-74.96017457799996, 3.7293858360000627], [-74.96017127099998, 3.7293791470000315], [-74.96016813999995, 3.729372789000024], [-74.96016503499999, 3.7293664590000617], [-74.96016168299997, 3.7293595980000305], [-74.96015861699993, 3.7293532950000667], [-74.96015543699997, 3.7293467330000567], [-74.96015220299995, 3.72934003000006], [-74.96014894099994, 3.7293332420000525], [-74.96014595899999, 3.729327013000045], [-74.96014267399994, 3.7293201210000575], [-74.96013963499996, 3.729313715000046], [-74.96013645299996, 3.7293069850000506], [-74.96013351099998, 3.729300733000059], [-74.96013030799998, 3.729293900000073], [-74.96012744899997, 3.7292877750000457], [-74.96012410999998, 3.7292805910000197], [-74.96012113999996, 3.7292741750000573], [-74.96011793899999, 3.729267231000051], [-74.96011521099996, 3.729261288000032], [-74.96011208099998, 3.729254438000055], [-74.96010898399999, 3.729247634000046], [-74.96010605799995, 3.729241176000073], [-74.96010293999996, 3.729234267000038], [-74.96010002999998, 3.7292277900000386], [-74.96009718799996, 3.729221437000035], [-74.96009412599994, 3.7292145620000383], [-74.96009122499999, 3.7292080230000693], [-74.96008813699996, 3.7292010290000235], [-74.96008534199996, 3.7291946750000307], [-74.96008228699998, 3.7291876940000748], [-74.96007949499995, 3.729181287000074], [-74.96007657499996, 3.7291745590000573], [-74.96007366699996, 3.7291678260000367], [-74.96007066899995, 3.7291608570000676], [-74.96006811799998, 3.729154901000072], [-74.96006505799994, 3.72914772200005], [-74.96006234299995, 3.7291413250000573], [-74.96005942499994, 3.7291344200000367], [-74.96005660699996, 3.729127720000065], [-74.96005370899996, 3.729120802000068], [-74.96004734699994, 3.729105539000045], [-74.95953567599997, 3.7278753730000744], [-74.95943688699998, 3.7276259300000447], [-74.95924813699997, 3.727085220000049], [-74.95901457099995, 3.7263603310000235], [-74.95887675899996, 3.725886486000036], [-74.95882338899997, 3.7256603160000736], [-74.95878168299998, 3.7254317060000517], [-74.95875174299994, 3.725201195000068], [-74.95873365799997, 3.7249695020000217], [-74.95872528899997, 3.724655268000049], [-74.95873042299996, 3.7243607170000246], [-74.95875632699995, 3.723638617000063], [-74.95878897899996, 3.723209289000067], [-74.95881845999997, 3.7229787300000226], [-74.95885971299998, 3.7227500270000746], [-74.95891262999999, 3.722523757000033], [-74.95897706999995, 3.7223005320000198], [-74.95905286999994, 3.722080917000028], [-74.95913981599995, 3.721865532000038], [-74.95923769399997, 3.7216549050000367], [-74.95934623199997, 3.721449627000027], [-74.95946513899997, 3.721250244000032], [-74.95956769099996, 3.7210967990000654], [-74.95960483499994, 3.7210474050000357], {"c": [[-74.95999578399994, 3.7205111940000393], [-74.95980228800475, 3.7207807552572607]]}, [-74.96020139399997, 3.7202360320000594], [-74.96028346999998, 3.7201270910000517], [-74.96046830299997, 3.7199040620000687], [-74.96062527499998, 3.7197333490000233], [-74.96079082499995, 3.7195709430000647], [-74.96096446899998, 3.719417321000037], [-74.96114572999994, 3.7192729030000464], [-74.96133418199997, 3.7191380280000317], [-74.96156018599999, 3.7189932950000752], [-74.96187329299994, 3.7188135040000247], [-74.96210207499996, 3.7186844160000305], [-74.96283072599994, 3.7182779970000297], [-74.96284483899996, 3.7182701380000367], [-74.96284946199995, 3.718267575000027], [-74.96285393699998, 3.718265102000032], [-74.96285859499994, 3.718262538000033], [-74.96286319099994, 3.71826001900007], [-74.96286754499994, 3.718257642000026], [-74.96287226499999, 3.7182550750000587], [-74.96287692699997, 3.7182525490000558], [-74.96288134799994, 3.718250165000029], [-74.96288611699998, 3.7182476030000657], [-74.96289047799996, 3.718245270000068], [-74.96289494399997, 3.718242890000056], [-74.96289979899996, 3.7182403120000345], [-74.96290437899995, 3.718237891000058], [-74.96290902999993, 3.7182354420000365], [-74.96291566299993, 3.7182319680000546], [-74.96292252499995, 3.7182283950000397], [-74.96292759499994, 3.718225769000071], [-74.96293197799997, 3.7182235070000615], [-74.96293635699999, 3.7182212580000282], [-74.96294115799998, 3.718218802000024], [-74.96294566699999, 3.718216504000054], [-74.96295027799994, 3.718214165000063], [-74.96295486299994, 3.7182118470000205], [-74.96295959399998, 3.718209467000065], [-74.96296414999995, 3.718207183000061], [-74.96296862299994, 3.718204951000075], [-74.96297600599996, 3.718201286000067], [-74.96298286099994, 3.7181979040000215], [-74.96298762599997, 3.71819556600002], [-74.96299431199998, 3.7181923040000697], [-74.96300179799994, 3.7181886720000534], [-74.96300840299995, 3.718185490000053], [-74.96301782499995, 3.718180984000071], [-74.96302479199994, 3.718177676000039], [-74.96302943099994, 3.7181754850000743], [-74.96303638999996, 3.718172219000053], [-74.96304341299998, 3.7181689410000445], [-74.96305070699998, 3.718165561000035], [-74.96306008399995, 3.7181612470000687], [-74.96306731899995, 3.718157946000076], [-74.96307435199998, 3.7181547580000256], [-74.96308115999994, 3.718151692000049], [-74.96308839699998, 3.7181484560000513], [-74.96309543399997, 3.7181453280000483], [-74.96310279099998, 3.718142083000032], [-74.96310971299994, 3.7181390480000687], [-74.96311472699995, 3.7181368620000512], [-74.96311922999996, 3.718134909000071], [-74.96312416199999, 3.718132780000076], [-74.96312874699998, 3.718130810000048], [-74.96313602699996, 3.7181276990000356], [-74.96314317999997, 3.7181246640000722], [-74.96314778699997, 3.7181227200000535], [-74.96315271299994, 3.7181206510000493], [-74.96315733999995, 3.7181187170000385], [-74.96316459999997, 3.7181157010000447], [-74.96317161599995, 3.718112806000022], [-74.96317668999995, 3.718110725000031], [-74.96318142299998, 3.718108793000056], [-74.96318635599994, 3.7181067890000463], [-74.96319111999998, 3.718104864000054], [-74.96319574899996, 3.7181030020000208], [-74.96320063399997, 3.718101046000072], [-74.96320530099996, 3.7180991860000745], [-74.96321046199995, 3.7180971400000544], [-74.96321759199998, 3.718094332000021], [-74.96322444999998, 3.7180916480000405], [-74.96323225799995, 3.718088617000035], [-74.96323918299998, 3.7180859480000663], [-74.96324406799994, 3.7180840770000714], [-74.96324901199995, 3.7180821930000434], [-74.96325360999998, 3.718080450000059], [-74.96325872099999, 3.7180785220000416], [-74.96326337899995, 3.7180767740000533], [-74.96326821999997, 3.7180749670000637], [-74.96327330099996, 3.718073079000021], [-74.96329573699995, 3.71806478700006], [-74.96361204099998, 3.7179451790000257], [-74.96397730199999, 3.717800212000043], [-74.96433998899994, 3.7176488640000684], [-74.96469999099997, 3.717491179000035], [-74.96505719899994, 3.717327208000029], [-74.96541150399997, 3.7171569970000746], [-74.96576279599998, 3.7169806010000457], [-74.96611097199997, 3.7167980730000636], [-74.96645592399994, 3.7166094680000583], [-74.96679754499996, 3.7164148440000417], [-74.96713573399995, 3.716214260000072], [-74.96747038699993, 3.7160077760000263], [-74.96780139999998, 3.7157954570000697], [-74.96812867499995, 3.715577367000037], [-74.96845211099998, 3.7153535720000264], [-74.96877160899999, 3.715124140000057], [-74.96908707399996, 3.7148891410000715], [-74.96939840699997, 3.714648647000047], [-74.96970551499999, 3.714402731000064], [-74.97000830299999, 3.7141514680000682], [-74.97030667999996, 3.713894936000031], [-74.97060055499998, 3.7136332100000686], [-74.97088983799995, 3.7133663720000527], [-74.97117444099996, 3.7130945020000468], [-74.97145427799995, 3.712817684000072], [-74.97172926299999, 3.7125360010000463], [-74.97199931199998, 3.7122495410000624], [-74.97226434399994, 3.711958389000074], [-74.97252427699993, 3.711662636000028], [-74.97277903099996, 3.711362369000028], [-74.97302853099995, 3.711057682000046], [-74.97327269999994, 3.7107486670000753], [-74.97351146199998, 3.7104354180000314], [-74.97374474699996, 3.7101180300000465], [-74.97397248099998, 3.7097966010000505], [-74.97419459699995, 3.709471228000041], [-74.97441102599998, 3.7091420100000505], [-74.97462170299997, 3.7088090480000346], [-74.97482656399995, 3.7084724420000725], [-74.97502554499994, 3.7081322960000307], [-74.97521858699997, 3.7077887130000704], [-74.97540563099994, 3.7074417980000476], [-74.97558661799997, 3.7070916560000455], [-74.97576149599996, 3.706738395000059], [-74.97593020999994, 3.706382121000047], [-74.97600411799993, 3.7062197030000448], [-74.97601037299995, 3.706205958000055], [-74.97601912299996, 3.706189456000061], [-74.97615000999997, 3.705975580000029], [-74.97632410999995, 3.7057150650000494], [-74.97646280199996, 3.7055290020000484], [-74.97661083799994, 3.7053503660000615], [-74.97676780599994, 3.705179648000069], [-74.97693334099995, 3.705017250000026], [-74.97703582399998, 3.704926579000073], {"c": [[-74.97794097099995, 3.704272630000048], [-74.97749259663762, 3.704605470141225]]}, [-74.97820817999997, 3.7040690390000464], [-74.97831356699999, 3.703988250000066], [-74.97861902999995, 3.703752651000059], {"c": [[-74.97960569899993, 3.7029451520000407], [-74.97911826621855, 3.703356179131772]]}, [-74.97991061599998, 3.702709607000031], [-74.98021771599997, 3.7024636890000693], [-74.98052049699999, 3.702212424000038], [-74.98081886799997, 3.7019558890000326], [-74.98111273499995, 3.701694162000024], [-74.98140201199999, 3.701427322000029], [-74.98168660799996, 3.7011554500000443], [-74.98196643799997, 3.7008786310000232], [-74.98224141599997, 3.700596947000065], [-74.98251145799998, 3.7003104850000454], [-74.98277648299995, 3.7000193310000213], [-74.98303640899996, 3.6997235760000535], [-74.98329115699994, 3.699423308000064], [-74.98354064999995, 3.6991186200000357], [-74.98378481199995, 3.6988096030000293], [-74.98402356799994, 3.6984963530000527], [-74.98425684599994, 3.6981789640000216], [-74.98448457399996, 3.697857534000036], [-74.98470668299996, 3.697532160000037], [-74.98492310599994, 3.6972029410000573], [-74.98513377699999, 3.6968699770000626], [-74.98533863199998, 3.6965333710000436], [-74.98553760699997, 3.696193224000069], [-74.98573064299995, 3.695849641000052], [-74.98591767999994, 3.6955027240000504], [-74.98609866199996, 3.6951525820000484], [-74.98627353299997, 3.6947993200000724], [-74.98644224199995, 3.6944430460000603], [-74.98660473399997, 3.6940838670000744], [-74.98676096299994, 3.693721895000067], [-74.98691087899994, 3.693357239000022], [-74.98705443799997, 3.6929900100000737], [-74.98719159499996, 3.6926203190000706], [-74.98732230799999, 3.692248280000058], [-74.98744653899996, 3.6918740060000346], [-74.98756424899994, 3.6914976110000453], [-74.98767540199998, 3.6911192090000213], [-74.98777996499996, 3.6907389160000434], [-74.98787790399996, 3.6903568480000217], [-74.98796919199998, 3.6899731200000474], [-74.98805379899994, 3.6895878510000557], [-74.98813170199998, 3.6892011570000705], [-74.98820287299998, 3.6888131560000375], [-74.98826729499996, 3.6884239670000625], [-74.98832494499999, 3.688033707000045], [-74.98837580599996, 3.687642495000034], [-74.98841986299993, 3.6872504520000575], [-74.98845710399996, 3.6868576950000715], [-74.98848751599996, 3.6864643460000366], [-74.98851108999997, 3.686070523000069], [-74.98852781899996, 3.6856763460000366], [-74.98853769799996, 3.6852819370000702], [-74.98854072399996, 3.6848874150000483], [-74.98853689499998, 3.68449289900002], [-74.98852621399999, 3.684098511000059], [-74.98850868299996, 3.6837043700000436], [-74.98848430799995, 3.6833105960000694], [-74.98845309599994, 3.6829173100000503], [-74.98841505699994, 3.6825246310000352], [-74.98837020199994, 3.682132678000073], [-74.98831854499997, 3.6817415720000213], [-74.98826010199997, 3.681351431000053], [-74.98819488999999, 3.6809623750000355], [-74.98812292999997, 3.68057452000005], [-74.98804424199994, 3.6801879870000676], [-74.98795885299995, 3.6798028920000547], [-74.98786678599998, 3.679419353000071], [-74.98776807099995, 3.679037486000027], [-74.98766273599995, 3.678657408000049], [-74.98755081699994, 3.6782792350000477], [-74.98743234399996, 3.677903082000057], [-74.98730735499998, 3.677529064000055], [-74.98717588799997, 3.6771572930000502], [-74.98703798299994, 3.676787885000067], [-74.98701730399995, 3.676734134000071], [-74.98693195799996, 3.676513127000021], [-74.98680833499998, 3.676199944000075], [-74.98678893899995, 3.6761520120000455], [-74.98664995999997, 3.6758096960000444], [-74.98653843299996, 3.675484673000028], [-74.98649265799997, 3.6753272810000226], [-74.98643928999996, 3.6751011270000618], [-74.98639758199994, 3.6748725060000424], [-74.98636763899998, 3.674642003000031], [-74.98634955099999, 3.6744103080000627], [-74.98634335899999, 3.6741779500000575], [-74.98634908099996, 3.6739455770000404], [-74.98636669899997, 3.6737138570000525], [-74.98639617599997, 3.6734832880000567], [-74.98643742099995, 3.673254587000031], [-74.98649032999998, 3.67302832200005], [-74.98652179699997, 3.67291930600004], [-74.98660583299994, 3.6726838280000607], {"c": [[-74.98111332199994, 3.648849526000049], [-74.9873461884278, 3.6599556952772216]]}, [-74.98054779199998, 3.648296910000056], [-74.98039048799995, 3.6481265090000647], [-74.98024211199998, 3.64794818200005], [-74.98010305199995, 3.64776239400004], [-74.97997371699995, 3.6475696930000368], [-74.97985442599997, 3.6473705540000765], [-74.97974548699995, 3.647165492000056], [-74.97964719799995, 3.6469550640000534], [-74.97955983099996, 3.646739855000021], [-74.97948359999998, 3.646520391000024], [-74.97941872199993, 3.6462972970000465], [-74.97936535999997, 3.646071138000025], [-74.97932365599996, 3.645842516000073], [-74.97929371699996, 3.645612012000072], [-74.97927199499998, 3.645333684000036], [-74.97926394299998, 3.6450718810000353], [-74.97926222099994, 3.6450015400000666], [-74.97926224399998, 3.6449923930000523], [-74.97926227899995, 3.6449845210000262], [-74.97926232199995, 3.6449772500000677], [-74.97926238299993, 3.6449692080000204], [-74.97926244999996, 3.644961838000029], [-74.97926253199995, 3.644954235000057], [-74.97926262899995, 3.6449464030000627], [-74.97926273399997, 3.6449388590000353], [-74.97926285199998, 3.644930840000029], [-74.97926312499999, 3.644915587000071], [-74.97926329199998, 3.6449076920000607], [-74.97926345299999, 3.6449003410000387], [-74.97926362999993, 3.6448928360000536], [-74.97926382699995, 3.6448850020000236], [-74.97926403599996, 3.6448771600000214], [-74.97926423599995, 3.64487009100003], [-74.97926447999998, 3.6448618980000447], [-74.97926472499995, 3.6448541270000305], [-74.97926498299995, 3.644846305000044], [-74.97926524299999, 3.644838810000067], [-74.97926552199993, 3.6448311390000754], [-74.97926580799998, 3.6448235730000533], [-74.97926610199994, 3.644816151000043], [-74.97926643099999, 3.6448081280000224], [-74.97926687399996, 3.6447978240000225], [-74.97930258199995, 3.6442455140000334], [-74.97931584799994, 3.644141758000046], [-74.97935709699993, 3.6439130500000374], [-74.97941000699996, 3.64368679100005], [-74.97947444399995, 3.643463557000075], [-74.97955023599997, 3.6432439430000727], [-74.97961984699998, 3.6430714830000284], [-74.97972021999993, 3.642857756000069], [-74.97975937099994, 3.6427739470000233], [-74.97987584899994, 3.642523272000062], [-74.97988931399993, 3.6424958060000563], [-74.98004442899997, 3.642168838000032], [-74.98010556999998, 3.6420372540000585], [-74.98021409499995, 3.6418319810000526], [-74.98033299399998, 3.6416325940000434], [-74.98046193799996, 3.6414396390000547], [-74.98060062999997, 3.641253569000071], [-74.98088161899994, 3.640914480000049], [-74.98088875699995, 3.6409063570000626], [-74.98092308899999, 3.6408663250000473], [-74.98118966099997, 3.640576392000071], [-74.98135519299996, 3.6404139880000344], [-74.98152882099998, 3.6402603660000636], [-74.98180097999995, 3.640043505000051], [-74.98195996299995, 3.639927210000053], [-74.98203445999997, 3.639874465000048], [-74.98219828399994, 3.639758473000029], [-74.98221242899996, 3.639748475000033], [-74.98221813899994, 3.639744454000038], [-74.98222426999996, 3.639740151000069], [-74.98223002599997, 3.63973612500007], [-74.98223626699996, 3.6397317750000298], [-74.98224239799998, 3.6397275160000504], [-74.98224814999998, 3.6397235340000407], [-74.98225414999996, 3.6397193960000322], [-74.98226059699994, 3.6397149640000634], [-74.98226650299995, 3.6397109180000484], [-74.98227250999997, 3.6397068190000255], [-74.98227873099995, 3.639702587000045], [-74.98228468199994, 3.639698554000063], [-74.98229078999998, 3.6396944290000306], [-74.98229677599994, 3.639690400000063], [-74.98230284499994, 3.6396863290000283], [-74.98230887899996, 3.6396822970000358], [-74.98231545099998, 3.6396779200000537], [-74.98232141399995, 3.639673963000064], [-74.98232724099995, 3.639670110000054], [-74.98233350499999, 3.639665983000043], [-74.98233983399996, 3.639661828000044], [-74.98234601999997, 3.63965778000005], [-74.98235186199997, 3.639653972000076], [-74.98235787199997, 3.639650068000037], [-74.98236462799997, 3.639645696000059], [-74.98237029199998, 3.639642042000048], [-74.98237671399994, 3.639637915000037], [-74.98238286199995, 3.6396339790000525], [-74.98238897399995, 3.639630079000028], [-74.98239564499994, 3.6396258390000753], [-74.98240148099995, 3.6396221420000643], [-74.98240790399996, 3.63961808800002], [-74.98241407599994, 3.6396142070000224], [-74.98242032199994, 3.639610294000022], [-74.98242638199997, 3.6396065110000677], [-74.98243254499994, 3.639602678000074], [-74.98243902099995, 3.6395986640000615], [-74.98244517899997, 3.639594862000024], [-74.98245134899997, 3.639591066000037], [-74.98245772699994, 3.6395871560000614], [-74.98246378599998, 3.639583455000036], [-74.98247011099994, 3.63957960700003], [-74.98247646699997, 3.6395757540000204], [-74.98248285099999, 3.639571897000053], [-74.98248913599997, 3.6395681150000314], [-74.98249543699995, 3.639564336000035], [-74.98250194399998, 3.639560450000033], [-74.98250798599997, 3.639556854000034], [-74.98251433699994, 3.6395530880000706], [-74.98252085699994, 3.6395492370000397], [-74.98252674999998, 3.6395457690000512], [-74.98253363499998, 3.639541733000044], [-74.98253970799993, 3.639538185000049], [-74.98254630899999, 3.6395343430000366], [-74.98255234099997, 3.63953084700006], [-74.98255872699997, 3.6395271590000675], [-74.98256514099995, 3.63952346800005], [-74.98257155099998, 3.639519794000023], [-74.98257799499999, 3.6395161140000596], [-74.98258450199995, 3.639512413000034], [-74.98259074399994, 3.6395088760000363], [-74.98259724399998, 3.639505206000024], [-74.98260361499996, 3.639501623000058], [-74.98260969299997, 3.6394982180000284], [-74.98261643799998, 3.639494454000044], [-74.98262267499996, 3.6394909870000447], [-74.98262904599994, 3.639487458000076], [-74.98263559699996, 3.63948384400004], [-74.98264221099998, 3.6394802100000447], [-74.98264835099997, 3.639476848000072], [-74.98265483199998, 3.6394733140000426], [-74.98266156999995, 3.639469654000038], [-74.98266787499995, 3.639466243000072], [-74.98267444299995, 3.6394627030000493], [-74.98268069999995, 3.639459344000045], [-74.98269516699997, 3.6394516080000585], [-74.98290000199995, 3.6393422920000376], [-74.98326614799998, 3.639153011000076], [-74.98408690099996, 3.638742265000076], [-74.98410143599995, 3.638735003000022], [-74.98410751799997, 3.6387319780000666], [-74.98411375499995, 3.6387288870000702], [-74.98412015299994, 3.6387257290000434], [-74.98412635999995, 3.638722679000068], [-74.98413230399996, 3.6387197690000335], [-74.98413850599997, 3.638716746000057], [-74.98414513499995, 3.6387135290000288], [-74.98415124899998, 3.6387105730000258], [-74.98415747699994, 3.638707575000069], [-74.98416358399999, 3.6387046480000436], [-74.98416961799995, 3.638701767000043], [-74.98417606999999, 3.6386987000000204], [-74.98418215999999, 3.6386958180000306], [-74.98418846799996, 3.6386928440000474], [-74.98419485199997, 3.6386898470000233], [-74.98420119599996, 3.6386868820000586], [-74.98420724399995, 3.6386840670000424], [-74.98421344999997, 3.638681191000046], [-74.98421981099995, 3.6386782560000483], [-74.98422617899996, 3.638675330000069], [-74.98423235299998, 3.638672505000045], [-74.98423885499994, 3.6386695430000486], [-74.98424484999998, 3.6386668240000404], [-74.98425157699995, 3.638663786000052], [-74.98425711799996, 3.63866129500002], [-74.98426367999997, 3.6386583580000433], [-74.98427029899995, 3.6386554070000443], [-74.98427624499999, 3.6386527680000427], [-74.98428288599996, 3.6386498340000344], [-74.98428879299996, 3.638647236000054], [-74.98429576399997, 3.638644182000064], [-74.98430182999994, 3.6386415380000585], [-74.98430793999995, 3.638638886000024], [-74.98431438999995, 3.6386360990000526], [-74.98432083399996, 3.638633326000047], [-74.98432706099999, 3.6386306600000466], [-74.98433348799995, 3.638627920000033], [-74.98433968799998, 3.6386252890000605], [-74.98434606299998, 3.638622595000072], [-74.98435256399995, 3.638619861000052], [-74.98435867999996, 3.6386173010000675], [-74.98436539399995, 3.638614503000042], [-74.98437129499996, 3.638612055000067], [-74.98437814399995, 3.6386092270000745], [-74.98438436599997, 3.6386066700000583], [-74.98439067099997, 3.638604090000058], [-74.98439712099997, 3.6386014640000326], [-74.98440354199994, 3.6385988620000376], [-74.98440987799995, 3.6385963050000214], [-74.98441618599998, 3.638593773000025], [-74.98442287099994, 3.6385911010000314], [-74.98442921699996, 3.638588577000064], [-74.98443577099994, 3.6385859830000413], [-74.98444202999997, 3.638583517000029], [-74.98444841899999, 3.638581013000021], [-74.98445510199997, 3.6385784050000325], [-74.98446130199994, 3.6385759980000216], [-74.98446771199997, 3.638573521000069], [-74.98447431599999, 3.638570982000033], [-74.98448062199998, 3.6385685680000392], [-74.98448701199999, 3.638566135000076], [-74.98449341499997, 3.6385637090000387], [-74.98450019099994, 3.638561154000058], [-74.98450659299994, 3.638558751000062], [-74.98451287999995, 3.6385564040000418], [-74.98451926399997, 3.638554033000048], [-74.98452599299998, 3.638551545000041], [-74.98453213899995, 3.6385492850000674], [-74.98453918099995, 3.6385467080000353], [-74.98454554699998, 3.6385443900000496], [-74.98455180199994, 3.6385421240000255], [-74.98455821099998, 3.6385398150000583], [-74.98456456799994, 3.638537536000058], [-74.98457137199995, 3.638535108000042], [-74.98457794299998, 3.6385327760000337], [-74.98460151899997, 3.6385244520000697], [-74.98485862599995, 3.6384319150000692], [-74.98522631499998, 3.6382933740000567], [-74.98559154099996, 3.638148407000074], [-74.98595419299994, 3.637997058000053], [-74.98631416099994, 3.637839374000066], [-74.98667133499998, 3.6376754020000703], [-74.98702560499999, 3.6375051910000593], [-74.98737686399994, 3.6373287950000304], [-74.98772500699994, 3.6371462670000483], [-74.98806992499993, 3.636957662000043], [-74.98841151399995, 3.636763037000037], [-74.98874966999995, 3.6365624540000567], [-74.98908428999994, 3.636355970000068], [-74.98941527199997, 3.6361436510000544], [-74.98974251599998, 3.635925561000022], [-74.99006591999995, 3.635701766000068], [-74.99038538799994, 3.635472334000042], [-74.99070082199995, 3.6352373360000456], [-74.99101212499994, 3.634996842000021], [-74.99131920299999, 3.634750926000038], [-74.99162196199995, 3.6344996640000318], [-74.99192031099994, 3.6342431320000514], [-74.99221415699998, 3.633981406000032], [-74.99250341199996, 3.6337145690000625], [-74.99278798699999, 3.6334426990000566], [-74.99306779799997, 3.633165882000071], [-74.99334275499996, 3.632884200000035], [-74.99361277899999, 3.632597740000051], [-74.99387778399995, 3.632306589000052], [-74.99413769199998, 3.632010836000063], [-74.99439242199998, 3.6317105700000525], [-74.99464189699995, 3.63140588400006], [-74.99488604199996, 3.6310968690000323], [-74.99512478199995, 3.6307836210000346], [-74.99535804299995, 3.630466234000039], [-74.99558575499998, 3.6301448060000325], [-74.99580784899996, 3.629819434000069], [-74.99602425799998, 3.6294902170000682], [-74.99623491399996, 3.6291572550000524], [-74.99625839999999, 3.6291186630000425], [-74.99642127599998, 3.6288749210000333], [-74.99655996199994, 3.6286888490000706], [-74.99674651399994, 3.62846371400002], [-74.99697756699999, 3.6282007940000653], [-74.99723229499995, 3.6279005270000653], [-74.99748176799994, 3.6275958410000726], [-74.99772591099997, 3.627286826000045], [-74.99796464899998, 3.6269735780000474], [-74.99819790799995, 3.6266561900000625], [-74.99842561899999, 3.626334762000056], [-74.99864771099999, 3.6260093900000356], [-74.99886411799997, 3.6256801720000453], [-74.99907477199997, 3.6253472110000757], [-74.99927961199995, 3.625010606000046], [-74.99947857099994, 3.624670460000061], [-74.99967159299996, 3.624326879000023], [-74.99985861599998, 3.623979964000057], [-75.00003958399998, 3.6236298230000443], [-75.00021444299995, 3.623276563000047], [-75.00038313899995, 3.622920291000071], [-75.00054561899998, 3.6225611140000638], [-75.00070183599996, 3.6221991430000458], [-75.00085174199995, 3.6218344880000473], [-75.00099528999993, 3.6214672600000313], [-75.00113243799996, 3.621097571000064], [-75.00126314199997, 3.62072553400003], [-75.00138736399998, 3.620351261000053], [-75.00150506599994, 3.619974867000053], [-75.00161621099994, 3.619596467000065], [-75.00172076699994, 3.6192161750000764], [-75.00181869999994, 3.618834108000044], [-75.00190998199997, 3.6184503820000486], [-75.00199458399999, 3.6180651140000464], [-75.00207248099997, 3.61767842200004], [-75.00214364899995, 3.617290421000064], [-75.00220806599998, 3.6169012330000214], [-75.00226571299999, 3.6165109750000397], [-75.00231657199998, 3.616119764000075], [-75.00236062799996, 3.615727722000031], [-75.00239786699996, 3.615334967000024], [-75.00242827799997, 3.6149416180000458], [-75.00245185199998, 3.6145477960000676], [-75.00246858199995, 3.614153621000071], [-75.00247846099995, 3.6137592120000477], [-75.00248148799994, 3.613364691000072], [-75.00247766199993, 3.612970176000033], [-75.00246698399997, 3.6125757890000614], [-75.00244945499998, 3.6121816490000356], [-75.00242508399998, 3.611787876000051], [-75.00239387599999, 3.6113945900000317], [-75.00235584199999, 3.611001912000063], [-75.00231099299998, 3.6106099600000334], [-75.00229231499998, 3.6104623840000727], [-75.00222539799995, 3.6099472020000576], [-75.00220731099995, 3.609715498000071], [-75.00220111899995, 3.6094831450000697], [-75.00220684099997, 3.6092507720000526], [-75.00222445799994, 3.6090190420000567], [-75.00225393099998, 3.608788485000048], [-75.00229517399998, 3.6085597830000324], [-75.00234808099998, 3.6083335100000227], [-75.00241250799996, 3.608110289000024], [-75.00248829499998, 3.6078906730000426], [-75.00257522299995, 3.6076752930000566], [-75.00267308699995, 3.6074646610000514], [-75.00278160199997, 3.6072593910000705], [-75.00290049199998, 3.607060003000072], [-75.00302942999997, 3.606867045000058], [-75.00317629099999, 3.6066699990000757], [-75.00332342599995, 3.6064897710000423], [-75.00356756299993, 3.6061807560000716], [-75.00380629399996, 3.605867508000074], [-75.00403954799998, 3.6055501210000216], [-75.00426725299997, 3.6052286920000256], [-75.00448933899997, 3.604903320000062], [-75.00470573999996, 3.6045741030000613], [-75.00491638899996, 3.604241142000035], [-75.00512122399994, 3.603904537000062], [-75.00532017799998, 3.6035643920000666], [-75.00551319499993, 3.6032208110000283], [-75.00570021299995, 3.602873897000052], [-75.00588117699994, 3.602523756000039], [-75.00605603099996, 3.6021704970000314], [-75.00621112599998, 3.6018435430000295], [-75.00654982299994, 3.601114558000063], [-75.00665834499995, 3.6009092730000702], [-75.00677722999995, 3.6007098890000293], [-75.00691102799993, 3.6005096560000425], [-75.00708283399996, 3.600275388000057], [-75.00731053699997, 3.599953959000061], [-75.00753262099994, 3.5996285870000406], [-75.00774901999995, 3.5992993700000397], [-75.00795966699997, 3.598966408000024], [-75.00816449999996, 3.5986298040000406], [-75.00836345199997, 3.598289659000045], [-75.00855646699995, 3.597946077000074], [-75.00874348299999, 3.597599163000041], [-75.00892444499993, 3.597249022000028], [-75.00909929799997, 3.596895762000031], [-75.00926798699999, 3.5965394900000547], [-75.00943046199995, 3.5961803130000476], [-75.00958667299994, 3.595818343000076], [-75.00973657299994, 3.5954536880000205], [-75.00988011599998, 3.595086461000051], [-75.01001725899994, 3.594716773000073], [-75.01014795699996, 3.5943447350000497], [-75.01027217499995, 3.593970463000062], [-75.01038987199996, 3.5935940700000515], [-75.01050101299995, 3.5932156700000633], [-75.01060556499993, 3.5928353790000642], [-75.01070349399998, 3.592453312000032], [-75.01079477199994, 3.592069587000026], [-75.01087937099999, 3.5916843190000236], [-75.01095726499994, 3.591297627000074], [-75.01102842899996, 3.59090962800002], [-75.01109284399996, 3.5905204400000343], [-75.01115048799994, 3.5901301820000526], [-75.01120134499996, 3.5897389720000206], [-75.01124539799997, 3.5893469310000228], [-75.01128263499999, 3.5889541760000725], [-75.01131304399996, 3.588560828000027], [-75.01133661599994, 3.588167007000038], [-75.01135334499997, 3.5877728320000415], [-75.01136322299999, 3.587378425000054], [-75.01136624899993, 3.5869839040000215], [-75.01136343999997, 3.5866942910000716], [-75.01137038599995, 3.586412117000066], [-75.01138800299998, 3.5861803860000236], [-75.01141747399998, 3.585949830000061], [-75.01145871499995, 3.5857211280000456], [-75.01151161899998, 3.5854948590000504], [-75.01157604399998, 3.5852716360000727], [-75.01165182699998, 3.5850520220000703], [-75.01173875399996, 3.5848366370000235], [-75.01188258499997, 3.5845270600000276], {"c": [[-75.01364354399993, 3.5789420150000524], [-75.01294390780157, 3.581792099062791]]}, [-75.01364600599999, 3.5789281710000296], [-75.01366523899998, 3.5788329450000447], [-75.01377441499994, 3.5783660000000737], [-75.01383884199998, 3.578142769000067], [-75.01391462499998, 3.57792315100005], [-75.01400154599997, 3.5777077790000362], [-75.01409940199994, 3.5774971560000495], [-75.01420791899994, 3.577291874000025], [-75.01432679999994, 3.5770924910000303], [-75.01445573699993, 3.576899526000034], [-75.01459440699995, 3.576713463000033], [-75.01474241399995, 3.5765348330000393], [-75.01489936099995, 3.576364113000068], [-75.01506511299993, 3.5762014750000617], [-75.01526482699995, 3.576022602000023], [-75.01555405999994, 3.5757557630000747], [-75.01583861299997, 3.5754838930000687], [-75.01611840099997, 3.575207075000037], [-75.01639333699995, 3.574925391000022], [-75.01666333899993, 3.574638931000038], [-75.01692832299995, 3.5743477790000497], [-75.01718820999997, 3.5740520250000714], [-75.01744291999995, 3.5737517580000713], [-75.01769237499997, 3.5734470710000323], [-75.01780554099997, 3.5733052010000392], [-75.01781965099997, 3.573287366000045], [-75.01782323199996, 3.573282860000063], [-75.01782773899998, 3.5732772220000584], [-75.01783125099996, 3.573272854000038], [-75.01783491799995, 3.573268318000032], [-75.01783827599996, 3.573264186000074], [-75.01784208499998, 3.5732595220000576], [-75.01784661899995, 3.57325400600007], [-75.01785026699997, 3.5732495940000604], [-75.01785389499997, 3.5732452300000546], [-75.01785866699998, 3.5732395220000512], [-75.01786225299998, 3.5732352600000468], [-75.01786579099996, 3.5732310770000595], [-75.01787083999994, 3.5732251400000337], [-75.01787553299994, 3.5732196650000674], [-75.01788046299998, 3.5732139480000455], [-75.01788526499996, 3.5732084180000356], [-75.01788893199995, 3.5732042200000365], [-75.01789266399999, 3.5731999700000756], [-75.01789641399995, 3.5731957210000473], [-75.01790008899997, 3.5731915790000244], [-75.01790520499998, 3.5731858470000475], [-75.01790877399998, 3.573181871000031], [-75.01791252999999, 3.573177711000028], [-75.01791639199996, 3.573173453000038], [-75.01792015099994, 3.5731693300000416], [-75.01792500999994, 3.573164034000058], [-75.01793027399998, 3.5731583330000376], [-75.01793534299998, 3.573152880000066], [-75.01793911999994, 3.5731488430000695], [-75.01794286699999, 3.573144859000024], [-75.01794812699995, 3.5731392950000327], [-75.01795309199997, 3.573134082000024], [-75.01795707899998, 3.5731299190000527], [-75.01796082599998, 3.5731260270000575], [-75.01796620299996, 3.5731204740000635], [-75.01797134599997, 3.5731151990000285], [-75.01797659099998, 3.573109858000066], [-75.01798166899994, 3.5731047200000603], [-75.01798697899994, 3.573099384000045], [-75.01799228499993, 3.5730940880000617], [-75.01799751999994, 3.573088897000048], [-75.01800164099996, 3.573084834000042], [-75.01800558399998, 3.573080970000035], [-75.01801102399997, 3.573075668000058], [-75.01801480999995, 3.5730719990000352], [-75.01801888799997, 3.5730680680000546], [-75.01802420499996, 3.5730629730000487], [-75.01802985599994, 3.573057593000044], [-75.01803531499996, 3.5730524330000435], [-75.01805320399995, 3.5730356330000745], {"c": [[-75.02195699199996, 3.56819533700002], [-75.02017185772176, 3.570751259806848]]}, [-75.02196821899997, 3.568176635000043], [-75.02197032099997, 3.5681731540000214], [-75.02197307899996, 3.568168612000022], [-75.02197578499994, 3.56816419200004], [-75.02197916199998, 3.5681587210000316], [-75.02198277999997, 3.5681529170000204], [-75.02198535799994, 3.568148817000065], [-75.02198740199998, 3.568145586000071], [-75.02198974799995, 3.568141901000047], [-75.02199248299996, 3.568137630000024], [-75.02199531699995, 3.5681332420000444], [-75.02199879499994, 3.568127900000036], [-75.02200181899997, 3.568123293000042], [-75.02200388099999, 3.568120173000068], [-75.02200672399994, 3.5681158980000305], [-75.02201043299993, 3.568110369000067], [-75.02201413899996, 3.568104892000065], [-75.02201701799999, 3.5681006750000392], [-75.02201917499997, 3.5680975350000494], [-75.02202151799997, 3.568094143000053], [-75.02202446099994, 3.568089910000026], [-75.02202745499994, 3.568085636000035], [-75.02203035299993, 3.5680815260000713], [-75.02203354799997, 3.5680770300000404], [-75.02203581499998, 3.5680738590000374], [-75.02203886499996, 3.568069623000042], [-75.02204337299997, 3.568063412000072], [-75.02204572199997, 3.5680602050000516], [-75.02204805299993, 3.568057038000063], [-75.02205039499995, 3.5680538730000535], [-75.02205344099997, 3.568049783000049], [-75.02205661299996, 3.5680455510000684], [-75.02205916099996, 3.5680421750000733], [-75.02206141399995, 3.568039206000037], [-75.02206371099999, 3.5680361950000474], [-75.02206620299995, 3.568032945000027], [-75.02206930899996, 3.5680289200000743], [-75.02207255699994, 3.5680247410000447], [-75.02207492299993, 3.568021715000043], [-75.02207735499996, 3.5680186210000215], [-75.02208054499994, 3.568014589000029], [-75.02208372099994, 3.5680106000000364], [-75.02208706899995, 3.5680064260000677], [-75.02209028599998, 3.5680024420000223], [-75.02209371199996, 3.5679982300000574], [-75.02209707399999, 3.56799412700002], [-75.02210043599996, 3.5679900520000274], [-75.02211516899996, 3.567972313000041], [-75.02234149499998, 3.567695421000053], [-75.02258561699995, 3.5673864060000255], [-75.02282433399995, 3.5670731570000385], [-75.02305757399995, 3.5667557690000535], [-75.02328526499997, 3.5664343400000575], [-75.02350733699996, 3.566108967000048], [-75.02372372499997, 3.5657797490000576], [-75.02393436099999, 3.565446788000031], [-75.02409175099996, 3.5651881310000704], [-75.02425945299996, 3.564968069000031], [-75.02449269099998, 3.564650681000046], [-75.02472038099995, 3.56432925200005], [-75.02494245299994, 3.5640038790000403], [-75.02515883999996, 3.56367466100005], [-75.02536947399994, 3.563341699000034], [-75.02557429499996, 3.5630050940000615], [-75.02577323599996, 3.562664949000066], [-75.02596623899996, 3.562321367000038], [-75.02615324399994, 3.5619744530000617], [-75.02633419499995, 3.561624312000049], [-75.02650903699998, 3.561271052000052], [-75.02667771599994, 3.5609147800000756], [-75.02684017999997, 3.5605556030000685], [-75.02699638199994, 3.56019363300004], [-75.02714627199998, 3.559828979000031], [-75.02728980599994, 3.5594617510000717], [-75.02742693899995, 3.559092063000037], [-75.02753454399993, 3.5587872720000746], [-75.02773776599997, 3.558198308000044], [-75.02782469199997, 3.557982915000025], [-75.02792254199994, 3.5577722920000383], [-75.02813205799998, 3.5573759340000493], [-75.02836573499997, 3.556969564000042], [-75.02855471499998, 3.556656146000023], [-75.02871481499994, 3.5564165330000606], [-75.02885348799998, 3.5562304580000728], [-75.02900148799995, 3.5560518280000224], [-75.02915842299996, 3.555881113000055], [-75.02932393299994, 3.5557187070000396], [-75.02949753799999, 3.5555650820000437], [-75.02967876499997, 3.555420656000024], [-75.02986716899994, 3.555285781000066], [-75.03006223099999, 3.555160833000059], [-75.03013957399997, 3.5551167440000313], {"c": [[-75.04152766299995, 3.5348498980000613], [-75.03862897759369, 3.546569093832073]]}, [-75.04151659499996, 3.53443483500007], [-75.04151820599998, 3.534042541000076], [-75.04153020999996, 3.533600790000037], [-75.04155003399995, 3.5333399320000467], [-75.04157949999995, 3.5331093770000734], [-75.04162073399993, 3.5328806760000475], [-75.04167363199997, 3.5326544050000734], [-75.04173804699997, 3.532431185000064], [-75.04181382299998, 3.5322115660000577], [-75.04190074099995, 3.531996182000057], [-75.04200983299995, 3.5317613520000464], [-75.04239950399995, 3.531019919000073], {"c": [[-75.04436626499995, 3.5151235780000434], [-75.04483120018409, 3.523252666378352]]}, [-75.04433767199998, 3.5150054040000214], [-75.04430754599997, 3.5148402590000387], [-75.04427760599998, 3.5146097620000205], [-75.04425951699994, 3.5143780670000524], [-75.04425332199997, 3.51414571600003], [-75.04425903899994, 3.513913346000038], [-75.04427664999997, 3.513681618000021], [-75.04430611599997, 3.5134510620000583], [-75.04436099299994, 3.513146690000042], [-75.04442800199996, 3.5128510400000437], [-75.04445248199994, 3.51275195300002], [-75.04457311099998, 3.5123339330000363], [-75.04464888299998, 3.5121143230000484], [-75.04473580099994, 3.511898936000023], [-75.04483364499998, 3.511688313000036], [-75.04503972199996, 3.511298436000061], [-75.04504946699996, 3.5112815510000246], [-75.04522536399998, 3.5109903490000534], [-75.04539057199997, 3.5107430760000398], [-75.04552923699998, 3.510557001000052], [-75.04567722799999, 3.5103783710000585], [-75.04583415499997, 3.5102076570000236], [-75.04599965499995, 3.5100452500000756], [-75.04617324999998, 3.509891625000023], [-75.04635446599997, 3.5097471980000705], [-75.04654286599998, 3.5096123190000412], [-75.04673791199997, 3.5094873720000237], [-75.04693909799994, 3.509372683000038], [-75.04714588899998, 3.5092685550000624], [-75.04735774999995, 3.5091752560000486], [-75.04743217799995, 3.509146974000032], [-75.04806763599998, 3.5089518540000313], {"c": [[-75.06181974999998, 3.497019602000023], [-75.05619592896902, 3.5044428922701747]]}, [-75.06218782599996, 3.496239674000037], [-75.06232851399994, 3.495973493000065], [-75.06244737799994, 3.4957741080000346], [-75.06257629599997, 3.4955811420000487], [-75.06271494599997, 3.495395078000058], [-75.06286293799997, 3.495216441000025], [-75.06301986099999, 3.4950457210000536], [-75.06318534999997, 3.494883319000053], [-75.06335893899995, 3.4947296930000675], [-75.06354015299996, 3.4945852610000543], [-75.06372854899996, 3.4944503790000567], [-75.06394210199994, 3.4943135710000206], [-75.06412066799999, 3.494197983000049], [-75.06444784499996, 3.4939798830000655], [-75.06477118399994, 3.493756079000036], [-75.06509058699999, 3.493526639000038], [-75.06540595599995, 3.4932916330000694], [-75.06571719499993, 3.4930511310000725], [-75.06602420999997, 3.4928052070000604], [-75.06632690599997, 3.4925539380000714], [-75.06662519199995, 3.492297398000062], [-75.06691897599995, 3.4920356660000493], [-75.06720816999996, 3.4917688210000506], [-75.06749268499993, 3.4914969460000407], [-75.06777243499994, 3.491220123000062], [-75.06804733399997, 3.4909384350000323], [-75.06831729899994, 3.490651969000055], [-75.06858224599995, 3.490360813000052], [-75.06884209699996, 3.490065055000059], [-75.06909676999999, 3.489764785000034], [-75.06934618999998, 3.4894600940000373], [-75.06959027999994, 3.4891510760000415], [-75.06982896499994, 3.4888378240000293], [-75.07006217299994, 3.488520433000076], [-75.07028983299995, 3.4881990020000444], [-75.07051187499997, 3.487873627000056], [-75.07072823299995, 3.487544408000076], [-75.07093883899995, 3.4872114440000246], [-75.07114363099998, 3.4868748380000625], [-75.07134254399995, 3.486534691000031], [-75.07153551999994, 3.486191108000071], [-75.07172249799999, 3.485844193000048], [-75.07190342299998, 3.485494051000046], [-75.07207823899995, 3.485140791000049], [-75.07224689299994, 3.4847845190000726], [-75.07240933199995, 3.4844253420000655], [-75.07256550899996, 3.484063372000037], [-75.07271537499997, 3.483698718000028], [-75.07285888599995, 3.4833314920000475], [-75.07299599599997, 3.4829618040000696], [-75.07312666399997, 3.4825897680000253], [-75.07325085199994, 3.4822154980000732], [-75.07336851899998, 3.4818391070000416], [-75.07347963099994, 3.4814607090000322], [-75.07358415499993, 3.481080420000069], [-75.07368205699998, 3.4806983560000617], [-75.07377330999998, 3.480314634000024], [-75.07385788299996, 3.479929370000036], [-75.07393575299994, 3.479542681000055], [-75.07400689399998, 3.479154685000026], [-75.07407128599993, 3.4787655020000443], [-75.07412890899997, 3.4783752480000203], [-75.07417974499998, 3.477984043000049], [-75.07422377799998, 3.477592006000066], [-75.07426099699995, 3.4771992560000626], [-75.07429138799995, 3.4768059140000673], [-75.07431494299993, 3.4764120980000257], [-75.07433165599997, 3.4760179290000224], [-75.07434151899997, 3.4756235280000283], [-75.07434453099995, 3.475229013000046], [-75.07434068999999, 3.474834506000036], [-75.07432999999997, 3.4744401270000367], [-75.07431245999999, 3.4740459940000505], [-75.07428807799994, 3.473652229000038], [-75.07425686099998, 3.4732589520000374], [-75.07421881899995, 3.472866282000041], [-75.07417396299996, 3.47247433900003], [-75.07412230599994, 3.472083243000043], [-75.07406386499997, 3.4716931120000254], [-75.07399865699995, 3.471304066000073], [-75.07392670199994, 3.4709162210000386], [-75.07384802199994, 3.4705296990000534], [-75.07376264099997, 3.4701446140000485], [-75.07367058499995, 3.4697610860000623], [-75.07357188299994, 3.4693792300000723], [-75.07346656299995, 3.4689991640000244], [-75.07335465899996, 3.4686210020000203], [-75.07323620399995, 3.468244860000027], [-75.07311123399995, 3.4678708540000684], [-75.07297978899999, 3.4674990950000506], [-75.07284190599995, 3.467129699000054], [-75.07269762799996, 3.466762777000042], [-75.07254700099998, 3.466398441000024], [-75.07239006899994, 3.466036802000076], [-75.07222687999996, 3.465677969000069], [-75.07205748399997, 3.465322054000069], [-75.07188193199994, 3.464969164000024], [-75.07170027899997, 3.464619406000054], [-75.07151257899994, 3.4642728860000602], [-75.07131888899994, 3.463929712000038], [-75.07111926899995, 3.463589986000045], [-75.07091377899997, 3.463253813000051], [-75.07070248199994, 3.462921295000058], [-75.07048544199995, 3.46259253300002], [-75.07026272599995, 3.462267627000074], [-75.07003440099999, 3.4619466770000713], [-75.06980053699994, 3.4616297790000203], [-75.06956120399997, 3.4613170310000214], [-75.06931647699997, 3.461008528000036], [-75.06906642899997, 3.460704364000037], [-75.06881113699995, 3.460404631000074], [-75.06855067799995, 3.460109421000027], [-75.06828513199997, 3.459818824000024], [-75.06801457899996, 3.459532928000044], [-75.06773910199996, 3.4592518190000305], [-75.06745878499999, 3.4589755850000756], [-75.06717371399998, 3.4587043090000407], [-75.06688397499994, 3.458438073000025], [-75.06658965599996, 3.45817696000006], [-75.06629084699995, 3.4579210480000597], [-75.06598763999995, 3.457670414000063], [-75.06568012599996, 3.4574251370000297], [-75.06536839899996, 3.4571852890000514], [-75.06505255299999, 3.4569509450000737], [-75.06473268699995, 3.456722176000028], [-75.06440889599997, 3.456499051000037], [-75.06408127899994, 3.4562816390000535], [-75.06374993599997, 3.456070005000072], [-75.06341496799996, 3.4558642130000408], [-75.06307647699998, 3.4556643280000685], [-75.06273456699995, 3.4554704090000428], [-75.06238934099997, 3.455282516000068], [-75.06204090299997, 3.4551007070000423], [-75.06168936299997, 3.4549250350000307], [-75.06133482399997, 3.4547555550000197], [-75.06097739599994, 3.454592319000028], [-75.06061718699993, 3.4544353750000596], [-75.06025430899996, 3.4542847730000403], [-75.05988886899996, 3.4541405570000734], [-75.05952098099993, 3.454002772000024], [-75.05915705499996, 3.4538736940000376], [-75.05883223399996, 3.453751028000056], [-75.05862019499995, 3.453658171000029], [-75.05841320099995, 3.4535544700000287], [-75.05821178799994, 3.4534401970000204], [-75.05801649999995, 3.453315658000065], [-75.05782783599994, 3.4531811710000397], [-75.05764633399997, 3.4530371210000226], [-75.05747243099995, 3.4528838540000493], [-75.05730661399997, 3.452721797000038], [-75.05714934399998, 3.452551405000065], [-75.05700099699999, 3.4523730850000334], [-75.05686196399995, 3.452187304000063], [-75.05673265499996, 3.4519946100000425], [-75.05661338599998, 3.451795478000065], [-75.05650446699997, 3.451590422000038], [-75.05640619499997, 3.451380001000075], [-75.05631884299999, 3.4511647990000256], [-75.05624262399994, 3.4509453400000325], [-75.05617775199994, 3.450722246000055], [-75.05612439699996, 3.450496097000041], [-75.05608269799995, 3.4502674830000615], [-75.05605276099999, 3.4500369890000684], [-75.05603467599997, 3.449805293000054], [-75.05602848199999, 3.449572946000046], [-75.05603420099999, 3.4493405820000476], [-75.05605181199996, 3.449108853000041], [-75.05609391899998, 3.4487793760000613], [-75.05620054299999, 3.448156718000064], [-75.05621532099997, 3.448074752000025], {"c": [[-75.05632532299995, 3.447407915000042], [-75.05627280298778, 3.4477417467775626]]}, [-75.05632851299998, 3.44738662900005], [-75.05632916699994, 3.4473825040000747], [-75.05632991899995, 3.4473780430000716], [-75.05633082599996, 3.447373045000063], [-75.05633207999995, 3.4473666410000305], [-75.05633336099999, 3.4473605770000404], [-75.05633471299996, 3.4473546400000714], [-75.05633596799998, 3.447349445000043], [-75.05633702899996, 3.447345280000036], [-75.05633836699997, 3.447340266000026], [-75.05633958499999, 3.447335904000056], [-75.05634112899997, 3.44733063700005], [-75.05634260799997, 3.4473258060000376], [-75.05634390799997, 3.4473217370000384], [-75.05635106099999, 3.4473001430000636], [-75.05641142699994, 3.4471155030000205], [-75.05649132599996, 3.446862468000063], [-75.05649778999998, 3.4468415720000394], [-75.05649939299997, 3.446836438000048], [-75.05650133899996, 3.446830288000058], [-75.05650295799995, 3.4468252370000414], [-75.05650453499999, 3.4468203740000263], [-75.05650567399994, 3.446816902000023], [-75.05650694799994, 3.4468130460000452], [-75.05650817199995, 3.446809376000033], [-75.05650948099998, 3.4468054840000377], [-75.05651119699996, 3.446800435000057], [-75.05651278199997, 3.4467958210000234], [-75.05651451799997, 3.44679082600004], [-75.05651581599994, 3.4467871280000395], [-75.05651710599994, 3.446783480000022], [-75.05651837299996, 3.4467799290000585], [-75.05651977499997, 3.446776026000066], [-75.05652103599994, 3.4467725500000483], [-75.05652237399994, 3.4467688890000545], [-75.05652419599994, 3.446763947000022], [-75.05652595599997, 3.446759228000076], [-75.05652732599998, 3.4467555840000728], [-75.05652882399994, 3.44675163200003], [-75.05653013299997, 3.4467482050000626], [-75.05653152599996, 3.4467445880000582], [-75.05653289999998, 3.4467410480000353], [-75.05653438199994, 3.446737255000073], [-75.05653673499995, 3.446731302000046], [-75.05653918999997, 3.4467251590000387], [-75.05654106499998, 3.4467205260000355], [-75.05654310999995, 3.4467155200000548], [-75.05654463099995, 3.446711826000069], [-75.05654603299996, 3.4467084500000738], [-75.05654753199997, 3.4467048640000257], [-75.05655611699996, 3.4466844520000564], [-75.05669041099998, 3.4463580570000545], [-75.05671250999995, 3.4463031350000506], [-75.05679107899994, 3.446123493000073], [-75.05691310599997, 3.44583921800006], [-75.05704692499995, 3.4455136220000213], [-75.05708318599994, 3.4454355630000464], [-75.05719167699993, 3.445230296000034], [-75.05731054299997, 3.445030910000071], [-75.05743945299997, 3.4448379530000466], [-75.05757810899996, 3.444651879000048], [-75.05772608999996, 3.4444732510000335], [-75.05788300599994, 3.444302538000045], [-75.05804849699996, 3.44414013100004], [-75.05822207999995, 3.4439865070000337], [-75.05840328299996, 3.4438420830000496], [-75.05866052399995, 3.4436579080000342], [-75.05942056799995, 3.4431623640000453], {"c": [[-75.05991007299997, 3.442833126000039], [-75.05966649628758, 3.4429995102557274]]}, [-75.06014725799997, 3.442683073000069], [-75.06041554899997, 3.4425174760000345], [-75.06074644999995, 3.4423051530000635], [-75.06107361499994, 3.4420870600000626], [-75.06139694099994, 3.4418632620000267], [-75.06171632999997, 3.4416338270000324], [-75.06203168799993, 3.441398826000068], [-75.06234291399994, 3.4411583300000643], [-75.06264991699999, 3.4409124120000456], [-75.06295260199994, 3.440661147000071], [-75.06325087699997, 3.440404613000055], [-75.06354464999998, 3.4401428860000465], [-75.06383383399998, 3.4398760460000517], [-75.06411833899995, 3.4396041760000458], [-75.06439807899994, 3.4393273570000247], [-75.06467296799997, 3.439045674000056], [-75.06494292399998, 3.4387592130000257], [-75.06520786299996, 3.4384680620000267], [-75.06546770599994, 3.4381723080000484], [-75.06572237099994, 3.4378720420000377], [-75.06597178299995, 3.437567356000045], [-75.06621586599994, 3.4372583410000743], [-75.06640826699999, 3.437005829000043], [-75.06656696499994, 3.436814261000052], [-75.06672388099997, 3.4366435440000487], [-75.06688936099994, 3.4364811440000267], [-75.06706293999997, 3.436327522000056], [-75.06724414299998, 3.4361830940000573], [-75.06743252799998, 3.436048215000028], [-75.06762755699998, 3.4359232690000567], [-75.06782872599996, 3.4358085810000603], [-75.06803549999995, 3.435704453000028], [-75.06824734999998, 3.4356111520000354], [-75.06846367699995, 3.435528942000076], [-75.06868396399994, 3.435458021000045], [-75.06890754299997, 3.4353986020000207], [-75.06913390999995, 3.4353508200000533], [-75.06936240499994, 3.435314814000037], [-75.06959244999996, 3.4352906760000224], [-75.06982340999997, 3.435278470000071], [-75.07017681799994, 3.4352781020000407], [-75.07034670299998, 3.4352848680000534], {"c": [[-75.07768947199997, 3.4343528010000455], [-75.07405649910815, 3.4351243919585714]]}, [-75.07771379499997, 3.4343454830000724], [-75.07772137199998, 3.434343216000059], [-75.07772804999996, 3.434341231000076], [-75.07773498399996, 3.4343391820000306], [-75.07774208999996, 3.434337094000057], [-75.07774894899995, 3.4343350910000368], [-75.07775630299994, 3.4343329560000484], [-75.07776341999994, 3.4343309030000455], [-75.07777040099995, 3.434328902000061], [-75.07777719999996, 3.434326964000036], [-75.07778472199993, 3.4343248340000514], [-75.07779129399995, 3.4343229840000618], [-75.07779909199996, 3.4343208030000483], [-75.07780556299997, 3.4343190050000203], [-75.07781283499997, 3.4343169980000425], [-75.07781965199996, 3.4343151270000476], [-75.07782710599997, 3.43431309500005], [-75.07783378299996, 3.4343112850000352], [-75.07784106799994, 3.434309325000072], [-75.07784809799995, 3.4343074450000586], [-75.07785521099999, 3.434305555000037], [-75.07786241499997, 3.4343036540000753], [-75.07786946499994, 3.434301805000075], [-75.07787657999995, 3.4342999520000603], [-75.07788379599998, 3.4342980860000694], [-75.07789086199995, 3.434296270000061], [-75.07789775799995, 3.4342945100000293], [-75.07790511399998, 3.4342926450000277], [-75.07791224799996, 3.4342908490000355], [-75.07791926899995, 3.4342890940000643], [-75.07792624899997, 3.434287361000031], [-75.07793338099998, 3.434285603000035], [-75.07794048799997, 3.4342838630000756], [-75.07794782199994, 3.43428207900007], [-75.07795496099999, 3.434280357000034], [-75.07796200199994, 3.4342786690000366], [-75.07796921699997, 3.434276953000051], [-75.07797618699993, 3.4342753060000746], [-75.07798336499997, 3.434273623000024], [-75.07799046399998, 3.4342719710000438], [-75.07799787699997, 3.4342702580000264], [-75.07800477199999, 3.4342686760000447], [-75.07801207499995, 3.4342670140000564], [-75.07801937699998, 3.434265364000055], [-75.07802628799999, 3.4342638150000653], [-75.07803341499994, 3.434262229000069], [-75.07804100999994, 3.4342605530000583], [-75.07804798099994, 3.434259025000074], [-75.07805535999995, 3.43425742200003], [-75.07806181699993, 3.4342560300000287], [-75.07806973899994, 3.4342543350000483], [-75.07807661099997, 3.4342528770000627], [-75.07809216399994, 3.4342496020000226], [-75.07951796999998, 3.4339506980000465], [-75.07961016799999, 3.433932544000072], [-75.07987864599994, 3.4338902350000353], {"c": [[-75.09012580799998, 3.429462210000054], [-75.08527969991255, 3.4323246351798655]]}, [-75.09014514699999, 3.42944723100004], [-75.09014949299996, 3.4294438760000503], [-75.09015379599998, 3.4294405670000288], [-75.09015833199999, 3.4294370890000323], [-75.09016261599999, 3.429433816000028], [-75.09016745699995, 3.429430130000071], [-75.09017150199998, 3.429427062000059], [-75.09017604699994, 3.4294236250000267], [-75.09018042299994, 3.4294203290000382], [-75.09018515099996, 3.429416778000075], [-75.09018962199997, 3.4294134320000467], [-75.09019373499996, 3.42941036600007], [-75.09019850399994, 3.429406823000022], [-75.09020290799998, 3.4294035620000614], [-75.09020730699996, 3.4294003150000663], [-75.09021162799996, 3.42939713800007], [-75.09021642799996, 3.4293936200000417], [-75.09022080399996, 3.429390425000065], [-75.09022508999993, 3.4293873060000237], [-75.09022973999998, 3.429383934000043], [-75.09023438299994, 3.4293805790000533], [-75.09023888699994, 3.4293773350000265], [-75.09024332999996, 3.4293741470000327], [-75.09024765899994, 3.4293710510000324], [-75.09025225099998, 3.4293677790000743], [-75.09025687799993, 3.4293644940000263], [-75.09026149499994, 3.429361226000026], [-75.09026617099994, 3.429357929000048], [-75.09027085399998, 3.429354639000053], [-75.09027513699994, 3.4293516410000393], [-75.09027978199998, 3.429348401000027], [-75.09028421299996, 3.4293453200000386], [-75.09028893699997, 3.4293420480000236], [-75.09029349899998, 3.429338899000072], [-75.09029780499998, 3.429335938000065], [-75.09030290999993, 3.4293324390000635], [-75.09030715099993, 3.429329542000062], [-75.09031189899997, 3.4293263120000574], [-75.09031644799995, 3.4293232270000544], [-75.09032132699997, 3.4293199320000554], [-75.09032574999998, 3.4293169540000576], [-75.09033028499994, 3.4293139120000546], [-75.09033517999995, 3.429310641000029], [-75.09033956899998, 3.429307718000075], [-75.09034424499998, 3.429304615000035], [-75.09034891699997, 3.4293015260000743], [-75.09035360499996, 3.429298438000046], [-75.09035828799995, 3.4292953640000405], [-75.09036301199995, 3.429292275000023], [-75.09036765899998, 3.4292892470000425], [-75.09037200799997, 3.4292864230000646], [-75.09037710199993, 3.4292831280000655], [-75.09038145799997, 3.4292803210000216], [-75.09038641399997, 3.4292771380000318], [-75.09039320699998, 3.429272797000067], [-75.09040050199997, 3.4292681590000598], [-75.09040503699998, 3.429265289000057], [-75.09040948999996, 3.4292624810000234], [-75.09041476599998, 3.4292591670000547], [-75.09041911399999, 3.4292564450000214], [-75.09042373599993, 3.4292535630000316], [-75.09042892799994, 3.429250338000031], [-75.09043322399998, 3.4292476790000705], [-75.09043824499997, 3.42924458300007], [-75.09044302599995, 3.4292416450000474], [-75.09044726099995, 3.4292390540000497], [-75.09045242899998, 3.4292359030000625], [-75.09045723099996, 3.4292329850000556], [-75.09046183599997, 3.4292301980000275], [-75.09046669599996, 3.4292272680000337], [-75.09047151299995, 3.4292243750000466], [-75.09047634899997, 3.42922148100007], [-75.09048092099994, 3.429218755000022], [-75.09048567399998, 3.429215933000023], [-75.09049075299998, 3.4292129270000373], [-75.09049558899994, 3.42921007700005], [-75.09050012799997, 3.4292074120000393], [-75.09050513799997, 3.4292044820000456], [-75.09050966899997, 3.4292018420000545], [-75.09051498699995, 3.4291987550000727], [-75.09051928799994, 3.4291962690000446], [-75.09052432399994, 3.4291933680000284], [-75.09052922399997, 3.4291905560000373], [-75.09055022499996, 3.429178552000053], [-75.09056676399996, 3.429169090000073], [-75.09134951999994, 3.4287208120000514], [-75.09149367699996, 3.4286408230000234], [-75.09181693999994, 3.4284780220000357], [-75.09202878499997, 3.428384716000039], [-75.09224510699994, 3.428302502000065], [-75.09246538899998, 3.4282315770000764], [-75.09268896299994, 3.4281721540000376], [-75.09291532599997, 3.42812436600002], [-75.09314381699994, 3.428088356000046], [-75.09337385799995, 3.428064212000038], [-75.09360481399995, 3.428052001000026], [-75.09383612299996, 3.4280517550000695], [-75.09406710599995, 3.4280634730000656], [-75.09429718999996, 3.4280871250000473], [-75.09471000299999, 3.428151311000022], [-75.09496644599994, 3.428202921000036], [-75.09583905599999, 3.4283785700000635], [-75.09584630999996, 3.4283800290000386], [-75.09586904799994, 3.4283845980000365], [-75.09587390099995, 3.4283855820000326], [-75.09587874099998, 3.4283865710000327], [-75.09588493299998, 3.4283878520000712], [-75.09589164799996, 3.428389257000049], [-75.09589839899996, 3.4283906890000253], [-75.09590714199999, 3.4283925690000387], [-75.09591618799999, 3.428394547000039], [-75.09592509899994, 3.4283965260000286], [-75.09593415899997, 3.4283985710000593], [-75.09594286999999, 3.428400568000029], [-75.09595185599994, 3.4284026600000743], [-75.09596083399998, 3.428404783000076], [-75.09596728899999, 3.428406328000051], [-75.09597424699996, 3.4284080140000697], [-75.09598285399994, 3.428410126000074], [-75.09599197499995, 3.428412397000045], [-75.09599839699996, 3.428414015000044], [-75.09600514599998, 3.4284157360000336], [-75.09601155199994, 3.4284173840000562], [-75.09601842899997, 3.4284191750000446], [-75.09602716899997, 3.428421477000029], [-75.09603607599996, 3.4284238560000517], [-75.09604479999996, 3.428426216000048], [-75.09605326199994, 3.428428537000059], [-75.09606247399995, 3.428431096000054], [-75.09606901099994, 3.4284329330000674], [-75.09607578199996, 3.4284348550000345], [-75.09608196399995, 3.428436626000064], [-75.09608884899995, 3.4284386200000654], [-75.09609515299996, 3.428440460000047], [-75.09610198599995, 3.428442475000054], [-75.09611066399998, 3.428445062000037], [-75.09611928999993, 3.428447666000068], [-75.09612606499996, 3.428449730000068], [-75.09614842499997, 3.4284566010000503], [-75.09617250799994, 3.4284639870000433], [-75.09654905499997, 3.4285756350000725], [-75.09692748299994, 3.428680663000023], [-75.09730767699995, 3.4287790370000266], [-75.09768952199994, 3.428870729000039], [-75.09807290099997, 3.4289557090000358], [-75.09845769699996, 3.4290339520000543], [-75.09884379399995, 3.4291054350000536], [-75.09923107299994, 3.4291701350000494], [-75.09961941699999, 3.429228033000072], [-75.10000870699997, 3.429279111000028], [-75.10039882599995, 3.4293233530000293], [-75.10078965299994, 3.4293607470000325], [-75.10118106999994, 3.4293912810000506], [-75.10157295799996, 3.429414945000076], [-75.10196519699997, 3.429431733000058], [-75.10235766799997, 3.429441637000025], [-75.10275025099997, 3.4294446580000226], [-75.10314282599995, 3.429440793000026], [-75.10353527399997, 3.429430044000071], [-75.10392747699996, 3.4294124120000333], [-75.10431931299996, 3.4293879050000555], [-75.10471066399998, 3.4293565290000743], [-75.10510140999997, 3.4293182940000406], [-75.10549143199995, 3.4292732130000445], [-75.10588061299995, 3.4292212980000727], [-75.10626883199996, 3.4291625650000697], [-75.10665597099995, 3.429097031000026], [-75.10704191399998, 3.42902471900004], [-75.10742654099994, 3.428945648000024], [-75.10780973699997, 3.428859844000044], [-75.10819138399995, 3.428767331000074], [-75.10857136699997, 3.4286681400000703], [-75.10894956899995, 3.4285622990000206], [-75.10912115399998, 3.428511022000066], [-75.10946105199997, 3.4284206740000513], [-75.10968741399995, 3.4283728830000655], [-75.10991590299994, 3.42833686900002], [-75.11014594099998, 3.4283127210000544], [-75.11037689599993, 3.428300506000028], [-75.11083638999997, 3.4283000080000647], [-75.11112932399999, 3.4283094820000315], [-75.11144621699998, 3.42831981300003], [-75.11147784699995, 3.428320877000033], [-75.11167172699999, 3.4283275970000204], {"c": [[-75.11227047499995, 3.428339885000071], [-75.11197105792853, 3.4283358610342174]]}, [-75.11238385499996, 3.428341471000067], [-75.11278345499994, 3.428361735000067], [-75.11301353699997, 3.428385383000034], [-75.11324210499998, 3.428420903000074], [-75.11346856399996, 3.428468202000033], [-75.11369227499995, 3.428527147000068], [-75.11391270299998, 3.428597597000021], [-75.11412920099997, 3.428679346000024], [-75.11434123399994, 3.428772191000064], [-75.11456806499996, 3.428885818000026], [-75.11490043799995, 3.4290667000000212], [-75.11524886899997, 3.4292484900000204], [-75.11560040299997, 3.429424142000073], [-75.11595493399994, 3.429593602000068], [-75.11631235499993, 3.4297568170000545], [-75.11667255599997, 3.4299137400000745], [-75.11703542699996, 3.4300643210000317], [-75.11740085899999, 3.4302085150000607], [-75.11776873899998, 3.4303462780000586], [-75.11813895499995, 3.4304775670000254], [-75.11851139599997, 3.4306023440000217], [-75.11888594599998, 3.430720569000073], [-75.11926249299995, 3.430832207000037], [-75.11964092199997, 3.4309372250000365], [-75.12002111699996, 3.4310355890000324], [-75.12040296199996, 3.4311272710000367], [-75.12078634099998, 3.4312122410000256], [-75.12117113799997, 3.4312904740000363], [-75.12155723499995, 3.4313619470000276], [-75.12194451299996, 3.4314266370000723], [-75.12233285699995, 3.4314845250000303], [-75.12272214699993, 3.431535593000035], [-75.12311226399999, 3.4315798250000284], [-75.12350308999999, 3.4316172090000236], [-75.12389450699999, 3.431647733000034], [-75.12428639299998, 3.4316713870000513], [-75.12467863099994, 3.4316881650000255], [-75.12507109999996, 3.43169806100002], [-75.12546368099999, 3.4317010720000667], [-75.12585625399998, 3.4316971970000623], [-75.12624869999996, 3.4316864380000425], [-75.12664089999998, 3.431668797000043], [-75.12703273399995, 3.4316442800000573], [-75.12742408199995, 3.4316128950000575], [-75.12781482599996, 3.431574651000062], [-75.12820484499997, 3.431529560000058], [-75.12859402199996, 3.431477636000068], [-75.12898223799994, 3.4314188940000463], [-75.12936937299997, 3.4313533520000306], [-75.12975531299998, 3.4312810300000365], [-75.13013993699997, 3.431201950000059], [-75.13052312799994, 3.4311161370000605], [-75.13090477199995, 3.4310236160000613], [-75.13128474999996, 3.430924416000039], [-75.13166294699994, 3.4308185660000277], [-75.13203924899994, 3.4307061010000552], [-75.13238671199997, 3.430595826000058], [-75.13240880799998, 3.4305886150000333], [-75.13241454699994, 3.430586756000025], [-75.13242275299996, 3.430584124000063], [-75.13243035299996, 3.430581716000063], [-75.13243836999999, 3.430579203000036], [-75.13244441899997, 3.4305773270000373], [-75.13245038099996, 3.430575495000028], [-75.13245612499998, 3.43057374600005], [-75.13246233399997, 3.4305718730000763], [-75.13247023299994, 3.430569515000059], [-75.13247822499994, 3.4305671580000308], [-75.13248636299994, 3.430564789000073], [-75.13249417799994, 3.430562542000075], [-75.13250216499995, 3.4305602750000617], [-75.13251037699996, 3.4305579740000667], [-75.13251824699995, 3.4305557970000677], [-75.13252624899997, 3.4305536140000754], [-75.13253429299994, 3.4305514470000276], [-75.13254231699995, 3.4305493150000643], [-75.13255048499997, 3.430547175000072], [-75.13255636499997, 3.4305456510000454], [-75.13256245299993, 3.430544092000048], [-75.13256862099996, 3.4305425280000463], [-75.13257445499994, 3.4305410650000567], [-75.13258263799997, 3.4305390390000525], [-75.13259065999995, 3.430537080000022], [-75.13259666899995, 3.430535632000044], [-75.13260283999995, 3.4305341620000718], [-75.13260886899997, 3.4305327400000465], [-75.13261504499997, 3.43053130200002], [-75.13262321799994, 3.430529424000042], [-75.13262923499997, 3.4305280590000393], [-75.13263524399997, 3.4305267140000524], [-75.13264358599997, 3.4305248710000456], [-75.13265151899998, 3.4305231460000414], [-75.13265961999997, 3.430521415000044], [-75.13266783399996, 3.4305196870000714], [-75.13267404299995, 3.43051839900005], [-75.13267998499998, 3.4305171840000526], [-75.13268824399995, 3.430515521000075], [-75.13269634899996, 3.4305139150000628], [-75.13270257599999, 3.4305127010000547], [-75.13270879399994, 3.430511506000073], [-75.13271441699999, 3.430510439000045], [-75.13272105599998, 3.430509197000049], [-75.13272881599994, 3.4305077700000197], [-75.13273715499997, 3.4305062650000764], [-75.13274552999997, 3.430504782000071], [-75.13275161499996, 3.430503723000072], [-75.13277433599995, 3.4304998200000227], [-75.13291488599998, 3.430475217000037], [-75.13330082499994, 3.4304028940000535], [-75.13368544699995, 3.4303238130000295], [-75.13406863799997, 3.430237999000042], [-75.13445027999995, 3.430145476000064], [-75.13483025699998, 3.430046275000052], [-75.13520845399995, 3.4299404240000513], [-75.13558475399998, 3.4298279580000326], [-75.13595904299996, 3.429708908000066], [-75.13633120799994, 3.4295833110000444], [-75.13670113499995, 3.429451208000046], [-75.13706871099998, 3.4293126350000307], [-75.13743382399997, 3.4291676370000346], [-75.13779636299995, 3.429016258000047], [-75.13815621799995, 3.4288585430000467], [-75.13851327899994, 3.428694543000063], [-75.13886743699999, 3.4285243030000743], [-75.13921858399993, 3.428347879000057], [-75.13956661399999, 3.42816532300003], [-75.13991142099997, 3.427976691000026], [-75.14025289799997, 3.427782040000068], [-75.14059094299995, 3.427581430000032], [-75.14092545299997, 3.4273749210000233], [-75.14125632399998, 3.427162577000047], [-75.14158345799996, 3.4269444630000407], [-75.14190675299994, 3.426720645000046], [-75.14222611099996, 3.4264911900000357], [-75.14254143699998, 3.4262561700000447], [-75.14285263199997, 3.4260156550000715], [-75.14315960299996, 3.4257697180000264], [-75.14346225499997, 3.4255184360000612], [-75.14376049799995, 3.425261884000065], [-75.14405423899996, 3.4250001400000656], [-75.14434338899997, 3.4247332840000695], [-75.14462786099995, 3.424461398000062], [-75.14490756799995, 3.4241845640000292], [-75.14518242399998, 3.4239028660000486], [-75.14545234599996, 3.4236163910000528], [-75.14571725099995, 3.423325225000042], [-75.14597705899996, 3.4230294580000304], [-75.14623169099997, 3.4227291790000436], [-75.14648106899995, 3.422424481000064], [-75.14672511699996, 3.42211545400005], [-75.14696376099994, 3.421802196000044], [-75.14719692799997, 3.4214847980000513], [-75.14742454699996, 3.421163360000037], [-75.14764654899994, 3.4208379800000444], [-75.14786286599997, 3.420508754000025], [-75.14807343299998, 3.4201757860000725], [-75.14827818499998, 3.4198391750000496], [-75.14847705899996, 3.4194990240000607], [-75.14866999599997, 3.419155437000029], [-75.14885693599996, 3.418808519000038], [-75.14903782299996, 3.4184583740000676], [-75.14921260099999, 3.4181051120000348], [-75.14938121799997, 3.4177488370000333], [-75.14954361999997, 3.4173896590000368], [-75.14969976099997, 3.4170276880000756], [-75.14984959099996, 3.4166630330000203], [-75.14999306699997, 3.41629580700004], [-75.15001148999994, 3.4162468490000606], [-75.15021511999998, 3.415741432000061], [-75.15031083799994, 3.4155353230000287], [-75.15041930499996, 3.415330051000069], [-75.15053814899994, 3.4151306550000413], [-75.15066703499997, 3.4149376920000236], [-75.15080565999995, 3.4147516210000504], [-75.15095361699997, 3.4145729850000635], [-75.15111051599996, 3.414402254000038], [-75.15127597199995, 3.414239847000033], [-75.15150734799994, 3.414035034000051], [-75.15174542399996, 3.41384255600002], [-75.15183865799997, 3.4137700540000537], [-75.15218977499995, 3.4135186130000648], [-75.15238478499998, 3.4133936540000605], [-75.15258593799996, 3.4132789500000627], [-75.15317571899999, 3.4129818770000497], {"c": [[-75.15662011199998, 3.4108366090000573], [-75.15494608839906, 3.411987350348599]]}, [-75.15663957899994, 3.410821894000037], [-75.15664520299998, 3.410817671000075], [-75.15664947399995, 3.4108144840000705], [-75.15665355499993, 3.410811456000033], [-75.15665927699996, 3.410807236000039], [-75.15666488299996, 3.410803132000069], [-75.15667064899998, 3.4107989400000633], [-75.15667617099996, 3.4107949550000285], [-75.15668198699996, 3.410790787000053], [-75.15668600599997, 3.4107879250000224], [-75.15669052099997, 3.4107847270000207], [-75.15669443599995, 3.410781969000027], [-75.15669893399996, 3.410778819000029], [-75.15670474899997, 3.410774770000046], [-75.15671042999998, 3.4107708450000587], [-75.15671472099996, 3.410767897000028], [-75.15671889099997, 3.4107650510000553], [-75.15672473999996, 3.4107610810000324], [-75.15673073399995, 3.410757044000036], [-75.15673489599999, 3.4107542540000395], [-75.15674232399994, 3.4107493160000217], [-75.15674651699999, 3.410746558000028], [-75.15675093599998, 3.4107436610000263], [-75.15675695699997, 3.410739739000064], [-75.15676266899999, 3.4107360460000677], [-75.15676860399998, 3.4107322370000475], [-75.15677307399994, 3.4107293870000603], [-75.15677761799998, 3.410726508000039], [-75.15678324399994, 3.4107229650000477], [-75.15678954599997, 3.410719026000038], [-75.15679522599999, 3.410715504000052], [-75.15680117399995, 3.4107118430000583], [-75.15680714699994, 3.4107081950000406], [-75.15681307599993, 3.4107046020000666], [-75.15681903399997, 3.4107010180000543], [-75.15682516499999, 3.4106973590000393], [-75.15683101699994, 3.410693894000076], [-75.15683703799994, 3.410690356000032], [-75.15684317599994, 3.4106867770000235], [-75.15684930799995, 3.410683231000064], [-75.15685513299997, 3.4106798890000505], [-75.15686125999997, 3.410676401000046], [-75.15686714599997, 3.4106730760000232], [-75.15687365699995, 3.410669427000073], [-75.15687807199998, 3.4106669700000225], [-75.15688250199997, 3.410664521000058], [-75.15688712799994, 3.410661978000064], [-75.15689172899994, 3.410659464000048], [-75.15689641499995, 3.4106569190000755], [-75.15690095699995, 3.410654468000075], [-75.15690711299999, 3.4106511690000616], [-75.15691325899996, 3.41064790300004], [-75.15691940099998, 3.410644666000053], [-75.15692566799999, 3.4106413900000234], [-75.15693019299994, 3.410639040000035], [-75.15693510299997, 3.410636509000028], [-75.15694125699997, 3.410633358000041], [-75.15696294099996, 3.4106223500000397], {"c": [[-75.16930797299995, 3.389874829000064], [-75.1661271751109, 3.4020462999907815]]}, [-75.16928745299998, 3.3890585680000527], [-75.16929359599999, 3.388807901000064], [-75.16931118299993, 3.3885761800000296], [-75.16934062299998, 3.388345622000031], [-75.16938182899997, 3.3881169240000304], [-75.16945235999998, 3.3878150570000685], [-75.16953521399995, 3.3875202490000333], [-75.16974077599997, 3.38683831000003], [-75.16974560399996, 3.3868223400000375], [-75.16974758499998, 3.386815825000042], [-75.16974983699998, 3.386808462000033], [-75.16975189599998, 3.386801768000055], [-75.16975413599994, 3.3867945300000315], [-75.16975620399995, 3.3867878820000215], [-75.16975837099994, 3.386780955000063], [-75.16976064099998, 3.38677374100007], [-75.16976289299998, 3.3867666260000533], [-75.16976500599998, 3.3867599840000366], [-75.16976719199994, 3.3867531540000755], [-75.16976962099994, 3.386745602000076], [-75.16977182499994, 3.386738790000038], [-75.16977394399999, 3.3867322770000214], [-75.16977620799997, 3.3867253560000563], [-75.16977864399996, 3.3867179480000686], [-75.16978077899995, 3.386711490000039], [-75.16978325699995, 3.3867040380000617], [-75.16978543599998, 3.3866975190000517], [-75.16978784199995, 3.386690359000056], [-75.16979017599994, 3.3866834490000315], [-75.16979246299996, 3.386676717000057], [-75.16979492699994, 3.3866694990000497], [-75.16979722599996, 3.386662799000021], [-75.16979965699994, 3.3866557530000705], [-75.16980187399997, 3.3866493630000605], [-75.16980444599994, 3.3866419850000398], [-75.16980683899999, 3.3866351550000218], [-75.16980929899995, 3.386628169000062], [-75.16981167899996, 3.386621448000028], [-75.16981415599997, 3.3866144880000206], [-75.16981660999994, 3.3866076280000357], [-75.16981909399993, 3.386600716000032], [-75.16982151599996, 3.3865940130000354], [-75.16982394899998, 3.386587316000032], [-75.16982663899995, 3.3865799440000615], [-75.16982897799994, 3.3865735660000382], [-75.16983156599997, 3.3865665450000506], [-75.16983413399998, 3.386559612000042], [-75.16983678799994, 3.38655248200007], [-75.16983927199993, 3.3865458430000217], [-75.16984182899995, 3.3865390410000487], [-75.16984437099995, 3.386532316000057], [-75.16984686699993, 3.386525739000035], [-75.16984959199993, 3.3865185960000304], [-75.16985222699998, 3.3865117210000335], [-75.16985494499994, 3.386504665000075], [-75.16985745599999, 3.386498176000032], [-75.16986003399995, 3.3864915480000377], [-75.16986291599994, 3.3864841720000527], [-75.16986543199994, 3.386477762000027], [-75.16986810799995, 3.386470978000034], [-75.16987081899998, 3.3864641400000437], [-75.16987346399998, 3.3864574970000376], [-75.16987617699994, 3.3864507130000447], [-75.16987903899997, 3.3864435920000346], [-75.16988175999995, 3.3864368530000206], [-75.16988440299997, 3.386430338000025], [-75.16988711599998, 3.386423682000043], [-75.16989347499998, 3.3864081500000225], [-75.17033943999996, 3.3853213720000213], [-75.17034770699996, 3.385301777000052], [-75.17052107399996, 3.3849284440000247], [-75.17062953499999, 3.3847231710000756], [-75.17074836899997, 3.384523780000052], [-75.17087724699996, 3.38433081900007], [-75.17101586899997, 3.3841447400000675], [-75.17125844599997, 3.3838518490000524], [-75.17156051499995, 3.383519068000055], [-75.17179203099994, 3.3832658230000447], [-75.17196082199996, 3.3830791100000397], [-75.17213034899999, 3.382887290000042], [-75.17225119699998, 3.382748975000027], [-75.17293048299996, 3.382023936000053], [-75.17293898499997, 3.3820148850000464], [-75.17294644699996, 3.382006969000031], [-75.17295329399997, 3.3819997260000605], [-75.17296095399996, 3.3819916490000423], [-75.17296812699993, 3.381984110000076], [-75.17297542199998, 3.3819764650000366], [-75.17298289999997, 3.3819686540000475], [-75.17299001399994, 3.3819612450000704], [-75.17299768299995, 3.381953284000076], [-75.17300514399994, 3.3819455620000554], [-75.17301199499997, 3.381938494000053], [-75.17301985699999, 3.381930409000063], [-75.17302728299995, 3.381922795000037], [-75.17303453199997, 3.3819153860000597], [-75.17304210499998, 3.3819076700000323], [-75.17304947699995, 3.3819001810000486], [-75.17305703099998, 3.381892533000041], [-75.17306446799995, 3.3818850260000204], [-75.17307186699998, 3.3818775800000367], [-75.17307940099994, 3.3818700220000437], [-75.17308704999994, 3.3818623720000573], [-75.17309427299995, 3.38185517200003], [-75.17310190199998, 3.3818475900000635], [-75.17310975799995, 3.381839806000073], [-75.17311699899994, 3.3818326550000393], [-75.17312450399999, 3.3818252650000318], [-75.17313221199998, 3.3818176990000666], [-75.17313980299997, 3.3818102700000736], [-75.17314754699999, 3.3818027170000278], [-75.17315503699996, 3.3817954340000256], [-75.17316237999995, 3.381788315000051], [-75.17317013499996, 3.3817808210000635], [-75.17317782599997, 3.38177341100004], [-75.17318590199994, 3.381765655000038], [-75.17319307399998, 3.38175878800007], [-75.17320122799998, 3.381751005000069], [-75.17320819799994, 3.38174437400005], [-75.17321649399997, 3.3817365060000384], [-75.17322406099998, 3.381729351000047], [-75.17324455299996, 3.381710035000026], {"c": [[-75.17503979199995, 3.3798096130000204], [-75.17416959875382, 3.380785989466202]]}, [-75.17539328799995, 3.379389058000072], [-75.17567160199997, 3.37908618900002], [-75.17583704999998, 3.3789237800000365], [-75.17601059999998, 3.3787701450000327], [-75.17611367099994, 3.3786879710000335], {"c": [[-75.17708715199996, 3.3779547110000294], [-75.17660552702336, 3.3783281998275734]]}, [-75.17717629999999, 3.377883617000066], {"c": [[-75.17806238799994, 3.3771389210000393], [-75.17762410170876, 3.3775169862472714]]}, [-75.17858491499999, 3.3766763490000358], [-75.17876609199999, 3.3765319050000357], [-75.17895444099997, 3.376397015000066], [-75.17914944499995, 3.376272052000047], [-75.17935058599994, 3.3761573460000704], [-75.17955732499996, 3.3760532030000263], [-75.17985872299994, 3.3759204220000356], [-75.18008753599997, 3.375831144000074], [-75.18048675999995, 3.375702563000061], [-75.18071031099998, 3.3756431250000674], [-75.18093665199996, 3.375595322000038], [-75.18116512199998, 3.3755592950000732], [-75.18139514099994, 3.3755351350000637], [-75.18162607799997, 3.375522907000061], [-75.18185736699996, 3.375522644000057], [-75.18208833199998, 3.375534344000073], [-75.18231839899994, 3.375557979000064], [-75.18254696899999, 3.3755934880000495], [-75.18258261899996, 3.3756009320000544], [-75.18289179899995, 3.3756632260000288], [-75.18327786999998, 3.375734679000061], [-75.18366512099993, 3.375799351000069], [-75.18405343699999, 3.3758572190000677], [-75.18444269899999, 3.3759082690000355], [-75.18483278799994, 3.3759524820000593], [-75.18522358599995, 3.375989847000028], [-75.18561497299999, 3.376020353000058], [-75.18599391899994, 3.376043209000045], [-75.18622655899998, 3.3760671080000293], [-75.18645510499994, 3.3761026110000216], [-75.18668155499995, 3.376149898000051], [-75.18690524699997, 3.3762088260000382], [-75.18712565799996, 3.376279261000036], [-75.18734214599993, 3.3763609960000736], [-75.18755416899995, 3.376453826000045], [-75.18776114699995, 3.376557498000068], [-75.18796256099995, 3.3766717510000603], [-75.18838200099998, 3.3769391920000658], [-75.18853453999998, 3.3770355940000627], [-75.18886948799997, 3.377241343000037], [-75.18920795899999, 3.37744118400002], [-75.18954984799996, 3.3776350580000667], [-75.18989505299999, 3.3778229060000626], [-75.19024346799995, 3.378004671000042], [-75.19059498499996, 3.3781802970000285], [-75.19094949899994, 3.3783497320000606], [-75.19130690299994, 3.3785129210000377], [-75.19166708499995, 3.3786698180000485], [-75.19202993699997, 3.3788203730000532], [-75.19239534899998, 3.3789645420000625], [-75.19276320899996, 3.379102279000051], [-75.19313340499997, 3.3792335420000654], [-75.19350582399994, 3.3793582930000525], [-75.19388035199995, 3.379476493000027], [-75.19425687699999, 3.379588105000039], [-75.19463528299997, 3.3796930980000752], [-75.19501545399999, 3.379791436000062], [-75.19539727499995, 3.379883092000057], [-75.19557685699993, 3.379922883000063], [-75.19569436399996, 3.3799599700000726], [-75.19577487499998, 3.3799846090000756], [-75.19626976699993, 3.380145609000067], [-75.19672377499995, 3.3803125130000353], [-75.19677458499996, 3.380332187000022], [-75.19695188699995, 3.380402082000046], [-75.19707646199998, 3.380452066000032], [-75.19751101299994, 3.3806423200000495], [-75.19771799099993, 3.380745988000058], [-75.19791939499999, 3.380860232000032], [-75.19811467699998, 3.3809847440000453], [-75.19830939199994, 3.381123518000038], [-75.19832504499993, 3.3811358590000395], [-75.19863676099999, 3.3813756610000496], [-75.19895259499998, 3.3816099580000696], [-75.19927244899998, 3.3818386810000334], [-75.19959622699997, 3.3820617580000203], [-75.19992382999999, 3.382279123000046], [-75.20010261499993, 3.3823943090000625], [-75.20041073099998, 3.382590760000028], [-75.20059939399994, 3.3827252200000544], [-75.20078090299995, 3.3828692500000557], [-75.20095479899999, 3.383022482000058], [-75.20112061199995, 3.383184507000067], [-75.20133462199993, 3.383416331000035], [-75.20147214299999, 3.3835791390000622], [-75.20170860999997, 3.3838950510000245], [-75.20183792899996, 3.384087720000025], [-75.20195721199997, 3.3842868320000434], [-75.20206614299997, 3.3844918600000256], [-75.20217452599996, 3.384723870000073], [-75.20230471199994, 3.385042576000046], {"c": [[-75.20275597099999, 3.38629209100003], [-75.20252099696988, 3.3856707418102006]]}, [-75.20291940599998, 3.3867058170000632], {"c": [[-75.20376324899996, 3.3885867470000335], [-75.20331996130605, 3.3876559627927687]]}, [-75.20394715799995, 3.388951296000073], [-75.20416667199999, 3.3894137970000315], [-75.20422796399998, 3.3895647500000337], [-75.20430420499997, 3.389784190000057], [-75.20436909899996, 3.390007264000076], [-75.20442247599993, 3.3902333870000234], [-75.20444430599997, 3.3903529820000244], {"c": [[-75.21355659499994, 3.404712744000051], [-75.20760316257865, 3.398428331005732]]}, [-75.21394572599996, 3.404990059000056], [-75.21412722899998, 3.4051340740000455], [-75.21430113099996, 3.405287303000023], [-75.21446695599997, 3.405449327000042], [-75.21462424299995, 3.4056196950000412], [-75.21477260099994, 3.405797982000024], [-75.21491164499997, 3.40598372900007], [-75.21504097299999, 3.4061763980000705], [-75.21516026399996, 3.406375507000064], [-75.21526919499996, 3.4065805210000235], [-75.21536749499995, 3.406790931000046], [-75.21545486699995, 3.407006099000057], [-75.21553111299994, 3.407225537000045], [-75.21559601099995, 3.4074486090000278], [-75.21564939699994, 3.4076747450000653], [-75.21569112699996, 3.4079033350000714], [-75.21572109599998, 3.4081338160000314], [-75.21574310299997, 3.4084152140000583], [-75.21575507999995, 3.408799105000071], [-75.21575612299995, 3.4089038910000227], [-75.21574501499998, 3.4093581250000398], [-75.21572744099996, 3.4095898450000277], [-75.21570961899994, 3.409729475000063], [-75.21570490499994, 3.409752901000047], [-75.21563382099998, 3.4101408880000577], [-75.21556948499995, 3.4105300620000207], [-75.21551191799995, 3.410920306000037], [-75.21547047399997, 3.4112395780000497], {"c": [[-75.21531561299997, 3.412173628000062], [-75.21538736399641, 3.411705652048201]]}, [-75.21522955299997, 3.4124720510000657], [-75.21515382599995, 3.412691662000043], [-75.21506695799997, 3.41290704000005], [-75.21496915599994, 3.4131176720000553], [-75.21486070599997, 3.4133229460000507], [-75.21474188099995, 3.413522341000032], [-75.21461301099998, 3.4137153080000644], [-75.21447439499997, 3.4139013940000495], [-75.21432645299996, 3.41408003600003], [-75.21416957599996, 3.41425076500002], [-75.21400412299994, 3.414413189000072], [-75.21383057799994, 3.414566832000048], [-75.21364941099995, 3.4147112770000376], [-75.21346106299995, 3.414846174000047], [-75.21326605999997, 3.414971145000038], [-75.21306491899998, 3.415085859000044], [-75.21285817499995, 3.4151900130000286], [-75.21264636499996, 3.415283334000037], [-75.21243006499998, 3.415365571000052], [-75.21220979899994, 3.41543652200005], [-75.21198623499998, 3.41549597300002], [-75.21175989099999, 3.415543785000068], [-75.21146330199997, 3.4155905660000485], [-75.21140785599994, 3.415596980000032], [-75.21101870099994, 3.4156489350000356], [-75.21063050699996, 3.415707707000024], [-75.21024339299998, 3.4157732780000742], [-75.20985747599997, 3.415845629000046], [-75.20947287399997, 3.4159247370000685], [-75.20908970499994, 3.4160105770000655], [-75.20870808499996, 3.4161031250000633], [-75.20835601099998, 3.416194828000073], [-75.20824542399998, 3.416224593000038], [-75.20810389799993, 3.416260502000057], [-75.20720173099994, 3.416449622000073], {"c": [[-75.20499400299997, 3.417031289000022], [-75.20609052148527, 3.4167122986077]]}, [-75.20483919099996, 3.4170806380000727], [-75.20453027599996, 3.417162782000048], [-75.20443700099997, 3.417187800000022], [-75.20405882499995, 3.4172936740000637], [-75.20368254599998, 3.417406164000056], [-75.20330827799995, 3.417525236000074], [-75.20293613399997, 3.4176508550000335], [-75.20256622899996, 3.417782980000027], [-75.20219867399999, 3.417921573000058], [-75.20183358199995, 3.41806659100007], [-75.20147106499996, 3.4182179900000733], [-75.20111123099997, 3.418375724000043], [-75.20075419099999, 3.418539744000043], [-75.20040005499999, 3.418710001000022], [-75.20004892899993, 3.4188864440000657], [-75.19970091999994, 3.4190690170000266], [-75.19935613499996, 3.4192576660000213], [-75.19901467899996, 3.419452333000038], [-75.19867665499999, 3.419652959000075], [-75.19834216599997, 3.419859483000039], [-75.19801131599996, 3.420071842000027], [-75.19768420299994, 3.420289971000045], [-75.19736092799997, 3.4205138030000626], [-75.19704158999997, 3.420743271000049], [-75.19672628499995, 3.4209783050000624], [-75.19641510999998, 3.4212188320000223], [-75.19610815999994, 3.4214647810000542], [-75.19580552699995, 3.4217160760000525], [-75.19550730499998, 3.421972639000046], [-75.19521358299994, 3.422234394000043], [-75.19492445199995, 3.422501260000047], [-75.19463999999994, 3.4227731570000515], [-75.19436031199996, 3.4230500010000355], [-75.19408547499995, 3.423331709000024], [-75.19381557199995, 3.4236181930000384], [-75.19355068599998, 3.4239093670000216], [-75.19329089599995, 3.424205142000062], [-75.19303628299997, 3.424505429000021], [-75.19278692399996, 3.4248101350000297], [-75.19254289299994, 3.425119169000027], [-75.19230426699994, 3.425432434000072], [-75.19207111799994, 3.425749839000048], [-75.19184351699994, 3.4260712820000663], [-75.19162153199994, 3.4263966690000416], [-75.19140523299995, 3.426725900000065], [-75.19119468299994, 3.4270588730000213], [-75.19098994799998, 3.427395489000048], [-75.19079109099994, 3.427735645000041], [-75.19059817099998, 3.428079235000041], [-75.19041124799998, 3.428426158000036], [-75.19023037799997, 3.4287763060000316], [-75.19005561699998, 3.429129572000022], [-75.18988701699999, 3.4294858490000593], [-75.18972463099993, 3.429845030000024], [-75.18956850699993, 3.430207004000067], [-75.18941869299994, 3.430571660000055], [-75.18927523399998, 3.430938888000071], [-75.18913817499998, 3.4313085770000384], [-75.18900755899995, 3.431680613000026], [-75.18888342199995, 3.432054883000035], [-75.18876580399996, 3.43243127300002], [-75.18865474199998, 3.4328096690000507], [-75.18855026699998, 3.4331899550000458], [-75.18845241299994, 3.433572016000028], [-75.18836120899994, 3.433955734000051], [-75.18827668399996, 3.434340993000035], [-75.18819886099999, 3.4347276760000227], [-75.18812776699997, 3.4351156660000584], [-75.18806342099998, 3.435504842000057], [-75.18800584399997, 3.435895088000052], [-75.18795505399999, 3.436286285000051], [-75.18791106499998, 3.4366783120000264], [-75.18787389199997, 3.4370710520000216], [-75.18784354499996, 3.437464384000066], [-75.18782003299998, 3.437858188000064], [-75.18780336399993, 3.438252344000034], [-75.18779354399999, 3.4386467330000414], [-75.18779057399996, 3.4390412330000686], [-75.18779445699994, 3.439435726000056], [-75.18780518899996, 3.4398300900000436], [-75.18782276999997, 3.4402242070000284], [-75.18784719299998, 3.44061795500005], [-75.18784828299994, 3.4406325940000215], [-75.18786064299996, 3.441029158000049], [-75.18786736499999, 3.4417078790000346], [-75.18786887699997, 3.4418605080000475], {"c": [[-75.18847518599995, 3.4468529590000685], [-75.18803342149552, 3.4443737324094763]]}, [-75.18855980299998, 3.4472113950000676], [-75.18860153299994, 3.4474399990000393], [-75.18863149999999, 3.4476704790000667], [-75.18865347899998, 3.447951556000021], [-75.18866547099998, 3.4483364360000337], [-75.18866852999997, 3.4486459720000653], [-75.18865740599995, 3.449100571000031], [-75.18863982699997, 3.449332292000065], [-75.18861039399997, 3.4495628500000635], [-75.18856919599995, 3.4497915430000603], [-75.18848411899995, 3.4501557090000574], [-75.18845036299996, 3.4502784800000654], [-75.18836133099995, 3.4505863810000506], [-75.18835686999995, 3.4506017600000405], [-75.18835476799995, 3.450608963000036], [-75.18835282099997, 3.45061559800007], [-75.18835058699995, 3.450623159000031], [-75.18834858199995, 3.450629913000057], [-75.18834650699995, 3.450636857000063], [-75.18834438599998, 3.4506439100000534], [-75.18834217699998, 3.4506512180000755], [-75.18834009699998, 3.4506580560000657], [-75.18833790499997, 3.450665223000044], [-75.18833584199996, 3.4506719280000198], [-75.18833361799994, 3.4506791160000603], [-75.18833132499998, 3.450686483000027], [-75.18832932699996, 3.450692868000033], [-75.18832714699994, 3.4506997910000337], [-75.18832473899994, 3.450707401000045], [-75.18832253899996, 3.4507143130000486], [-75.18832031699998, 3.45072125300004], [-75.18831809099999, 3.450728169000058], [-75.18831581499995, 3.4507352000000537], [-75.18831351499995, 3.450742265000031], [-75.18831135899995, 3.4507488540000395], [-75.18830896699995, 3.450756123000076], [-75.18830669999994, 3.450762975000032], [-75.18830433099998, 3.4507700970000315], [-75.18830200999997, 3.4507770360000336], [-75.18829970799999, 3.4507838840000318], [-75.18829725599994, 3.4507911350000313], [-75.18829500999993, 3.450797744000056], [-75.18829255399999, 3.45080493100005], [-75.18829021899995, 3.450811730000055], [-75.18828782199995, 3.450818671000036], [-75.18828554899994, 3.4508252190000235], [-75.18828290499994, 3.4508327980000217], [-75.18828058399998, 3.4508394170000543], [-75.18827800299994, 3.450846737000063], [-75.18827563799994, 3.4508534110000255], [-75.18827329199996, 3.4508599980000554], [-75.18827063499998, 3.4508674170000404], [-75.18826822099999, 3.4508741260000306], [-75.18826571899996, 3.4508810420000486], [-75.18826327699998, 3.450887759000068], [-75.18826069099998, 3.450894837000021], [-75.18825822899998, 3.450901543000043], [-75.18825553299996, 3.4509088500000757], [-75.18825305199994, 3.45091553900005], [-75.18825048199994, 3.4509224350000522], [-75.18824792199996, 3.450929269000028], [-75.18824550799997, 3.450935684000058], [-75.18824265799998, 3.450943217000031], [-75.18824023799993, 3.4509495850000462], [-75.18823753599997, 3.450956660000031], [-75.18823492299998, 3.4509634660000756], [-75.18823238799996, 3.450970039000026], [-75.18822948699994, 3.450977526000031], [-75.18822706899994, 3.450983739000037], [-75.18822425599996, 3.450990925000042], [-75.18822151199998, 3.450997907000044], [-75.18821892799997, 3.4510044470000594], [-75.18821609799994, 3.451011579000067], [-75.18821352499998, 3.451018032000036], [-75.18821090899996, 3.4510245600000644], [-75.18820791999997, 3.4510319870000217], [-75.18820514099997, 3.4510388600000397], [-75.18820262799994, 3.4510450450000576], [-75.18819964999994, 3.4510523430000717], [-75.18819699799997, 3.451058809000074], [-75.18819414899997, 3.4510657270000706], [-75.18819141799997, 3.451072325000041], [-75.18818848299998, 3.451079385000071], [-75.18818558299995, 3.45108632900002], [-75.18818292299994, 3.4510926710000263], [-75.18818012299994, 3.4510993140000323], [-75.18817710499997, 3.451106444000061], [-75.18817427199997, 3.4511131060000366], [-75.18817140699997, 3.451119813000048], [-75.18816832499994, 3.4511269980000634], [-75.18816555799998, 3.4511334160000615], [-75.18816253499995, 3.451140399000053], [-75.18815976599996, 3.4511467650000327], [-75.18815681399997, 3.451153523000073], [-75.18815388599995, 3.4511601970000356], [-75.18815064799998, 3.451167546000022], [-75.18814795899993, 3.4511736210000663], [-75.18814484699999, 3.4511806210000486], [-75.18814201499998, 3.4511869650000335], [-75.18813890999996, 3.45119389000007], [-75.18813581599994, 3.451200760000063], [-75.18813311899999, 3.4512067210000623], [-75.18812973199994, 3.451214177000054], [-75.18812683499993, 3.451220529000068], [-75.18812382199997, 3.4512271050000436], [-75.18812071699995, 3.4512338540000655], [-75.18811751499999, 3.451240784000049], [-75.18811453999996, 3.4512471950000645], [-75.18811147899999, 3.4512537620000217], [-75.18810838199994, 3.4512603790000753], [-75.18810518699996, 3.4512671790000695], [-75.18810202899994, 3.4512738690000333], [-75.18809897099999, 3.451280322000059], [-75.18809576899997, 3.4512870510000653], [-75.18809250299995, 3.4512938840000515], [-75.18808949099997, 3.451300161000063], [-75.18808621899996, 3.451306951000049], [-75.18808305299996, 3.451313492000054], [-75.18807553299996, 3.45132897000002], [-75.18794179499997, 3.4516036410000197], [-75.18772577299995, 3.452012491000062], [-75.18760694199995, 3.4522118810000393], [-75.18747805799995, 3.4524048550000543], [-75.18733944099995, 3.4525909290000527], [-75.18719148699995, 3.452769571000033], [-75.18703459499994, 3.452940305000027], [-75.18670443499997, 3.453264399000034], [-75.18662371299996, 3.4533385820000717], [-75.18659581599996, 3.453364261000047], [-75.18657815099994, 3.45338055000002], [-75.18657452699995, 3.453383881000036], [-75.18657041899996, 3.4533876440000313], [-75.18656669699999, 3.453391042000021], [-75.18656270099996, 3.453394678000052], [-75.18655871499999, 3.4533982920000312], [-75.18655492999994, 3.453401713000062], [-75.18655108499996, 3.453405177000036], [-75.18654694799994, 3.453408892000027], [-75.18654320399997, 3.45341224200007], [-75.18653931599994, 3.453415709000069], [-75.18653527099997, 3.453419304000022], [-75.18653148399994, 3.4534226590000685], [-75.18652746299995, 3.4534262090000425], [-75.18652340199998, 3.453429783000047], [-75.18651968299997, 3.4534330440000645], [-75.18651375699994, 3.45343821900002], [-75.18650792299997, 3.453443289000063], [-75.18650385599994, 3.45344680900007], [-75.18649985599995, 3.4534502590000216], [-75.18649576899998, 3.453453773000035], [-75.18649197999997, 3.4534570180000514], [-75.18648794899997, 3.4534604600000307], [-75.18648385399996, 3.453463945000067], [-75.18647986799994, 3.4534673250000765], [-75.18647566199996, 3.4534708800000544], [-75.18647160499995, 3.45347429800006], [-75.18646779599999, 3.4534774950000724], [-75.18646395599995, 3.453480708000029], [-75.18645984999995, 3.4534841320000282], [-75.18645566299995, 3.4534876120000604], [-75.18645168199998, 3.4534909090000383], [-75.18644747599996, 3.453494382000031], [-75.18644367499996, 3.453497508000055], [-75.18643951599995, 3.4535009180000316], [-75.18643534199998, 3.453504328000065], [-75.18643149699994, 3.4535074600000257], [-75.18642732299998, 3.4535108480000645], [-75.18642343499994, 3.453513992000069], [-75.18641912299995, 3.453517469000076], [-75.18641509299994, 3.4535207070000524], [-75.18641085599995, 3.453524099000049], [-75.18640656199995, 3.453527525000027], [-75.18640269599996, 3.4535305990000325], [-75.18639865899996, 3.453533797000034], [-75.18639445299993, 3.453537119000032], [-75.18639043399997, 3.453540283000052], [-75.18638640399996, 3.453543444000047], [-75.18638196799998, 3.4535469110000463], [-75.18637771699997, 3.453550223000036], [-75.18637385899996, 3.4535532180000246], [-75.18636974199995, 3.4535564040000395], [-75.18636344099997, 3.4535612570000467], [-75.18635734899993, 3.453565926000067], [-75.18635097299995, 3.453570788000036], [-75.18634455399996, 3.4535756570000444], [-75.18634050399999, 3.4535787170000276], [-75.18633638599994, 3.453581816000053], [-75.18633190999998, 3.4535851730000218], [-75.18632801699994, 3.4535880830000565], [-75.18632380199995, 3.4535912230000463], [-75.18631952599998, 3.4535943970000744], [-75.18631526199994, 3.45359755100003], [-75.18631114099998, 3.453600589000075], [-75.18630701599994, 3.453603620000024], [-75.18630256999995, 3.453606875000048], [-75.18629834899997, 3.4536099540000578], [-75.18629182499996, 3.4536146920000306], [-75.18628570799996, 3.4536191120000694], [-75.18628133299995, 3.453622259000042], [-75.18627727999996, 3.4536251650000622], [-75.18627285199995, 3.453628328000036], [-75.18626840099995, 3.453631496000071], [-75.18626437999995, 3.4536343490000263], [-75.18626023599995, 3.4536372780000306], [-75.18625579599995, 3.453640405000044], [-75.18625129399999, 3.453643570000054], [-75.18624273399996, 3.4536495470000546], [-75.18623867399998, 3.4536523610000245], [-75.18623403499998, 3.45365557100007], [-75.18622994199995, 3.453658393000069], [-75.18622563999998, 3.4536613480000256], [-75.18622116099993, 3.4536644150000484], [-75.18621708299997, 3.453667198000062], [-75.18621279499996, 3.4536701120000544], [-75.18620807399998, 3.453673310000056], [-75.18620377699995, 3.4536762110000723], [-75.18619968299998, 3.453678964000062], [-75.18619504799995, 3.4536820700000703], [-75.18619081799994, 3.4536848950000376], [-75.18618636899998, 3.4536878540000657], [-75.18618207999998, 3.45369069700007], [-75.18617776699995, 3.4536935460000677], [-75.18617314599999, 3.4536965870000245], [-75.18616900199999, 3.453699304000054], [-75.18616446499993, 3.4537022690000754], [-75.18615791099995, 3.4537065300000336], [-75.18614903999998, 3.4537122620000673], [-75.18614250899998, 3.4537164570000414], [-75.18612235599994, 3.4537293390000627], [-75.18592224499997, 3.4538587520000306], [-75.18559511899997, 3.4540768810000486], [-75.18527183199996, 3.4543007140000555], [-75.18495248099998, 3.454530182000042], [-75.18463716299993, 3.4547652160000553], [-75.18432597599997, 3.4550057440000614], [-75.18401901299995, 3.4552516930000365], [-75.18371636799998, 3.4555029880000347], [-75.18341813299998, 3.4557595520000746], [-75.18312439999994, 3.456021308000061], [-75.18283525799995, 3.4562881750000543], [-75.18255079399995, 3.456560072000059], [-75.18227109399999, 3.456836916000043], [-75.18199624699997, 3.457118625000021], [-75.18172633299997, 3.4574051090000353], [-75.18146143499996, 3.4576962840000647], [-75.18120163499998, 3.457992060000038], [-75.18094701199993, 3.458292348000043], [-75.18069764199998, 3.458597055000041], [-75.18045360199994, 3.4589060890000383], [-75.18021496599994, 3.459219355000073], [-75.17998180699993, 3.4595367600000486], [-75.17975419599998, 3.459858205000046], [-75.17953220299995, 3.4601835920000212], [-75.17931589399996, 3.460512824000034], [-75.17910533599996, 3.4608457980000367], [-75.17890059199993, 3.461182415000053], [-75.17870172699998, 3.4615225720000353], [-75.17850879899999, 3.4618661630000247], [-75.17832186799995, 3.462213087000066], [-75.17814099099996, 3.462563236000051], [-75.17796622199995, 3.4629165020000414], [-75.17779761499997, 3.4632727810000574], [-75.17763522199994, 3.4636319630000685], [-75.17747909099995, 3.4639939370000548], [-75.17732927099996, 3.464358594000032], [-75.17718580599995, 3.464725824000027], [-75.17704874099996, 3.465095513000051], [-75.17691811899994, 3.4654675510000743], [-75.17679397699999, 3.4658418220000726], [-75.17667635399994, 3.4662182130000474], [-75.17656528699996, 3.4665966100000674], [-75.17646080699996, 3.4669768980000413], [-75.17636294899995, 3.4673589590000233], [-75.17627174099994, 3.4677426790000254], [-75.17618721199995, 3.4681279390000554], [-75.17610938599995, 3.4685146230000328], [-75.17603828799997, 3.468902614000058], [-75.17597393899996, 3.4692917920000355], [-75.17591635999997, 3.46968203900002], [-75.17586556699996, 3.470073237000065], [-75.17582157599998, 3.470465266000076], [-75.17578440099999, 3.4708580060000713], [-75.17575405099996, 3.471251339000048], [-75.17573053899997, 3.471645145000025], [-75.17571386799995, 3.472039303000031], [-75.17570404699995, 3.4724336930000277], [-75.17570107699999, 3.4728281940000443], [-75.17570495899997, 3.473222688000021], [-75.17571569099994, 3.4736170540000444], [-75.17573327299993, 3.4740111720000755], [-75.17575769599995, 3.474404922000076], [-75.17578895399998, 3.4747981830000754], [-75.17582703699998, 3.4751908360000243], [-75.17587193399999, 3.475582761000055], [-75.17592363199998, 3.475973839000062], [-75.17598211399996, 3.476363951000053], [-75.17604736199996, 3.4767529770000465], [-75.17611935799994, 3.4771408010000755], [-75.17619807799997, 3.4775273020000554], [-75.17628349899996, 3.477912364000076], [-75.17637559599996, 3.4782958690000214], [-75.17647433799993, 3.478677701000038], [-75.17657969799995, 3.4790577430000553], [-75.17669164199998, 3.4794358800000396], [-75.17681013699996, 3.479811995000034], [-75.17693514599995, 3.4801859750000403], [-75.17706663099995, 3.48055770600007], [-75.17720455299997, 3.480927075000068], [-75.17734886999995, 3.4812939680000454], [-75.17749953699996, 3.48165827400004], [-75.17765650799998, 3.4820198820000314], [-75.17781973499996, 3.482378683000036], [-75.17798917099998, 3.4827345660000333], [-75.17816476099995, 3.483087423000029], [-75.17834645299996, 3.483437148000064], [-75.17853419099998, 3.48378363300003], [-75.17872791999997, 3.4841267720000246], [-75.17892757799996, 3.484466462000057], [-75.17913310599994, 3.4848025980000443], [-75.17934444099996, 3.485135079000031], [-75.17936462799997, 3.485165686000073], [-75.17951090899999, 3.485409832000073], [-75.17961985399995, 3.485614860000055], [-75.17971815799996, 3.485825266000063], [-75.17980553699994, 3.486040438000032], [-75.17988178399997, 3.4862598700000262], [-75.17994668899996, 3.486482952000074], [-75.18002524899998, 3.4868157100000303], [-75.18006411999994, 3.487006549000057], [-75.18008014399999, 3.4870787810000365], [-75.18013800099999, 3.487395703000061], [-75.18016797099995, 3.487626194000029], [-75.18018997299998, 3.487907521000068], [-75.18020195099996, 3.4882916500000647], [-75.18020730899997, 3.488831180000034], [-75.18019619399996, 3.489285495000047], [-75.18017861499999, 3.4895172170000706], [-75.18013741899995, 3.4898399250000693], [-75.18012239399997, 3.4899274210000613], {"c": [[-75.17997669999994, 3.4909022830000254], [-75.18004425690813, 3.490414053701776]]}, [-75.17997350599995, 3.4909273630000257], [-75.17997261999994, 3.4909342380000226], [-75.17997169899996, 3.4909412910000697], [-75.17997080599997, 3.490948041000024], [-75.17996986799994, 3.490955037000049], [-75.17996895699997, 3.4909617650000655], [-75.17996798899998, 3.4909688170000663], [-75.17996704999996, 3.490975577000029], [-75.17996608699997, 3.4909824310000204], [-75.17996510299997, 3.490989346000049], [-75.17996410799998, 3.4909962650000352], [-75.17996309999995, 3.4910031920000506], [-75.17996209999995, 3.4910099910000554], [-75.17996112699996, 3.4910165280000456], [-75.17996005299995, 3.4910236610000425], [-75.17995898299995, 3.4910306940000737], [-75.17995795999997, 3.4910373480000203], [-75.17995684699997, 3.4910445070000264], [-75.17995581799994, 3.491051055000071], [-75.17995477899996, 3.4910576000000333], [-75.17995359199995, 3.4910649940000553], [-75.17995247999994, 3.4910718570000654], [-75.17995136999997, 3.4910786320000398], [-75.17995023199995, 3.4910855100000617], [-75.17994905499995, 3.491092550000076], [-75.17994793099996, 3.4910992090000263], [-75.17994681799996, 3.4911057330000403], [-75.17994557599997, 3.491112949000069], [-75.17994445199997, 3.491119420000075], [-75.17994322899995, 3.4911263880000547], [-75.17994199399999, 3.491133355000045], [-75.17994077699996, 3.4911401630000682], [-75.17993957199997, 3.4911468410000452], [-75.17993825199994, 3.491154085000062], [-75.17993701499995, 3.491160811000043], [-75.17993579199998, 3.49116740300002], [-75.17993450199998, 3.4911742930000287], [-75.17993323499996, 3.491180995000036], [-75.17993192399996, 3.491187875000037], [-75.17993057399997, 3.491194900000039], [-75.17992927299997, 3.4912016040000253], [-75.17992796299995, 3.4912083030000645], [-75.17992657999997, 3.4912153130000547], [-75.17992526699999, 3.4912219100000357], [-75.17992398399997, 3.491228303000071], [-75.17992246899996, 3.4912357850000717], [-75.17992114799995, 3.491242262000071], [-75.17991967599994, 3.4912494140000376], [-75.17991828399994, 3.4912561220000384], [-75.17991687999995, 3.4912628340000538], [-75.17991551699998, 3.491269300000056], [-75.17991397099996, 3.4912765720000607], [-75.17991249499994, 3.491283461000023], [-75.17991106299996, 3.491290096000057], [-75.17990966499997, 3.4912965120000763], [-75.17990817099997, 3.4913033270000255], [-75.17990657399997, 3.4913105510000264], [-75.17990508399998, 3.4913172370000325], [-75.17990358299994, 3.4913239260000637], [-75.17990207999998, 3.4913305690000698], [-75.17990052299996, 3.491337404000035], [-75.17989893099997, 3.491344338000033], [-75.17989738399996, 3.4913510270000643], [-75.17989573199998, 3.4913581150000255], [-75.17989428399994, 3.4913642830000526], [-75.17989254599996, 3.4913716310000495], [-75.17989099399995, 3.491378146000045], [-75.17988945099995, 3.4913845820000233], [-75.17988771899996, 3.491391750000048], [-75.17988623299993, 3.4913978560000487], [-75.17988440199997, 3.491405324000027], [-75.17988284999996, 3.491411615000061], [-75.17988122699995, 3.491418149000026], [-75.17987950899999, 3.491425015000061], [-75.17987767899996, 3.4914322780000475], [-75.17987608299995, 3.4914385720000496], [-75.17987433699994, 3.4914454060000253], [-75.17987252799998, 3.4914524440000605], [-75.17987091899994, 3.4914586590000454], [-75.17986907899996, 3.491465718000029], [-75.17986741499993, 3.4914720640000496], [-75.17986559999997, 3.4914789390000465], [-75.17986380999997, 3.4914856680000526], [-75.17986199399996, 3.4914924600000745], [-75.17986017299995, 3.4914992220000727], [-75.17985840499995, 3.4915057450000404], [-75.17985656799993, 3.49151248000004], [-75.17985473399995, 3.491519163000021], [-75.17985290899998, 3.491525766000052], [-75.17985099299995, 3.4915326610000648], [-75.17984536399996, 3.4915527780000275], [-75.17958851299994, 3.4924692200000322], [-75.17952106099995, 3.4926953800000433], [-75.17941182699997, 3.4930121220000387], [-75.17932494399997, 3.4932275120000327], [-75.17922713499996, 3.4934381400000234], [-75.17903121299997, 3.4938089360000504], [-75.17890864299994, 3.494018117000053], [-75.17878701699993, 3.494218017000037], [-75.17860076799997, 3.4944968700000345], [-75.17846213699994, 3.494682957000066], [-75.17831417899998, 3.4948615990000462], [-75.17815728499994, 3.495032328000036], [-75.17799181599997, 3.4951947510000423], [-75.17781825199995, 3.495348394000075], [-75.17763706599999, 3.4954928390000646], [-75.17744868799997, 3.495627743000057], [-75.17735640299998, 3.4956868790000613], [-75.17717786899993, 3.49580247800003], [-75.17685072899997, 3.4960206100000732], [-75.17652742699994, 3.4962444440000695], [-75.17620806199994, 3.496473915000024], [-75.17589273099998, 3.4967089510000733], [-75.17558152999999, 3.4969494810000583], [-75.17527455299995, 3.497195432000069], [-75.17497189599999, 3.497446729000046], [-75.17467364799995, 3.497703295000065], [-75.17437990299999, 3.4979650520000405], [-75.17409074699998, 3.4982319210000696], [-75.17380627099999, 3.4985038210000425], [-75.17352655999997, 3.4987806670000623], [-75.17325170099997, 3.4990623770000298], [-75.17298177499998, 3.499348864000069], [-75.17271686699996, 3.4996400410000206], [-75.17245705599998, 3.49993581800004], [-75.17220242199994, 3.500236108000024], [-75.17195304199998, 3.5005408160000684], [-75.17170899199994, 3.5008498520000444], [-75.17147034599998, 3.5011631210000473], [-75.17123717799996, 3.5014805270000693], [-75.17100955799998, 3.5018019740000454], [-75.17078755499995, 3.5021273630000564], [-75.17057123799998, 3.5024565960000587], [-75.17036067199996, 3.50278957200004], [-75.17015591999996, 3.5031261910000353], [-75.16995704699997, 3.503466349000064], [-75.16976411099995, 3.503809942000032], [-75.16957717299994, 3.504156867000063], [-75.16939628899996, 3.5045070180000266], [-75.16922151299997, 3.504860286000053], [-75.16905289999994, 3.5052165660000583], [-75.16889050099996, 3.5055757490000587], [-75.16873436499998, 3.505937725000024], [-75.16858453899994, 3.506302384000037], [-75.16844106899998, 3.506669615000021], [-75.16830399999998, 3.5070393060000242], [-75.16817337299995, 3.5074113440000474], [-75.16804922699998, 3.5077856170000246], [-75.16793159999997, 3.508162010000035], [-75.16782052899998, 3.5085404080000444], [-75.16771604699994, 3.5089206970000646], [-75.16761818599997, 3.509302759000036], [-75.16752697499999, 3.5096864800000276], [-75.16744244299997, 3.5100717420000365], [-75.16736461499994, 3.51045842700006], [-75.16729351599997, 3.5108464190000745], [-75.16722916599997, 3.5112355980000416], [-75.16717158599994, 3.511625846000072], [-75.16712079199993, 3.51201704500005], [-75.16707680099995, 3.5124090750000505], [-75.16703962599996, 3.512801816000035], [-75.16700927699998, 3.513195150000058], [-75.16698576499994, 3.5135889570000245], [-75.16696909599995, 3.51398311600002], [-75.16696368299995, 3.514169559000038], [-75.16694596499997, 3.5144030930000554], [-75.16691652999998, 3.5146336510000538], [-75.16687532899994, 3.514862340000036], [-75.16682246299996, 3.515088608000042], [-75.16675807599995, 3.515311840000038], [-75.16668233599995, 3.5155314540000404], [-75.16659545399995, 3.515746833000037], [-75.16649763699996, 3.5159574660000317], [-75.16638916899996, 3.5161627410000733], [-75.16627032599996, 3.516362137000044], [-75.16614143699996, 3.516555105000066], [-75.16600280099993, 3.516741191000051], [-75.16585483699998, 3.5169198340000207], [-75.16569793799994, 3.5170905620000212], [-75.16553246399997, 3.517252984000038], [-75.16535889399995, 3.517406627000071], [-75.16517770199994, 3.517551071000071], [-75.16498932499996, 3.517685970000059], [-75.16479429999998, 3.5178109370000357], [-75.16459313499996, 3.517925648000073], [-75.16438636099997, 3.518029800000022], [-75.16417451799998, 3.5181231230000662], [-75.16372503799994, 3.51829398600006], [-75.16371419799998, 3.5182977370000685], [-75.16328299399999, 3.518435570000065], [-75.16303568799998, 3.51850132200002], [-75.16280931299997, 3.5185491320000324], [-75.16258080899996, 3.5185851650000473], [-75.16235075399999, 3.5186093320000396], [-75.16211978199993, 3.5186215660000357], [-75.16188845699998, 3.5186218360000225], [-75.16165745599994, 3.5186101410000674], [-75.16142735299997, 3.51858651200007], [-75.16119876799996, 3.5185510130000353], [-75.16097227499995, 3.5185037300000204], [-75.16059709399997, 3.5184049160000654], [-75.16051750899999, 3.5183807090000414], [-75.16015838499999, 3.5182667960000344], [-75.15993858499996, 3.5181983160000527], [-75.15956199999994, 3.518086707000066], [-75.15918353399996, 3.5179817170000547], [-75.15880330199997, 3.517883381000047], [-75.15842142099996, 3.5177917270000307], [-75.15803800499998, 3.51770678500003], [-75.15765317399996, 3.5176285780000285], [-75.15726704099995, 3.517557132000036], [-75.15687972799998, 3.517492468000057], [-75.15649134999995, 3.5174346060000516], [-75.15610202599999, 3.5173835630000667], [-75.15571187499995, 3.5173393560000363], [-75.15532101499997, 3.517301997000061], [-75.15492956499997, 3.5172714970000243], [-75.15453764599994, 3.5172478670000373], [-75.15414537599997, 3.5172311130000367], [-75.15375287499995, 3.5172212410000725], [-75.15336026199998, 3.5172182520000206], [-75.15296765699998, 3.517222150000066], [-75.15257517899994, 3.5172329300000342], [-75.15218294799996, 3.5172505930000284], [-75.15179108399997, 3.5172751310000763], [-75.15139970499996, 3.5173065370000245], [-75.15100893099998, 3.5173448010000357], [-75.15061888199995, 3.517389911000066], [-75.15022967499993, 3.5174418550000723], [-75.14984142999998, 3.5175006160000635], [-75.14945426499997, 3.5175661780000382], [-75.14906829599994, 3.517638517000023], [-75.14868364399996, 3.5177176150000378], [-75.14830042299997, 3.517803446000073], [-75.14791875099996, 3.517895984000063], [-75.14753874499996, 3.51799520000003], [-75.14716051899995, 3.518101067000032], [-75.14678418999995, 3.5182135480000625], [-75.14640987199994, 3.518332613000041], [-75.14603767799997, 3.5184582230000387], [-75.14566772299997, 3.518590341000049], [-75.14530011899996, 3.518728926000051], [-75.14493497799998, 3.5188739370000235], [-75.14457241099996, 3.519025329000044], [-75.14421252799997, 3.5191830560000312], [-75.14385543899994, 3.519347069000048], [-75.14350125399994, 3.519517320000034], [-75.14315007999994, 3.519693756000038], [-75.14280202199996, 3.5198763230000623], [-75.14245718899997, 3.5200649660000636], [-75.14211568499996, 3.520259628000076], [-75.14177761299999, 3.520460248000063], [-75.14144307799995, 3.520666767000023], [-75.14111217999994, 3.5208791200000746], [-75.14078502099994, 3.521097244000032], [-75.14046169999995, 3.5213210710000453], [-75.14014231599998, 3.5215505340000277], [-75.13982696499994, 3.521785563000037], [-75.13951574499998, 3.522026087000029], [-75.13920874899998, 3.5222720320000462], [-75.13890607199994, 3.5225233220000405], [-75.13860780499994, 3.5227798820000658], [-75.13831404099994, 3.523041633000048], [-75.13802486599997, 3.523308496000027], [-75.13774037099995, 3.5235803900000633], [-75.13746064099996, 3.5238572310000222], [-75.13718576199994, 3.5241389360000426], [-75.13691581799998, 3.524425418000021], [-75.13665088999994, 3.5247165900000255], [-75.13639105999994, 3.5250123630000303], [-75.13613640699998, 3.5253126480000674], [-75.13588700799994, 3.5256173520000402], [-75.13564293899998, 3.5259263840000585], [-75.13540427499998, 3.526239649000047], [-75.13517108799994, 3.5265570520000438], [-75.13494344999998, 3.5268784950000622], [-75.13472142899997, 3.527203881000048], [-75.13450509299997, 3.5275331120000715], [-75.13429450899997, 3.527866085000028], [-75.13408973899999, 3.5282027010000547], [-75.13389084799996, 3.5285428570000477], [-75.13369789399997, 3.528886448000037], [-75.13351093799997, 3.529233371000032], [-75.13333003699995, 3.529583520000074], [-75.13315524399997, 3.5299367870000538], [-75.13298661299996, 3.5302930660000698], [-75.13282419699993, 3.530652248000024], [-75.13266804399996, 3.531014224000046], [-75.13251820099998, 3.5313788820000696], [-75.13237471499997, 3.531746113000054], [-75.13223762899997, 3.532115804000057], [-75.13210698599994, 3.5324878430000695], [-75.13198282299999, 3.5328621160000466], [-75.13186518099997, 3.533238509000057], [-75.13175409399997, 3.533616908000056], [-75.13164959599999, 3.5339971980000655], [-75.13155171999995, 3.5343792620000727], [-75.13146049399995, 3.5347629840000536], [-75.13137594699998, 3.5351482480000413], [-75.13129810399994, 3.535534935000044], [-75.13122699099995, 3.535922929000037], [-75.13116262599993, 3.53631211000004], [-75.13110503199994, 3.5367023610000388], [-75.13105422399997, 3.5370935630000417], [-75.13101021999995, 3.5374855960000673], [-75.13097303099994, 3.5378783410000665], [-75.13094266899998, 3.538271678000058], [-75.13091914399996, 3.538665488000049], [-75.13090246199994, 3.539059651000059], [-75.13089262999995, 3.53945404600006], [-75.13088964899998, 3.53984855300007], [-75.13089352199995, 3.5402430520000507], [-75.13090424499995, 3.540637423000021], [-75.13092181699994, 3.5410315470000455], [-75.13094623199999, 3.54142530200005], [-75.13097748299998, 3.541818570000032], [-75.13101555999998, 3.5422112290000314], [-75.13106044999995, 3.5426031600000556], [-75.13111214199995, 3.5429942450000453], [-75.13117061899999, 3.543384364000076], [-75.13123586299997, 3.5437733970000522], [-75.13130785499999, 3.5441612270000746], [-75.13138657199994, 3.544547736000027], [-75.13147198999997, 3.5449328050000304], [-75.13156408499998, 3.5453163180000615], [-75.13166282599997, 3.54569815800005], [-75.13176818499994, 3.54607820800004], [-75.13188012899997, 3.546456352000064], [-75.13188344199995, 3.546462100000042], {"c": [[-75.13189146599996, 3.546495167000046], [-75.13188736691774, 3.5464786548340625]]}, {"c": [[-75.13191758299996, 3.546657137000068], [-75.13190977042174, 3.5465752980011356]]}, [-75.13203259899996, 3.547311819000072], [-75.13203436099997, 3.5473224410000626], [-75.13208795699995, 3.5477346990000456], [-75.13210606999996, 3.547966385000052], [-75.13211228899996, 3.548198730000024], [-75.13210659599997, 3.548431095000069], [-75.13208900999996, 3.548662807000028], [-75.13205956599995, 3.54889337700007], [-75.13192577499996, 3.549635859000034], [-75.13190320299998, 3.5497632010000757], [-75.13183883999994, 3.5501523820000216], [-75.13178124599995, 3.5505426330000205], [-75.13173043999996, 3.550933834000034], [-75.13168643699998, 3.551325868000049], [-75.13164924999995, 3.551718613000048], [-75.13161888999997, 3.5521119500000395], [-75.13159536599994, 3.552505760000031], [-75.13157868599995, 3.552899923000041], [-75.13156885599994, 3.553294317000052], [-75.13156587699996, 3.553688824000062], [-75.13156975199996, 3.554083323000043], [-75.13158047699994, 3.55447769400007], [-75.13159805199996, 3.554871818000038], [-75.13162246899998, 3.5552655730000424], [-75.13165372199995, 3.555658840000035], [-75.13169180099999, 3.556051498000045], [-75.13173669499997, 3.556443429000069], [-75.13178838899995, 3.556834514000059], [-75.13184686899996, 3.557224632000043], [-75.13191211599997, 3.55761366400003], [-75.13198411099995, 3.5580014940000524], [-75.13206283099998, 3.558388002000072], [-75.13214825299997, 3.5587730710000756], [-75.13224035099995, 3.5591565830000604], [-75.13233909499996, 3.5595384220000597], [-75.13244445799995, 3.55991847100006], [-75.13255640499995, 3.560296615000027], [-75.13267490399994, 3.5606727380000507], [-75.13279991899998, 3.5610467250000397], [-75.13293140899998, 3.5614184640000417], [-75.13306933699994, 3.561787839000033], [-75.13321366099996, 3.5621547400000395], [-75.13336433599994, 3.562519054000063], [-75.13352131499994, 3.562880671000073], [-75.13368455099999, 3.5632394800000498], [-75.13385399599997, 3.5635953710000763], [-75.13402959699994, 3.5639482360000443], [-75.13421129999995, 3.5642979690000516], [-75.13439904999996, 3.5646444620000466], [-75.13459279099999, 3.5649876100000597], [-75.13479246199995, 3.5653273080000645], [-75.13499800399995, 3.56566345300007], [-75.13520935399998, 3.565995942000029], [-75.13542644599994, 3.5663246750000326], [-75.13564921499994, 3.5666495500000224], [-75.13587759399996, 3.566970470000058], [-75.13611151199996, 3.5672873360000494], [-75.13635089899998, 3.5676000510000563], [-75.13659568199995, 3.567908522000039], [-75.13684578499993, 3.5682126520000566], [-75.13710113199994, 3.568512351000038], [-75.13736164699998, 3.568807525000068], [-75.13762724999998, 3.569098087000043], [-75.13789785899996, 3.5693839470000626], [-75.13817339199994, 3.5696650180000233], [-75.13845376699999, 3.569941214000039], [-75.13873889499996, 3.570212452000021], [-75.13902869199995, 3.570478648000062], [-75.13932306799995, 3.5707397220000416], [-75.13962193499998, 3.570995594000067], [-75.13992520099998, 3.571246186000053], [-75.14023277299998, 3.571491422000065], [-75.14054455799999, 3.5717312270000434], [-75.14086046199998, 3.571965528000021], [-75.14100362599999, 3.5720686580000347], [-75.14118953499997, 3.5722161480000523], [-75.14136346899994, 3.572369384000069], [-75.14152932399998, 3.5725314150000713], [-75.14168663899994, 3.5727017900000533], [-75.14183502299994, 3.572880084000076], [-75.14197408999996, 3.5730658380000477], [-75.14210344099996, 3.573258514000031], [-75.14222275099996, 3.573457630000064], [-75.14233169999994, 3.5736626510000633], [-75.14243001499995, 3.5738730680000685], [-75.14251739999997, 3.574088242000073], [-75.14259365599997, 3.574307686000054], [-75.14265856199995, 3.5745307570000477], [-75.14271195299995, 3.5747569010000575], [-75.14275368699998, 3.574985499000036], [-75.14278365799998, 3.5752159900000606], [-75.14280177599994, 3.5754476700000737], [-75.14281458999994, 3.575926007000021], [-75.14281295299998, 3.5763606660000278], [-75.14280095699996, 3.5768059090000293], [-75.14278125799996, 3.577065517000051], [-75.14275182099993, 3.5772960680000665], [-75.14271061399995, 3.5775247670000567], [-75.14264718199996, 3.5777962370000296], {"c": [[-75.14205229899994, 3.5827950010000222], [-75.14221080257315, 3.5802789270388855]]}, [-75.14205211799998, 3.5828180860000316], [-75.14205203699998, 3.582822988000032], [-75.14205189899997, 3.5828281670000592], [-75.14205169099995, 3.582833964000031], [-75.14205145299997, 3.582839103000026], [-75.14205115499993, 3.5828444670000295], [-75.14205074599994, 3.5828506070000685], [-75.14205009699998, 3.5828587870000206], [-75.14204953899997, 3.5828648660000226], [-75.14204887899996, 3.5828711970000313], [-75.14204780999995, 3.5828802430000337], [-75.14204698599997, 3.582886522000024], [-75.14204399199997, 3.582907847000058], [-75.14203845499998, 3.5829475040000602], [-75.14198765599997, 3.583338705000074], [-75.14194365999998, 3.5837307380000425], [-75.14190647999999, 3.5841234820000523], [-75.14190248899996, 3.584172815000045], [-75.14187087199997, 3.584420438000052], [-75.14182966599998, 3.584649131000049], [-75.14177679699998, 3.5848753920000718], [-75.14171240399997, 3.585098624000068], [-75.14163665399997, 3.5853182440000637], [-75.14154976599997, 3.5855336210000246], [-75.14145194199995, 3.585744249000072], [-75.14134345799994, 3.5859495380000226], [-75.14122460799996, 3.586148931000025], [-75.14109570199997, 3.5863419060000297], [-75.14095706199998, 3.5865279810000743], [-75.14080908399995, 3.5867066250000335], [-75.14065216499995, 3.586877361000063], [-75.14045967299995, 3.5870662870000274], [-75.14018181499995, 3.5873227000000725], [-75.13989730699996, 3.5875946000000454], [-75.13961756399993, 3.5878714470000546], [-75.13934267299999, 3.588153157000022], [-75.13907271699998, 3.588439645000051], [-75.13880777799994, 3.588730822000059], [-75.13854793699994, 3.5890266010000573], [-75.13829327399998, 3.5893268910000415], [-75.13804386399994, 3.5896316010000646], [-75.13779978599996, 3.58994063800003], [-75.13756111199996, 3.590253907000033], [-75.13732791699994, 3.590571315000034], [-75.13710026999996, 3.590892763000056], [-75.13687824199997, 3.5912181530000566], [-75.13666189799994, 3.5915473880000377], [-75.13645130699996, 3.591880366000055], [-75.13624653099998, 3.5922169860000395], [-75.13604763399997, 3.5925571450000575], [-75.13585467499996, 3.5929007400000614], [-75.13567374699994, 3.5932362440000247], [-75.13537731899999, 3.5937971760000664], [-75.13525846599998, 3.5939965680000228], [-75.13512955999994, 3.594189540000059], [-75.13487868899995, 3.59452624000005], [-75.13485947899994, 3.5945498000000384], [-75.13470564999994, 3.5947321430000443], [-75.13450048899995, 3.5949553650000325], {"c": [[-75.13298823799994, 3.6237962870000615], [-75.1285621983754, 3.609101519413582]]}, [-75.13350300399998, 3.6244904130000464], [-75.13352171699995, 3.6245156090000705], [-75.13353582599996, 3.624534580000045], [-75.13353885499998, 3.6245386650000455], [-75.13354322199996, 3.6245445840000343], [-75.13354749299998, 3.624550402000068], [-75.13355190599998, 3.6245564470000318], [-75.13355630999996, 3.624562507000064], [-75.13356052199998, 3.624568337000028], [-75.13356491999997, 3.624574454000026], [-75.13356908599997, 3.6245802820000677], [-75.13357352699995, 3.624586523000062], [-75.13357644699994, 3.6245906470000477], [-75.13358037299997, 3.6245962170000325], [-75.13358610499995, 3.6246043990000203], [-75.13359038899995, 3.6246105470000316], [-75.13359322799994, 3.6246146410000506], [-75.13359739299995, 3.6246206770000526], [-75.13360280499995, 3.624628567000059], [-75.13360704299998, 3.6246347820000437], [-75.13360979299995, 3.624638834000052], [-75.13361260999994, 3.62464299800007], [-75.13361671199993, 3.624649095000052], [-75.13362085699998, 3.6246552810000594], [-75.13362485199997, 3.624661283000023], [-75.13362905099996, 3.6246676210000714], [-75.13363306399998, 3.6246737130000497], [-75.13363852399993, 3.6246820550000507], [-75.13364237499997, 3.6246879740000395], [-75.13364509799999, 3.6246921790000215], [-75.13364901399996, 3.6246982550000553], [-75.13365449299994, 3.6247068100000206], [-75.13365961499994, 3.6247148660000335], [-75.13366356399996, 3.6247211150000567], [-75.13366757299997, 3.624727496000048], [-75.13367139999997, 3.6247336210000753], [-75.13367542899994, 3.624740106000047], [-75.13368041699994, 3.6247481860000335], [-75.13368431799995, 3.624754547000066], [-75.13368828699998, 3.6247610540000323], [-75.13369198399994, 3.6247671490000357], [-75.13369584599997, 3.624773555000047], [-75.13369955899998, 3.6247797440000227], [-75.13370344499998, 3.6247862630000327], [-75.13370841299997, 3.6247946500000694], [-75.13371339799994, 3.624803130000032], [-75.13371842999999, 3.624811755000053], [-75.13372331299996, 3.6248201890000473], [-75.13372821899998, 3.624828730000047], [-75.13373182199996, 3.62483504100004], [-75.13373429699999, 3.6248394000000417], [-75.13373788999996, 3.624845758000049], [-75.13374149599997, 3.624852173000022], [-75.13374517799997, 3.6248587660000453], [-75.13374866199996, 3.6248650380000527], [-75.13375228299998, 3.6248715990000733], [-75.13375700699999, 3.6248802140000294], [-75.13376167699994, 3.6248888000000647], [-75.13376524199998, 3.6248953960000563], [-75.13376869499996, 3.624901826000041], [-75.13378102199994, 3.624924935000024], {"c": [[-75.14903625099998, 3.636381095000047], [-75.14014251240678, 3.632354851802152]]}, [-75.14976011299996, 3.63653216900002], [-75.14998387199995, 3.6365910880000456], [-75.15020434999997, 3.636661512000046], [-75.15042090499998, 3.636743238000065], [-75.15063299399998, 3.636836059000075], [-75.15084003899995, 3.6369397230000686], [-75.15104150399998, 3.637053961000049], [-75.15123684399998, 3.6371784650000336], [-75.15142556099994, 3.637312917000031], [-75.15160711699997, 3.637456934000056], [-75.15178107299994, 3.6376101680000374], [-75.15194694099995, 3.6377721890000316], [-75.15210426199997, 3.637942548000069], [-75.15231473699998, 3.638195415000041], [-75.15246709899998, 3.6383952960000556], [-75.15262574599996, 3.638610991000064], [-75.15286097899997, 3.6389613360000226], [-75.15298029899998, 3.6391604390000225], [-75.15308926699998, 3.639365465000026], [-75.15318759399997, 3.6395758710000337], [-75.15327499199998, 3.63979104200007], [-75.15335125799999, 3.6400104740000643], [-75.15341617799999, 3.6402335550000657], [-75.15347995099995, 3.640503607000028], [-75.15355120699996, 3.6408533410000246], [-75.15363665499996, 3.641238402000056], [-75.15372877899995, 3.6416219060000685], [-75.15382755099995, 3.6420037370000387], [-75.15393294199998, 3.6423837780000667], [-75.15404491699996, 3.642761912000026], [-75.15416344499994, 3.643138026000031], [-75.15428848899995, 3.6435120040000584], [-75.15442000799999, 3.643883732000063], [-75.15455796699996, 3.6442530980000356], [-75.15470232099995, 3.644619988000045], [-75.15485302599996, 3.644984291000071], [-75.15501003699995, 3.6453458960000376], [-75.15517330499995, 3.6457046940000737], [-75.15534278199993, 3.646060574000046], [-75.15551841499996, 3.6464134270000272], [-75.15570014999997, 3.6467631470000583], [-75.15588793299997, 3.6471096280000666], [-75.15608170799999, 3.6474527630000466], [-75.15628141199994, 3.647792448000075], [-75.15648704199998, 3.6481286650000584], [-75.15660958999996, 3.648325170000021], [-75.15702384499997, 3.6490013930000487], [-75.15716088299996, 3.6492342510000526], [-75.15731227699996, 3.649519092000048], [-75.15741060499994, 3.649729495000031], [-75.15749800699996, 3.649944670000025], [-75.15757427699998, 3.6501641050000444], [-75.15765102799998, 3.6504278260000547], [-75.15774524299997, 3.6507920290000584], [-75.15785063799996, 3.65117206900004], [-75.15796261699995, 3.6515502020000667], [-75.15808114799995, 3.651926314000036], [-75.15820619599998, 3.652300290000028], [-75.15833771899997, 3.6526720180000325], [-75.15847568099997, 3.6530413820000263], [-75.15862003999996, 3.6534082700000567], [-75.15877074899998, 3.6537725710000473], [-75.15892776299995, 3.6541341750000242], [-75.15909103499996, 3.6544929710000247], [-75.15926051599996, 3.654848849000075], [-75.15943615299994, 3.6552017000000205], [-75.15961789199997, 3.655551419000062], [-75.15980567999998, 3.6558978980000347], [-75.15999945799996, 3.656241031000036], [-75.16019916699997, 3.656580714000029], [-75.16040474699997, 3.6569168440000226], [-75.16061613499994, 3.657249317000037], [-75.16083326599994, 3.6575780340000392], [-75.16105607399999, 3.6579028930000277], [-75.16128449199994, 3.6582237960000725], [-75.16151844999996, 3.6585406460000627], [-75.16175787699996, 3.658853344000022], [-75.16189465499997, 3.659027030000061], [-75.16255817199993, 3.6598611610000376], [-75.16299970999995, 3.660450805000039], {"c": [[-75.16893149799995, 3.665951997000036], [-75.1657180028322, 3.6634708721721]]}, [-75.16953251999996, 3.66633482900005], [-75.16968545399999, 3.6664378300000635], [-75.16975165499997, 3.6664843870000254], [-75.16977173599997, 3.6664984940000522], [-75.17009562999993, 3.6667215510000233], [-75.17042334899998, 3.6669388960000333], [-75.17075479399995, 3.6671504610000625], [-75.17108986499994, 3.667356183000038], [-75.17142845799998, 3.667555997000022], [-75.17177046999996, 3.66774984500006], [-75.17211579899998, 3.667937666000057], [-75.17246433799994, 3.6681194030000484], [-75.17281597999994, 3.668295002000036], [-75.17317061899996, 3.668464408000034], [-75.17352814799995, 3.6686275700000692], [-75.17388845699998, 3.6687844380000456], [-75.17425143499997, 3.668934965000062], [-75.17461697299996, 3.6690791040000477], [-75.17498495999996, 3.669216812000059], [-75.17535528299999, 3.6693480460000387], [-75.17572782999997, 3.6694727680000483], [-75.17610248599993, 3.6695909380000558], [-75.17647913899998, 3.6697025210000334], [-75.17685767199998, 3.6698074830000564], [-75.17693762699997, 3.6698287160000405], [-75.17715864499996, 3.669899300000054], [-75.17737520899993, 3.6699810170000546], [-75.17758730699995, 3.6700738280000564], [-75.17779436299998, 3.6701774820000423], [-75.17799583799996, 3.6702917110000612], [-75.17819118899996, 3.6704162050000377], [-75.17837991599998, 3.670550649000063], [-75.17856148299995, 3.6706946570000696], [-75.17873545099997, 3.6708478820000323], [-75.17890133199995, 3.671009897000033], [-75.17905866599995, 3.6711802500000204], [-75.17920707699994, 3.6713585310000667], [-75.17934617899994, 3.671544281000024], [-75.17947554999995, 3.671736936000059], [-75.17959488799994, 3.671936042000027], [-75.17970386399998, 3.6721410560000436], [-75.17980220099997, 3.6723514550000687], [-75.17988961199995, 3.6725666250000586], [-75.17996589099994, 3.6727860560000636], [-75.18003081899997, 3.673009124000032], [-75.18010587399993, 3.673326879000058], [-75.18015474499998, 3.6735824230000276], [-75.18019701399999, 3.67382630700007], [-75.18024967099996, 3.6742309880000334], {"c": [[-75.18271545699997, 3.68195432400006], [-75.18113492064003, 3.6782046782241244]]}, [-75.18285323199996, 3.682213341000022], {"c": [[-75.18323304699999, 3.6828985280000666], [-75.18304018100507, 3.6825575896888347]]}, [-75.18333249399996, 3.6830708270000514], [-75.18334182099994, 3.6830870010000467], [-75.18334428399999, 3.683091295000054], [-75.18334652199997, 3.6830952160000265], [-75.18334898499995, 3.6830995600000733], [-75.18335210899994, 3.6831051060000277], [-75.18335446899994, 3.683109327000068], [-75.18335679299997, 3.68311350700003], [-75.18335893299997, 3.6831173800000556], [-75.18336136399995, 3.6831218070000205], [-75.18336442899994, 3.683127427000045], [-75.18336748399997, 3.683133073000022], [-75.18337051899994, 3.6831387310000423], [-75.18337269799997, 3.6831428180000216], [-75.18337492899997, 3.6831470330000684], [-75.18337791399995, 3.683152713000027], [-75.18338103399998, 3.683158697000067], [-75.18338381699994, 3.68316408000004], [-75.18338678799995, 3.6831698770000685], [-75.18338965499998, 3.683175515000073], [-75.18339173999993, 3.6831796480000207], [-75.18339393299993, 3.6831840220000345], [-75.18339681999998, 3.683189824000067], [-75.18339971399996, 3.683195688000069], [-75.18340242099998, 3.683201221000047], [-75.18340527099997, 3.683207100000061], [-75.18340727099996, 3.683211252000035], [-75.18340935399993, 3.683215611000037], [-75.18341209499994, 3.6832213860000707], [-75.18341422399999, 3.683225905000029], [-75.18341619699999, 3.683230125000023], [-75.18342632399998, 3.683251938000069], {"c": [[-75.18397134899999, 3.6843477010000356], [-75.18369144621848, 3.6838035294977893]]}, [-75.18422224099999, 3.6848196780000535], [-75.18444443699997, 3.685283931000072], [-75.18456691899996, 3.68555172300006], [-75.18476569299997, 3.6860369410000544], [-75.18494877899997, 3.6865145540000412], [-75.18506623499997, 3.686820960000034], [-75.18507241299994, 3.6868371140000704], [-75.18507495199998, 3.6868437850000646], [-75.18507744299995, 3.686850363000076], [-75.18507989699998, 3.6868568730000675], [-75.18508255299997, 3.686863954000046], [-75.18508499799998, 3.6868705050000585], [-75.18508761499999, 3.6868775490000303], [-75.18509020999994, 3.6868845670000496], [-75.18509270099997, 3.686891340000045], [-75.18509515899996, 3.686898058000054], [-75.18509765499994, 3.686904911000056], [-75.18510019699994, 3.686911925000061], [-75.18510253499994, 3.686918411000022], [-75.18510501499998, 3.6869253230000254], [-75.18510755099999, 3.6869324290000236], [-75.18510988899999, 3.6869390130000284], [-75.18511233099997, 3.6869459260000212], [-75.18511481799999, 3.6869530020000525], [-75.18511715499994, 3.6869596830000546], [-75.18511962299993, 3.6869667780000555], [-75.18512192499998, 3.6869734280000444], [-75.18512430099997, 3.6869803310000293], [-75.18512662799998, 3.68698712500003], [-75.18512890699998, 3.686993813000072], [-75.18513136199994, 3.6870010560000424], [-75.18513357599994, 3.6870076230000564], [-75.18513587199999, 3.68701446700004], [-75.18513826599997, 3.6870216420000474], [-75.18514060199993, 3.6870286820000615], [-75.18514278799995, 3.6870353050000517], [-75.18514506199995, 3.687042232000067], [-75.18514724999994, 3.6870489330000282], [-75.18514959399994, 3.687056154000061], [-75.18515177999996, 3.6870629200000735], [-75.18515409199995, 3.6870701190000545], [-75.18515622199999, 3.6870767890000593], [-75.18515843699998, 3.687083760000064], [-75.18516065299997, 3.687090777000037], [-75.18516277199996, 3.687097521000055], [-75.18516496399997, 3.687104540000064], [-75.18516700099997, 3.68711109700007], [-75.18516939999995, 3.6871188640000696], [-75.18517132899996, 3.6871251450000386], [-75.18517353999994, 3.687132388000066], [-75.18517557599995, 3.687139092000052], [-75.18517772599995, 3.687146215000041], [-75.18517982299994, 3.687153201000058], [-75.18518194299998, 3.687160307000056], [-75.18518392999994, 3.68716700300007], [-75.18518601899996, 3.6871740910000312], [-75.18518808999994, 3.6871811550000757], [-75.18519011899997, 3.687188119000041], [-75.18519214399998, 3.6871951120000404], [-75.18519412099994, 3.6872019770000293], [-75.18519953999999, 3.6872209120000434], [-75.18556036199993, 3.6884844440000393], {"c": [[-75.18689519599997, 3.6920147830000474], [-75.18615426090568, 3.6902776686453747]]}, [-75.18715257299993, 3.6925546650000456], [-75.18741291499998, 3.693128194000053], {"c": [[-75.18790565999996, 3.6941454700000236], [-75.18765295152393, 3.6936399294206383]]}, [-75.18799221999996, 3.6943133590000343], {"c": [[-75.18885122499995, 3.6958326350000448], [-75.18840710413097, 3.6950813387884986]]}, [-75.18936646899994, 3.696667074000061], {"c": [[-75.18976646899995, 3.6972917220000454], [-75.18956391567828, 3.696981048171564]]}, [-75.18994578999997, 3.6975618930000564], [-75.19002823299996, 3.6976852250000434], [-75.19020416399997, 3.6979427000000555], [-75.19051308899998, 3.6983881840000663], [-75.19055998999994, 3.6984555550000664], [-75.19058370699997, 3.698489425000048], [-75.19152152999999, 3.6998261560000287], [-75.19172625399995, 3.7001131740000233], [-75.19173818799999, 3.7001296160000265], [-75.19249375299995, 3.7011696360000315], {"c": [[-75.19304888799996, 3.701952562000031], [-75.1927668266361, 3.7015643148219795]]}, [-75.19307752799995, 3.7019911410000645], [-75.19310918599996, 3.7020339990000366], [-75.19338171299995, 3.702414888000021], {"c": [[-75.19372922299993, 3.702887492000059], [-75.19355393957353, 3.7026523242461007]]}, [-75.19401045999996, 3.7032597430000465], [-75.19420788799994, 3.7035537180000233], [-75.19432723399996, 3.703752820000034], [-75.19443621999994, 3.7039578300000358], [-75.19453456499997, 3.704168224000057], [-75.19462198699995, 3.704383395000036], [-75.19469827099994, 3.704602815000044], [-75.19476320799998, 3.7048258840000585], [-75.19481663199997, 3.7050520260000326], [-75.19488997399998, 3.7054534720000447], {"c": [[-75.22165137199994, 3.7234925990000534], [-75.20448370158702, 3.7201427792971637]]}, [-75.22213901299995, 3.723389566000037], [-75.22236756999996, 3.72335350000003], [-75.22259766799993, 3.723329303000071], [-75.22282868499997, 3.7233170380000615], [-75.22306005599995, 3.723316736000072], [-75.22353434399997, 3.7233406760000207], [-75.22433512199996, 3.723406053000076], [-75.22477303399995, 3.7234520910000697], [-75.22503025199995, 3.72349199100006], [-75.22525678799997, 3.723539239000047], [-75.22548056599999, 3.723598129000038], [-75.22570107999996, 3.7236685300000545], [-75.22599889499998, 3.7237808730000665], [-75.22620848199995, 3.723867763000044], [-75.22657404699999, 3.7240118720000623], [-75.22694206099999, 3.7241495490000602], [-75.22731240999997, 3.7242807510000375], [-75.22768498299996, 3.724405442000034], [-75.22805966399994, 3.724523581000028], [-75.22843634199995, 3.72463513200006], [-75.22881489999997, 3.7247400630000698], [-75.22919522299998, 3.72483833900003], [-75.22957719599998, 3.724929934000045], [-75.22996070199997, 3.725014816000055], [-75.23034562299995, 3.7250929630000655], [-75.23073184499998, 3.725164348000021], [-75.23111924599993, 3.7252289510000764], [-75.23150771199994, 3.725286752000045], [-75.23189712299995, 3.7253377330000603], [-75.23194601199998, 3.7253432630000702], [-75.23224414999999, 3.7253895080000348], [-75.23247068499995, 3.7254367530000536], [-75.23269446599994, 3.7254956430000448], [-75.23291497799994, 3.7255660400000465], [-75.23313155399995, 3.7256477350000523], [-75.23352103999997, 3.7258181210000316], [-75.23527138299994, 3.7266721610000673], [-75.23551577599994, 3.726796888000024], [-75.23590686199998, 3.727018560000033], {"c": [[-75.24747791199997, 3.729929976000051], [-75.24149683234239, 3.7292586168313897]]}, [-75.24749987499996, 3.729929471000048], [-75.24750395699994, 3.729929387000027], [-75.24750876699994, 3.729929302000073], [-75.24751423299995, 3.729929223000056], [-75.24751922699994, 3.7299291690000587], [-75.24752290699996, 3.729929139000035], [-75.24752857799996, 3.7299291130000256], [-75.24753472799995, 3.729929107000032], [-75.24754020399996, 3.729929124000023], [-75.24754533699996, 3.729929157000072], [-75.24755033099996, 3.7299292070000547], [-75.24755568799998, 3.729929278000043], [-75.24756053499993, 3.7299293600000283], [-75.24756590799996, 3.7299294690000693], [-75.24757108599994, 3.7299295910000296], [-75.24757636699997, 3.7299297350000415], [-75.24758150399998, 3.729929893000076], [-75.24758687799994, 3.7299300770000627], [-75.24759171299996, 3.7299302590000707], [-75.24759568299999, 3.7299304200000734], [-75.24759971799995, 3.7299305950000416], [-75.24760349799999, 3.729930768000031], [-75.24760734799997, 3.729930955000043], [-75.24761127399995, 3.729931155000031], [-75.24761514199997, 3.7299313640000378], [-75.24761906399993, 3.7299315830000523], [-75.24762295699998, 3.7299318130000643], [-75.24762808899999, 3.729932131000055], [-75.24763183899995, 3.7299323750000326], [-75.24763586099994, 3.729932647000055], [-75.24764102899996, 3.7299330120000604], [-75.24764604199999, 3.7299333840000486], [-75.24765145999999, 3.7299338040000407], [-75.24767456799998, 3.729935676000025], [-75.24773036999994, 3.729940131000035], [-75.24930533399998, 3.7300638950000575], [-75.24980662799999, 3.7301158180000584], [-75.25002717799998, 3.730148338000049], [-75.25041658999999, 3.730199310000046], [-75.25080682699996, 3.7302434460000313], [-75.25119777199995, 3.7302807340000754], [-75.25158930499998, 3.730311162000021], [-75.25198130799998, 3.7303347200000303], [-75.25237365999999, 3.730351403000043], [-75.25276624099996, 3.7303612030000295], [-75.25315893299995, 3.7303641190000576], [-75.25355161599998, 3.7303601490000347], [-75.25394416999995, 3.7303492960000426], [-75.25433647599993, 3.730331561000071], [-75.25472841299995, 3.7303069510000455], [-75.25511986399994, 3.730275473000063], [-75.25551070799997, 3.730237137000074], [-75.25562883799995, 3.7302238490000263], [-75.25563792299994, 3.7302231670000765], [-75.25575079099997, 3.730223762000037], [-75.25609153799996, 3.7302208760000326], [-75.25635774599994, 3.730223014000046], [-75.25653421699997, 3.7302304400000708], [-75.25692679799994, 3.7302402380000217], [-75.25731948999999, 3.730243152000071], [-75.25771217199997, 3.7302391810000586], [-75.25810472499995, 3.730228326000031], [-75.25849702999994, 3.7302105890000234], [-75.25888896699996, 3.730185977000076], [-75.25928041699996, 3.7301544970000577], [-75.25967125999995, 3.7301161590000333], [-75.26006137699994, 3.7300709750000465], [-75.26045064999994, 3.730018957000027], [-75.26083895999994, 3.7299601220000227], [-75.26122618699998, 3.7298944880000704], [-75.26161221699994, 3.7298220750000723], [-75.26199692899996, 3.729742904000034], [-75.26238020599999, 3.729657001000021], [-75.26276193299998, 3.7295643910000535], [-75.26314199299998, 3.729465102000063], [-75.26352027099995, 3.729359165000062], [-75.26389664999994, 3.729246612000054], [-75.26427101499996, 3.72912747700002], [-75.26464325399996, 3.729001796000034], [-75.26501325299995, 3.7288696100000607], [-75.26538089899998, 3.72873095500006], [-75.26574607999999, 3.7285858750000216], [-75.26610868399996, 3.728434415000038], [-75.26646860199997, 3.7282766210000204], [-75.26682572399994, 3.7281125420000762], [-75.26717993999995, 3.7279422250000493], [-75.26753114299999, 3.727765724000051], [-75.26787922699998, 3.7275830920000317], [-75.26822408499999, 3.7273943860000713], [-75.26856561099999, 3.727199661000043], [-75.26890370199999, 3.7269989790000295], [-75.26923825599994, 3.7267923990000327], [-75.26956916899996, 3.726579986000047], [-75.26989634099994, 3.7263618030000316], [-75.27021967299999, 3.7261379170000737], [-75.27053906599997, 3.725908397000069], [-75.27085442299995, 3.725673311000037], [-75.27116564699998, 3.725432733000048], [-75.27147264499996, 3.725186734000033], [-75.27177532099995, 3.7249353900000415], [-75.27207358499999, 3.724678779000044], [-75.27236734499996, 3.724416976000043], [-75.27265651199997, 3.724150064000071], [-75.27294099799997, 3.723878121000041], [-75.27322071699996, 3.723601234000057], [-75.27349558099996, 3.7233194830000684], [-75.27376550999998, 3.723032956000054], [-75.27403041899998, 3.72274174100005], [-75.27429022799998, 3.7224459260000344], [-75.27454485799996, 3.722145600000033], [-75.27479423199998, 3.7218408560000285], [-75.27503827399994, 3.721531786000071], [-75.27527690899996, 3.7212184850000654], [-75.27551006499993, 3.7209010470000408], [-75.27573766999996, 3.720579570000041], [-75.27595965499995, 3.720254151000063], [-75.27617595299995, 3.7199248900000725], [-75.27638649799997, 3.7195918870000355], [-75.27659122599994, 3.7192552430000205], [-75.27679007399996, 3.718915061000075], [-75.27698298199994, 3.718571445000066], [-75.27716988999998, 3.7182244980000405], [-75.27735074299994, 3.7178743280000504], [-75.27752548399997, 3.717521040000065], [-75.27769406199997, 3.717164743000069], [-75.27785642299995, 3.716805543000021], [-75.27801251999995, 3.716443552000044], [-75.27816230399998, 3.7160788800000546], [-75.27830572999994, 3.7157116370000267], [-75.27844275499996, 3.7153419350000263], [-75.27857333399999, 3.714969887000052], [-75.27869743199994, 3.714595607000035], [-75.27881500799998, 3.7142192080000314], [-75.27892602599997, 3.7138408040000286], [-75.27903045499994, 3.71346051200004], [-75.27912825999994, 3.713078446000054], [-75.27921941399995, 3.712694724000073], [-75.27930388699997, 3.7123094630000537], [-75.27938165399996, 3.711922780000066], [-75.27945269199995, 3.7115347910000764], [-75.27951697899994, 3.7111456170000565], [-75.27957449399997, 3.71075537400003], [-75.27962522199994, 3.7103641830000242], [-75.27966914499996, 3.709972161000053], [-75.27970625199998, 3.70957942900003], [-75.27972470999998, 3.7093505170000753], [-75.27976955699995, 3.708756876000052], [-75.27989530499997, 3.7075907180000627], [-75.27989704899994, 3.7075746700000423], [-75.27989782299994, 3.7075676560000375], [-75.27989868299994, 3.707559966000076], [-75.27989950199998, 3.7075527570000304], [-75.27990031999997, 3.7075456490000533], [-75.27990117399997, 3.707538338000063], [-75.27990204699995, 3.7075309660000357], [-75.27990289699994, 3.707523886000047], [-75.27990379399995, 3.7075165150000657], [-75.27990474499995, 3.7075088100000357], [-75.27990559899996, 3.7075019740000243], [-75.27990654399997, 3.7074945170000433], [-75.27990749399999, 3.70748710700002], [-75.27990838199997, 3.707480275000023], [-75.27990934199994, 3.70747297500003], [-75.27991038599998, 3.7074651420000464], [-75.27991129999998, 3.707458361000022], [-75.27991231399994, 3.707450935000054], [-75.27991332999994, 3.7074435780000385], [-75.27991430299994, 3.707436623000035], [-75.27991533299996, 3.7074293370000646], [-75.27991639399994, 3.707421921000048], [-75.27991736899997, 3.7074151860000484], [-75.27991849299997, 3.7074075020000237], [-75.27991959399998, 3.707400066000048], [-75.27992060999998, 3.707393275000072], [-75.27992180099994, 3.707385398000042], [-75.27992289299993, 3.70737826200002], [-75.27992395699994, 3.7073713850000445], [-75.27992506299995, 3.707364306000045], [-75.27992625499996, 3.7073567640000533], [-75.27992737399995, 3.707349751000038], [-75.27992857099997, 3.707342320000066], [-75.27992973299996, 3.707335191000027], [-75.27993095599999, 3.7073277580000763], [-75.27993208699996, 3.7073209510000424], [-75.27993337099997, 3.7073132990000204], [-75.27993455499995, 3.70730631400005], [-75.27993580199995, 3.7072990300000583], [-75.27993710199996, 3.7072915070000363], [-75.27993830099996, 3.707284638000033], [-75.27993961899995, 3.7072771580000676], [-75.27994086599995, 3.7072701450000523], [-75.27994219399994, 3.707262748000062], [-75.27994346199995, 3.7072557500000585], [-75.27994483399993, 3.7072482450000734], [-75.27994608799997, 3.7072414460000687], [-75.27994744699998, 3.707234147000065], [-75.27994875199994, 3.707227203000059], [-75.27995020899994, 3.707219516000066], [-75.27995160299997, 3.7072122220000665], [-75.27995291999997, 3.707205393000038], [-75.27995434099995, 3.7071980890000304], [-75.27995571899999, 3.7071910650000746], [-75.27995715399999, 3.7071838150000644], [-75.27995856699994, 3.7071767350000755], [-75.27996004899995, 3.7071693690000416], [-75.27996155099999, 3.7071619670000473], [-75.27996297399994, 3.7071550080000293], [-75.27996447199996, 3.707147750000047], [-75.27996600599994, 3.7071403730000725], [-75.27996743199998, 3.7071335730000214], [-75.27997086399995, 3.707117335000021], [-75.28026263499999, 3.705742264000037], {"c": [[-75.28035613599997, 3.7052777790000277], [-75.28031059736723, 3.7055102676994323]]}, [-75.28041834699997, 3.704951144000063], [-75.28042604799998, 3.704912352000065], [-75.28053430899996, 3.7044327050000447], [-75.28061925599997, 3.7040859490000457], [-75.28062475199994, 3.704063541000039], [-75.28062658599998, 3.704056170000058], [-75.28062841999997, 3.7040489020000678], [-75.28062978899999, 3.7040435430000684], [-75.28063118599994, 3.7040381370000546], [-75.28063308099996, 3.7040308900000696], [-75.28063452199996, 3.7040254410000557], [-75.28063590799997, 3.7040202570000247], [-75.28063794999997, 3.7040127110000753], [-75.28063934599999, 3.704007610000076], [-75.28064082499998, 3.7040022630000635], [-75.28064281599995, 3.7039951450000217], [-75.28064488599995, 3.703987836000067], [-75.28064693699997, 3.703980692000073], [-75.28064901399995, 3.7039735430000746], [-75.28065106899999, 3.7039665660000765], [-75.28065277999997, 3.703960815000073], [-75.28065433299997, 3.7039556420000395], [-75.28065651799994, 3.70394845200002], [-75.28065863899997, 3.703941551000071], [-75.28066030799994, 3.703936175000024], [-75.28066195199995, 3.703930931000059], [-75.28066366499996, 3.7039255100000332], [-75.28066536299997, 3.703920192000055], [-75.28066709899997, 3.703914793000024], [-75.28066882899998, 3.703909465000038], [-75.28067119499997, 3.70390225400007], [-75.28067351499999, 3.7038952560000666], [-75.28068139599998, 3.7038717590000374], {"c": [[-75.28136653899998, 3.701359625000066], [-75.28106001723735, 3.7026256146954215]]}, [-75.28137139999995, 3.7013366960000553], [-75.28137252999994, 3.701331451000044], [-75.28137370399998, 3.7013260960000594], [-75.28137485399998, 3.7013209270000402], [-75.28137599499996, 3.7013158880000674], [-75.28137698499995, 3.7013115720000656], [-75.28137781699996, 3.7013079890000427], [-75.28137904599998, 3.7013027620000685], [-75.28138032199996, 3.701297415000056], [-75.28138162999994, 3.701292021000029], [-75.28138286199999, 3.7012870110000335], [-75.28138382199995, 3.70128315900007], [-75.28138488999997, 3.7012789160000352], [-75.28138614899996, 3.701273987000036], [-75.28138751499995, 3.7012687030000393], [-75.28138889299998, 3.7012634490000664], [-75.28138991699996, 3.701259592000042], [-75.28139096899997, 3.701255675000027], [-75.28139238499995, 3.701250458000061], [-75.28139382499995, 3.701245221000022], [-75.28139494899995, 3.7012411870000506], [-75.28139596799997, 3.7012375630000633], [-75.28139713099995, 3.70123346500003], [-75.28139820199993, 3.701229733000048], [-75.28139928899998, 3.701225973000021], [-75.28140046899995, 3.7012219370000707], [-75.28140194599996, 3.7012169400000516], [-75.28140309199995, 3.7012130980000393], [-75.28140431099996, 3.7012090570000282], [-75.28140589099996, 3.701203870000029], [-75.28140745299999, 3.7011988070000257], [-75.28140907499994, 3.7011936100000753], [-75.28141062599997, 3.70118870400006], [-75.28141228599998, 3.701183510000021], [-75.28141399899994, 3.7011782110000695], [-75.28141564399994, 3.7011731870000517], [-75.28141692399998, 3.701169311000058], [-75.28141821799994, 3.70116543000006], [-75.28141983899997, 3.7011606190000634], [-75.28142744399997, 3.7011382780000304], [-75.28145219799995, 3.701065171000039], [-75.28180087199996, 3.7000296590000517], [-75.28187795099996, 3.6998126000000298], [-75.28200397599994, 3.699500077000039], [-75.28210176599998, 3.69928943900004], [-75.28221021599995, 3.6990841440000395], [-75.28240259399996, 3.698761295000054], [-75.28246849599998, 3.69865984300003], [-75.28271684499998, 3.698288193000053], [-75.28292261099995, 3.697974671000054], [-75.28313315099996, 3.6976416690000633], [-75.28333787399998, 3.6973050260000377], [-75.28353671599996, 3.696964845000025], [-75.28372961899998, 3.6966212290000726], [-75.28391652199997, 3.6962742830000366], [-75.28409736999998, 3.6959241130000464], [-75.28427210699994, 3.69557082700004], [-75.28444067999999, 3.695214530000044], [-75.28460303699995, 3.694855331000042], [-75.28475912999994, 3.6944933410000544], [-75.28490890999996, 3.6941286700000546], [-75.28505233299995, 3.693761428000073], [-75.28518935299996, 3.693391727000062], [-75.28531992999996, 3.693019679000031], [-75.28544402399996, 3.6926454000000604], [-75.28556159699997, 3.6922690010000565], [-75.28562302899996, 3.692059607000033], [-75.28589346399997, 3.691237964000038], [-75.28589863999997, 3.6912222780000548], [-75.28590093299994, 3.6912153690000764], [-75.28590329699995, 3.6912082840000267], [-75.28590575399994, 3.6912009560000456], [-75.28590800499995, 3.6911942820000263], [-75.28591042799997, 3.691187136000053], [-75.28591274499996, 3.6911803400000736], [-75.28591509199998, 3.691173488000061], [-75.28591742799995, 3.691166709000072], [-75.28591995599999, 3.6911594080000327], [-75.28592237499998, 3.691152457000044], [-75.28592467799996, 3.6911458740000285], [-75.28592715199994, 3.691138843000033], [-75.28592953999998, 3.6911320860000387], [-75.28593206899995, 3.6911249720000683], [-75.28593460399998, 3.691117871000074], [-75.28593711199994, 3.6911108860000468], [-75.28593944799997, 3.691104413000062], [-75.28594201299995, 3.691097341000045], [-75.28594438999994, 3.691090819000067], [-75.28594700199994, 3.6910836890000382], [-75.28594956499995, 3.691076724000027], [-75.28595207299998, 3.6910699440000485], [-75.28595467899999, 3.6910629370000265], [-75.28595724199994, 3.6910560790000204], [-75.28595976499997, 3.6910493610000685], [-75.28596241199995, 3.691042345000028], [-75.28596503199998, 3.6910354350000603], [-75.28596758999998, 3.691028723000045], [-75.28597020399997, 3.691021896000052], [-75.28597296699996, 3.6910147160000406], [-75.28597552399998, 3.691008102000069], [-75.28597816399997, 3.6910013090000575], [-75.28598089599996, 3.690994308000029], [-75.28598351999995, 3.690987620000044], [-75.28598613499997, 3.690980985000067], [-75.28598888899995, 3.690974028000028], [-75.28599167299996, 3.69096703200006], [-75.28599427899996, 3.690960511000071], [-75.28599702699995, 3.69095366800002], [-75.28599993699999, 3.690946456000063], [-75.28600266499996, 3.6909397260000674], [-75.28600533999997, 3.6909331560000282], [-75.28600802699998, 3.69092659100005], [-75.28601089799997, 3.6909196050000332], [-75.28601363799999, 3.690912969000067], [-75.28601644299994, 3.6909062070000687], [-75.28601929699994, 3.6908993590000705], [-75.28602218099996, 3.6908924680000723], [-75.28602505099997, 3.690885642000069], [-75.28602785899994, 3.690878994000059], [-75.28603076099995, 3.690872154000033], [-75.28603359099998, 3.69086551700002], [-75.28603648099994, 3.6908587670000657], [-75.28603944499997, 3.690851875000021], [-75.28604230799994, 3.6908452480000733], [-75.28604518099996, 3.6908386260000725], [-75.28604818899998, 3.690831726000056], [-75.28605110199999, 3.6908250700000735], [-75.28605389999996, 3.690818706000073], [-75.28605706199994, 3.6908115470000666], [-75.28606013799998, 3.690804612000022], [-75.28606294899998, 3.6907983010000294], [-75.28606597399994, 3.6907915430000457], [-75.28606901299997, 3.6907847810000476], [-75.28607190199995, 3.690778379000051], [-75.28607496599994, 3.6907716190000315], [-75.28607801199996, 3.6907649280000214], [-75.28608108199995, 3.690758211000059], [-75.28608415499997, 3.6907515210000383], [-75.28608721299997, 3.69074488800004], [-75.28609036199998, 3.6907380890000354], [-75.28609333999998, 3.690731683000024], [-75.28609659599994, 3.6907247100000404], [-75.28609965199996, 3.6907181940000555], [-75.28610271499997, 3.690711691000047], [-75.28610587299994, 3.6907050140000592], [-75.28610907799998, 3.6906982660000267], [-75.28611215199999, 3.6906918200000405], [-75.28611933599996, 3.6906768200000215], [-75.28698316699996, 3.6888767620000635], [-75.28704598599995, 3.688747994000039], [-75.28709002499994, 3.688660366000022], [-75.28719729399995, 3.6884497690000444], [-75.28745320499996, 3.6879473520000374], [-75.28761933099997, 3.68763694200004], [-75.28776943699995, 3.687385028000051], [-75.28789830899996, 3.687192044000028], [-75.28812898399997, 3.686882350000076], [-75.28841607099997, 3.6865282730000217], {"c": [[-75.28884710099999, 3.685979549000024], [-75.28863369770632, 3.6862555851221908]]}, [-75.28891948899997, 3.6858844050000243], [-75.28903247499994, 3.6857403260000297], [-75.28921214099995, 3.685517341000036], {"c": [[-75.28952045699998, 3.685125929000037], [-75.28936737383168, 3.685322489482924]]}, [-75.28957896499998, 3.6850499440000704], [-75.28976979699996, 3.684798489000059], [-75.28977939299995, 3.68478542400004], [-75.29003602799997, 3.684477955000034], [-75.29020863999995, 3.6842863680000733], [-75.29049521899998, 3.683978320000051], {"c": [[-75.29206584599996, 3.6820943930000567], [-75.29130603671746, 3.6830578162109093]]}, [-75.29227868699996, 3.681808897000053], [-75.29228882999996, 3.681795315000045], [-75.29229336699996, 3.6817892600000732], [-75.29229768399995, 3.681783517000042], [-75.29230210099996, 3.681777663000048], [-75.29230666899997, 3.681771629000025], [-75.29231083799993, 3.681766140000036], [-75.29231527799999, 3.6817603130000407], [-75.29232015099996, 3.6817539400000214], [-75.29232438899999, 3.6817484160000618], [-75.29232871799996, 3.681742793000069], [-75.29233324599994, 3.681736931000046], [-75.29233779399993, 3.68173106200004], [-75.29234218699997, 3.6817254120000484], [-75.29234684799997, 3.681719438000073], [-75.29235136699998, 3.681713665000075], [-75.29235570399999, 3.6817081440000266], [-75.29236035899999, 3.681702236000035], [-75.29236512799997, 3.681696205000037], [-75.29236939899994, 3.6816908210000747], [-75.29237409499996, 3.6816849230000344], [-75.29237880099998, 3.6816790290000654], [-75.29238315799995, 3.6816735920000383], [-75.29238795699996, 3.681667624000056], [-75.29239248699997, 3.681662008000046], [-75.29239698199996, 3.681656455000052], [-75.29240189799998, 3.68165040100007], [-75.29240646499994, 3.6816447860000494], [-75.29241094999998, 3.6816393090000474], [-75.29241578199998, 3.6816334180000467], [-75.29242039199994, 3.68162781500007], [-75.29242498199994, 3.6816222560000256], [-75.29242982399995, 3.6816164100000606], [-75.29243430799994, 3.6816110160000335], [-75.29243911199995, 3.6816052560000685], [-75.29244395999996, 3.6815994600000295], [-75.29244859199997, 3.681593942000063], [-75.29245340399996, 3.6815882300000453], [-75.29245789199996, 3.6815829180000605], [-75.29246285799996, 3.6815770610000413], [-75.29246743299996, 3.6815716810000367], [-75.29247217699998, 3.6815661220000493], [-75.29247699599995, 3.681560493000063], [-75.29248196299994, 3.6815547110000466], [-75.29248679699998, 3.6815491020000763], [-75.29249143899995, 3.6815437340000585], [-75.29249628099996, 3.6815381530000764], [-75.29250096799996, 3.681532768000068], [-75.29250583699996, 3.6815271910000433], [-75.29251047699995, 3.68152189500006], [-75.29251563999998, 3.68151602100005], [-75.29252040999995, 3.681510612000068], [-75.29252521999996, 3.6815051750000407], [-75.29253021099998, 3.681499552000048], [-75.29253486799996, 3.6814943220000487], [-75.29253991599995, 3.6814886730000467], [-75.29254507799999, 3.681482914000071], [-75.29254951699994, 3.681477978000032], [-75.29255453499997, 3.681472417000066], [-75.29255947299998, 3.6814669620000586], [-75.29257057499996, 3.6814547380000704], [-75.29285639699998, 3.6811405330000753], [-75.29298951799996, 3.6809986330000584], [-75.29323859799996, 3.6807540960000438], [-75.29341215999995, 3.6806004270000585], [-75.29359334799994, 3.6804559530000347], [-75.29378172399998, 3.6803210240000226], [-75.29397674899997, 3.680196024000054], [-75.29417791799995, 3.6800812780000456], [-75.29438469699994, 3.679977091000069], [-75.29459655599999, 3.67988372800005], [-75.29481289699999, 3.6798014530000387], [-75.29503320199996, 3.6797304660000236], [-75.29525680299997, 3.6796709790000364], [-75.29548319699995, 3.679623126000024], [-75.29571172399994, 3.6795870480000303], [-75.29594180299995, 3.679562836000059], [-75.29617280199994, 3.6795505550000485], [-75.29640414999994, 3.679550238000047], [-75.29663517999995, 3.6795618840000657], [-75.29686532899996, 3.6795854660000487], [-75.29709394999998, 3.679620916000033], [-75.29732047199997, 3.6796681470000294], [-75.29754423699995, 3.679727021000076], [-75.29776473899994, 3.6797974060000342], [-75.29800156599998, 3.6798867290000317], [-75.29842425699997, 3.6800706500000615], [-75.29856295499997, 3.680134985000052], [-75.29857756699994, 3.6801417780000634], [-75.29858438299993, 3.6801449600000637], [-75.29859059199998, 3.680147871000031], [-75.29859746699998, 3.680151108000075], [-75.29860455499994, 3.6801544590000503], [-75.29861107499994, 3.6801575550000507], [-75.29861735699996, 3.6801605510000286], [-75.29862390899996, 3.68016368800005], [-75.29863047699996, 3.68016684600002], [-75.29863768299998, 3.680170325000063], [-75.29864429699995, 3.680173532000026], [-75.29865045299994, 3.6801765300000397], [-75.29865711799994, 3.6801797890000216], [-75.29866378099996, 3.680183060000047], [-75.29867055699998, 3.6801864020000608], [-75.29867666099994, 3.6801894230000585], [-75.29868371799995, 3.680192931000022], [-75.29869037099996, 3.6801962510000408], [-75.29869652099995, 3.680199334000065], [-75.29870347999997, 3.680202836000035], [-75.29870963999997, 3.680205949000026], [-75.29871653199996, 3.6802094450000595], [-75.29872243599993, 3.6802124520000348], [-75.29872948599996, 3.680216058000042], [-75.29873589599998, 3.6802193500000726], [-75.29874228999995, 3.680222646000061], [-75.29874883199994, 3.680226032000064], [-75.29875558999998, 3.6802295450000315], [-75.29876202199995, 3.6802329010000676], [-75.29876853599995, 3.680236313000023], [-75.29877464799995, 3.6802395280000724], [-75.29878179299999, 3.6802433010000755], [-75.29878780699994, 3.6802464890000692], [-75.29879446199999, 3.680250031000071], [-75.29880075499995, 3.680253394000033], [-75.29880768299995, 3.6802571100000705], [-75.29881345399997, 3.6802602180000576], [-75.29882050199996, 3.680264029000057], [-75.29882679199994, 3.680267443000048], [-75.29883303799994, 3.6802708460000417], [-75.29883967499995, 3.6802744770000686], [-75.29884633399996, 3.6802781330000585], [-75.29885229099995, 3.68028141700006], [-75.29885919099996, 3.6802852360000315], [-75.29886536199996, 3.6802886650000346], [-75.29887150999997, 3.6802920940000377], [-75.29887835699998, 3.6802959270000315], [-75.29888482499996, 3.6802995610000266], [-75.29889093299994, 3.6803030080000667], [-75.29889724999998, 3.6803065850000394], [-75.29890376599997, 3.680310289000033], [-75.29891030399995, 3.6803140200000257], [-75.29891633499994, 3.6803174740000486], [-75.29892308599995, 3.680321356000036], [-75.29892931599994, 3.6803249510000455], [-75.29893573799995, 3.68032867200003], [-75.29894223099996, 3.6803324480000583], [-75.29894827699997, 3.680335977000027], [-75.29896261799996, 3.6803443810000545], [-75.30025778999999, 3.6811046600000736], [-75.30032077199996, 3.681142082000065], [-75.30104006199997, 3.6815903160000403], {"c": [[-75.30215374399995, 3.682240721000028], [-75.30159226838443, 3.6819235279825513]]}, [-75.30244127099996, 3.6823977520000426], {"c": [[-75.30347718599995, 3.682929133000073], [-75.3029558097146, 3.6826701692159016]]}, [-75.30364792299997, 3.6830112400000417], [-75.30365394599994, 3.6830143470000394], [-75.30366077799994, 3.683017896000024], [-75.30366809799995, 3.683021717000031], [-75.30367276899995, 3.6830241680000313], [-75.30367765199998, 3.683026742000038], [-75.30368204599995, 3.6830290670000636], [-75.30368710799996, 3.683031756000048], [-75.30369201299999, 3.6830343720000656], [-75.30369659799999, 3.6830368270000235], [-75.30370116199998, 3.683039281000049], [-75.30370584599996, 3.68304181000002], [-75.30371081799996, 3.683044505000055], [-75.30371543599995, 3.6830470170000353], [-75.30371999899995, 3.683049510000046], [-75.30372439399997, 3.6830519200000253], [-75.30372920499997, 3.683054569000035], [-75.30373400399998, 3.683057222000059], [-75.30374102699994, 3.6830611230000727], [-75.30374783799994, 3.683064927000032], [-75.30375288599998, 3.683067761000075], [-75.30375728399997, 3.6830702400000632], [-75.30376205599998, 3.683072940000045], [-75.30376672699998, 3.683075592000023], [-75.30377112899998, 3.6830781030000708], [-75.30377626799998, 3.683081044000062], [-75.30378057399997, 3.6830835180000463], [-75.30378754999998, 3.6830875470000706], [-75.30379470799994, 3.683091703000059], [-75.30379927599995, 3.68309436800007], [-75.30380365199994, 3.6830969310000228], [-75.30380840899994, 3.683099728000059], [-75.30381297499997, 3.6831024230000367], [-75.30381784099995, 3.6831053060000727], [-75.30382243299994, 3.6831080360000215], [-75.30382675499999, 3.6831106160000218], [-75.30383145899998, 3.6831134350000525], [-75.30383816399996, 3.6831174710000596], [-75.30384505499995, 3.6831216430000495], [-75.30384953099997, 3.683124365000026], [-75.30385439999998, 3.6831273370000304], [-75.30385881499996, 3.6831300430000624], [-75.30386328399999, 3.683132791000048], [-75.30386807399998, 3.6831357480000406], [-75.30387265099995, 3.683138584000062], [-75.30387703599996, 3.6831413110000426], [-75.30388171599998, 3.683144233000064], [-75.30388601199996, 3.6831469250000737], [-75.30389075799997, 3.683149909000065], [-75.30389490699997, 3.6831525280000506], [-75.30389951699993, 3.683155449000026], [-75.30390440599996, 3.6831585570000698], [-75.30400168199998, 3.683222424000064], [-75.30412858199998, 3.6833043610000686], [-75.30461814699999, 3.6836181400000214], [-75.30488658899998, 3.6838093080000363], [-75.30506817199995, 3.6839532830000508], [-75.30524215599996, 3.6841064760000677], [-75.30540805599998, 3.684268459000066], [-75.30556540999999, 3.68443878100004], [-75.30571384299998, 3.6846170320000624], [-75.30585296799995, 3.6848027530000422], [-75.30598236699996, 3.6849953860000255], [-75.30610172899998, 3.6851944640000625], [-75.30621073099996, 3.6853994520000697], [-75.30630909099995, 3.6856098170000564], [-75.30639653499998, 3.68582497400007], [-75.30647284299994, 3.6860443830000236], [-75.30653779999994, 3.6862674250000396], [-75.30659124699997, 3.686493550000023], [-75.30663303299997, 3.6867221190000237], [-75.30666305599993, 3.6869525920000683], [-75.30668127499996, 3.6871848840000325], [-75.30669109899998, 3.687547830000028], [-75.30665974599998, 3.688410020000049], [-75.30665738999994, 3.6884775740000464], [-75.30664765299997, 3.6888719450000735], [-75.30664476799996, 3.689266428000053], [-75.30664873699999, 3.6896609010000248], [-75.30665955799998, 3.690055244000064], [-75.30667722799996, 3.6904493380000645], [-75.30670174199997, 3.690843062000056], [-75.30673309199994, 3.6912362960000564], [-75.30676016299998, 3.691521395000052], [-75.30676218799994, 3.691541718000053], [-75.30675786799998, 3.691624488000059], [-75.30675285399997, 3.6917278680000436], [-75.30674963899997, 3.6917974240000717], [-75.30674870699994, 3.691817785000069], [-75.30674555499996, 3.6918873440000652], [-75.30674464099997, 3.691907706000052], [-75.30674155099996, 3.691977267000027], [-75.30674065599999, 3.69199763000006], [-75.30673762799995, 3.6920671940000602], [-75.30673675099996, 3.6920875580000256], [-75.30673378599994, 3.6921571240000617], [-75.30673292799997, 3.6921774890000734], [-75.30673002499998, 3.692247058000021], [-75.30672918399995, 3.692267424000022], [-75.30672634399997, 3.6923369960000514], [-75.30672552199997, 3.6923573620000525], [-75.30672274499995, 3.69242693700005], [-75.30672193999999, 3.6924473030000513], [-75.30672040199994, 3.692486731000031], [-75.30670515499997, 3.6928016200000684], [-75.30669122799998, 3.6931421550000323], [-75.30668984099998, 3.693184944000052], [-75.30668194099997, 3.6934357590000673], [-75.30668166999999, 3.6934471970000686], [-75.30665315399995, 3.693670897000061], [-75.30657657199998, 3.694096410000043], [-75.30656012999998, 3.6941707860000292], [-75.30655655699996, 3.6941868820000536], [-75.30655501499996, 3.69419377600002], [-75.30655325999999, 3.6942015630000355], [-75.30655176599998, 3.694208146000051], [-75.30655003599998, 3.694215707000069], [-75.30654831699997, 3.6942231700000434], [-75.30654682599999, 3.694229589000031], [-75.30654509099998, 3.6942370050000477], [-75.30654329699996, 3.6942446210000526], [-75.30654171599997, 3.694251288000032], [-75.30653997499996, 3.694258568000066], [-75.30653825399997, 3.694265716000075], [-75.30653640499997, 3.6942733430000203], [-75.30653474699994, 3.694280134000053], [-75.30653290799995, 3.694287612000039], [-75.30653129999996, 3.6942941070000757], [-75.30652945299994, 3.69430150900007], [-75.30652769999995, 3.6943084940000404], [-75.30652582399995, 3.6943159160000505], [-75.30652392199994, 3.6943233880000435], [-75.30652230399994, 3.694329703000051], [-75.30652032699999, 3.6943373670000597], [-75.30651845199998, 3.6943445860000566], [-75.30651666699998, 3.6943514150000283], [-75.30651477699996, 3.6943585950000397], [-75.30651289599996, 3.694365696000034], [-75.30651090199996, 3.6943731740000203], [-75.30650914599994, 3.694379715000025], [-75.30650715299998, 3.6943870920000563], [-75.30650520999995, 3.6943942410000545], [-75.30650320299998, 3.6944015740000395], [-75.30650132199997, 3.6944084060000364], [-75.30649935299994, 3.69441550800002], [-75.30649735999998, 3.694422657000075], [-75.30649539299998, 3.6944296650000297], [-75.30649339899998, 3.694436728000028], [-75.30649140399998, 3.6944437470000366], [-75.30648935999994, 3.6944508980000705], [-75.30648729899997, 3.694458065000049], [-75.30648527599999, 3.694465057000059], [-75.30648318299995, 3.694472243000064], [-75.30648115899999, 3.694479154000021], [-75.30647903299996, 3.6944863670000245], [-75.30647704899997, 3.6944930600000703], [-75.30647481699998, 3.6945005430000606], [-75.30647270199995, 3.6945075950000614], [-75.30647060999996, 3.6945145290000596], [-75.30646843899996, 3.694521683000062], [-75.30646642599999, 3.694528276000028], [-75.30646404499998, 3.6945360280000727], [-75.30646195599996, 3.6945427940000286], [-75.30645988699996, 3.6945494540000254], [-75.30645754299996, 3.694556956000042], [-75.30645537599997, 3.6945638530000338], [-75.30645326199993, 3.694570542000065], [-75.30645092599997, 3.69457789300003], [-75.30644866299997, 3.694584978000023], [-75.30644647799994, 3.694591777000028], [-75.30644418599996, 3.694598868000071], [-75.30644182799995, 3.6946061270000428], [-75.30643966899999, 3.6946127340000317], [-75.30643717199996, 3.694620334000035], [-75.30643509499998, 3.6946266210000545], [-75.30643266799996, 3.694633927000041], [-75.30643043799995, 3.694640608000043], [-75.30642804499996, 3.6946477320000213], [-75.30642568399998, 3.6946547270000565], [-75.30642326999998, 3.6946618430000626], [-75.30642091599998, 3.6946687430000225], [-75.30641846299994, 3.694675895000046], [-75.30641615499997, 3.6946825880000347], [-75.30641362899996, 3.6946898750000514], [-75.30641134099994, 3.694696443000055], [-75.30640884699994, 3.6947035630000755], [-75.30640638799997, 3.6947105470000565], [-75.30640404099995, 3.6947171790000652], [-75.30640150199997, 3.6947243150000304], [-75.30639903099996, 3.694731243000035], [-75.30639407299998, 3.6947450040000263], [-75.30639156699993, 3.694751889000031], [-75.30638884599995, 3.694759346000069], [-75.30638639499995, 3.6947660310000288], [-75.30638385899994, 3.6947729090000507], [-75.30638141999998, 3.694779492000066], [-75.30637870599998, 3.694786782000051], [-75.30637619399994, 3.694793498000024], [-75.30637351899998, 3.694800611000062], [-75.30637102099996, 3.694807221000076], [-75.30636845599997, 3.694813977000024], [-75.30636568699998, 3.6948212340000737], [-75.30636311199999, 3.6948279490000573], [-75.30636037199997, 3.694835061000049], [-75.30635787599994, 3.694841507000035], [-75.30635519599997, 3.694848395000065], [-75.30635241799996, 3.6948555020000526], [-75.30634970899996, 3.694862401000023], [-75.30634716699996, 3.6948688410000727], [-75.30634433199998, 3.694875990000071], [-75.30633830899995, 3.6948911100000714], [-75.30616349299999, 3.695328863000043], [-75.30609849999996, 3.695485000000076], [-75.30594742199997, 3.695810442000038], [-75.30583898199995, 3.6960157310000454], [-75.30572016399998, 3.696215142000028], [-75.30559129899996, 3.696408126000051], [-75.30542857999995, 3.69662659100004], [-75.30526612199998, 3.69682421400006], [-75.30502320999994, 3.6970885980000503], [-75.30485774599998, 3.697251048000055], [-75.30468418399994, 3.697404719000076], [-75.30449577099995, 3.6975549570000226], [-75.30409299899998, 3.6978439610000464], [-75.30392339499997, 3.697959344000026], [-75.30385025299995, 3.6980093150000357], [-75.30383029899997, 3.6980230020000704], [-75.30382496699997, 3.6980266330000404], [-75.30382107699995, 3.6980292660000487], [-75.30381684599996, 3.6980321130000675], [-75.30381166099994, 3.6980355790000203], [-75.30380603999998, 3.698039311000059], [-75.30380091099994, 3.6980426870000542], [-75.30379542999998, 3.6980462710000666], [-75.30378973999996, 3.6980499630000736], [-75.30378429799998, 3.698053469000058], [-75.30378032799996, 3.6980560080000373], [-75.30377622799995, 3.6980586160000257], [-75.30377067099994, 3.698062127000071], [-75.30376519399994, 3.6980655620000675], [-75.30375982299995, 3.6980689040000243], [-75.30375423599997, 3.6980723540000326], [-75.30374886399994, 3.698075647000053], [-75.30374459199999, 3.698078247000069], [-75.30374055099998, 3.6980806930000654], [-75.30373497399995, 3.69808404500003], [-75.30373062599995, 3.698086642000021], [-75.30372665199997, 3.6980890000000386], [-75.30372090999998, 3.698092385000052], [-75.30371543199993, 3.6980955900000367], [-75.30371130599997, 3.6980979860000502], [-75.30370697399997, 3.6981004870000334], [-75.30370277399999, 3.6981028980000588], [-75.30369837499995, 3.6981054080000604], [-75.30369436399997, 3.698107683000046], [-75.30369001899999, 3.6981101310000213], [-75.30368441499996, 3.6981132690000322], [-75.30367879599999, 3.6981163870000273], [-75.30367290999999, 3.6981196300000647], [-75.30366742299998, 3.6981226260000426], [-75.30366181099998, 3.698125667000056], [-75.30365607099998, 3.6981287530000486], [-75.30365025299994, 3.6981318530000635], [-75.30364594499997, 3.6981341330000532], [-75.30364171199994, 3.6981363590000456], [-75.30363610299997, 3.6981392870000604], [-75.30363136199998, 3.6981417430000647], [-75.30362738399998, 3.6981437910000636], [-75.30362288399994, 3.6981460940000375], [-75.30361865799995, 3.698148242000059], [-75.30361283199994, 3.6981511820000605], [-75.30360707099999, 3.698154063000061], [-75.30360130999998, 3.6981569210000202], [-75.30359700099996, 3.6981590430000324], [-75.30359259799997, 3.6981611950000683], [-75.30358807699997, 3.6981633930000726], [-75.30358376099997, 3.6981654760000424], [-75.30357799899997, 3.6981682350000256], [-75.30357373099997, 3.698170264000055], [-75.30356935399993, 3.698172330000034], [-75.30356335099998, 3.6981751430000713], [-75.30355896899994, 3.6981771810000623], [-75.30355455099993, 3.6981792200000427], [-75.30354868399996, 3.6981819070000483], [-75.30354448999998, 3.698183813000071], [-75.30353975199995, 3.698185952000074], [-75.30353550899997, 3.6981878540000253], [-75.30351486299998, 3.698197055000037], {"c": [[-75.29061304999993, 3.7142415390000565], [-75.29513612203682, 3.704654714155394]]}, [-75.29060783099999, 3.714266665000025], [-75.29060641699994, 3.714273416000026], [-75.29060495799996, 3.7142803290000757], [-75.29060344699997, 3.7142874260000553], [-75.29060196799998, 3.7142943220000575], [-75.29060047999997, 3.7143012070000623], [-75.29059898299994, 3.714308079000034], [-75.29059740799994, 3.714315251000073], [-75.29059586599999, 3.714322217000074], [-75.29059432899999, 3.7143291110000405], [-75.29059274499997, 3.714336157000048], [-75.29059114699999, 3.7143432160000316], [-75.29058969199997, 3.714349592000076], [-75.29058798199998, 3.714357029000041], [-75.29058643699994, 3.714363702000071], [-75.29058481099997, 3.7143706720000296], [-75.29058316399994, 3.714377683000066], [-75.29058159799996, 3.7143842980000272], [-75.29057985599997, 3.71439160500006], [-75.29057832399997, 3.7143979860000513], [-75.29057649099997, 3.71440556400006], [-75.29057497199994, 3.7144118000000503], [-75.29057319299994, 3.71441905100005], [-75.29057147699996, 3.7144259980000243], [-75.29056974799994, 3.7144329530000277], [-75.29056803499998, 3.714439791000075], [-75.29056636199994, 3.714446426000052], [-75.29056452999998, 3.7144536390000553], [-75.29056284299998, 3.7144602390000614], [-75.29056097999995, 3.7144674740000596], [-75.29055920199994, 3.7144743360000234], [-75.29055748999997, 3.714480902000048], [-75.29055564199996, 3.714487939000037], [-75.29055391399999, 3.7144944750000377], [-75.29055188399997, 3.7145021060000545], [-75.29055026099996, 3.7145081640000512], [-75.29054827399995, 3.7145155350000323], [-75.29054654299995, 3.71452191700007], [-75.29054452899999, 3.714529293000055], [-75.29054268499993, 3.714536004000024], [-75.29054081899994, 3.714542753000046], [-75.29053888599998, 3.714549697000052], [-75.29053696199998, 3.7145565710000596], [-75.29053501299995, 3.7145634860000314], [-75.29053319299999, 3.7145699050000758], [-75.29053113999998, 3.7145771000000423], [-75.29052923799998, 3.7145837260000576], [-75.29052722399996, 3.7145906970000624], [-75.29052524899998, 3.714597496000067], [-75.29052329499996, 3.7146041830000627], [-75.29052126099998, 3.714611097000045], [-75.29051923999998, 3.7146179280000524], [-75.29051718699998, 3.7146248260000334], [-75.29051523599998, 3.71463133900005], [-75.29051306699995, 3.7146385420000456], [-75.29051105699995, 3.7146451800000477], [-75.29050899999999, 3.714651927000034], [-75.29050699999993, 3.714658453000027], [-75.29050485899995, 3.7146653990000686], [-75.29050274199994, 3.7146722280000404], [-75.29050056499995, 3.7146792080000637], [-75.29049843999996, 3.714685986000063], [-75.29049632299996, 3.7146926970000322], [-75.29049414499997, 3.714699562000021], [-75.29049202999994, 3.7147061910000616], [-75.29048982699999, 3.714713062000044], [-75.29048778199996, 3.714719401000025], [-75.29048548999998, 3.7147264660000587], [-75.29048330399996, 3.714733168000066], [-75.29048103099996, 3.714740101000075], [-75.29047883099997, 3.714746772000069], [-75.29047656599994, 3.7147536030000765], [-75.29047430299994, 3.7147603920000734], [-75.29047212899997, 3.7147668760000556], [-75.29046982199998, 3.714773722000075], [-75.29046754299998, 3.714780448000056], [-75.29046522099998, 3.714787265000041], [-75.29046282399997, 3.7147942640000338], [-75.29046064799996, 3.714800586000024], [-75.29045833899994, 3.7148072560000287], [-75.29045600599994, 3.7148139640000295], [-75.29045358799993, 3.714820876000033], [-75.29045138199996, 3.7148271530000443], [-75.29044880799995, 3.7148344380000253], [-75.29044655699994, 3.7148407760000737], [-75.29043997899998, 3.714859200000035], [-75.29033748399996, 3.715145780000057], [-75.29033059799997, 3.715165063000029], [-75.29032244699994, 3.715187917000037], [-75.29032070399995, 3.7151927780000733], [-75.29031901099995, 3.7151974770000606], [-75.29031714099995, 3.7152026380000507], [-75.29031525999994, 3.7152078040000447], [-75.29031262099994, 3.715215001000047], [-75.29030984999997, 3.7152225070000213], [-75.29030796499995, 3.7152275780000537], [-75.29030617399997, 3.7152323720000595], [-75.29030435099997, 3.7152372270000456], [-75.29030146399998, 3.7152448640000557], [-75.29029874499997, 3.715252006000071], [-75.29029683999994, 3.71525697900006], [-75.29029496899994, 3.715261837000071], [-75.29029194999998, 3.7152696270000547], [-75.29028916599998, 3.7152767600000516], [-75.29028724299997, 3.7152816560000588], [-75.29028530699998, 3.715286562000074], [-75.29028340199994, 3.715291366000031], [-75.29028136099998, 3.715296485000067], [-75.29027941899994, 3.715301337000028], [-75.29027749699998, 3.7153061130000538], [-75.29027545499997, 3.7153111620000345], [-75.29027337299993, 3.7153162850000285], [-75.29027153299995, 3.7153207910000674], [-75.29026952999999, 3.715325675000031], [-75.29026748699994, 3.715330631000029], [-75.29026549699995, 3.715335438000068], [-75.29026350299995, 3.715340230000038], [-75.29026035699997, 3.7153477440000415], [-75.29025723899997, 3.7153551450000464], [-75.29025524599996, 3.715359847000059], [-75.29025324099996, 3.715364553000029], [-75.29025102899999, 3.715369722000048], [-75.29024798899997, 3.7153767860000357], [-75.29024476599994, 3.7153842250000366], [-75.29024266799996, 3.7153890400000478], [-75.29024057399994, 3.7153938230000563], [-75.29023854199994, 3.715398442000037], [-75.29023627399994, 3.7154035760000284], [-75.29023416199993, 3.715408337000042], [-75.29023206299996, 3.7154130440000586], [-75.29022980499997, 3.7154180860000565], [-75.29022777399996, 3.7154226040000253], [-75.29022558099996, 3.7154274540000642], [-75.29022342499997, 3.715432207000049], [-75.29022006999998, 3.7154395570000247], [-75.29021565599999, 3.7154491550000444], [-75.29021236399996, 3.7154562630000214], [-75.29021022899997, 3.715460846000042], [-75.29020774399999, 3.7154661550000583], [-75.29020557999996, 3.715470761000063], [-75.29020348699999, 3.715475194000021], [-75.29020102599998, 3.715480383000056], [-75.29019891999997, 3.715484808000042], [-75.29019647599995, 3.71548991800006], [-75.29019425099995, 3.715494553000042], [-75.29019199499999, 3.715499229000045], [-75.29018857099999, 3.715506289000075], [-75.29018498699998, 3.715513635000036], [-75.29018274999999, 3.715518194000026], [-75.29017929199995, 3.7155252050000627], [-75.29017567799997, 3.7155324890000543], [-75.29017331799997, 3.715537219000055], [-75.29017095599994, 3.7155419360000224], [-75.29016859199999, 3.7155466350000665], [-75.29016623899997, 3.7155512920000433], [-75.29016386399996, 3.7155559730000505], [-75.29016148799997, 3.7155606380000563], [-75.29015898199998, 3.715565537000032], [-75.29014801899996, 3.7155868860000396], [-75.29008207099997, 3.715716321000059], [-75.28990733499995, 3.7160696090000442], [-75.28973876299995, 3.71642590700003], [-75.28957640699997, 3.716785107000021], [-75.28952458599997, 3.7169052870000314], [-75.28948142699994, 3.7170019600000614], [-75.28941090299998, 3.717148805000022], {"c": [[-75.28721508699994, 3.7256324930000346], [-75.28789969450578, 3.7212826898032865]]}, [-75.28721352299993, 3.725658992000035], [-75.28721297099997, 3.7256680890000666], [-75.28721243299998, 3.72567674000004], [-75.28721184899996, 3.7256858880000436], [-75.28721126499994, 3.725694825000062], [-75.28721067299995, 3.725703665000026], [-75.28721005399996, 3.7257127070000706], [-75.28720944499997, 3.7257213750000346], [-75.28720880799995, 3.725730267000074], [-75.28720816199996, 3.7257390730000566], [-75.28720751099996, 3.725747755000043], [-75.28720682099998, 3.725756785000044], [-75.28720611199998, 3.725765857000056], [-75.28720543499998, 3.7257743650000634], [-75.28720473899995, 3.7257829300000367], [-75.28720395699997, 3.7257923720000576], [-75.28720321899993, 3.72580111700006], [-75.28720244099998, 3.7258101560000227], [-75.28720169399998, 3.7258186850000357], [-75.28720090399997, 3.725827546000062], [-75.28720012199994, 3.725836146000063], [-75.28719929099998, 3.72584514600004], [-75.28719844199998, 3.725854191000053], [-75.28719761499997, 3.725862846000041], [-75.28719671199997, 3.7258721380000566], [-75.28719587799998, 3.725880590000031], [-75.28719497799995, 3.7258895500000335], [-75.28719407699998, 3.7258983920000333], [-75.28719318099996, 3.7259070360000237], [-75.28719223699994, 3.7259160220000354], [-75.28719130599995, 3.7259247390000496], [-75.28719031099996, 3.725933932000032], [-75.28718934899996, 3.7259426820000385], [-75.28718841199998, 3.725951086000066], [-75.28718735999996, 3.7259603830000287], [-75.28718636199994, 3.7259690860000205], [-75.28718538099997, 3.7259775200000718], [-75.28718427999996, 3.7259868530000517], [-75.28718325299997, 3.725995456000021], [-75.28718217299996, 3.72600436700003], [-75.28718114899993, 3.7260127100000204], [-75.28718000399994, 3.726021924000065], [-75.28717885399993, 3.7260310550000213], [-75.28717776299999, 3.726039607000075], [-75.28717666199998, 3.7260481370000207], [-75.28717548099996, 3.7260571690000575], [-75.28717427499998, 3.726066279000065], [-75.28717311499997, 3.7260749370000212], [-75.28717196199995, 3.726083448000054], [-75.28717073299998, 3.7260924060000207], [-75.28716954899994, 3.7261009380000587], [-75.28716823199994, 3.7261103210000215], [-75.28716703699996, 3.7261187370000357], [-75.28716576599999, 3.726127588000054], [-75.28716444599996, 3.7261366750000207], [-75.28716322999998, 3.7261449560000415], [-75.28716186899999, 3.72615412600004], [-75.28716060799997, 3.7261625280000317], [-75.28715923599998, 3.7261715730000446], [-75.28715787399994, 3.7261804630000483], [-75.28715653199998, 3.7261891240000296], [-75.28715519599996, 3.726197662000061], [-75.28715379499994, 3.726206520000062], [-75.28715237199998, 3.726215426000067], [-75.28715094299997, 3.726224284000068], [-75.28714956999994, 3.7262327080000546], [-75.28714807499995, 3.7262417910000636], [-75.28714667099996, 3.72625024000007], [-75.28714508599995, 3.7262596810000446], [-75.28714368299995, 3.726267958000051], [-75.28714220699999, 3.7262765870000294], [-75.28714063999996, 3.726285659000041], [-75.28713914499997, 3.7262942350000685], [-75.28713763399998, 3.726302816000043], [-75.28713602199997, 3.726311891000023], [-75.28713446899997, 3.726320557000065], [-75.28713289799998, 3.72632924800007], [-75.28713129399995, 3.726338032000058], [-75.28712971099998, 3.7263466280000443], [-75.28712813299995, 3.7263551230000758], [-75.28712637199999, 3.7263645180000253], [-75.28712479199999, 3.7263728830000673], [-75.28712308999997, 3.7263818050000737], [-75.28712146899994, 3.7263902350000535], [-75.28711974499998, 3.726399125000057], [-75.28711460999995, 3.726425382000059], {"c": [[-75.28674137499996, 3.7292941940000333], [-75.28688225339596, 3.727853782609017]]}, [-75.28673030499994, 3.7294626630000494], {"c": [[-75.28668206599997, 3.731119880000051], [-75.28669105440085, 3.730290827018858]]}, [-75.28668449199995, 3.731446922000032], {"c": [[-75.29915237799997, 3.7515104990000623], [-75.29009750207342, 3.743247721388775]]}, [-75.29975629699999, 3.7518126750000533], [-75.29989437799998, 3.7518901150000374], [-75.30023975599994, 3.752077866000036], [-75.30058834399995, 3.752259534000075], [-75.30094003299996, 3.752435063000064], [-75.30129471999999, 3.752604399000063], [-75.30165229499994, 3.7527674900000534], [-75.30201264799996, 3.752924288000031], [-75.30237567099994, 3.75307474300007], [-75.30274125199998, 3.753218812000057], [-75.30310928099993, 3.753356449000023], [-75.30347964499998, 3.7534876120000717], [-75.30385223199994, 3.7536122630000364], [-75.30422692699995, 3.7537303620000557], [-75.30460361699994, 3.753841873000056], [-75.30498218699995, 3.753946764000034], [-75.30536252199994, 3.754045000000076], [-75.30574450599994, 3.754136555000059], [-75.30612802199994, 3.754221398000027], [-75.30651295299998, 3.7542995040000733], [-75.30689918399997, 3.754370849000054], [-75.30728659399995, 3.754435413000067], [-75.30767506699993, 3.7544931740000607], [-75.30806448499999, 3.7545441150000443], [-75.30845472799996, 3.7545882210000627], [-75.30884567799995, 3.754625479000026], [-75.30923721599999, 3.7546558770000615], [-75.30962922299994, 3.754679405000047], [-75.31002157899997, 3.754696058000036], [-75.31008662999994, 3.7546978530000388], [-75.31009318799994, 3.7546979130000295], [-75.31010279899994, 3.7546984890000203], [-75.31010698999995, 3.7546988490000217], [-75.31011264299997, 3.754699323000068], [-75.31012329899994, 3.7547002900000734], [-75.31013004299996, 3.7547016220000273], [-75.31013659699994, 3.754702795000071], [-75.31023938699997, 3.754716915000074], [-75.31043976899997, 3.754743971000039], [-75.31085724399998, 3.7548100260000297], [-75.31111829399998, 3.7548644400000626], [-75.31134208299994, 3.754923305000034], [-75.31156259399995, 3.7549936760000264], [-75.31177918299994, 3.7550753490000375], [-75.31199130799996, 3.75516811600005], [-75.31219839199997, 3.755271728000025], [-75.31239989799997, 3.755385914000044], [-75.31259527999998, 3.755510366000067], [-75.31278404099999, 3.7556447680000247], [-75.31296564299998, 3.7557887360000564], [-75.31313964699996, 3.7559419220000336], [-75.31330556599994, 3.7561038990000384], [-75.31346293899998, 3.756274215000076], [-75.31361139099994, 3.7564524610000376], [-75.31375052899995, 3.75663817100002], [-75.31387994399995, 3.7568307970000205], [-75.31399931899995, 3.75702986400006], [-75.31410834299999, 3.75723485900005], [-75.31420671999996, 3.757445222000058], [-75.31429417599998, 3.7576603700000533], [-75.31437049899995, 3.7578797790000635], [-75.31443547099997, 3.7581028200000333], [-75.31448892699996, 3.7583289320000404], [-75.31453072399995, 3.758557501000041], [-75.31456075899996, 3.7587879760000646], [-75.31457893799995, 3.7590196320000473], [-75.31458833299996, 3.7593669350000596], [-75.31458548699999, 3.7595687890000704], [-75.31458077999997, 3.7597277170000325], [-75.31453183999997, 3.761380200000076], [-75.31453061899998, 3.761410925000064], [-75.31448306699997, 3.762039595000033], {"c": [[-75.31444662899997, 3.7626201390000347], [-75.31446298927548, 3.7623297492745316]]}, [-75.31443307999996, 3.7628915960000313], {"c": [[-75.31440143799995, 3.7637015830000564], [-75.31441278575818, 3.763296413163912]]}, [-75.31440085899999, 3.763709234000032], [-75.31437147499997, 3.763939788000073], [-75.31436738899998, 3.763962498000069], {"c": [[-75.31421544599993, 3.764695826000036], [-75.31428797445051, 3.7643284421148198]]}, [-75.31404413299998, 3.7656016440000712], [-75.31390727899998, 3.766189600000075], [-75.31355648499994, 3.7675425410000685], [-75.31355236299999, 3.7675584330000333], [-75.31349795099999, 3.767762031000075], [-75.31299872399995, 3.7695800850000296], [-75.31280213099996, 3.7702458300000217], [-75.31273592299993, 3.770474449000062], [-75.31263151099995, 3.77085474200004], [-75.31253372299994, 3.771236808000026], [-75.31244258699996, 3.771620530000064], [-75.31235813299998, 3.7720057920000727], [-75.31228038399996, 3.772392474000071], [-75.31220936599993, 3.772780462000071], [-75.31214509799997, 3.7731696350000448], [-75.31208760299995, 3.7735598760000357], [-75.31203689599994, 3.7739510650000625], [-75.31199299299993, 3.7743430840000656], [-75.31195590799996, 3.7747358130000634], [-75.31192565099997, 3.7751291320000746], [-75.31190223299996, 3.77552292200005], [-75.31188565899998, 3.775917062000076], [-75.31187593699997, 3.7763114330000462], [-75.31187306699996, 3.776705914000047], [-75.31187705099995, 3.7771003850000398], [-75.31188788799994, 3.777494726000043], [-75.31190557599996, 3.777888818000065], [-75.31193010699997, 3.778282539000031], [-75.31196147499998, 3.778675771000053], [-75.31199966999998, 3.779068392000056], [-75.31204468099997, 3.779460284000038], [-75.31209649299996, 3.779851327000074], [-75.31215509199995, 3.7802414020000583], [-75.31222045999993, 3.7806303900000557], [-75.31229257499996, 3.7810181730000636], [-75.31237141799994, 3.7814046330000224], [-75.31245696199994, 3.781789652000043], [-75.31254918299999, 3.7821731120000663], [-75.31264805199999, 3.782554897000068], [-75.31275353999996, 3.782934891000025], [-75.31286561299999, 3.7833129780000263], [-75.31298423899995, 3.783689041000059], [-75.31310937999996, 3.7840629680000575], [-75.31324099799997, 3.784434645000033], [-75.31337905499998, 3.784803957000065], [-75.31352350799995, 3.785170792000031], [-75.31367431099994, 3.785535039000024], [-75.31383142099997, 3.7858965860000353], [-75.31399478699996, 3.78625532500007], [-75.31416436199999, 3.7866111450000517], [-75.31434009399999, 3.7869639360000633], [-75.31452192799998, 3.787313594000068], [-75.31470980899996, 3.7876600120000603], [-75.31490368199997, 3.7880030810000562], [-75.31510348399996, 3.788342700000044], [-75.31530915799993, 3.788678765000043], [-75.31552063899994, 3.789011172000073], [-75.31573786299998, 3.7893398210000555], [-75.31596076399995, 3.789664612000024], [-75.31618927499994, 3.7899854450000703], [-75.31642332499996, 3.7903022240000723], [-75.31666284299996, 3.7906148510000435], [-75.31690775699997, 3.790923231000022], [-75.31715799099999, 3.791227270000036], [-75.31741346999996, 3.791526877000024], [-75.31767411499999, 3.791821958000071], [-75.31793984799998, 3.7921124250000275], [-75.31821058699995, 3.792398189000039], [-75.31848624999998, 3.792679164000049], [-75.31876675299998, 3.792955262000021], [-75.31905200999995, 3.7932264010000267], [-75.31934193499995, 3.793492497000045], [-75.31963643899996, 3.793753471000059], [-75.31993543299996, 3.794009241000026], [-75.32023882399994, 3.7942597300000216], [-75.32054652199997, 3.794504863000043], [-75.32085843199997, 3.7947445630000516], [-75.32117445999995, 3.7949787590000597], [-75.32149450799994, 3.7952073790000327], [-75.32181847999993, 3.795430353000029], [-75.32214627699994, 3.7956476130000283], [-75.32247779799997, 3.795859093000047], [-75.32281294399996, 3.7960647300000687], [-75.32315161099996, 3.7962644590000423], [-75.32349369699995, 3.796458221000023], [-75.32383909799995, 3.796645955000031], [-75.32418770799995, 3.796827606000022], [-75.32453941999995, 3.797003117000031], [-75.32489412899997, 3.7971724360000394], [-75.32525172599998, 3.797335510000039], [-75.32561210199998, 3.7974922900000365], [-75.32597514599996, 3.797642728000028], [-75.32634074899994, 3.797786780000024], [-75.32670879899996, 3.797924399000067], [-75.32707918499995, 3.7980555440000217], [-75.32745179199998, 3.798180177000063], [-75.32782650899998, 3.7982982580000453], [-75.32820321999998, 3.7984097520000546], [-75.32858180999995, 3.7985146250000525], [-75.32896216599994, 3.798612844000047], [-75.32934416899997, 3.79870438100005], [-75.32972770499998, 3.7987892060000377], [-75.33011265599998, 3.798867294000047], [-75.33049890599995, 3.798938622000037], [-75.33088633499995, 3.7990031680000698], [-75.33127482699996, 3.7990609110000264], [-75.33166426399998, 3.799111835000076], [-75.33205452499999, 3.7991559230000576], [-75.33244549399996, 3.799193163000041], [-75.33283704999997, 3.799223543000039], [-75.33322907399997, 3.799247054000034], [-75.33362144699998, 3.799263690000032], [-75.33401404799997, 3.7992734420000716], [-75.33440675999998, 3.7992763120000745], [-75.33479946099999, 3.799272295000037], [-75.33519203199995, 3.79926139600002], [-75.33558435499998, 3.799243615000023], [-75.33597630899999, 3.7992189590000294], [-75.33636777499999, 3.7991874350000217], [-75.33675863299999, 3.7991490530000647], [-75.33714876499994, 3.799103826000021], [-75.33753805099997, 3.7990517650000584], [-75.33792637399995, 3.798992887000054], [-75.33831361299997, 3.7989272110000343], [-75.33869965399998, 3.7988547560000256], [-75.33908437599996, 3.7987755430000334], [-75.33946766299994, 3.798689599000056], [-75.33984939899995, 3.7985969480000676], [-75.34022946699997, 3.7984976190000452], [-75.34060775099994, 3.7983916410000234], [-75.34098413599997, 3.7982790490000298], [-75.34135850599995, 3.798159874000021], [-75.34173074999995, 3.798034155000039], [-75.34210075199996, 3.797901930000023], [-75.34246839999997, 3.7977632370000265], [-75.34248729199999, 3.7977528170000596], [-75.34249272599999, 3.7977512340000317], [-75.34249806599996, 3.797748944000034], [-75.34250347399995, 3.7977472410000246], [-75.34250879499996, 3.7977455590000204], [-75.34251420199996, 3.7977438450000705], [-75.34251975899997, 3.7977420780000557], [-75.34252533099993, 3.7977409120000516], [-75.34253050299998, 3.797738999000046], [-75.34253610199994, 3.7977372280000736], [-75.34261503699997, 3.797721179000064], [-75.34304828699999, 3.7976295700000264], [-75.34327683599997, 3.7975934710000274], [-75.34350693999994, 3.797569236000072], [-75.34373796499995, 3.7975569330000667], [-75.34396934499995, 3.7975565930000243], [-75.34420040599997, 3.797568216000059], [-75.34443058099998, 3.797591774000068], [-75.34465922799995, 3.797627200000022], [-75.34488577999997, 3.7976744080000344], [-75.34510957899994, 3.7977332600000295], [-75.34533011299999, 3.797803621000071], [-75.34560530899995, 3.7979073700000754], [-75.34572823799994, 3.7979603050000605], [-75.34601915799993, 3.798105835000058], [-75.34622067899994, 3.7982200090000333], [-75.34641608099997, 3.798344453000027], [-75.34661746399996, 3.798487818000069], [-75.34725180399994, 3.7989892020000298], {"c": [[-75.35160862499998, 3.801688572000046], [-75.34935354563406, 3.800463746208604]]}, [-75.35163033799995, 3.801698811000051], [-75.35163556499998, 3.8017013050000514], [-75.35164171899999, 3.801704278000045], [-75.35164992699998, 3.801708303000055], [-75.35165642699997, 3.801711537000074], [-75.35166143399994, 3.801714061000041], [-75.35166854999994, 3.8017176940000468], [-75.35167675399998, 3.801721950000058], [-75.35168498399997, 3.8017262900000333], [-75.35169208099995, 3.801730088000056], [-75.35169923099994, 3.801733976000037], [-75.35170616099998, 3.801737795000065], [-75.35171337899999, 3.801741833000051], [-75.35172134699997, 3.80174635700007], [-75.35172826199994, 3.801750340000069], [-75.35173342899998, 3.801753353000038], [-75.35173823399998, 3.8017561840000553], [-75.35174248799996, 3.8017587110000477], [-75.35174626099996, 3.801760972000068], [-75.35175312699994, 3.801765132000071], [-75.35176101899998, 3.8017699780000385], [-75.35176698899994, 3.8017736950000653], [-75.35177272999994, 3.8017773120000697], [-75.35177867399995, 3.8017810970000596], [-75.35179782799997, 3.8017934140000307], [-75.35183292899995, 3.8018158840000638], [-75.35193493099996, 3.8018827230000625], [-75.35224289099995, 3.802101956000058], [-75.35242451899995, 3.8022459180000396], [-75.35259852599995, 3.8023990780000645], [-75.35276446599994, 3.8025610480000296], [-75.35300812699995, 3.8028247000000306], [-75.35311897899999, 3.8029594640000255], [-75.35330010999996, 3.8032011780000516], [-75.35342953999998, 3.803393788000051], [-75.35354893599998, 3.8035928520000652], [-75.35365797199995, 3.8037978250000606], [-75.35375636899994, 3.8040081860000328], [-75.35384383999997, 3.8042233200000624], [-75.35394142399997, 3.804503776000047], [-75.35402740899997, 3.8047927310000205], [-75.35406935299994, 3.8049353930000507], [-75.35407593399998, 3.804957782000031], [-75.35407821299998, 3.8049655970000344], [-75.35408106999995, 3.8049754950000647], [-75.35408308599995, 3.804982555000038], [-75.35408461899993, 3.8049879680000345], [-75.35408661999998, 3.804995095000038], [-75.35408870699996, 3.8050025920000508], [-75.35409007699997, 3.8050075550000315], [-75.35409139199999, 3.8050123540000413], [-75.35409272299995, 3.805017239000051], [-75.35409419499996, 3.805022678000057], [-75.35409548599995, 3.8050274830000603], [-75.35409679899993, 3.8050323970000477], [-75.35409808899993, 3.805037260000063], [-75.35409938299995, 3.8050421730000608], [-75.35410061899995, 3.805046899000047], [-75.35410196799995, 3.8050520870000355], [-75.35410319199997, 3.8050568280000334], [-75.35410445099996, 3.8050617390000525], [-75.35410576499999, 3.805066896000028], [-75.35410707399996, 3.80507207200003], [-75.35410830799998, 3.805076988000053], [-75.35410953899998, 3.8050819280000496], [-75.35411077299995, 3.8050869120000357], [-75.35411256699996, 3.805094229000076], [-75.35411437799996, 3.8051016870000467], [-75.35411562899998, 3.8051068860000328], [-75.35411735799994, 3.8051141450000614], [-75.35411918299997, 3.8051218880000306], [-75.35412032599999, 3.805126782000059], [-75.35412143099995, 3.8051315520000344], [-75.35412261299996, 3.8051366910000297], [-75.35412435299997, 3.8051443340000333], [-75.35412601199994, 3.8051517010000566], [-75.35412713999995, 3.8051567600000453], [-75.35412823199994, 3.805161695000038], [-75.35412987999996, 3.8051692240000534], [-75.35413157099998, 3.805177032000074], [-75.35413313899994, 3.805184370000063], [-75.35413525899997, 3.8051944270000604], [-75.35413680599999, 3.8052018740000335], [-75.35413783099995, 3.805206862000034], [-75.35413887899995, 3.805212003000065], [-75.35414038299996, 3.8052194690000647], [-75.35414184399997, 3.8052268020000497], [-75.35414285399997, 3.8052319250000437], [-75.35414386699995, 3.8052371180000364], [-75.35414483299996, 3.805242111000041], [-75.35414578999996, 3.8052471020000667], [-75.35414672199994, 3.8052520050000567], [-75.35414769799996, 3.8052571880000414], [-75.35414863799997, 3.8052622230000566], [-75.35414955299996, 3.8052671770000757], [-75.35415052899998, 3.8052725040000723], [-75.35415184499993, 3.80527978300006], [-75.35415317999997, 3.8052872610000463], [-75.35415412799995, 3.8052926370000364], [-75.35415499299995, 3.8052975930000343], [-75.35415584599997, 3.805302531000052], [-75.35415672299996, 3.8053076480000527], [-75.35415759999995, 3.8053128260000335], [-75.35415841099996, 3.8053176610000605], [-75.35415925099994, 3.8053227200000492], [-75.35416005699994, 3.8053276290000326], [-75.35416089199998, 3.8053327620000346], [-75.35416173899995, 3.8053380290000405], [-75.35416253799997, 3.8053430440000398], [-75.35416335199994, 3.8053482140000483], [-75.35416453199997, 3.8053558180000664], [-75.35416565199995, 3.805363142000033], [-75.35416644799994, 3.8053684290000547], [-75.35416758599996, 3.8053760980000675], [-75.35416869899996, 3.8053837140000724], [-75.35416940999994, 3.805388659000073], [-75.35417011699997, 3.8053936010000484], [-75.35417154099997, 3.805403793000039], [-75.35417225699996, 3.805409048000058], [-75.35417292899996, 3.8054140130000746], [-75.35417359299998, 3.8054189790000237], [-75.35417427899995, 3.8054241730000626], [-75.35417530499996, 3.805432078000024], [-75.35417624499996, 3.80543945200003], [-75.35417685499993, 3.8054443210000386], [-75.35417754299993, 3.8054498970000736], [-75.35418042099997, 3.80547350300003], [-75.35418550999998, 3.805514957000071], [-75.35423734699998, 3.805905990000042], [-75.35429596899996, 3.8062960550000753], [-75.35436135999998, 3.8066850330000648], [-75.35443349899998, 3.8070728050000753], [-75.35451236499995, 3.8074592540000367], [-75.35459793299998, 3.8078442610000707], [-75.35469017799994, 3.8082277090000503], [-75.35478907099997, 3.8086094830000548], [-75.35489458299998, 3.8089894640000352], [-75.35500667899998, 3.8093675380000604], [-75.35512532799999, 3.8097435880000603], [-75.35525049299997, 3.810117501000036], [-75.35538213499996, 3.810489164000046], [-75.35552021499996, 3.810858461000066], [-75.35566469099996, 3.8112252820000663], [-75.35581551799999, 3.8115895140000475], [-75.35588969199995, 3.8117601730000388], [-75.35604868599995, 3.812151206000067], [-75.35612502399994, 3.81237059700004], [-75.35619001599997, 3.8125936370000204], [-75.35624349099999, 3.8128197420000447], [-75.35629303899998, 3.813090571000032], [-75.35634671199995, 3.8134903900000268], [-75.35639549599995, 3.813925751000056], [-75.35643160599994, 3.8143854670000223], [-75.35643790699999, 3.814617789000067], [-75.35643229299995, 3.814850135000029], [-75.35641478199994, 3.8150818450000656], [-75.35638541399999, 3.815312388000052], [-75.35634427299993, 3.815541081000049], [-75.35629146599996, 3.815767347000076], [-75.35622713599997, 3.815990573000022], [-75.35615144399998, 3.8162101960000427], [-75.35606460499997, 3.816425595000055], [-75.35596683099999, 3.8166362420000723], [-75.35585839399994, 3.8168415460000347], [-75.35571844999998, 3.817076438000072], [-75.35526008399995, 3.8177683760000605], {"c": [[-75.35150728799994, 3.831127931000026], [-75.35233739855977, 3.824151606716262]]}, [-75.35152901999999, 3.8317160430000285], [-75.35153073799995, 3.831937354000047], [-75.35151940999998, 3.8324062500000764], [-75.35150189899997, 3.832637949000059], [-75.35147252799999, 3.832868503000043], [-75.35143138799998, 3.8330971960000397], [-75.35136588499995, 3.833377857000073], [-75.35126594499997, 3.8337311680000425], [-75.35109549199996, 3.8342893140000456], [-75.35094925299995, 3.834713627000042], [-75.35086241299996, 3.83492902200004], [-75.35076463499996, 3.835139674000061], [-75.35065619999995, 3.8353449710000405], [-75.35053738699997, 3.8355443900000523], [-75.35040852099996, 3.835737386000062], [-75.35015589699998, 3.836076579000064], [-75.35012540699995, 3.8361140770000475], [-75.34995969199997, 3.83631082200003], [-75.34973862799995, 3.836551438000072], [-75.34957315599996, 3.836713904000021], [-75.34939958499996, 3.836867590000054], [-75.34921838699995, 3.837012082000058], [-75.34903000199995, 3.8371470290000502], [-75.34883495599996, 3.83727205200006], [-75.34863376699997, 3.8373868210000524], [-75.34842697499994, 3.837491028000045], [-75.34821510099994, 3.837584411000023], [-75.34799872799994, 3.8376667120000434], [-75.34777554699997, 3.837738644000069], [-75.34775153499999, 3.837745089000066], [-75.34737323699994, 3.83785107500006], [-75.34699683899998, 3.837963676000072], [-75.34662245399994, 3.838082858000064], [-75.34625019699996, 3.838208585000075], [-75.34588017999994, 3.838340818000063], [-75.34551251799996, 3.838479517000053], [-75.34514732099996, 3.838624641000024], [-75.34478470199997, 3.8387761440000645], [-75.34442476999999, 3.838933981000025], [-75.34406763399994, 3.8390981020000368], [-75.34371340499996, 3.839268460000028], [-75.34336218999994, 3.8394450010000583], [-75.34301409399995, 3.839627672000063], [-75.34266922599994, 3.8398164170000655], [-75.34232768999993, 3.8400111790000437], [-75.34198958899998, 3.8402118980000637], [-75.34165502699994, 3.840418515000067], [-75.34132410699993, 3.8406309630000237], [-75.34099692699994, 3.840849181000067], [-75.34067358899995, 3.841073101000063], [-75.34035419099996, 3.84130265400006], [-75.34003882899998, 3.841537772000038], [-75.33972760099994, 3.8417783820000295], [-75.33942059999998, 3.8420244120000575], [-75.33911792099997, 3.8422757850000266], [-75.33881965499995, 3.842532426000048], [-75.33852589399999, 3.842794257000037], [-75.33823672699998, 3.843061197000054], [-75.33795224199997, 3.8433331660000363], [-75.33767252399997, 3.843610080000076], [-75.33739766199994, 3.8438918560000275], [-75.33712773599996, 3.844178407000072], [-75.33686283099996, 3.84446964600005], [-75.33660302499999, 3.8447654840000496], [-75.33634840099995, 3.8450658320000457], [-75.33609903299998, 3.8453705970000556], [-75.33585499699996, 3.845679688000075], [-75.33561636999997, 3.84599300900004], [-75.33538322299995, 3.8463104670000234], [-75.33515562699995, 3.8466319620000604], [-75.33493365199996, 3.846957398000029], [-75.33471736499996, 3.847286676000067], [-75.33450683199999, 3.8476196950000485], [-75.33430211599995, 3.8479563540000754], [-75.33410328199994, 3.8482965510000327], [-75.33391038899998, 3.848640180000075], [-75.33372349599995, 3.8489871400000197], [-75.33354265999998, 3.849337323000043], [-75.33336793599995, 3.8496906220000255], [-75.33319937599998, 3.850046930000076], [-75.33303703399997, 3.850406140000075], [-75.33288095699999, 3.8507681400000706], [-75.33280952599995, 3.8509415160000344], [-75.33270212999997, 3.851172874000042], [-75.33259368999995, 3.851378169000043], [-75.33247487299997, 3.85157758400004], [-75.33234599699995, 3.851770585000054], [-75.33220737599999, 3.851956699000027], [-75.33205942199999, 3.8521353720000207], [-75.33190252299994, 3.8523061410000423], [-75.33160613199993, 3.8525971310000386], [-75.33159935899994, 3.8526033280000433], [-75.33108930199995, 3.853061131000061], [-75.33075651899998, 3.853350186000057], {"c": [[-75.34897265599994, 3.892774905000067], [-75.3250636761905, 3.8799615653823385]]}, [-75.34906397299994, 3.8927604800000495], [-75.34929409899996, 3.8927362350000294], [-75.34952514799994, 3.892723922000073], [-75.34975655699998, 3.892723571000033], [-75.34998764499994, 3.892735185000049], [-75.35021783599996, 3.8927587310000717], [-75.35044651799996, 3.892794150000043], [-75.35067309399994, 3.892841347000058], [-75.35089692299994, 3.892900189000045], [-75.35111747899998, 3.892970539000032], [-75.35133409899998, 3.8930521850000446], [-75.35154627299994, 3.89314493400002], [-75.35175338899995, 3.8932485190000534], [-75.35195493399993, 3.8933626830000208], [-75.35215036399995, 3.8934871180000528], [-75.35233916399994, 3.8936214970000265], [-75.35252080799995, 3.8937654460000317], [-75.35276722899994, 3.893982306000055], [-75.35294954299997, 3.894157208000024], [-75.35295290599998, 3.8941605470000695], [-75.35296901199996, 3.894176539000057], [-75.35297282099998, 3.8941803380000692], [-75.35297776599998, 3.8941853000000606], [-75.35298268399998, 3.8941902660000665], [-75.35298747099995, 3.894195135000075], [-75.35299112299998, 3.894198870000025], [-75.35299470999996, 3.894202559000064], [-75.35299963699998, 3.8942076560000487], [-75.35300446699995, 3.8942126850000705], [-75.35300928299995, 3.8942177350000406], [-75.35301291099995, 3.894221562000041], [-75.35301641099994, 3.8942252750000534], [-75.35302102799994, 3.8942301990000487], [-75.35302484099998, 3.894234289000053], [-75.35302833899993, 3.8942380620000563], [-75.35303304799999, 3.894243172000074], [-75.35303772899994, 3.8942482860000496], [-75.35304255199998, 3.8942535910000515], [-75.35304586699993, 3.894257259000028], [-75.35304936099999, 3.8942611460000762], [-75.35305294599993, 3.894265153000049], [-75.35305639399996, 3.894269029000043], [-75.35306100199995, 3.8942742370000474], [-75.35306459399999, 3.894278322000048], [-75.35306784799997, 3.894282044000022], [-75.35307126499998, 3.8942859700000554], [-75.35307486399995, 3.894290128000023], [-75.35307935999998, 3.894295353000075], [-75.35308364699995, 3.8943003690000637], [-75.35308836099995, 3.894305923000047], [-75.35309187699994, 3.8943100890000437], [-75.35309512199996, 3.8943139570000653], [-75.35311071499996, 3.89433264500002], {"c": [[-75.35831102899994, 3.898906150000073], [-75.3555349917923, 3.8968211373028576]]}, [-75.35854405599997, 3.8990545200000497], [-75.35916022999999, 3.899497512000039], {"c": [[-75.36001109299997, 3.90008012800007], [-75.35958234288206, 3.8997937090622585]]}, [-75.36062218499995, 3.9004783050000356], [-75.36064209899996, 3.900491265000028], [-75.36077897399997, 3.90057954100007], [-75.36080054699994, 3.9005933430000255], [-75.36080668099999, 3.900597282000035], [-75.36081312599998, 3.900601436000045], [-75.36081895299998, 3.900605204000044], [-75.36082543799995, 3.90060941400003], [-75.36083144299994, 3.9006133250000516], [-75.36083713199997, 3.900617045000047], [-75.36084387299996, 3.900621466000075], [-75.36084980399994, 3.900625370000057], [-75.36085577799997, 3.900629317000039], [-75.36086189199995, 3.9006333720000725], [-75.36086801999994, 3.900637449000044], [-75.36087397299997, 3.900641424000071], [-75.36088016399998, 3.90064557300002], [-75.36088668599996, 3.9006499570000415], [-75.36089249299994, 3.9006538760000353], [-75.36089841199998, 3.9006578850000437], [-75.36090455499993, 3.9006620600000588], [-75.36091037999995, 3.900666031000071], [-75.36091662299998, 3.9006703050000624], [-75.36092260599997, 3.900674413000047], [-75.36092869499998, 3.900678608000021], [-75.36093471499998, 3.9006827720000388], [-75.36094113299998, 3.9006872250000697], [-75.36094666599996, 3.9006910780000226], [-75.36095263499999, 3.9006952500000693], [-75.36095885599997, 3.90069961100005], [-75.36096476999995, 3.9007037720000426], [-75.36097075999999, 3.9007080020000444], [-75.36097686099998, 3.9007123240000396], [-75.36098281599999, 3.900716558000056], [-75.36098844799994, 3.9007205770000724], [-75.36099443799998, 3.9007248650000292], [-75.36100060699994, 3.9007292960000655], [-75.36100649799994, 3.9007335420000686], [-75.36101254899995, 3.900737918000061], [-75.36101864399996, 3.9007423420000578], [-75.36102434299994, 3.900746492000053], [-75.36103037899994, 3.9007509040000627], [-75.36103605499994, 3.9007550660000447], [-75.36104195699994, 3.900759408000056], [-75.36104820899999, 3.9007640240000683], [-75.36105346199997, 3.900767915000074], [-75.36105989799995, 3.900772699000072], [-75.36106573999996, 3.9007770550000487], [-75.36107135199995, 3.900781256000073], [-75.36107737299994, 3.900785777000067], [-75.36108345999997, 3.9007903630000555], [-75.36108873899997, 3.900794354000027], [-75.36109508799996, 3.900799171000074], [-75.36110076199998, 3.900803490000044], [-75.36110662199997, 3.900807966000059], [-75.36111234999998, 3.900812356000074], [-75.36111829699996, 3.90081692800004], [-75.36112397999995, 3.900821312000062], [-75.36113006499994, 3.900826023000036], [-75.36113560599995, 3.9008303260000616], [-75.36114132799997, 3.9008347860000754], [-75.36114708499997, 3.900839288000043], [-75.36115308799998, 3.900843997000038], [-75.36115848899993, 3.9008482490000347], [-75.36116452999994, 3.900853021000046], [-75.36117011699997, 3.9008574480000675], [-75.36117571699998, 3.9008619010000416], [-75.36118188699999, 3.900866823000058], [-75.36118727799999, 3.90087113900006], [-75.36119388699996, 3.900876449000066], [-75.36140527699996, 3.901064262000034], [-75.36161142099996, 3.901265429000034], [-75.36176883599995, 3.90143572300002], [-75.36191732999998, 3.9016139480000334], [-75.36205651299997, 3.9017996430000608], [-75.36218596999998, 3.9019922520000705], [-75.36230538799998, 3.9021913070000664], [-75.36241444599995, 3.902396273000022], [-75.36251285899993, 3.90260661800005], [-75.36254400799999, 3.902683209000031], [-75.36256670099993, 3.9027512890000366], {"c": [[-75.36286139999999, 3.903581298000063], [-75.36271002282352, 3.9031677360852006]]}, [-75.36307055999998, 3.9041359660000694], {"c": [[-75.36333231499998, 3.904798385000049], [-75.36319883689076, 3.904468212136733]]}, [-75.36339173899995, 3.9049421170000755], [-75.36344659499997, 3.905099729000028], [-75.36351160299995, 3.905322765000051], [-75.36356509199999, 3.905548860000067], [-75.36360692299996, 3.9057774270000323], [-75.36363698599996, 3.9060078790000716], [-75.36365519499998, 3.9062395380000225], [-75.36366150699996, 3.906471856000053], [-75.36365590299994, 3.9067041970000673], [-75.36363839999996, 3.9069359080000368], [-75.36360903699995, 3.9071664590000523], [-75.36356790199994, 3.9073951560000637], [-75.36351510199995, 3.907621415000051], [-75.36345077299995, 3.907844647000047], [-75.36329953999996, 3.9082834720000506], [-75.36327806399999, 3.908339745000035], [-75.36326964399996, 3.908361841000044], [-75.36323841799998, 3.9084444020000433], [-75.36323071699996, 3.908464884000068], [-75.36322917399997, 3.9084689610000396], [-75.36322713899995, 3.9084742890000257], [-75.36322569599997, 3.9084780360000764], [-75.36322425299994, 3.9084817500000213], [-75.36322273499997, 3.908485633000055], [-75.36322117199995, 3.908489596000038], [-75.36321953599997, 3.9084937140000306], [-75.36321814699994, 3.9084971830000654], [-75.36321659499998, 3.9085010320000606], [-75.36321501599997, 3.908504917000073], [-75.36321343899994, 3.908508771000072], [-75.36321185099996, 3.908512617000042], [-75.36320982199999, 3.9085174960000586], [-75.36320818399997, 3.9085214050000445], [-75.36320664999994, 3.9085250330000463], [-75.36320503599995, 3.908528828000044], [-75.36320344799998, 3.9085325330000273], [-75.36320121599994, 3.9085376990000213], [-75.36319899799997, 3.9085427850000656], [-75.36319735199999, 3.9085465270000554], [-75.36319568999994, 3.908550281000032], [-75.36319347999995, 3.9085552300000472], [-75.36319123899995, 3.9085602040000254], [-75.36318945599999, 3.9085641290000694], [-75.36318781999995, 3.9085677050000527], [-75.36318554899998, 3.908572631000027], [-75.36318321999994, 3.9085776370000644], [-75.36318084399994, 3.9085826990000214], [-75.36317855799996, 3.908587528000055], [-75.36317617699996, 3.908592512000041], [-75.36317433899995, 3.908596330000023], [-75.36317251499997, 3.908600093000075], [-75.36317017399995, 3.9086048830000664], [-75.36316770199994, 3.908609901000034], [-75.36316589399996, 3.9086135440000476], [-75.36316404499996, 3.908617244000027], [-75.36316162399999, 3.908622052000055], [-75.36315917399997, 3.9086268780000637], [-75.36315665399997, 3.9086317960000656], [-75.36315469499993, 3.9086355960000674], [-75.36315281799995, 3.9086392100000467], [-75.36315105399996, 3.9086425880000206], [-75.36314902499998, 3.908646445000045], [-75.36314651999999, 3.9086511750000454], [-75.36314398499997, 3.908655923000026], [-75.36314123399995, 3.9086610340000334], [-75.36313851199998, 3.9086660460000644], [-75.36313600599993, 3.908670622000045], [-75.36313410999998, 3.9086740620000455], [-75.36313202899998, 3.9086778120000645], [-75.36313008599996, 3.9086812940000755], [-75.36312798199998, 3.9086850410000693], [-75.36312595599998, 3.9086886290000393], [-75.36312396199997, 3.90869213600007], [-75.36312130699997, 3.9086967740000205], [-75.36311799799995, 3.9087025070000436], [-75.36279451399997, 3.9092454940000607], [-75.36266564799996, 3.9094384900000705], [-75.36252703999997, 3.909624597000061], [-75.36231278499997, 3.909883351000076], [-75.36205177099998, 3.9101742230000696], [-75.36198074999999, 3.9102439530000765], [-75.36180717099995, 3.9103976460000354], [-75.36162596499997, 3.910542145000022], [-75.36143756999996, 3.910677099000054], [-75.36110838599996, 3.9108881060000726], [-75.36104263199996, 3.9109268600000746], [-75.36081559299998, 3.911057137000057], [-75.36067952299999, 3.911132673000054], [-75.36035579899993, 3.911295808000034], [-75.36014391599997, 3.9113891980000517], [-75.35992753699998, 3.9114715050000655], [-75.35970718599998, 3.911542528000041], [-75.35948353199996, 3.9116020520000347], [-75.35925709699995, 3.911649940000075], [-75.35902851799995, 3.911686054000029], [-75.35879838499994, 3.9117103030000635], [-75.35863436799997, 3.9117190470000764], {"c": [[-75.33853122399995, 3.9415985350000255], [-75.34118046096756, 3.9216349004529665]]}, [-75.33853877799999, 3.9416207390000295], [-75.33854049299998, 3.9416258070000367], [-75.33854277399996, 3.9416325990000587], [-75.33854598199997, 3.9416422350000744], [-75.33854839199995, 3.941649544000029], [-75.33855058899996, 3.9416562690000205], [-75.33855362899999, 3.9416656680000415], [-75.33855586199996, 3.9416726340000423], [-75.33855817099999, 3.941679908000026], [-75.33856036399999, 3.941686870000069], [-75.33856190399996, 3.9416917970000327], [-75.33856404099998, 3.941698688000031], [-75.33856622399998, 3.9417057830000317], [-75.33856834299996, 3.9417127440000286], [-75.33857047199996, 3.9417197860000215], [-75.33857264999995, 3.941727065000066], [-75.33857544499995, 3.9417365030000724], [-75.33857749299995, 3.9417434890000322], [-75.33857963799994, 3.941750880000029], [-75.33858228999998, 3.941760117000058], [-75.33858433399996, 3.9417673130000708], [-75.33858639199997, 3.941774634000069], [-75.33858904099998, 3.941784157000029], [-75.33859163699998, 3.941793621000045], [-75.33859424699995, 3.941803251000067], [-75.33859605999999, 3.941810017000023], [-75.33859743999994, 3.9418152170000553], [-75.33859928999993, 3.941822243000047], [-75.33860109999995, 3.941829187000053], [-75.33860233199994, 3.9418339500000457], [-75.33860366599998, 3.941839150000021], [-75.33860487899994, 3.941843906000031], [-75.33860664999997, 3.941850921000025], [-75.33860901999998, 3.941860418000033], [-75.33861139999993, 3.9418700890000764], [-75.33861309599996, 3.9418770680000534], [-75.33861486799998, 3.9418844420000596], [-75.33861658299998, 3.9418916580000314], [-75.33861831699994, 3.9418990350000627], [-75.33861995499996, 3.94190608100007], [-75.33862115899996, 3.941911312000059], [-75.33862274899997, 3.9419182920000253], [-75.33862492499998, 3.9419279680000727], [-75.33862649799994, 3.9419350570000233], [-75.33862758899994, 3.9419400260000543], [-75.33862910899995, 3.9419470160000287], [-75.33863125999994, 3.941957050000042], [-75.33863278599995, 3.9419642630000453], [-75.33863427899996, 3.941971426000066], [-75.33863622499996, 3.941980886000067], [-75.33863768099997, 3.9419880610000746], [-75.33863869199996, 3.9419931030000726], [-75.33863964999995, 3.9419979220000414], [-75.33864064099998, 3.942002948000038], [-75.33864519899998, 3.9420262860000435], [-75.33865011899996, 3.9420513960000676], [-75.33870267599997, 3.9423188930000492], [-75.33875876999997, 3.9426367390000223], [-75.33879811599996, 3.9429383670000675], [-75.33881632099997, 3.9431700270000647], [-75.33882262999998, 3.943402350000042], [-75.33881702199994, 3.94363469700005], [-75.33879951499995, 3.9438664080000763], [-75.33877014799998, 3.944096952000052], [-75.33872900699998, 3.944325648000074], [-75.33867619799997, 3.9445519200000376], [-75.33861186499996, 3.9447751460000404], [-75.33853616599998, 3.9449947740000653], [-75.33844932099998, 3.945210171000042], [-75.33835153499996, 3.945420827000021], [-75.33824309199997, 3.9456261270000255], [-75.33812426799994, 3.9458255510000413], [-75.33799538599999, 3.9460185560000696], [-75.33785676399998, 3.9462046670000746], [-75.33770879699995, 3.946383350000076], [-75.33738929299994, 3.946731087000046], [-75.33724430399997, 3.9468792590000703], [-75.33722620299994, 3.9468977590000236], [-75.33722164999995, 3.9469023970000308], [-75.33721706899996, 3.946907048000071], [-75.33721265699995, 3.9469115120000424], [-75.33720763199995, 3.946916581000039], [-75.33720306299995, 3.946921175000057], [-75.33719837299998, 3.9469258750000336], [-75.33719374099996, 3.946930501000054], [-75.33718884499996, 3.9469353750000664], [-75.33718437399995, 3.9469398110000498], [-75.33717936999994, 3.9469447610000543], [-75.33717490499998, 3.9469491620000667], [-75.33717007499996, 3.9469539080000686], [-75.33716559699997, 3.946958293000023], [-75.33716038699998, 3.946963378000021], [-75.33715567899998, 3.9469679590000624], [-75.33715129299998, 3.9469722120000483], [-75.33714623999998, 3.9469770950000225], [-75.33714167399995, 3.946981494000056], [-75.33713672599998, 3.946986245000062], [-75.33713175499997, 3.9469910030000506], [-75.33712708299998, 3.946995460000039], [-75.33712233499995, 3.946999973000061], [-75.33711751099997, 3.9470045440000376], [-75.33711238399997, 3.9470093860000475], [-75.33710774399998, 3.9470137550000572], [-75.33710283499994, 3.9470183600000723], [-75.33709802599998, 3.947022857000036], [-75.33709328799995, 3.94702727300006], [-75.33708848999999, 3.9470317310000382], [-75.33708361899994, 3.9470362400000454], [-75.33707849799998, 3.947040968000067], [-75.33707367399995, 3.94704540500004], [-75.33706878399994, 3.947049889000027], [-75.33706390699996, 3.947054344000037], [-75.33705883899995, 3.9470589600000494], [-75.33705413699994, 3.9470632290000367], [-75.33704902199997, 3.9470678560000465], [-75.33704410699994, 3.9470722890000616], [-75.33703920299996, 3.9470766960000674], [-75.33703451499997, 3.9470808960000454], [-75.33702907799994, 3.947085750000042], [-75.33702468899997, 3.9470896560000597], [-75.33701943199998, 3.94709431900003], [-75.33701456099999, 3.94709862600007], [-75.33700921399998, 3.9471033380000335], [-75.33700442799994, 3.9471075400000473], [-75.33699949499999, 3.947111858000028], [-75.33699477299996, 3.9471159770000668], [-75.33698922199994, 3.9471208040000647], [-75.33698437699996, 3.9471250030000533], [-75.33697963699996, 3.9471290970000723], [-75.33697430799998, 3.9471336840000504], [-75.33696949599994, 3.9471378130000403], [-75.33696425599999, 3.9471422950000488], [-75.33695937999994, 3.947146450000048], [-75.33695434799995, 3.947150724000039], [-75.33694913699998, 3.9471551370000384], [-75.33694391499995, 3.947159544000044], [-75.33693930899994, 3.94716341700007], [-75.33693401099998, 3.947167858000057], [-75.33692894399996, 3.9471720920000735], [-75.33692374299994, 3.9471764230000304], [-75.33691850199995, 3.9471807730000705], [-75.33691358399994, 3.947184840000034], [-75.33690820399994, 3.9471892740000385], [-75.33690329599995, 3.9471933070000205], [-75.33689800799993, 3.947197637000045], [-75.33689296499995, 3.947201752000069], [-75.33688818099995, 3.947205643000075], [-75.33688267799994, 3.947210104000021], [-75.33687732099997, 3.9472144320000666], [-75.33687232599993, 3.9472184540000512], [-75.33686708799996, 3.9472226570000544], [-75.33686190099996, 3.9472268050000707], [-75.33685695699995, 3.94723074500007], [-75.33685139499994, 3.9472351640000625], [-75.33684634599996, 3.9472391610000273], [-75.33684126899993, 3.9472431670000674], [-75.33683577099998, 3.947247490000052], [-75.33683052899994, 3.9472515980000367], [-75.33682567599999, 3.94725538900002], [-75.33682044599993, 3.9472594590000654], [-75.33681509999997, 3.9472636060000355], [-75.33680972999997, 3.9472677580000664], [-75.33680452999994, 3.947271765000039], [-75.33679941999998, 3.947275689000037], [-75.33679378399995, 3.947280001000024], [-75.33678866499997, 3.9472839060000524], [-75.33678344399993, 3.9472878740000397], [-75.33677802499994, 3.9472919780000666], [-75.33677278199997, 3.947295936000046], [-75.33676734399995, 3.94730002700004], [-75.33674738499997, 3.9473149910000416], [-75.33663886799997, 3.947396860000026], [-75.33632760899997, 3.9476374820000615], [-75.33602057899998, 3.9478835220000406], [-75.33571787099999, 3.948134906000064], [-75.33541957599994, 3.9483915580000257], [-75.33512578799997, 3.9486533990000225], [-75.33483659299998, 3.9489203490000477], [-75.33455208199996, 3.9491923290000273], [-75.33427233899994, 3.949469253000075], [-75.33399745199995, 3.9497510390000343], [-75.33372750299998, 3.9500375990000407], [-75.33346257499994, 3.950328847000037], [-75.33320274699997, 3.9506246950000445], [-75.33294810099994, 3.950925052000059], [-75.33269871299996, 3.9512298260000307], [-75.33245465799996, 3.9515389250000226], [-75.33221601199995, 3.951852254000073], [-75.33198284699995, 3.952169720000029], [-75.33175523399996, 3.952491223000038], [-75.33153324199998, 3.952816667000036], [-75.33131693999997, 3.9531459520000567], [-75.33110639199998, 3.9534789790000673], [-75.33090166299996, 3.95381564500002], [-75.33070281599998, 3.9541558480000276], [-75.33050991099998, 3.954499485000042], [-75.33032300699995, 3.954846451000037], [-75.33014215999998, 3.9551966400000538], [-75.32996742699999, 3.9555499450000298], [-75.32979885899994, 3.9559062590000735], [-75.32963650899995, 3.95626547400002], [-75.32948042599998, 3.956627479000076], [-75.32933065699996, 3.956992165000031], [-75.32918724699994, 3.957359421000035], [-75.32905024199994, 3.957729134000033], [-75.32891968399997, 3.958101192000072], [-75.32879560899994, 3.95847548200004], [-75.32867805799998, 3.958851890000062], [-75.32856706599995, 3.959230301000048], [-75.32846266599995, 3.959610600000076], [-75.32836489099998, 3.959992671000066], [-75.32827376999995, 3.9603763970000614], [-75.32818933199997, 3.9607616620000385], [-75.32811160099999, 3.9611483480000516], [-75.32804060199999, 3.9615363380000304], [-75.32797635599997, 3.9619255130000397], [-75.32797088999996, 3.961962627000048], [-75.32790109399997, 3.962350592000064], [-75.32784828199993, 3.9625768650000737], [-75.32778394599995, 3.962800092000066], [-75.32770824399995, 3.963019720000034], [-75.32762139599998, 3.963235118000057], [-75.32752360599994, 3.9634457740000357], [-75.32747732299998, 3.963533392000045], {"c": [[-75.32578924699999, 3.967673975000025], [-75.32653102061997, 3.9655616314442512]]}, [-75.32578302999997, 3.967694937000033], [-75.32578172599995, 3.9676993010000388], [-75.32578062799996, 3.9677029420000736], [-75.32577938999998, 3.967707007000058], [-75.32577814999996, 3.9677110430000653], [-75.32577693199994, 3.967714969000042], [-75.32577483699998, 3.967721642000072], [-75.32577283799998, 3.967727916000058], [-75.32577164499997, 3.9677316190000624], [-75.32577022499999, 3.967735985000047], [-75.32576851299996, 3.9677411980000556], [-75.32576681599994, 3.9677463050000483], [-75.32576507199997, 3.9677514920000476], [-75.32576322299997, 3.9677569280000284], [-75.32576156099998, 3.9677617680000594], [-75.32575970999994, 3.967767090000052], [-75.32575787799993, 3.9677723050000395], [-75.32575605399995, 3.967777439000031], [-75.32575416799995, 3.967782689000046], [-75.32575273699996, 3.967786639000053], [-75.32575132299996, 3.9677905060000285], [-75.32574995699997, 3.967794217000062], [-75.32574857799995, 3.967797929000028], [-75.32574658499993, 3.9678032500000313], [-75.32574460299998, 3.9678084830000557], [-75.32574309099994, 3.9678124450000496], [-75.32574167799999, 3.9678161130000262], [-75.32574013899995, 3.9678200820000598], [-75.32573856099998, 3.967824116000031], [-75.32573713199997, 3.967827747000058], [-75.32573561399994, 3.9678315690000545], [-75.32573364299998, 3.9678364920000604], [-75.32573210099997, 3.967840312000021], [-75.32573050499997, 3.96784423400004], [-75.32572847399996, 3.96784918700007], [-75.32572638399995, 3.9678542310000466], [-75.32572421299994, 3.9678594250000288], [-75.32572207399994, 3.9678644890000214], [-75.32572040099996, 3.967868420000059], [-75.32571887899996, 3.9678719670000646], [-75.32571732299994, 3.9678755700000465], [-75.32571553499997, 3.9678796810000563], [-75.32571402699995, 3.9678831260000607], [-75.32571226499994, 3.967887122000036], [-75.32571003899994, 3.967892129000063], [-75.32570828499996, 3.967896043000053], [-75.32570668399995, 3.9678995900000587], [-75.32570435299994, 3.9679047130000527], [-75.32570210899996, 3.96790960200002], [-75.32569217699995, 3.9679310480000254], {"c": [[-75.32460462499995, 3.9707614670000453], [-75.325101062977, 3.969327911666932]]}, [-75.32458404299996, 3.9708280260000492], [-75.32458081099998, 3.9708377750000636], [-75.32446325799998, 3.971214183000029], [-75.32435226399997, 3.9715925940000716], [-75.32424786199994, 3.9719728940000323], [-75.32415008599997, 3.9723549650000223], [-75.32405896299997, 3.972738692000064], [-75.32397452299995, 3.973123957000041], [-75.32389679099998, 3.9735106440000436], [-75.32384832499997, 3.9737712910000482], [-75.32377966999996, 3.9741529130000686], [-75.32376306399993, 3.9742288600000393], [-75.32369546699994, 3.9745216830000345], [-75.32365850799994, 3.9746721150000326], [-75.32355768599996, 3.9750219300000253], [-75.32348198399995, 3.9752415570000608], [-75.32339513199997, 3.9754569590000415], [-75.32326108399997, 3.9757457180000415], [-75.32309899199998, 3.9760734510000475], [-75.32293041899999, 3.976429766000024], [-75.32276806499993, 3.9767889820000732], [-75.32261197699995, 3.977150988000062], [-75.32246220399998, 3.977515674000074], [-75.32231879099999, 3.9778829310000674], [-75.32218178199997, 3.978252644000065], [-75.32207428099997, 3.978557454000054], [-75.32199655399995, 3.9787829570000213], [-75.32199036399999, 3.978799416000072], [-75.32180660399996, 3.9792537890000403], [-75.32170383099998, 3.979475176000051], [-75.32159538099995, 3.979680475000066], [-75.32147655199998, 3.979879894000021], [-75.32134766399997, 3.9800728990000493], [-75.32120903299995, 3.980259012000033], [-75.32106105599996, 3.9804376970000703], [-75.32089413199998, 3.980619362000027], [-75.32061066799997, 3.980898370000034], [-75.32029302499996, 3.9811795850000635], [-75.32011179699998, 3.9813240820000715], [-75.31992337599996, 3.981459037000036], [-75.31972830199999, 3.9815840630000707], [-75.31952707999994, 3.9816988350000315], [-75.31932024299994, 3.981803052000032], [-75.31910833699999, 3.9818964380000352], [-75.31870856699999, 3.98204848000006], {"c": [[-75.31804925599994, 3.982311515000049], [-75.31837785012195, 3.982177314171253]]}, [-75.31763218499998, 3.9824720300000536], [-75.31745414299996, 3.9825294070000723], [-75.31723047299994, 3.9825889250000728], [-75.31700400699998, 3.9826368090000415], [-75.31677540699997, 3.9826729180000484], [-75.31654525199997, 3.982697161000033], [-75.31631417499995, 3.9827094730000567], [-75.31608274099995, 3.9827098220000607], [-75.31585162599998, 3.982698208000045], [-75.31562140599993, 3.982674659000054], [-75.31539270099995, 3.982639240000026], [-75.31525451899995, 3.982610457000021], [-75.31490500799998, 3.9825155680000535], [-75.31482401199997, 3.9824937410000416], [-75.31444356699996, 3.982395542000063], [-75.31406147399997, 3.982304025000076], [-75.31367784799994, 3.9822192200000472], [-75.31329280799997, 3.982141150000075], [-75.31290646799994, 3.9820698410000546], [-75.31251894999997, 3.982005314000048], [-75.31213036799994, 3.9819475890000717], [-75.31174084299994, 3.981896683000059], [-75.31135049199997, 3.9818526130000578], [-75.31095943499997, 3.9818153900000652], [-75.31056778999994, 3.9817850260000682], [-75.31017567699996, 3.981761532000064], [-75.30978321499998, 3.9817449120000674], [-75.30939052499997, 3.98173517500004], [-75.30899772499998, 3.9817323220000276], [-75.30860493599994, 3.9817363530000307], [-75.30821227599995, 3.9817472670000598], [-75.30781986499994, 3.9817650630000685], [-75.30742782399994, 3.981789733000028], [-75.30703627099996, 3.981821271000058], [-75.30664532499998, 3.981859666000048], [-75.30625510599998, 3.9819049070000574], [-75.30586573299996, 3.981956981000053], [-75.30547732399998, 3.982015871000044], [-75.30508999799997, 3.98208156000004], [-75.30470387099996, 3.9821540270000355], [-75.30431906299998, 3.982233251000025], [-75.30393568999995, 3.982319207000046], [-75.30355386899998, 3.9824118700000213], [-75.30317371599995, 3.9825112090000516], [-75.30279534699997, 3.982617198000071], [-75.30241887699998, 3.982729801000062], [-75.30204442199994, 3.9828489850000324], [-75.30167209499996, 3.9829747150000685], [-75.30130200899998, 3.983106949000046], [-75.30093427799994, 3.983245651000061], [-75.30056901199998, 3.9833907780000573], [-75.30020632499998, 3.983542284000066], [-75.29984632499998, 3.9837001230000624], [-75.29948912199995, 3.9838642470000423], [-75.29913482599994, 3.9840346080000586], [-75.29878354499994, 3.984211152000057], [-75.29843538499995, 3.98439382600003], [-75.29809045099995, 3.9845825740000578], [-75.29774885099994, 3.9847773400000506], [-75.29741068699997, 3.984978062000039], [-75.29707606299996, 3.985184681000021], [-75.29674507999994, 3.9853971340000385], [-75.29641783899996, 3.98561535500005], [-75.29609443999993, 3.9858392780000713], [-75.29577498199995, 3.986068835000026], [-75.29545956099997, 3.986303956000029], [-75.29514827399998, 3.986544570000035], [-75.29484121599995, 3.9867906030000313], [-75.29453847999997, 3.9870419810000612], [-75.29424015799998, 3.987298625000051], [-75.29394634199997, 3.9875604600000543], [-75.29365712099997, 3.987827404000029], [-75.29337258199996, 3.988099377000026], [-75.29309281199994, 3.988376295000023], [-75.29281789799995, 3.9886580760000356], [-75.29254792199998, 3.988944631000038], [-75.29228296699995, 3.9892358740000304], [-75.29202311299997, 3.989531717000034], [-75.29176844099999, 3.9898320690000446], [-75.29151902599995, 3.9901368390000584], [-75.29127494499994, 3.9904459340000358], [-75.29103627299997, 3.990759259000072], [-75.29080308199997, 3.99107672100007], [-75.29057544399996, 3.991398221000054], [-75.29035342699996, 3.9917236620000267], [-75.29013709899994, 3.9920529440000223], [-75.28992652699998, 3.9923859680000646], [-75.28972177299994, 3.9927226320000386], [-75.28952290199999, 3.9930628330000673], [-75.28932997299995, 3.993406468000046], [-75.28914304499995, 3.9937534330000517], [-75.28896217499994, 3.994103621000022], [-75.28881576699996, 3.994399610000073], [-75.28859713199995, 3.994813455000042], [-75.28859110099995, 3.9948248760000524], [-75.28841023099994, 3.9951750640000228], [-75.28823547399998, 3.995528368000066], [-75.28806688199995, 3.9958846810000637], [-75.28790450999998, 3.996243896000067], [-75.28774840399996, 3.9966059010000663], [-75.28759861199995, 3.996970587000021], [-75.28745518099998, 3.9973378430000253], [-75.28731815399993, 3.997707556000023], [-75.28718757299998, 3.998079616000041], [-75.28706347799994, 3.998453907000055], [-75.28694590599997, 3.998830316000067], [-75.28683489299993, 3.9992087290000313], [-75.28673047299998, 3.999589029000049], [-75.28663267899998, 3.9999711020000746], [-75.28654153799994, 4.000354831000038], [-75.28645708099998, 4.000740098000051], [-75.28637933099998, 4.001126787000032], [-75.28630831399994, 4.001514781000026], [-75.28624404999994, 4.00190395900006], [-75.28618655899999, 4.002294204000066], [-75.28613585899996, 4.00268539800004], [-75.28609604499997, 4.003040988000066], [-75.28604247399994, 4.003461381000022], [-75.28600131899998, 4.003690084000027], [-75.28594849899997, 4.003916343000071], [-75.28588414599994, 4.004139585000075], [-75.28580843399999, 4.0043592110000645], [-75.28567693999997, 4.00468528600004], [-75.28559814299996, 4.004852628000037], [-75.28546104699996, 4.005112126000029], [-75.28534220699999, 4.005311543000062], [-75.28512050799998, 4.005643493000036], [-75.28503403899998, 4.0057656120000615], [-75.28481201799997, 4.006091053000034], [-75.28459568599999, 4.006420336000076], [-75.28438510899997, 4.0067533600000615], [-75.28418034999999, 4.0070900240000356], [-75.28398147499996, 4.007430226000054], [-75.28378854099998, 4.007773861000032], [-75.28360160899996, 4.008120826000038], [-75.28342073499994, 4.008471014000065], [-75.28324597399995, 4.008824318000052], [-75.28318480699994, 4.0089533540000275], [-75.28282489099996, 4.009634605000031], {"c": [[-75.28405202099998, 4.032873786000039], [-75.28023137175651, 4.021424974976321]]}, [-75.28442895899997, 4.0334345660000395], [-75.28454838699997, 4.033633626000039], [-75.28465746199998, 4.033838614000047], [-75.28475588699996, 4.034048971000061], [-75.28484338699997, 4.034264115000042], [-75.28491974999997, 4.034483519000048], [-75.28498475899994, 4.0347065570000495], [-75.28503824799998, 4.0349326660000315], [-75.28510870099996, 4.035317662000068], [-75.28511537299994, 4.035362044000067], [-75.28518078499997, 4.0357510300000285], [-75.28525294699995, 4.036138810000068], [-75.28533183899998, 4.036525266000069], [-75.28541743399995, 4.036910281000075], [-75.28550970799995, 4.037293737000027], [-75.28560863099995, 4.037675518000071], [-75.28571417599994, 4.038055507000024], [-75.28582630699998, 4.038433588000032], [-75.28594499299999, 4.038809646000061], [-75.28602902899996, 4.039060619000054], [-75.28610301799995, 4.03931446100006], [-75.28615650899997, 4.039540572000021], [-75.28619833699997, 4.039769140000033], [-75.28622839599996, 4.039999603000069], [-75.28624659799993, 4.040231267000024], [-75.28625290199994, 4.0404635950000625], [-75.28624728599993, 4.040695946000028], [-75.28622977099997, 4.040927649000025], [-75.28620039199996, 4.041158209000059], [-75.28615923999996, 4.041386911000075], [-75.28610641799997, 4.041613182000049], [-75.28604206899996, 4.041836412000066], [-75.28596635599996, 4.042056036000076], [-75.28587948899997, 4.0422714440000505], [-75.28578168699994, 4.0424820930000465], [-75.28567322399994, 4.042687393000051], [-75.28555437499995, 4.042886821000025], [-75.28542547699993, 4.043079817000034], [-75.28533597799998, 4.043199954000045], [-75.28486427199994, 4.043761117000031], {"c": [[-75.28364023599994, 4.045356370000036], [-75.28423455354223, 4.044545047298259]]}, [-75.28359798999998, 4.045416817000046], {"c": [[-75.28271849199996, 4.046776479000073], [-75.28314609761163, 4.046088726780899]]}, [-75.28229611699999, 4.047483744000033], [-75.28216146199998, 4.047685358000024], [-75.28202281499995, 4.04787146700005], [-75.28187481799995, 4.048050154000066], [-75.28171788099996, 4.048220927000045], [-75.28155237199996, 4.048383387000058], [-75.28137875199997, 4.048537076000059], [-75.28119749599995, 4.048681577000025], [-75.28100906299994, 4.048816522000038], [-75.28081396699997, 4.048941545000048], [-75.28061271399997, 4.049056319000044], [-75.28014901999995, 4.04928992400005], [-75.27999389599995, 4.04936882800007], [-75.27964570499995, 4.049551504000021], [-75.27930074199998, 4.049740253000039], [-75.27895911299998, 4.049935020000021], [-75.27862091999998, 4.050135744000045], [-75.27828626699994, 4.050342365000063], [-75.27795525499994, 4.050554818000023], [-75.27762798599997, 4.05077304100007], [-75.27730455999995, 4.050996966000071], [-75.27698507499997, 4.0512265240000715], [-75.27666962599994, 4.051461647000053], [-75.27635831299995, 4.051702263000038], [-75.27605122799997, 4.051948297000024], [-75.27574846699997, 4.052199676000043], [-75.27545011899997, 4.052456323000058], [-75.27515627799994, 4.052718159000051], [-75.27486703199997, 4.052985105000062], [-75.27458246899994, 4.053257080000037], [-75.27430267499994, 4.05353400000007], [-75.27402773799997, 4.053815782000072], [-75.27375773799997, 4.054102338000064], [-75.27349276099994, 4.0543935840000245], [-75.27323288499997, 4.054689428000074], [-75.27297818999995, 4.054989782000064], [-75.27272875399996, 4.0552945540000565], [-75.27248465299994, 4.0556036510000695], [-75.27224595999996, 4.0559169780000275], [-75.27201274999999, 4.056234442000061], [-75.27178509199996, 4.056555943000035], [-75.27156305599993, 4.056881386000043], [-75.27134670999999, 4.057210671000064], [-75.27113611999994, 4.057543696000039], [-75.27093134799998, 4.0578803620000485], [-75.27083988999993, 4.058041661000061], {"c": [[-75.27081709899994, 4.058075399000074], [-75.27082819799337, 4.058058328022428]]}, [-75.27073907799996, 4.058177143000023], [-75.27004154099996, 4.059120747000065], [-75.26993544699997, 4.059259932000032], [-75.26934375599996, 4.059974296000064], [-75.26913557999995, 4.060229395000022], [-75.26889147599996, 4.060538491000045], [-75.26865278099996, 4.06085181800006], [-75.26841956799996, 4.061169282000037], [-75.26819190699996, 4.0614907830000675], [-75.26796986899996, 4.061816226000076], [-75.26775352099997, 4.06214551000005], [-75.26754292799995, 4.0624785360000715], [-75.26733815399996, 4.062815202000024], [-75.26713926399998, 4.063155405000032], [-75.26694631599997, 4.063499041000057], [-75.26675936899994, 4.063846008000041], [-75.26657848199994, 4.064196198000047], [-75.26640370799998, 4.064549503000023], [-75.26623509999996, 4.064905818000057], [-75.26607271199998, 4.0652650350000386], [-75.26591659099995, 4.065627042000074], [-75.26591197199997, 4.065638250000063], [-75.26579366599998, 4.065893042000027], [-75.26568518899995, 4.066098354000076], [-75.26556633899997, 4.066297773000031], [-75.26543742599995, 4.066490778000059], [-75.26529877299998, 4.066676886000039], [-75.26515076899994, 4.066855572000065], [-75.26499382399999, 4.067026345000045], [-75.26478059999994, 4.067235629000038], [-75.26453071399999, 4.067459473000042], [-75.26438603099996, 4.067583993000028], [-75.26404262899996, 4.067857745000026], [-75.26385418099994, 4.067992695000044], [-75.26365908299994, 4.06811771200006], [-75.26343441099993, 4.0682458350000275], [-75.26312472399997, 4.068408301000034], [-75.26277974799996, 4.068597047000026], [-75.26243810599993, 4.06879181000005], [-75.26209989999995, 4.06899253000006], [-75.26176523399994, 4.0691991480000524], [-75.26143421099994, 4.069411598000045], [-75.26110692899994, 4.0696298170000205], [-75.26078348999994, 4.069853739000052], [-75.26046399299997, 4.070083294000028], [-75.26014853199996, 4.070318414000042], [-75.25983720599999, 4.0705590270000584], [-75.25953010899997, 4.070805059000065], [-75.25922733599998, 4.0710564350000595], [-75.25892897599994, 4.071313079000049], [-75.25863512199999, 4.071574912000074], [-75.25834586399998, 4.071841856000049], [-75.25806128899995, 4.072113828000056], [-75.25778148299997, 4.072390746000053], [-75.25750653399996, 4.072672526000076], [-75.25723652299996, 4.072959080000032], [-75.25697153399994, 4.073250324000071], [-75.25671164599999, 4.073546166000028], [-75.25645693999996, 4.073846518000039], [-75.25620749299998, 4.074151288000053], [-75.25596337999997, 4.07446038300003], [-75.25572467599994, 4.0747737090000555], [-75.25563183199995, 4.074898703000031], [-75.25551601199999, 4.075055755000051], [-75.25521342199994, 4.07543391300004], [-75.25486616999996, 4.075849769000058], [-75.25473136999994, 4.0760032160000605], [-75.25447666299993, 4.076303569000061], [-75.25422721399997, 4.076608338000028], [-75.25398309899998, 4.076917433000062], [-75.25374439399997, 4.077230759000031], [-75.25351117099996, 4.077548221000029], [-75.25328350099994, 4.07786972100007], [-75.25306145299999, 4.078195163000032], [-75.25284509499994, 4.078524446000074], [-75.25263449199997, 4.0788574700000595], [-75.25242970899995, 4.079194135000023], [-75.25223080999996, 4.07953433800003], [-75.25203785199994, 4.0798779740000555], [-75.25185089699994, 4.080224939000061], [-75.25166999999993, 4.080575129000067], [-75.25149521699996, 4.080928434000043], [-75.25132660099996, 4.081284749000076], [-75.25116420399996, 4.081643965000069], [-75.25100807399997, 4.082005972000047], [-75.25085825999997, 4.082370660000038], [-75.25071480599996, 4.082737918000021], [-75.25057775799996, 4.083107634000044], [-75.25044715699994, 4.083479695000051], [-75.25032304099994, 4.083853989000033], [-75.25020544999995, 4.084230400000024], [-75.25009441899994, 4.08460881600007], [-75.24998998099994, 4.084989119000056], [-75.24989216999995, 4.08537119500005], [-75.24980101299997, 4.085754927000039], [-75.24971654099994, 4.0861401980000664], [-75.24963877599998, 4.086526890000073], [-75.24956774499998, 4.086914886000045], [-75.24950346799994, 4.087304068000037], [-75.24944596499995, 4.087694317000057], [-75.24939525299999, 4.088085514000056], [-75.24935134899994, 4.088477541000032], [-75.24931426399996, 4.088870277000069], [-75.24928401099999, 4.0892636040000525], [-75.24926059899997, 4.089657401000068], [-75.24924403399996, 4.090051548000076], [-75.24923432399999, 4.09044592500004], [-75.24923146799995, 4.0908404130000235], [-75.24923546999997, 4.091234890000067], [-75.24924632699998, 4.091629237000063], [-75.24926403699999, 4.092023334000032], [-75.24928859299996, 4.092417061000049], [-75.24931998999995, 4.092810297000028], [-75.24935821599996, 4.093202923000035], [-75.24940325999995, 4.093594819000032], [-75.24945510799995, 4.0939858660000255], [-75.24951374599993, 4.094375945000024], [-75.24957915499994, 4.094764936000047], [-75.24965131499994, 4.095152723000069], [-75.24973020399995, 4.095539186000053], [-75.24981579699994, 4.095924207000053], [-75.24990807099994, 4.096307669000055], [-75.25000699399999, 4.096689457000025], [-75.25011253899999, 4.097069452000028], [-75.25022467199994, 4.097447540000076], [-75.25034335899994, 4.0978236050000305], [-75.25046856599994, 4.098197533000075], [-75.25060025099998, 4.098569210000051], [-75.25073837699995, 4.098938522000026], [-75.25088290199994, 4.099305357000048], [-75.25103377999994, 4.0996696040000415], [-75.25119096699996, 4.100031151000053], [-75.25135441199996, 4.100389889000041], [-75.25152406899997, 4.100745707000044], [-75.25169988499994, 4.101098497000066], [-75.25188180499998, 4.101448154000025], [-75.25206977499994, 4.101794569000049], [-75.25226373899994, 4.102137636000066], [-75.25246363399998, 4.102477252000028], [-75.25266940399996, 4.102813314000059], [-75.25288098199997, 4.103145718000064], [-75.25309830599997, 4.103474363000032], [-75.25332130899994, 4.103799150000043], [-75.25345596199998, 4.1039881170000285], [-75.25325372099996, 4.103900172000067], [-75.25289052999995, 4.103749740000069], [-75.25252477999999, 4.103605694000066], [-75.25215658099995, 4.103468081000074], [-75.25178604699994, 4.103336941000066], [-75.25141328999996, 4.103212314000075], [-75.25103842399994, 4.10309423800004], [-75.25066156299994, 4.102982749000034], [-75.25028282099998, 4.10287788100004], [-75.24990231399994, 4.10277966600006], [-75.24952015899999, 4.102688134000061], [-75.24913646999994, 4.1026033130000314], [-75.24875136699995, 4.102525228000047], [-75.24836496399996, 4.102453904000072], [-75.24797738099994, 4.1023893620000536], [-75.24758873499997, 4.102331622000065], [-75.24719914499997, 4.102280701000041], [-75.24680872899995, 4.102236615000038], [-75.24641760599997, 4.102199378000023], [-75.24602589499995, 4.10216900000006], [-75.24563371599999, 4.102145491000044], [-75.24524118699998, 4.102128857000025], [-75.24484842999993, 4.102119106000032], [-75.24445556299997, 4.102116238000065], [-75.24406270699996, 4.102120256000035], [-75.24366997899995, 4.102131156000041], [-75.24327750099997, 4.102148938000028], [-75.24288539099996, 4.1021735950000675], [-75.24249376999995, 4.102205119000075], [-75.24210275599995, 4.102243501000032], [-75.24171246899994, 4.102288729000065], [-75.24132302699996, 4.102340790000028], [-75.24093454899997, 4.102399667000043], [-75.24054715399996, 4.102465344000052], [-75.24016095899998, 4.102537799000061], [-75.23977608199993, 4.1026170110000635], [-75.23939264099994, 4.102702954000051], [-75.23901075099997, 4.10279560500004], [-75.23863052899998, 4.102894933000073], [-75.23825209199998, 4.103000910000048], [-75.23787555399997, 4.103113502000042], [-75.23750103099997, 4.103232675000072], [-75.23712863499998, 4.103358394000054], [-75.23675848099998, 4.1034906180000235], [-75.23639068199998, 4.103629310000031], [-75.23602534899999, 4.1037744260000295], [-75.23566259399996, 4.10392592200003], [-75.23530252699999, 4.104083751000076], [-75.23494525699994, 4.104247866000037], [-75.23459089499994, 4.104418218000035], [-75.23423954699996, 4.104594753000072], [-75.23389131999994, 4.104777418000026], [-75.23354632099995, 4.104966157000035], [-75.23320465599994, 4.105160914000066], [-75.23286642699998, 4.105361628000026], [-75.23253173699999, 4.105568240000025], [-75.23220068999996, 4.10578068500007], [-75.23187338499997, 4.105998898000053], [-75.23154992399998, 4.106222814000034], [-75.23123040299998, 4.106452364000063], [-75.23091491899999, 4.1066874790000725], [-75.23060356999997, 4.106928087000028], [-75.23029645099996, 4.107174114000031], [-75.23028915099997, 4.107180069000037], [-75.23027012999995, 4.10719559100005], [-75.23026470999997, 4.1071999850000225], [-75.23026072699997, 4.107203193000032], [-75.23025645799999, 4.107206615000052], [-75.23025072899998, 4.107211178000057], [-75.23024681299995, 4.107214280000051], [-75.23024256599996, 4.1072176250000325], [-75.23023678399994, 4.10722215100003], [-75.23023116099995, 4.10722652100003], [-75.23022558899999, 4.10723082100003], [-75.23022024199997, 4.107234919000064], [-75.23021422599999, 4.107239497000023], [-75.23020887199993, 4.107243543000038], [-75.23020308499997, 4.107247886000039], [-75.23019720799994, 4.1072522650000565], [-75.23019179999994, 4.107256265000046], [-75.23018591399995, 4.107260588000031], [-75.23018026799997, 4.10726470700007], [-75.23017566899995, 4.107268040000065], [-75.23017182499996, 4.107270811000035], [-75.23016727499999, 4.107274073000042], [-75.23016289399999, 4.10727719700003], [-75.23015859999998, 4.107280243000048], [-75.23015423399994, 4.107283323000047], [-75.23014856399999, 4.107287298000074], [-75.23014423099994, 4.1072903160000465], [-75.23013970599999, 4.107293451000032], [-75.23013388699997, 4.107297458000062], [-75.23012801699997, 4.1073014700000385], [-75.23012368499997, 4.107304412000076], [-75.23011915599994, 4.107307470000023], [-75.23011355899996, 4.107311225000046], [-75.23010913599995, 4.107314175000056], [-75.23010461299998, 4.107317174000059], [-75.23010011199995, 4.107320143000038], [-75.23009563499994, 4.107323079000025], [-75.23009123299994, 4.107325949000028], [-75.23008673799995, 4.107328864000067], [-75.23008067799998, 4.107332768000049], [-75.23007479899996, 4.1073365270000295], [-75.23006881299995, 4.107340327000031], [-75.23006292899998, 4.107344032000071], [-75.23005696899997, 4.107347759000049], [-75.23005220499994, 4.107350719000067], [-75.23004765299999, 4.107353529000022], [-75.23004198299998, 4.1073570070000756], [-75.23003547499997, 4.107360969000069], [-75.23002971399995, 4.107364448000055], [-75.23002521699993, 4.107367147000048], [-75.23002055299997, 4.107369930000061], [-75.23001439899997, 4.107373576000043], [-75.23000975699995, 4.107376308000028], [-75.23000515199993, 4.107379002000073], [-75.22999904599999, 4.107382550000068], [-75.22999293299995, 4.107386074000033], [-75.22998838199999, 4.107388680000042], [-75.22998359399998, 4.107391405000044], [-75.22997752299995, 4.107394837000072], [-75.22997133799998, 4.107398305000061], [-75.22994999599996, 4.107410181000034], {"c": [[-75.22778942799994, 4.108778470000061], [-75.22885036875095, 4.108063528667669]]}, [-75.22756461699998, 4.108940096000026], [-75.22755241099998, 4.108947894000039], [-75.22752247999995, 4.108967193000069], [-75.22720088899996, 4.109149140000056], [-75.22699400799996, 4.109253344000024], [-75.22678204399995, 4.109346724000034], [-75.22656559299998, 4.1094290160000355], [-75.22634517899996, 4.109500020000041], [-75.22614077199995, 4.1095543890000386], [-75.22611152299999, 4.109560257000055], [-75.22602532499997, 4.109577729000023], [-75.22599339799996, 4.109584265000024], [-75.22597707699998, 4.109587582000074], [-75.22596085099997, 4.109590855000022], [-75.22594509899994, 4.109594008000045], [-75.22592878499995, 4.109597249000046], [-75.22591247599996, 4.109600464000039], [-75.22589671199995, 4.109603548000052], [-75.22588040199997, 4.109606715000041], [-75.22586453499997, 4.109609772000056], [-75.22584809499995, 4.109612913000035], [-75.22583200999998, 4.109615963000067], [-75.22581591099998, 4.109618991000048], [-75.22579964899995, 4.109622026000068], [-75.22578360199998, 4.109624996000036], [-75.22576715399998, 4.109628015000055], [-75.22575130799999, 4.10963090000007], [-75.22573520299994, 4.109633809000059], [-75.22571868699998, 4.109636766000051], [-75.22570305399995, 4.109639542000025], [-75.22568674999997, 4.109642413000074], [-75.22567023699997, 4.109645296000053], [-75.22565399299998, 4.109648107000055], [-75.22563786299997, 4.109650875000057], [-75.22562158399995, 4.109653643000058], [-75.22560587899994, 4.109656290000032], [-75.22558938699996, 4.109659046000047], [-75.22557338099995, 4.109661696000046], [-75.22555689799998, 4.109664401000032], [-75.22554065299994, 4.109667043000059], [-75.22552464799998, 4.109669621000023], [-75.22550825099995, 4.109672237000041], [-75.22549219799998, 4.10967477600002], [-75.22547602199995, 4.109677310000052], [-75.22545946699995, 4.109679878000065], [-75.22544318299998, 4.109682380000038], [-75.22542736299994, 4.109684787000049], [-75.22539469499998, 4.109689709000065], [-75.22529163399997, 4.109705744000053], [-75.22513553099998, 4.109722174000069], [-75.22490440899998, 4.109734470000035], [-75.22467293699998, 4.109734804000027], [-75.22444178299997, 4.10972317300002], [-75.22421150899999, 4.109699608000028], [-75.22378312399997, 4.109633246000044], [-75.22330055499998, 4.1095300810000595], [-75.22316018899994, 4.109495253000034], [-75.22289340599997, 4.109425658000021], [-75.22275294299999, 4.10938692600007], [-75.22240430399995, 4.109275723000053], [-75.22218761399995, 4.109194053000067], [-75.22197539099994, 4.109101287000044], [-75.22176820799996, 4.108997676000058], [-75.22141570299993, 4.108798019000062], [-75.22138437799998, 4.108778747000031], [-75.22091979299995, 4.108486233000065], [-75.22086269399995, 4.108450403000063], [-75.22078774399995, 4.108403729000031], [-75.22016620899996, 4.108018376000075], {"c": [[-75.21914862099999, 4.107423800000049], [-75.21966128641893, 4.107714407503848]]}, [-75.21851581199996, 4.107075966000025], {"c": [[-75.21089012699997, 4.104526752000027], [-75.21481718613386, 4.1054568701256695]]}, [-75.21021293199993, 4.104429606000053], [-75.20986300899995, 4.10435669900005], {"c": [[-75.20565056099997, 4.10388817200004], [-75.20776779079098, 4.104022670794337]]}]]}, "properties": {"OBJECTID": 1, "ORIG_FID": 1, "NOMBRE": "Area Redes Socioproductivas Tolima Sur", "AREA_HA": 168145.98, "Shape_Length": 2.7129757141244615, "Shape_Area": 0.13684299271872916}}]}