{"type":"FeatureCollection","features":[{"type":"Feature","geometry":{"type":"MultiLineString","coordinates":[[[-75.2149,3.4132],[-75.2135,3.4131],[-75.2124,3.4128],[-75.2121,3.4126]],[[-75.2112,3.4122],[-75.2112,3.4122],[-75.211,3.4119],[-75.211,3.4116],[-75.211,3.4114]],[[-75.2092,3.4088],[-75.2089,3.4094],[-75.2086,3.41],[-75.2081,3.4106],[-75.2079,3.4108],[-75.2075,3.4109],[-75.2064,3.411],[-75.2054,3.4111],[-75.2045,3.4112],[-75.2036,3.4111],[-75.2028,3.4108],[-75.2022,3.4104],[-75.2017,3.41],[-75.2015,3.4096]],[[-75.2113,3.4102],[-75.2115,3.4099],[-75.2119,3.4094],[-75.2122,3.409]],[[-75.2,3.4087],[-75.1999,3.4086],[-75.1996,3.4083],[-75.1996,3.4083],[-75.1995,3.4078],[-75.1993,3.4073],[-75.1994,3.4067],[-75.1996,3.4057],[-75.2004,3.4038]],[[-75.2011,3.4016],[-75.2011,3.4015],[-75.2015,3.3999],[-75.2018,3.3987],[-75.2019,3.3982],[-75.202,3.3972],[-75.202,3.3969],[-75.2018,3.3966],[-75.2016,3.3965]],[[-75.2003,3.3947],[-75.2003,3.3946],[-75.2003,3.3939],[-75.2003,3.3937]],[[-75.1964,3.3839],[-75.1964,3.3839],[-75.1952,3.3835],[-75.1944,3.3832],[-75.1937,3.3831],[-75.1933,3.3828],[-75.1931,3.3826]],[[-75.1865,3.3804],[-75.1861,3.3804],[-75.1855,3.3802],[-75.1854,3.38]],[[-75.1821,3.3798],[-75.1815,3.3799],[-75.181,3.3798]]]},"properties":{"nombre":"Río Pata","tipo":"river"}},{"type":"Feature","geometry":{"type":"LineString","coordinates":[[-75.187,3.7066],[-75.1862,3.7065],[-75.1857,3.7059],[-75.1852,3.7052],[-75.1844,3.7052],[-75.1836,3.7045],[-75.183,3.7032],[-75.1826,3.7026],[-75.1821,3.7025],[-75.1811,3.7023],[-75.1803,3.7017]]},"properties":{"nombre":"","tipo":"stream"}},{"type":"Feature","geometry":{"type":"LineString","coordinates":[[-75.1356,3.7872],[-75.1349,3.787],[-75.1339,3.7868],[-75.1332,3.7866],[-75.1321,3.7866],[-75.1315,3.7866],[-75.131,3.7869],[-75.1304,3.787],[-75.1297,3.7869],[-75.1293,3.7863],[-75.1285,3.786],[-75.1268,3.786],[-75.1259,3.7866],[-75.1256,3.787],[-75.1253,3.7875],[-75.1249,3.7882],[-75.1235,3.7883],[-75.1228,3.7882],[-75.1219,3.7882],[-75.1214,3.7886],[-75.1209,3.789],[-75.1207,3.7895],[-75.1207,3.7902],[-75.1205,3.7905],[-75.1203,3.791],[-75.1206,3.7911],[-75.1209,3.7914],[-75.1207,3.7918],[-75.1205,3.7921],[-75.1199,3.792],[-75.1199,3.7917],[-75.1198,3.7913],[-75.1184,3.7918],[-75.1171,3.792],[-75.116,3.7919],[-75.1153,3.7919],[-75.115,3.7927],[-75.1149,3.7938],[-75.1153,3.7944],[-75.1159,3.7951],[-75.1163,3.7956],[-75.1163,3.7964],[-75.116,3.7967],[-75.1155,3.7975],[-75.1143,3.7978],[-75.1133,3.7977]]},"properties":{"nombre":"Río Chenche","tipo":"stream"}},{"type":"Feature","geometry":{"type":"LineString","coordinates":[[-74.9751,3.7081],[-74.9752,3.7081],[-74.9756,3.7084],[-74.9756,3.7088],[-74.9755,3.7091],[-74.9754,3.7094],[-74.9754,3.7095],[-74.9754,3.7097],[-74.9755,3.7098],[-74.9756,3.7099],[-74.9757,3.71],[-74.9758,3.71],[-74.9759,3.71],[-74.9761,3.7099],[-74.9763,3.7098]]},"properties":{"nombre":"","tipo":"river"}},{"type":"Feature","geometry":{"type":"LineString","coordinates":[[-74.9915,3.7483],[-74.9915,3.7482],[-74.9915,3.7478],[-74.9914,3.7476],[-74.9912,3.7476],[-74.9908,3.7477],[-74.9905,3.7478],[-74.9901,3.7481],[-74.9898,3.7483]]},"properties":{"nombre":"","tipo":"river"}},{"type":"Feature","geometry":{"type":"LineString","coordinates":[[-74.9766,3.7414],[-74.9761,3.7403],[-74.976,3.7402],[-74.9758,3.7399],[-74.9757,3.7398],[-74.9755,3.7396],[-74.9754,3.7394],[-74.9753,3.7392],[-74.9751,3.7391],[-74.9749,3.7392],[-74.9747,3.7393],[-74.9743,3.7395],[-74.9741,3.7397],[-74.9736,3.7398],[-74.9734,3.7399],[-74.9731,3.7398],[-74.9728,3.7397],[-74.9726,3.7398],[-74.9724,3.74],[-74.9721,3.7402],[-74.9719,3.7404],[-74.9714,3.7404],[-74.9709,3.7407],[-74.9706,3.741],[-74.9705,3.7412]]},"properties":{"nombre":"","tipo":"river"}},{"type":"Feature","geometry":{"type":"LineString","coordinates":[[-75.2797,4.0495],[-75.2792,4.0481],[-75.2789,4.0465],[-75.2776,4.0445],[-75.2754,4.0424],[-75.275,4.0409],[-75.2741,4.0403],[-75.2735,4.0399],[-75.2714,4.0388],[-75.2711,4.0385],[-75.2695,4.0374]]},"properties":{"nombre":"","tipo":"stream"}},{"type":"Feature","geometry":{"type":"LineString","coordinates":[[-75.0353,3.8157],[-75.0348,3.816],[-75.0344,3.8165],[-75.0342,3.817],[-75.034,3.8177],[-75.0339,3.818],[-75.0339,3.8186],[-75.0335,3.8189]]},"properties":{"nombre":"Río Chenche","tipo":"stream"}},{"type":"Feature","geometry":{"type":"LineString","coordinates":[[-75.2599,4.0705],[-75.2596,4.07],[-75.2588,4.0686],[-75.2573,4.0676],[-75.2564,4.0672],[-75.2556,4.0663],[-75.255,4.0662],[-75.2543,4.0664],[-75.2536,4.0663],[-75.2531,4.0666],[-75.2521,4.0663],[-75.2513,4.0664],[-75.2506,4.0669],[-75.2499,4.0668],[-75.2494,4.0671],[-75.2487,4.0674],[-75.2481,4.0673],[-75.2478,4.0678],[-75.2474,4.0681],[-75.2469,4.0681],[-75.2465,4.068],[-75.246,4.0686],[-75.2455,4.0688],[-75.2448,4.069],[-75.2442,4.0692],[-75.2436,4.0694],[-75.2429,4.0697],[-75.2429,4.0702],[-75.2421,4.0703],[-75.2417,4.0707],[-75.2411,4.0709],[-75.2402,4.071],[-75.2396,4.0715],[-75.2389,4.0717],[-75.2382,4.0716],[-75.2374,4.0712],[-75.2369,4.0707],[-75.2361,4.0705],[-75.2356,4.0704],[-75.2351,4.0702],[-75.2344,4.0702],[-75.2341,4.0706]]},"properties":{"nombre":"","tipo":"stream"}},{"type":"Feature","geometry":{"type":"LineString","coordinates":[[-75.1691,3.7022],[-75.1696,3.7018],[-75.1698,3.7015],[-75.1698,3.7013],[-75.1696,3.701],[-75.1691,3.7008],[-75.1689,3.7007]]},"properties":{"nombre":"","tipo":"stream"}},{"type":"Feature","geometry":{"type":"LineString","coordinates":[[-75.2971,3.8953],[-75.2966,3.8945],[-75.2961,3.894],[-75.2954,3.8933],[-75.2951,3.8928],[-75.2949,3.8922],[-75.295,3.8917],[-75.2954,3.8911],[-75.2958,3.8905],[-75.2963,3.8895],[-75.2965,3.8885],[-75.2965,3.8877],[-75.2962,3.887],[-75.2958,3.8864],[-75.2941,3.8849],[-75.2911,3.8838],[-75.2888,3.8821],[-75.2878,3.8796],[-75.2867,3.8764],[-75.2851,3.8757],[-75.2833,3.8762],[-75.2823,3.877],[-75.2818,3.8769],[-75.2814,3.8764],[-75.2809,3.8762],[-75.2806,3.8759],[-75.2804,3.8756],[-75.2803,3.8753],[-75.2801,3.8748],[-75.2799,3.8744],[-75.2797,3.8741],[-75.2793,3.8738],[-75.2788,3.8737],[-75.2785,3.8735],[-75.2775,3.8732],[-75.277,3.8731],[-75.2767,3.8729],[-75.2763,3.8726],[-75.2759,3.8722],[-75.2753,3.8718],[-75.275,3.8714],[-75.2747,3.8709],[-75.2746,3.8704],[-75.2744,3.8696],[-75.2741,3.8693],[-75.2738,3.8691],[-75.2733,3.869],[-75.2728,3.869],[-75.2722,3.8692],[-75.2717,3.8695],[-75.2712,3.8697],[-75.2707,3.8698],[-75.2702,3.8698],[-75.2699,3.8696],[-75.2696,3.8695],[-75.2692,3.8695],[-75.2687,3.8695],[-75.2684,3.8697],[-75.268,3.8701],[-75.2678,3.8704],[-75.2676,3.8704],[-75.267,3.8704],[-75.2665,3.8701],[-75.2657,3.8695],[-75.265,3.8687],[-75.2647,3.8684],[-75.264,3.8682],[-75.2637,3.8679],[-75.2634,3.8676],[-75.2633,3.8672],[-75.263,3.8668],[-75.2624,3.8666],[-75.2615,3.8665],[-75.2606,3.8664],[-75.26,3.8665],[-75.2592,3.8666],[-75.2588,3.8668]]},"properties":{"nombre":"","tipo":"river"}},{"type":"Feature","geometry":{"type":"LineString","coordinates":[[-75.1031,3.9092],[-75.1026,3.909],[-75.1022,3.9086],[-75.102,3.9079],[-75.1014,3.9078],[-75.1008,3.9079],[-75.0963,3.9118],[-75.0958,3.912],[-75.095,3.912],[-75.0945,3.912],[-75.093,3.9116],[-75.089,3.9133],[-75.0787,3.924]]},"properties":{"nombre":"","tipo":"canal"}},{"type":"Feature","geometry":{"type":"LineString","coordinates":[[-75.0981,3.8004],[-75.0974,3.8001],[-75.0967,3.8],[-75.0957,3.8004],[-75.0953,3.8008],[-75.0951,3.8012],[-75.0949,3.8017],[-75.0949,3.8025],[-75.0948,3.804],[-75.0948,3.8046],[-75.0949,3.8054],[-75.0951,3.8063],[-75.0954,3.807],[-75.0954,3.8083],[-75.0943,3.8093],[-75.0937,3.81],[-75.0912,3.8135],[-75.091,3.8143],[-75.0909,3.815],[-75.0903,3.8158],[-75.0895,3.816],[-75.0886,3.8153],[-75.0879,3.8152],[-75.0872,3.8154],[-75.0869,3.8161],[-75.0869,3.8171],[-75.0871,3.818],[-75.0876,3.8191],[-75.0883,3.8197],[-75.089,3.8204],[-75.089,3.8208],[-75.0879,3.8223],[-75.087,3.8227],[-75.0862,3.8223],[-75.0853,3.8223],[-75.0838,3.8224],[-75.0821,3.8225],[-75.0815,3.8223],[-75.0812,3.8218],[-75.0812,3.8211],[-75.0813,3.8193],[-75.0812,3.818],[-75.0808,3.8178],[-75.0797,3.818],[-75.0787,3.8181],[-75.0781,3.8179]]},"properties":{"nombre":"Río Chenche","tipo":"stream"}},{"type":"Feature","geometry":{"type":"LineString","coordinates":[[-75.1463,4.0053],[-75.1458,4.0059],[-75.1445,4.0074],[-75.1436,4.0078],[-75.1426,4.0082],[-75.1415,4.0085],[-75.1411,4.0086],[-75.1404,4.0088],[-75.1401,4.0089],[-75.1392,4.008],[-75.1381,4.0078],[-75.1375,4.0078],[-75.1368,4.0075],[-75.136,4.0068],[-75.1357,4.0054]]},"properties":{"nombre":"","tipo":"river"}},{"type":"Feature","geometry":{"type":"LineString","coordinates":[[-75.1022,3.9766],[-75.1022,3.9764],[-75.1022,3.9762],[-75.1021,3.9757],[-75.1019,3.9753],[-75.1017,3.9749],[-75.1013,3.9746],[-75.1008,3.9748],[-75.1004,3.9751],[-75.1002,3.9752],[-75.0998,3.9753],[-75.0996,3.9753],[-75.0994,3.9751],[-75.0992,3.9746],[-75.0991,3.9744],[-75.0989,3.9741],[-75.0985,3.9738],[-75.0981,3.9738],[-75.0977,3.9738],[-75.0975,3.9736],[-75.0972,3.9733],[-75.0969,3.973],[-75.0968,3.9727],[-75.0967,3.9725],[-75.0966,3.9722],[-75.0966,3.9717]]},"properties":{"nombre":"","tipo":"stream"}},{"type":"Feature","geometry":{"type":"LineString","coordinates":[[-75.2025,4.0265],[-75.2027,4.0249],[-75.2022,4.0239],[-75.2015,4.023],[-75.201,4.0231],[-75.2001,4.0238],[-75.1993,4.0247],[-75.1986,4.0244],[-75.1973,4.0245],[-75.1966,4.0232],[-75.1958,4.0226],[-75.1939,4.0211]]},"properties":{"nombre":"Río Cucuana","tipo":"river"}},{"type":"Feature","geometry":{"type":"LineString","coordinates":[[-75.6981,4.0793],[-75.6981,4.0793],[-75.6971,4.0794],[-75.6966,4.079],[-75.6957,4.0782],[-75.6956,4.0779],[-75.6954,4.0777],[-75.6946,4.0772],[-75.6945,4.0763],[-75.694,4.0759],[-75.6937,4.0755],[-75.6935,4.0754],[-75.6934,4.075],[-75.6929,4.0746],[-75.6925,4.0739],[-75.6916,4.0733],[-75.6912,4.0732],[-75.691,4.0729],[-75.691,4.0726],[-75.6895,4.0718],[-75.689,4.0713],[-75.6887,4.0712],[-75.6882,4.0704],[-75.6881,4.07],[-75.6879,4.0697],[-75.6874,4.0699],[-75.6866,4.0688],[-75.6861,4.0683],[-75.6855,4.0679],[-75.6848,4.0673],[-75.6842,4.067],[-75.6836,4.0672],[-75.6828,4.0675],[-75.6822,4.0672],[-75.6817,4.0676],[-75.6798,4.0662],[-75.6795,4.0655],[-75.6786,4.0638],[-75.6775,4.0637],[-75.6769,4.0631],[-75.6758,4.063],[-75.6756,4.0635],[-75.6746,4.0636],[-75.6733,4.0628],[-75.6726,4.0614],[-75.6718,4.0606],[-75.6715,4.0607],[-75.6711,4.0607],[-75.6704,4.0595],[-75.6698,4.0596],[-75.6692,4.0594],[-75.6681,4.0586],[-75.6672,4.059],[-75.6665,4.0587],[-75.6663,4.0588],[-75.6662,4.059],[-75.6663,4.0597],[-75.6654,4.06],[-75.6649,4.0605],[-75.6648,4.0606],[-75.6644,4.0607],[-75.664,4.0608],[-75.6638,4.0608],[-75.6634,4.0608],[-75.6632,4.0607],[-75.663,4.0606]]},"properties":{"nombre":"","tipo":"stream"}},{"type":"Feature","geometry":{"type":"LineString","coordinates":[[-75.1479,3.4535],[-75.1478,3.4534],[-75.1476,3.4529],[-75.1479,3.4523],[-75.1487,3.4515],[-75.1493,3.4504],[-75.1495,3.4496]]},"properties":{"nombre":"","tipo":"stream"}},{"type":"Feature","geometry":{"type":"LineString","coordinates":[[-75.1718,3.7851],[-75.1714,3.7847],[-75.1708,3.7848],[-75.1702,3.785],[-75.1694,3.7839],[-75.169,3.7839],[-75.1687,3.7838]]},"properties":{"nombre":"Río Chenche","tipo":"stream"}},{"type":"Feature","geometry":{"type":"LineString","coordinates":[[-75.0723,3.6692],[-75.072,3.669],[-75.0719,3.6684],[-75.0718,3.6671],[-75.0716,3.6669],[-75.0713,3.6664],[-75.0708,3.6658],[-75.0702,3.6655],[-75.0698,3.6649],[-75.0697,3.6639],[-75.0699,3.6632]]},"properties":{"nombre":"","tipo":"river"}},{"type":"Feature","geometry":{"type":"LineString","coordinates":[[-75.1636,3.6817],[-75.1642,3.6821],[-75.1656,3.6828],[-75.1666,3.6833],[-75.167,3.6837],[-75.1682,3.6849],[-75.1687,3.6859],[-75.1698,3.6868],[-75.1708,3.6879],[-75.1711,3.6883],[-75.1713,3.6887],[-75.1714,3.6893],[-75.1712,3.6897],[-75.1706,3.6899],[-75.1695,3.6904],[-75.1692,3.6908],[-75.1691,3.6911]]},"properties":{"nombre":"","tipo":"river"}},{"type":"Feature","geometry":{"type":"LineString","coordinates":[[-75.2403,3.7294],[-75.2405,3.7297],[-75.2404,3.7303],[-75.2407,3.7305],[-75.2418,3.7302],[-75.2425,3.7302],[-75.2427,3.7304],[-75.2429,3.7307],[-75.2428,3.7313],[-75.2424,3.732],[-75.2425,3.7323]]},"properties":{"nombre":"Quebrada Meche","tipo":"stream"}},{"type":"Feature","geometry":{"type":"LineString","coordinates":[[-75.1552,3.4689],[-75.155,3.4688],[-75.1547,3.4688],[-75.1546,3.4688],[-75.1545,3.4688],[-75.1543,3.4688],[-75.154,3.4687],[-75.1538,3.4685],[-75.1536,3.4683],[-75.1535,3.468],[-75.1535,3.4677],[-75.1535,3.4675],[-75.1536,3.4674],[-75.1536,3.4672],[-75.1535,3.467],[-75.1534,3.4669],[-75.1532,3.4669],[-75.1529,3.4668],[-75.1527,3.4669],[-75.1525,3.4669],[-75.1522,3.4667],[-75.152,3.4666]]},"properties":{"nombre":"","tipo":"stream"}},{"type":"Feature","geometry":{"type":"LineString","coordinates":[[-75.0941,3.9715],[-75.0947,3.9711]]},"properties":{"nombre":"","tipo":"stream"}},{"type":"Feature","geometry":{"type":"LineString","coordinates":[[-75.0521,3.6571],[-75.0516,3.6575],[-75.0511,3.6581],[-75.0509,3.6583],[-75.0506,3.6584],[-75.0502,3.6585],[-75.0487,3.6583],[-75.0483,3.6583],[-75.0479,3.6582],[-75.0476,3.6581],[-75.0473,3.6579],[-75.0468,3.6574],[-75.0463,3.657],[-75.0459,3.6567],[-75.0456,3.6565],[-75.0452,3.6563],[-75.0448,3.6561],[-75.0442,3.6561],[-75.0436,3.6561],[-75.0431,3.6563],[-75.0425,3.6567],[-75.0422,3.6565],[-75.0418,3.6561],[-75.0413,3.6558],[-75.04,3.6553]]},"properties":{"nombre":"","tipo":"river"}},{"type":"Feature","geometry":{"type":"LineString","coordinates":[[-75.028,3.5575],[-75.0282,3.5579],[-75.0287,3.5582],[-75.0294,3.5581],[-75.0307,3.5579],[-75.0311,3.5584],[-75.0312,3.5591],[-75.0306,3.5599],[-75.0303,3.5609],[-75.0303,3.5618],[-75.0304,3.5625],[-75.0308,3.5632],[-75.032,3.5635],[-75.0332,3.5637],[-75.0339,3.5636],[-75.0346,3.5632],[-75.0356,3.5636],[-75.0366,3.5642],[-75.0375,3.5652],[-75.0377,3.5661],[-75.0379,3.5669],[-75.0384,3.5676],[-75.0392,3.5679],[-75.0398,3.5679],[-75.0404,3.5676],[-75.0414,3.5672],[-75.0416,3.5671],[-75.0419,3.5669],[-75.0424,3.5664],[-75.0426,3.5662]]},"properties":{"nombre":"","tipo":"river"}},{"type":"Feature","geometry":{"type":"LineString","coordinates":[[-75.3312,3.799],[-75.3311,3.7994],[-75.3308,3.8001],[-75.3304,3.8009],[-75.3301,3.801],[-75.3294,3.8009],[-75.3291,3.8008],[-75.3286,3.8005],[-75.3279,3.8],[-75.3274,3.7998],[-75.3267,3.7996],[-75.3264,3.7997],[-75.3261,3.8004],[-75.3258,3.8014],[-75.3254,3.8027],[-75.3253,3.8036],[-75.325,3.805],[-75.324,3.8064],[-75.3238,3.8068],[-75.3235,3.808],[-75.3233,3.8091],[-75.3235,3.8096],[-75.3246,3.8117],[-75.3247,3.8126],[-75.3243,3.8135],[-75.3208,3.8161],[-75.3176,3.8192],[-75.3145,3.8202],[-75.3142,3.8242],[-75.3084,3.8295],[-75.3022,3.8336],[-75.299,3.8364],[-75.295,3.8356],[-75.2936,3.8358],[-75.2928,3.8391],[-75.2919,3.8444],[-75.2894,3.8478],[-75.2872,3.8505],[-75.2839,3.8516],[-75.2791,3.8509],[-75.2734,3.8523],[-75.2704,3.853],[-75.2676,3.8554],[-75.2644,3.856],[-75.2625,3.8606],[-75.2605,3.8621],[-75.2592,3.866],[-75.2588,3.8668],[-75.257,3.8703],[-75.2558,3.8765],[-75.2552,3.8774],[-75.2545,3.8778],[-75.2533,3.8784],[-75.245,3.8775],[-75.2385,3.8763],[-75.2337,3.8714],[-75.2321,3.8705],[-75.2304,3.8708],[-75.2274,3.8715],[-75.2261,3.8717],[-75.2245,3.8715],[-75.2189,3.8711],[-75.2182,3.8708],[-75.2178,3.8701],[-75.2179,3.8691],[-75.2182,3.8683],[-75.2184,3.8656],[-75.2181,3.8645],[-75.2175,3.8643],[-75.2172,3.8644],[-75.2167,3.8655],[-75.216,3.8662],[-75.213,3.8672],[-75.2116,3.8674],[-75.2102,3.8675],[-75.2091,3.8667],[-75.2081,3.8655],[-75.2065,3.8607],[-75.2052,3.8587],[-75.2035,3.8584],[-75.2019,3.8592],[-75.1974,3.8619],[-75.1936,3.8648],[-75.1895,3.867],[-75.1891,3.8674],[-75.1891,3.868],[-75.1889,3.8726],[-75.1869,3.8746],[-75.1844,3.8747],[-75.1826,3.8745],[-75.1818,3.875],[-75.1816,3.8766],[-75.1809,3.8786],[-75.1802,3.8793],[-75.1788,3.8789],[-75.1768,3.8773],[-75.1735,3.8744],[-75.1679,3.8711],[-75.167,3.8708],[-75.1648,3.8701],[-75.1633,3.8705],[-75.1616,3.8711],[-75.1608,3.8716]]},"properties":{"nombre":"Río Tetuan","tipo":"river"}},{"type":"Feature","geometry":{"type":"LineString","coordinates":[[-75.1702,3.7035],[-75.1696,3.7039],[-75.1689,3.7039],[-75.1682,3.7034],[-75.1683,3.7028],[-75.1686,3.7024],[-75.1691,3.7022]]},"properties":{"nombre":"","tipo":"stream"}},{"type":"Feature","geometry":{"type":"LineString","coordinates":[[-75.1097,3.7245],[-75.107,3.7225],[-75.1057,3.7225],[-75.1039,3.7221],[-75.1029,3.7215],[-75.1024,3.7205],[-75.1031,3.7196],[-75.103,3.7188],[-75.102,3.7182],[-75.1006,3.7187],[-75.0999,3.7192],[-75.0988,3.7219],[-75.0979,3.7221],[-75.0975,3.7217],[-75.0974,3.7204],[-75.0967,3.719],[-75.0953,3.7181],[-75.0936,3.7183],[-75.092,3.7201],[-75.0905,3.7201],[-75.0884,3.7205],[-75.0859,3.7222],[-75.0852,3.7239],[-75.083,3.7244],[-75.0816,3.7245],[-75.0804,3.7255],[-75.08,3.7275],[-75.08,3.7291],[-75.0811,3.7303],[-75.081,3.7316],[-75.0804,3.7325],[-75.079,3.7325],[-75.0767,3.7313],[-75.0739,3.7313],[-75.0731,3.7319],[-75.0723,3.7332],[-75.0723,3.7343],[-75.0713,3.7343],[-75.0706,3.7337],[-75.0696,3.7334],[-75.069,3.734],[-75.0679,3.7363],[-75.0671,3.7365],[-75.0665,3.7364],[-75.0658,3.7356],[-75.0649,3.7338],[-75.0644,3.7333],[-75.0625,3.7334],[-75.0617,3.7332],[-75.0614,3.7328],[-75.061,3.7327],[-75.0606,3.7327],[-75.0605,3.7327],[-75.0602,3.7326],[-75.0596,3.7325],[-75.0589,3.7325],[-75.0573,3.7327],[-75.0561,3.7332],[-75.0548,3.7332],[-75.054,3.7328],[-75.0535,3.7322],[-75.053,3.7314],[-75.0528,3.7307],[-75.0525,3.7296],[-75.0521,3.7293],[-75.0508,3.7288],[-75.0502,3.7285],[-75.049,3.7285],[-75.0479,3.7288],[-75.0468,3.7295],[-75.0462,3.7298],[-75.0458,3.7308],[-75.0458,3.7324],[-75.0455,3.7329],[-75.045,3.7332],[-75.0442,3.7332],[-75.0436,3.733],[-75.0431,3.7332],[-75.043,3.7336],[-75.0434,3.7349],[-75.044,3.7355],[-75.0438,3.7368],[-75.0441,3.7377],[-75.0441,3.7383],[-75.0448,3.7395],[-75.0445,3.7404],[-75.0441,3.7408],[-75.0433,3.7408],[-75.0422,3.7408],[-75.0399,3.7415],[-75.0384,3.7418],[-75.0369,3.743],[-75.0361,3.744],[-75.0344,3.7445],[-75.0335,3.7445],[-75.0321,3.7444],[-75.0313,3.7448],[-75.0313,3.7456],[-75.0313,3.7464],[-75.0314,3.7472],[-75.0312,3.7478],[-75.0303,3.7481],[-75.0282,3.7483],[-75.0272,3.7488],[-75.0263,3.7497],[-75.0262,3.7502],[-75.0256,3.7512],[-75.0239,3.7522],[-75.0228,3.7526],[-75.022,3.7523],[-75.0215,3.7519],[-75.0214,3.7512],[-75.0218,3.7507],[-75.0232,3.7497],[-75.0236,3.749],[-75.0238,3.7482],[-75.0234,3.7477],[-75.0228,3.7473],[-75.0222,3.7469],[-75.0218,3.746],[-75.0203,3.7459],[-75.0195,3.7461],[-75.0191,3.7454],[-75.0186,3.7451],[-75.0174,3.7446],[-75.0161,3.7448],[-75.0151,3.7455],[-75.0145,3.747],[-75.0139,3.7484],[-75.0135,3.7487],[-75.0128,3.7488],[-75.0121,3.7484],[-75.0116,3.7476],[-75.0106,3.7473],[-75.009,3.7476],[-75.008,3.7486],[-75.0069,3.7488],[-75.0062,3.7487],[-75.0052,3.7477],[-75.0045,3.7472],[-75.0036,3.7471],[-75.0023,3.7474],[-75.0018,3.7477],[-75.0014,3.748],[-75.0005,3.7474],[-74.9997,3.7475],[-74.9983,3.7485],[-74.9983,3.7496],[-74.9984,3.7505],[-74.9982,3.7515],[-74.9977,3.7517],[-74.9973,3.7517],[-74.9969,3.7515],[-74.9968,3.7512]]},"properties":{"nombre":"Quebrada Zaragoza","tipo":"river"}},{"type":"Feature","geometry":{"type":"LineString","coordinates":[[-75.1495,3.4496],[-75.1491,3.4489],[-75.1486,3.4484],[-75.1482,3.4483],[-75.1475,3.4484],[-75.147,3.4485],[-75.1466,3.4484],[-75.1463,3.4482],[-75.146,3.4478],[-75.1459,3.4475],[-75.1457,3.447]]},"properties":{"nombre":"","tipo":"stream"}},{"type":"Feature","geometry":{"type":"LineString","coordinates":[[-75.0847,3.6622],[-75.0842,3.6628],[-75.0838,3.6628],[-75.0833,3.6622],[-75.0831,3.6618],[-75.0823,3.6615],[-75.0816,3.661],[-75.0809,3.661],[-75.0806,3.6614],[-75.0806,3.6621],[-75.0803,3.6626],[-75.0784,3.6638],[-75.0779,3.6642],[-75.0778,3.6649],[-75.0781,3.6659],[-75.0781,3.6668],[-75.0775,3.6681],[-75.0769,3.6682],[-75.0763,3.6682],[-75.0757,3.6681],[-75.0746,3.6687],[-75.0745,3.6694],[-75.0746,3.6702],[-75.0752,3.6707],[-75.0755,3.6715],[-75.0756,3.672],[-75.0754,3.6725],[-75.0748,3.6729],[-75.074,3.6726],[-75.0738,3.6721],[-75.0737,3.6709],[-75.0737,3.67],[-75.0727,3.6695],[-75.0723,3.6692]]},"properties":{"nombre":"","tipo":"river"}},{"type":"Feature","geometry":{"type":"LineString","coordinates":[[-75.644,4.0368],[-75.644,4.0366],[-75.644,4.0362],[-75.6442,4.0359],[-75.6444,4.0356],[-75.6445,4.0353],[-75.6445,4.0349],[-75.6444,4.0347],[-75.6403,4.0296],[-75.6363,4.0263]]},"properties":{"nombre":"","tipo":"stream"}},{"type":"Feature","geometry":{"type":"LineString","coordinates":[[-75.0624,3.565],[-75.0635,3.5642],[-75.0641,3.5638],[-75.0649,3.5634],[-75.0653,3.5624],[-75.0652,3.5613],[-75.065,3.5605],[-75.0648,3.5597],[-75.0656,3.5591],[-75.0665,3.5585],[-75.0682,3.5578],[-75.0696,3.5572],[-75.07,3.5571]]},"properties":{"nombre":"","tipo":"river"}},{"type":"Feature","geometry":{"type":"LineString","coordinates":[[-75.1637,3.7832],[-75.1633,3.7828],[-75.1628,3.7827],[-75.1625,3.7824],[-75.162,3.7822],[-75.1616,3.7818],[-75.1608,3.782],[-75.1601,3.7814],[-75.1586,3.7804],[-75.1578,3.7803],[-75.1572,3.7808],[-75.1567,3.7813],[-75.1564,3.7815],[-75.1556,3.7818],[-75.1555,3.7825],[-75.1554,3.7829],[-75.1545,3.7825],[-75.1537,3.7829],[-75.1531,3.7829],[-75.1526,3.7826],[-75.152,3.7827],[-75.1516,3.7829],[-75.151,3.7829],[-75.1504,3.7827],[-75.15,3.7828],[-75.1495,3.7828],[-75.1491,3.7824],[-75.1487,3.7816],[-75.1477,3.7807],[-75.1472,3.7802],[-75.1466,3.7801],[-75.1465,3.7804],[-75.1462,3.7809],[-75.1452,3.7814],[-75.1444,3.7812],[-75.1436,3.7805],[-75.143,3.7801],[-75.1423,3.7801],[-75.1419,3.7806],[-75.142,3.7809],[-75.1423,3.7812],[-75.1424,3.7814],[-75.1421,3.7816],[-75.1412,3.7817],[-75.1403,3.7818],[-75.1398,3.7822],[-75.1392,3.7822],[-75.1386,3.7818],[-75.138,3.7816],[-75.1377,3.7817],[-75.1377,3.7821],[-75.1376,3.7827],[-75.1371,3.7833],[-75.1368,3.7838],[-75.1366,3.7843],[-75.1363,3.7851],[-75.1362,3.7857],[-75.1361,3.7865],[-75.1356,3.7872]]},"properties":{"nombre":"Río Chenche","tipo":"stream"}},{"type":"Feature","geometry":{"type":"LineString","coordinates":[[-75.1939,4.0211],[-75.1924,4.02],[-75.1921,4.0196],[-75.1918,4.0192],[-75.1916,4.0186],[-75.1914,4.0182],[-75.1911,4.0177],[-75.1907,4.0167],[-75.191,4.0159],[-75.1911,4.0153],[-75.1909,4.0144],[-75.1903,4.0133],[-75.1886,4.0094],[-75.188,4.0084],[-75.1852,4.0092]]},"properties":{"nombre":"Río Cucuana","tipo":"river"}},{"type":"Feature","geometry":{"type":"LineString","coordinates":[[-74.9898,3.7483],[-74.9893,3.7486],[-74.9887,3.7488],[-74.9882,3.7488],[-74.9877,3.7487],[-74.9871,3.7486],[-74.9865,3.7484],[-74.9855,3.7486],[-74.9851,3.7486],[-74.9849,3.7488],[-74.9844,3.7492],[-74.9842,3.7494],[-74.984,3.7496],[-74.9839,3.7497],[-74.9837,3.7497],[-74.9827,3.7491],[-74.9824,3.7487],[-74.9822,3.7484],[-74.9821,3.7482],[-74.982,3.748],[-74.982,3.7476],[-74.982,3.7475],[-74.9823,3.7468],[-74.9824,3.746],[-74.9823,3.7457],[-74.9822,3.7455],[-74.982,3.7454],[-74.9818,3.7453],[-74.9816,3.7454],[-74.9813,3.7456],[-74.981,3.7457],[-74.9806,3.7458],[-74.9802,3.746],[-74.9799,3.7462],[-74.9796,3.7466],[-74.9794,3.7468],[-74.9792,3.7469],[-74.9792,3.7471],[-74.9792,3.7475],[-74.9792,3.7477],[-74.9792,3.7478],[-74.9793,3.748],[-74.9794,3.7482],[-74.9796,3.7483],[-74.9799,3.7484],[-74.9802,3.7486],[-74.9804,3.7488],[-74.9805,3.7492],[-74.9804,3.7496],[-74.9802,3.75],[-74.9801,3.7504],[-74.9801,3.7509],[-74.9801,3.7515],[-74.98,3.7518],[-74.9796,3.7523],[-74.9793,3.7526],[-74.979,3.7528],[-74.9789,3.753],[-74.9787,3.7534],[-74.9787,3.7536]]},"properties":{"nombre":"","tipo":"river"}},{"type":"Feature","geometry":{"type":"LineString","coordinates":[[-75.0801,3.6023],[-75.0809,3.6031],[-75.0812,3.6039],[-75.0815,3.6048],[-75.0818,3.6053],[-75.0819,3.6055],[-75.082,3.6057],[-75.0822,3.6058],[-75.0828,3.6063],[-75.0833,3.6068],[-75.0834,3.607],[-75.0835,3.6073],[-75.0836,3.608],[-75.0837,3.6085],[-75.0839,3.6094],[-75.0841,3.6099],[-75.0844,3.6106],[-75.0848,3.6111],[-75.0851,3.6114],[-75.0855,3.6116],[-75.0857,3.6118],[-75.0859,3.6121],[-75.0862,3.6127],[-75.0866,3.6133],[-75.0868,3.6138],[-75.0873,3.6147],[-75.0876,3.617],[-75.0876,3.6175],[-75.0875,3.6191],[-75.0875,3.6221],[-75.0875,3.6222],[-75.0875,3.6228],[-75.0871,3.6236],[-75.0864,3.6246],[-75.0848,3.6272],[-75.0837,3.629],[-75.0827,3.6297],[-75.0809,3.6306],[-75.0794,3.6309],[-75.0779,3.6314],[-75.0761,3.6329],[-75.0746,3.6339],[-75.0733,3.6344],[-75.0718,3.6349]]},"properties":{"nombre":"Río Magdalena","tipo":"river"}},{"type":"Feature","geometry":{"type":"LineString","coordinates":[[-75.1169,3.7488],[-75.1162,3.749],[-75.1157,3.7495],[-75.116,3.7502],[-75.1164,3.7506],[-75.1166,3.751],[-75.1164,3.7516],[-75.1158,3.752],[-75.1155,3.752],[-75.1152,3.7518],[-75.1147,3.7516],[-75.1145,3.7514],[-75.1143,3.7511],[-75.1137,3.7507],[-75.1138,3.7501],[-75.114,3.7496],[-75.114,3.7491],[-75.1137,3.7493],[-75.1132,3.7498],[-75.1119,3.7502],[-75.1116,3.7504],[-75.1112,3.7503],[-75.1111,3.7495],[-75.1109,3.7489],[-75.1108,3.7484],[-75.1108,3.7478],[-75.1105,3.7476],[-75.1098,3.748],[-75.1093,3.7479],[-75.1092,3.7475],[-75.1093,3.7469],[-75.1097,3.7463],[-75.1101,3.7457],[-75.1101,3.7453],[-75.1085,3.7448],[-75.1084,3.7442],[-75.1086,3.7435],[-75.1081,3.743],[-75.1069,3.7432],[-75.1064,3.7431],[-75.1053,3.742],[-75.1036,3.7409],[-75.1025,3.7409],[-75.102,3.7412],[-75.101,3.7413],[-75.0996,3.7405],[-75.0992,3.7397],[-75.099,3.7392],[-75.0987,3.7384],[-75.0987,3.7378],[-75.0987,3.7365],[-75.0984,3.735],[-75.0985,3.7343],[-75.0984,3.7338],[-75.0978,3.7335],[-75.0971,3.7332],[-75.0964,3.7332],[-75.0951,3.7335],[-75.0941,3.7339],[-75.0939,3.7337],[-75.0933,3.7333],[-75.0931,3.7326],[-75.0933,3.732],[-75.0935,3.7314],[-75.0932,3.7311],[-75.0916,3.7315],[-75.0913,3.7319],[-75.0906,3.7325],[-75.0899,3.7328],[-75.0884,3.7322],[-75.0878,3.7319],[-75.0871,3.7319],[-75.0863,3.732],[-75.0855,3.7327],[-75.0846,3.733],[-75.0842,3.733],[-75.0836,3.7331],[-75.0831,3.7329],[-75.083,3.7324],[-75.0831,3.7321],[-75.0837,3.7319],[-75.0842,3.7316],[-75.0845,3.7314],[-75.0846,3.731],[-75.0845,3.7303],[-75.0842,3.7299],[-75.0831,3.7295],[-75.0827,3.7295],[-75.0823,3.7298],[-75.0817,3.7304],[-75.0815,3.731],[-75.081,3.7316]]},"properties":{"nombre":"Quebrada Hilarquito","tipo":"stream"}},{"type":"Feature","geometry":{"type":"LineString","coordinates":[[-75.1582,3.6792],[-75.1592,3.6793],[-75.1599,3.6794]]},"properties":{"nombre":"","tipo":"stream"}},{"type":"Feature","geometry":{"type":"LineString","coordinates":[[-75.3617,3.9105],[-75.3614,3.9102],[-75.3584,3.9066],[-75.3567,3.9059],[-75.3538,3.9036],[-75.3491,3.903],[-75.3474,3.9014],[-75.3461,3.9017],[-75.3441,3.9031],[-75.3431,3.9035],[-75.3409,3.9066],[-75.3359,3.9071],[-75.3338,3.9088],[-75.3339,3.9103],[-75.3312,3.9119],[-75.3277,3.9118],[-75.3278,3.9124],[-75.3259,3.9129],[-75.3254,3.9144],[-75.3215,3.9159],[-75.3193,3.9162],[-75.317,3.9178],[-75.3129,3.9178],[-75.312,3.9154],[-75.3118,3.9146],[-75.311,3.9138],[-75.3098,3.9132],[-75.3083,3.9122],[-75.3082,3.9112],[-75.3078,3.9108],[-75.3068,3.9109],[-75.3064,3.9101],[-75.3058,3.9094],[-75.3055,3.9089],[-75.3051,3.9088],[-75.3041,3.9094],[-75.3038,3.9083],[-75.3031,3.9074],[-75.3014,3.9059],[-75.3016,3.9053],[-75.3026,3.9045],[-75.3021,3.9039],[-75.3012,3.9029],[-75.3,3.9027],[-75.2999,3.902],[-75.3,3.9011],[-75.2995,3.9002],[-75.2983,3.8999],[-75.298,3.8996],[-75.2988,3.8988],[-75.2989,3.8982],[-75.2981,3.8978],[-75.2981,3.8973],[-75.2983,3.8962],[-75.2973,3.8958],[-75.2971,3.8953]]},"properties":{"nombre":"","tipo":"river"}},{"type":"Feature","geometry":{"type":"LineString","coordinates":[[-75.2354,3.9417],[-75.2329,3.943],[-75.2325,3.9434],[-75.2321,3.9442],[-75.2319,3.9446],[-75.2308,3.9446],[-75.2307,3.9445],[-75.2292,3.9448],[-75.2283,3.9455],[-75.2279,3.9455],[-75.2272,3.9454],[-75.2263,3.9457],[-75.2253,3.9461],[-75.2249,3.9468],[-75.2244,3.9474],[-75.2239,3.9479],[-75.2229,3.9484],[-75.2223,3.9483],[-75.2201,3.9472],[-75.2193,3.9464],[-75.2184,3.9455],[-75.2173,3.9442],[-75.2164,3.943],[-75.2158,3.9424],[-75.2153,3.942]]},"properties":{"nombre":"Río Ortega","tipo":"stream"}},{"type":"Feature","geometry":{"type":"LineString","coordinates":[[-75.0552,3.6608],[-75.0548,3.6604],[-75.0546,3.6601],[-75.0544,3.6596],[-75.0541,3.6588],[-75.0536,3.6579],[-75.0534,3.6576],[-75.0531,3.6574],[-75.0527,3.6571],[-75.0521,3.6571]]},"properties":{"nombre":"","tipo":"river"}},{"type":"Feature","geometry":{"type":"LineString","coordinates":[[-75.0544,3.8047],[-75.0534,3.8049],[-75.0529,3.8052],[-75.0518,3.8059],[-75.0508,3.8065],[-75.0493,3.8068],[-75.0485,3.8072],[-75.048,3.8075],[-75.0475,3.8083],[-75.0462,3.8086],[-75.0454,3.8089],[-75.0448,3.8097],[-75.0444,3.811],[-75.0443,3.8124],[-75.0434,3.8129],[-75.0428,3.8131],[-75.0416,3.8131],[-75.0406,3.8137],[-75.0398,3.8134],[-75.0385,3.8126],[-75.0371,3.8122],[-75.037,3.8126],[-75.0368,3.8134],[-75.0365,3.8147],[-75.036,3.8152],[-75.0353,3.8157]]},"properties":{"nombre":"Río Chenche","tipo":"stream"}},{"type":"Feature","geometry":{"type":"LineString","coordinates":[[-75.2449,3.733],[-75.2456,3.7329],[-75.2457,3.7332],[-75.2457,3.7336],[-75.2458,3.7339],[-75.2466,3.734],[-75.2468,3.7347],[-75.2472,3.7357],[-75.2475,3.7373],[-75.2479,3.7385],[-75.247,3.7399],[-75.2472,3.741],[-75.248,3.7406],[-75.2487,3.7404],[-75.2492,3.7408],[-75.2494,3.7413],[-75.2494,3.7416]]},"properties":{"nombre":"Quebrada Meche","tipo":"stream"}},{"type":"Feature","geometry":{"type":"LineString","coordinates":[[-75.1457,3.447],[-75.1455,3.4468],[-75.1452,3.4467],[-75.1448,3.4468],[-75.1447,3.447],[-75.1445,3.4471],[-75.1444,3.4472],[-75.1436,3.4466],[-75.1428,3.446],[-75.1425,3.4456],[-75.1423,3.4454],[-75.1422,3.4452],[-75.1422,3.445],[-75.1424,3.4449],[-75.1424,3.4447],[-75.1425,3.4446],[-75.1426,3.4444],[-75.1426,3.444],[-75.1425,3.4437],[-75.1422,3.4432],[-75.1416,3.4426],[-75.1409,3.4421],[-75.1405,3.4419]]},"properties":{"nombre":"","tipo":"stream"}},{"type":"Feature","geometry":{"type":"LineString","coordinates":[[-75.0553,3.8047],[-75.0544,3.8047]]},"properties":{"nombre":"Río Chenche","tipo":"stream"}},{"type":"Feature","geometry":{"type":"LineString","coordinates":[[-75.168,3.918],[-75.1668,3.9177],[-75.1654,3.9175],[-75.1639,3.9172],[-75.1624,3.9169],[-75.1614,3.9165],[-75.1602,3.9157],[-75.1592,3.9139],[-75.1587,3.9136],[-75.1576,3.9137],[-75.1571,3.9138],[-75.1558,3.9153],[-75.1547,3.9164],[-75.1541,3.9172],[-75.1533,3.9179],[-75.1526,3.9179],[-75.1506,3.9175],[-75.1498,3.9175],[-75.1491,3.9178],[-75.1482,3.9185],[-75.1472,3.9189],[-75.146,3.9185],[-75.1456,3.918],[-75.1448,3.9169],[-75.1442,3.9162],[-75.1432,3.9157],[-75.1423,3.9156],[-75.141,3.914],[-75.1406,3.9128],[-75.1403,3.9118],[-75.1401,3.9106],[-75.1405,3.9094],[-75.1404,3.9085],[-75.1392,3.9072],[-75.1379,3.9066],[-75.136,3.9061],[-75.1341,3.906],[-75.1328,3.9066],[-75.1314,3.9076],[-75.1295,3.9085],[-75.1283,3.9092],[-75.1269,3.9092],[-75.1262,3.9096],[-75.1254,3.9102],[-75.1243,3.9103],[-75.1233,3.9098],[-75.1222,3.9092],[-75.1212,3.9086],[-75.1203,3.9087],[-75.1188,3.9088],[-75.1171,3.9099]]},"properties":{"nombre":"Río Ortega","tipo":"river"}},{"type":"Feature","geometry":{"type":"LineString","coordinates":[[-75.1127,3.6927],[-75.1115,3.691],[-75.1106,3.6905],[-75.108,3.6894],[-75.1072,3.6893],[-75.1065,3.6891],[-75.1059,3.6888],[-75.1055,3.6882],[-75.1055,3.688]]},"properties":{"nombre":"","tipo":"river"}},{"type":"Feature","geometry":{"type":"LineString","coordinates":[[-75.303,3.6827],[-75.3029,3.6839],[-75.3025,3.6861],[-75.302,3.6905],[-75.302,3.694],[-75.3016,3.6951],[-75.3009,3.6954],[-75.2994,3.6956],[-75.2989,3.6956],[-75.2983,3.6953],[-75.2981,3.6947],[-75.2977,3.6938],[-75.2977,3.6927],[-75.2974,3.6906],[-75.2968,3.6894],[-75.296,3.6886],[-75.2951,3.6881],[-75.2943,3.6879],[-75.2931,3.688],[-75.2922,3.6892],[-75.2916,3.6918],[-75.291,3.6936],[-75.2908,3.6948],[-75.2903,3.697],[-75.29,3.6986],[-75.2897,3.6997],[-75.2887,3.7004],[-75.2881,3.7015],[-75.2875,3.7023],[-75.2864,3.7034],[-75.2853,3.7042],[-75.2853,3.7051],[-75.2853,3.7061],[-75.2852,3.707],[-75.2851,3.7081],[-75.2849,3.7101],[-75.2849,3.7124],[-75.2846,3.7142],[-75.2844,3.7163],[-75.2842,3.7177],[-75.2839,3.7187],[-75.2835,3.7193],[-75.283,3.7204],[-75.2827,3.7216],[-75.2824,3.7229],[-75.2821,3.724],[-75.2815,3.7251],[-75.2811,3.7256],[-75.2808,3.7261],[-75.2805,3.7268],[-75.2807,3.7284],[-75.2806,3.7295],[-75.2805,3.7306],[-75.2806,3.7314],[-75.2807,3.7324],[-75.2807,3.7333],[-75.2803,3.7344],[-75.279,3.7369],[-75.2776,3.7386],[-75.2764,3.7397],[-75.2759,3.7402],[-75.2752,3.7417],[-75.2747,3.743],[-75.2735,3.7448],[-75.2725,3.7459],[-75.2711,3.7468],[-75.2702,3.7477],[-75.2696,3.7501],[-75.2686,3.7513],[-75.2675,3.7522],[-75.2669,3.753],[-75.2668,3.7539],[-75.2657,3.7553],[-75.2634,3.7579],[-75.2627,3.7591],[-75.2622,3.7603],[-75.2608,3.762],[-75.2602,3.7624],[-75.2593,3.7626],[-75.2586,3.7625],[-75.2564,3.7626],[-75.2549,3.7626],[-75.2533,3.7628],[-75.2527,3.7631],[-75.251,3.7649],[-75.2501,3.7659],[-75.2495,3.7661],[-75.2484,3.7661],[-75.247,3.7656],[-75.2462,3.7653],[-75.245,3.7648],[-75.2442,3.7647],[-75.2437,3.7651],[-75.2434,3.7658],[-75.2436,3.7665],[-75.2443,3.7682],[-75.2459,3.7703],[-75.2482,3.7728],[-75.2494,3.7744],[-75.2496,3.7752],[-75.2494,3.7763],[-75.2482,3.7777],[-75.247,3.7786],[-75.2449,3.779],[-75.2417,3.7785],[-75.2404,3.7784],[-75.2386,3.7791],[-75.2372,3.7794],[-75.2359,3.7799],[-75.2353,3.78],[-75.2347,3.7796],[-75.2344,3.7791],[-75.234,3.7775],[-75.234,3.7744],[-75.2338,3.7737],[-75.2333,3.7733],[-75.2326,3.7728],[-75.2319,3.7721],[-75.2309,3.7708],[-75.2301,3.7695],[-75.2293,3.7682],[-75.2292,3.768],[-75.2278,3.7669],[-75.2265,3.7661],[-75.2253,3.7653],[-75.2244,3.765],[-75.222,3.765],[-75.2199,3.7653],[-75.2188,3.7657],[-75.2185,3.7665],[-75.2172,3.7678],[-75.2163,3.7687],[-75.216,3.7693],[-75.2159,3.7709],[-75.2165,3.7722],[-75.2168,3.7729],[-75.2171,3.7739],[-75.2172,3.7745],[-75.217,3.7753],[-75.2166,3.7761],[-75.2151,3.7767],[-75.2135,3.777],[-75.213,3.7774],[-75.2124,3.778],[-75.2113,3.7801],[-75.2094,3.7832],[-75.2076,3.785],[-75.206,3.786],[-75.2046,3.787],[-75.2031,3.7879],[-75.2023,3.7898],[-75.2022,3.7906],[-75.2022,3.7921],[-75.2023,3.7942],[-75.202,3.7965],[-75.2017,3.7993],[-75.2013,3.8005],[-75.2019,3.8017],[-75.2021,3.8027],[-75.202,3.8036],[-75.2015,3.804],[-75.1996,3.804],[-75.1984,3.8042],[-75.1973,3.8052],[-75.1961,3.8065],[-75.1959,3.8073],[-75.196,3.8088],[-75.196,3.8102],[-75.1962,3.8111],[-75.1963,3.812],[-75.1962,3.8125],[-75.1958,3.8132],[-75.1951,3.8135],[-75.1941,3.814],[-75.1928,3.8144],[-75.1921,3.8152],[-75.1917,3.816],[-75.1915,3.8171],[-75.1918,3.8191],[-75.1925,3.8226],[-75.1932,3.8244],[-75.1936,3.8257],[-75.1934,3.8268],[-75.1934,3.8279],[-75.1936,3.8292],[-75.1944,3.8305],[-75.195,3.8316],[-75.1957,3.8328],[-75.196,3.8338],[-75.1959,3.8345],[-75.1951,3.8356],[-75.1943,3.8372],[-75.1937,3.8387],[-75.194,3.8405],[-75.1944,3.8416],[-75.1948,3.8429],[-75.195,3.8443],[-75.1951,3.8454],[-75.1945,3.8463],[-75.1938,3.8465],[-75.1927,3.8463],[-75.1914,3.8457],[-75.1903,3.8453],[-75.1893,3.8453],[-75.1883,3.8455],[-75.1875,3.8458],[-75.1862,3.8464],[-75.185,3.8469],[-75.184,3.8476],[-75.1832,3.8485],[-75.1825,3.85],[-75.182,3.8508],[-75.182,3.8517],[-75.1819,3.8523],[-75.1815,3.8538],[-75.1808,3.855],[-75.1802,3.8559],[-75.1789,3.8564],[-75.1782,3.8569],[-75.1779,3.8571],[-75.1775,3.8573],[-75.1767,3.8578],[-75.1753,3.8578],[-75.1729,3.8581],[-75.1716,3.8583],[-75.1708,3.8584],[-75.1705,3.8584],[-75.1694,3.8585],[-75.1667,3.8586],[-75.1652,3.8588],[-75.1644,3.859],[-75.1637,3.8594],[-75.1634,3.86],[-75.163,3.8611],[-75.163,3.8632],[-75.163,3.865],[-75.1628,3.8662],[-75.1628,3.8663],[-75.1622,3.8674],[-75.162,3.8685],[-75.161,3.8705],[-75.1608,3.8716],[-75.1603,3.8733],[-75.1607,3.8748],[-75.161,3.8775],[-75.1606,3.8787],[-75.1595,3.8796],[-75.1585,3.8797],[-75.1568,3.8793],[-75.1549,3.8788],[-75.1535,3.879],[-75.1521,3.8801],[-75.1509,3.8809],[-75.1496,3.8816],[-75.1484,3.8821],[-75.1463,3.8826],[-75.1445,3.8826],[-75.1421,3.8832],[-75.1397,3.8845],[-75.137,3.8852],[-75.1347,3.8854],[-75.1324,3.8855],[-75.128,3.8854],[-75.1264,3.8854],[-75.1245,3.8851],[-75.1231,3.8851],[-75.122,3.8855],[-75.1205,3.8866],[-75.1183,3.8877],[-75.1169,3.8899],[-75.1164,3.8914],[-75.1155,3.8932],[-75.1148,3.8955],[-75.1147,3.8972],[-75.1145,3.8989],[-75.1138,3.9012],[-75.1134,3.902],[-75.1138,3.9042],[-75.1143,3.9055],[-75.1159,3.9076],[-75.1164,3.9084],[-75.117,3.9092],[-75.1171,3.9099],[-75.1167,3.9108],[-75.1144,3.9111],[-75.1109,3.9105],[-75.1099,3.9101],[-75.1085,3.9095],[-75.1074,3.909],[-75.1064,3.9087],[-75.1053,3.9088],[-75.1045,3.9091],[-75.1031,3.9092],[-75.102,3.91],[-75.1002,3.9118],[-75.0985,3.9135],[-75.0972,3.9157],[-75.0962,3.9167],[-75.0948,3.9173],[-75.0936,3.9174],[-75.0927,3.9174],[-75.0886,3.9185],[-75.0871,3.919],[-75.0857,3.9197],[-75.0844,3.9208],[-75.0829,3.9223],[-75.0823,3.9235],[-75.0812,3.9261],[-75.0798,3.9277],[-75.0789,3.9282]]},"properties":{"nombre":"Río Saldaña","tipo":"river"}},{"type":"Feature","geometry":{"type":"LineString","coordinates":[[-75.1512,4.0096],[-75.1511,4.0095],[-75.1507,4.0095],[-75.1504,4.0096],[-75.15,4.0096],[-75.1496,4.0096],[-75.1489,4.009],[-75.1487,4.0088],[-75.1483,4.0087],[-75.1481,4.0087],[-75.1479,4.0088],[-75.1476,4.0089],[-75.1475,4.0091],[-75.1473,4.0092],[-75.1471,4.009],[-75.1468,4.0089],[-75.1465,4.0088],[-75.1461,4.0086],[-75.146,4.0087],[-75.1458,4.0086],[-75.1455,4.0086],[-75.1455,4.0087],[-75.1455,4.0088],[-75.1453,4.0087],[-75.145,4.0087],[-75.1447,4.0088],[-75.1446,4.0088],[-75.1444,4.0088],[-75.1442,4.0089],[-75.144,4.0091],[-75.1439,4.0092],[-75.1438,4.0093],[-75.1436,4.0094],[-75.1434,4.0095],[-75.1433,4.0094],[-75.1432,4.0093],[-75.1432,4.0091],[-75.1429,4.009],[-75.1427,4.0093],[-75.1423,4.0095],[-75.1418,4.0096],[-75.1416,4.0094],[-75.1414,4.0091],[-75.1412,4.0088],[-75.1411,4.0086]]},"properties":{"nombre":"","tipo":"stream"}},{"type":"Feature","geometry":{"type":"LineString","coordinates":[[-75.1345,3.9965],[-75.1339,3.9964],[-75.133,3.9962],[-75.1326,3.9962],[-75.1319,3.9965],[-75.1309,3.9966],[-75.1302,3.9965]]},"properties":{"nombre":"Canal Cucuana","tipo":"canal"}},{"type":"Feature","geometry":{"type":"LineString","coordinates":[[-75.0931,3.6661],[-75.0928,3.6658],[-75.0923,3.6657],[-75.0916,3.6657],[-75.0911,3.6656],[-75.0908,3.665],[-75.0903,3.6645],[-75.0897,3.6643],[-75.0891,3.6643],[-75.0881,3.6643],[-75.0876,3.6642],[-75.0873,3.6639],[-75.0867,3.6632],[-75.0861,3.6626],[-75.0856,3.6621],[-75.0853,3.662],[-75.0848,3.6621],[-75.0847,3.6622]]},"properties":{"nombre":"","tipo":"river"}},{"type":"Feature","geometry":{"type":"LineString","coordinates":[[-75.1344,3.6946],[-75.1336,3.6946],[-75.1324,3.6945],[-75.1316,3.6942],[-75.1309,3.694],[-75.1298,3.694],[-75.1291,3.6943],[-75.1284,3.6952],[-75.1276,3.6955],[-75.1269,3.6957],[-75.1264,3.6959],[-75.1261,3.6955],[-75.1259,3.6951],[-75.1256,3.6949],[-75.125,3.6948],[-75.1244,3.6941],[-75.1237,3.6937]]},"properties":{"nombre":"","tipo":"river"}},{"type":"Feature","geometry":{"type":"LineString","coordinates":[[-75.2492,4.09],[-75.249,4.0904],[-75.2487,4.0912],[-75.248,4.0925],[-75.2474,4.0938],[-75.2474,4.0952],[-75.2474,4.0961],[-75.2474,4.0977],[-75.2474,4.0985]]},"properties":{"nombre":"","tipo":"stream"}},{"type":"Feature","geometry":{"type":"LineString","coordinates":[[-75.1383,3.437],[-75.1382,3.4366],[-75.138,3.4357]]},"properties":{"nombre":"","tipo":"stream"}},{"type":"Feature","geometry":{"type":"LineString","coordinates":[[-75.1722,3.8529],[-75.1722,3.8529],[-75.1721,3.8531],[-75.172,3.8532],[-75.1721,3.8533],[-75.1721,3.8535],[-75.1721,3.8536],[-75.172,3.8537],[-75.172,3.8538],[-75.1719,3.854],[-75.1719,3.8541],[-75.1719,3.8542],[-75.1719,3.8544],[-75.1719,3.8545],[-75.1724,3.8549],[-75.1725,3.8552],[-75.1726,3.8555],[-75.1727,3.8558],[-75.1727,3.8561],[-75.1726,3.8563],[-75.1725,3.8565],[-75.1725,3.8568],[-75.1724,3.8571],[-75.1721,3.8576],[-75.1719,3.858],[-75.1718,3.8581],[-75.1716,3.8583]]},"properties":{"nombre":"","tipo":"stream"}},{"type":"Feature","geometry":{"type":"LineString","coordinates":[[-75.2316,4.1062],[-75.2307,4.1062],[-75.229,4.1053],[-75.2264,4.1051],[-75.2243,4.1052],[-75.2234,4.1039],[-75.2218,4.1031],[-75.2204,4.1022],[-75.2171,4.1009],[-75.215,4.1004],[-75.2134,4.1],[-75.2117,4.1],[-75.2102,4.1004],[-75.2089,4.101],[-75.2076,4.1015],[-75.2064,4.1033],[-75.2054,4.1039]]},"properties":{"nombre":"Río Cucuana","tipo":"river"}},{"type":"Feature","geometry":{"type":"LineString","coordinates":[[-75.015,3.6878],[-75.0144,3.6864],[-75.014,3.686],[-75.0136,3.6858],[-75.0132,3.6854],[-75.0129,3.6852],[-75.0124,3.6851],[-75.0117,3.6851],[-75.0112,3.6853],[-75.0109,3.6856],[-75.0105,3.686],[-75.0105,3.6862],[-75.0104,3.6864],[-75.0098,3.6866],[-75.0096,3.6867],[-75.0094,3.6867],[-75.0088,3.6865],[-75.0087,3.6865],[-75.0086,3.6864],[-75.008,3.6862],[-75.0074,3.6861],[-75.0069,3.6861],[-75.0067,3.6861],[-75.0065,3.686],[-75.0061,3.686],[-75.0057,3.6861],[-75.0053,3.6864],[-75.0048,3.6865],[-75.0046,3.6867],[-75.0044,3.6867],[-75.0042,3.6868],[-75.004,3.6871],[-75.0038,3.6873],[-75.0037,3.6879],[-75.0037,3.6881],[-75.0036,3.6886],[-75.0035,3.6893],[-75.0033,3.6898],[-75.0033,3.6902],[-75.0034,3.6904],[-75.0034,3.6906],[-75.0032,3.691],[-75.0028,3.6915],[-75.0025,3.6921],[-75.0024,3.6928],[-75.0024,3.6937],[-75.0026,3.6951]]},"properties":{"nombre":"","tipo":"river"}},{"type":"Feature","geometry":{"type":"LineString","coordinates":[[-75.13,3.996],[-75.1308,3.996],[-75.131,3.9958],[-75.131,3.9953],[-75.131,3.9945],[-75.131,3.9934],[-75.1309,3.9929],[-75.1306,3.9923],[-75.13,3.9906],[-75.1294,3.989],[-75.1293,3.9886]]},"properties":{"nombre":"","tipo":"canal"}},{"type":"Feature","geometry":{"type":"LineString","coordinates":[[-75.2453,3.9362],[-75.2439,3.9365],[-75.2433,3.9369],[-75.2414,3.9382],[-75.2404,3.939],[-75.24,3.9398],[-75.239,3.9403],[-75.2374,3.941],[-75.236,3.9416],[-75.2354,3.9417],[-75.2324,3.9418],[-75.2316,3.9421],[-75.2286,3.943],[-75.227,3.9436],[-75.2253,3.9439],[-75.223,3.9448],[-75.2212,3.9451],[-75.2209,3.9449],[-75.2206,3.9447],[-75.2197,3.9437],[-75.219,3.943],[-75.2163,3.9422],[-75.2153,3.942],[-75.2148,3.9419],[-75.2141,3.941],[-75.2139,3.939],[-75.2136,3.9368],[-75.2133,3.9352],[-75.2129,3.9339],[-75.2117,3.9327],[-75.2104,3.9314],[-75.2094,3.9298],[-75.2083,3.9283],[-75.2072,3.926],[-75.2064,3.925],[-75.2057,3.9245],[-75.2046,3.9238],[-75.2035,3.9234],[-75.2021,3.9233],[-75.2008,3.9235],[-75.2002,3.9235],[-75.1996,3.9233],[-75.1988,3.9227],[-75.1981,3.9223],[-75.197,3.9221],[-75.1956,3.9221],[-75.1937,3.9227],[-75.1923,3.9234],[-75.1915,3.9234],[-75.191,3.9233],[-75.1905,3.9227],[-75.1901,3.9204],[-75.19,3.9192],[-75.1895,3.918],[-75.1888,3.9174],[-75.187,3.9168],[-75.1856,3.9166],[-75.1847,3.9163],[-75.1838,3.9162],[-75.183,3.9163],[-75.1827,3.9164],[-75.1824,3.9167],[-75.182,3.9179],[-75.1817,3.9188],[-75.1817,3.9195],[-75.1818,3.92],[-75.1824,3.9206],[-75.1833,3.9212],[-75.1836,3.9216],[-75.1836,3.9218],[-75.1835,3.9222],[-75.1827,3.9228],[-75.1812,3.9236],[-75.1803,3.9237],[-75.1796,3.9237],[-75.1777,3.9237],[-75.1767,3.9235],[-75.1761,3.9232],[-75.1749,3.9221],[-75.1746,3.922],[-75.1742,3.922],[-75.1733,3.9224],[-75.1724,3.9233],[-75.1715,3.9237],[-75.1706,3.9235],[-75.1697,3.9226],[-75.1691,3.921],[-75.1692,3.9197],[-75.1688,3.9187],[-75.1682,3.9181],[-75.168,3.918]]},"properties":{"nombre":"Río Ortega","tipo":"river"}},{"type":"Feature","geometry":{"type":"LineString","coordinates":[[-75.1433,3.6974],[-75.1431,3.6971],[-75.1429,3.6966],[-75.143,3.6949],[-75.1429,3.6932],[-75.1429,3.6926],[-75.1426,3.6921],[-75.1419,3.6918],[-75.1411,3.6916],[-75.14,3.6919],[-75.1386,3.6928],[-75.1374,3.6942],[-75.1369,3.6947],[-75.1363,3.6947],[-75.1355,3.6946],[-75.1348,3.6946],[-75.1344,3.6946]]},"properties":{"nombre":"","tipo":"river"}},{"type":"Feature","geometry":{"type":"LineString","coordinates":[[-75.1,3.6194],[-75.1,3.6191],[-75.0997,3.6187],[-75.0994,3.6184],[-75.0989,3.6185],[-75.0986,3.6192],[-75.0983,3.6192],[-75.0981,3.6192],[-75.0979,3.6189],[-75.0979,3.6183],[-75.098,3.6179],[-75.0981,3.6175],[-75.0981,3.6173],[-75.0984,3.6169],[-75.0982,3.6168],[-75.0979,3.6167],[-75.0975,3.6166],[-75.0971,3.6166],[-75.0966,3.6164],[-75.0962,3.6161],[-75.0959,3.6161],[-75.0954,3.6162],[-75.0951,3.6165],[-75.0948,3.6166],[-75.0946,3.6164],[-75.0944,3.6162],[-75.0943,3.6159],[-75.0942,3.6158],[-75.0941,3.6158],[-75.094,3.6157],[-75.0938,3.6158],[-75.0936,3.6156],[-75.0935,3.6157],[-75.0933,3.6156],[-75.0931,3.6157],[-75.0928,3.6158],[-75.0926,3.616],[-75.0922,3.6169],[-75.0919,3.6171],[-75.0916,3.6171],[-75.0914,3.6171],[-75.0906,3.6173],[-75.0896,3.6172],[-75.0883,3.6169],[-75.0879,3.6169],[-75.0876,3.617]]},"properties":{"nombre":"Quebrada Naturco","tipo":"stream"}},{"type":"Feature","geometry":{"type":"LineString","coordinates":[[-75.1214,3.4331],[-75.1214,3.4335],[-75.1227,3.4346],[-75.1232,3.4352],[-75.1234,3.436],[-75.1234,3.437],[-75.1231,3.4378],[-75.1214,3.4406],[-75.1202,3.442],[-75.1189,3.4426],[-75.1169,3.4431],[-75.1143,3.4432],[-75.1125,3.4431],[-75.1111,3.4435],[-75.1096,3.4445],[-75.1078,3.4459],[-75.1042,3.4484],[-75.1033,3.4492],[-75.1024,3.4506],[-75.1024,3.4522],[-75.1029,3.4551],[-75.1035,3.4598],[-75.1043,3.4613],[-75.1051,3.4626],[-75.1059,3.4639],[-75.107,3.4649],[-75.1097,3.466],[-75.1144,3.468],[-75.1149,3.4683],[-75.1152,3.469],[-75.1155,3.4704],[-75.1156,3.4716],[-75.1155,3.4731],[-75.1159,3.4765],[-75.1164,3.4784],[-75.1174,3.48],[-75.1187,3.4816],[-75.1195,3.4833],[-75.1198,3.4851],[-75.1201,3.4879],[-75.1202,3.49],[-75.1202,3.4917],[-75.1217,3.4959],[-75.1225,3.4989],[-75.1232,3.5013],[-75.1232,3.5023],[-75.1229,3.503],[-75.1224,3.5032],[-75.1207,3.5035],[-75.1187,3.504],[-75.1169,3.5054],[-75.1144,3.5069],[-75.113,3.5077],[-75.111,3.5085],[-75.1095,3.5087],[-75.1081,3.5089],[-75.1068,3.5091],[-75.1059,3.5091],[-75.1052,3.5091],[-75.1035,3.5089],[-75.1023,3.5092],[-75.1014,3.5098],[-75.1005,3.5112],[-75.1002,3.5133],[-75.0993,3.5146],[-75.0982,3.5154],[-75.0973,3.5164],[-75.0957,3.5169],[-75.0944,3.5169],[-75.0932,3.5162],[-75.0926,3.5153],[-75.0915,3.5141],[-75.0905,3.5139],[-75.0889,3.5142],[-75.0867,3.5157],[-75.0852,3.5174],[-75.084,3.5193],[-75.0832,3.5211],[-75.0826,3.5229],[-75.0823,3.524],[-75.0817,3.525],[-75.0807,3.5261],[-75.0784,3.5282],[-75.0771,3.5295],[-75.0747,3.5308],[-75.0725,3.5325],[-75.0708,3.535],[-75.07,3.5366],[-75.0693,3.5385],[-75.0682,3.5429],[-75.068,3.5445],[-75.068,3.5476],[-75.0686,3.5486],[-75.0694,3.5491],[-75.0735,3.5518],[-75.0759,3.5535],[-75.0784,3.5546],[-75.0807,3.5557],[-75.0828,3.5568],[-75.083,3.557],[-75.0834,3.5572],[-75.0846,3.558],[-75.0854,3.56],[-75.0857,3.5617],[-75.0848,3.5633],[-75.084,3.5649],[-75.0834,3.5669],[-75.0832,3.5679],[-75.0832,3.5692],[-75.0832,3.5711],[-75.0831,3.5728],[-75.0831,3.5749],[-75.0828,3.5767],[-75.0823,3.5784],[-75.0817,3.5796],[-75.0811,3.581],[-75.0806,3.5822],[-75.0803,3.5838],[-75.081,3.5869],[-75.0824,3.5898],[-75.0829,3.5916],[-75.0827,3.593],[-75.0824,3.5946],[-75.0809,3.5982],[-75.0802,3.6015],[-75.0801,3.6023],[-75.08,3.6042],[-75.0807,3.6068],[-75.0817,3.6088],[-75.0834,3.6113],[-75.084,3.6127],[-75.084,3.6142],[-75.0835,3.6153],[-75.0825,3.6162],[-75.0812,3.6171],[-75.0796,3.6182],[-75.0779,3.6198],[-75.0766,3.6216],[-75.0755,3.6232],[-75.0748,3.6238],[-75.0729,3.6245],[-75.0716,3.625],[-75.0709,3.6255],[-75.0706,3.6263],[-75.0707,3.6271],[-75.0714,3.6282],[-75.0724,3.6298],[-75.0727,3.6316],[-75.0724,3.6328],[-75.0718,3.6349],[-75.071,3.6359],[-75.0697,3.6366],[-75.0679,3.6371],[-75.0663,3.6376],[-75.0638,3.6381],[-75.0615,3.6389],[-75.0594,3.6392],[-75.0567,3.6392],[-75.0549,3.6398],[-75.0538,3.6406],[-75.0519,3.6425],[-75.0509,3.6431],[-75.0504,3.6435],[-75.0491,3.644],[-75.0478,3.6442],[-75.0458,3.6436],[-75.0439,3.6431],[-75.0432,3.6431],[-75.0426,3.6434],[-75.0422,3.6444],[-75.042,3.648],[-75.0417,3.6508],[-75.0409,3.6532],[-75.04,3.6553],[-75.0395,3.6566],[-75.0381,3.6595],[-75.0372,3.6623],[-75.0365,3.6643],[-75.0356,3.668],[-75.0352,3.6722],[-75.0352,3.6774],[-75.0348,3.6833],[-75.0346,3.6847],[-75.0341,3.6858],[-75.0317,3.6883],[-75.0308,3.689],[-75.0297,3.6893],[-75.028,3.6892],[-75.0242,3.6887],[-75.0209,3.6883],[-75.0181,3.6879],[-75.0162,3.6878],[-75.0155,3.6878],[-75.015,3.6878],[-75.0136,3.6879],[-75.0121,3.6884],[-75.0091,3.6896],[-75.0077,3.6905],[-75.0064,3.692],[-75.0052,3.693],[-75.0038,3.6942],[-75.0026,3.6951],[-75.0017,3.696],[-75.0011,3.6971],[-75.0006,3.6984],[-75.0004,3.7],[-75.0001,3.7012],[-74.9996,3.7022],[-74.9986,3.703],[-74.9971,3.7038],[-74.9951,3.7046],[-74.9924,3.7052],[-74.9904,3.7057],[-74.9881,3.7064],[-74.987,3.7069],[-74.9869,3.7069],[-74.9859,3.7081],[-74.9852,3.7094],[-74.9844,3.7112],[-74.9837,3.7122],[-74.9821,3.7137],[-74.9802,3.7155],[-74.9788,3.7171],[-74.9776,3.719],[-74.9767,3.7205],[-74.976,3.7213],[-74.9756,3.7217],[-74.9751,3.7221],[-74.9747,3.7226],[-74.9745,3.7229],[-74.9743,3.7236],[-74.9742,3.7247],[-74.9742,3.7261],[-74.9742,3.7272],[-74.9744,3.7282],[-74.9747,3.7291],[-74.9755,3.7302],[-74.9765,3.731],[-74.9797,3.7327],[-74.9809,3.7339],[-74.9812,3.7345],[-74.9812,3.7352],[-74.9808,3.7364],[-74.9793,3.7385],[-74.9783,3.7399],[-74.9775,3.7408],[-74.9766,3.7414],[-74.976,3.7417],[-74.9757,3.742],[-74.9754,3.7424],[-74.9752,3.743],[-74.975,3.7437],[-74.975,3.7445],[-74.9749,3.745],[-74.9748,3.7455],[-74.9746,3.7461],[-74.9745,3.7466]]},"properties":{"nombre":"Río Magdalena","tipo":"river"}},{"type":"Feature","geometry":{"type":"LineString","coordinates":[[-75.0966,3.9717],[-75.0951,3.9717],[-75.0947,3.9712]]},"properties":{"nombre":"Río Cucuana","tipo":"river"}},{"type":"Feature","geometry":{"type":"MultiLineString","coordinates":[[[-74.9878,3.6677],[-74.988,3.6678],[-74.9882,3.6679],[-74.9884,3.668],[-74.9886,3.6681],[-74.9886,3.6686],[-74.9883,3.669],[-74.9881,3.6691],[-74.9878,3.6691],[-74.9876,3.6693],[-74.9877,3.6695],[-74.9878,3.6696],[-74.9879,3.6698],[-74.9878,3.67],[-74.9877,3.67],[-74.9876,3.6705],[-74.9877,3.6708],[-74.9876,3.6711],[-74.9874,3.6712],[-74.9874,3.6714],[-74.9873,3.6717],[-74.9873,3.6719],[-74.9874,3.672],[-74.9872,3.6721],[-74.9873,3.6723],[-74.9874,3.6723],[-74.9876,3.6725],[-74.9877,3.6728],[-74.9877,3.673],[-74.9878,3.6732],[-74.9879,3.6732],[-74.9882,3.6734],[-74.9886,3.6736],[-74.9888,3.6736],[-74.989,3.6736],[-74.9892,3.6735],[-74.9895,3.6737],[-74.9897,3.674],[-74.9901,3.6738],[-74.9903,3.6738],[-74.9907,3.674],[-74.9909,3.6741],[-74.9909,3.6743],[-74.9909,3.6747],[-74.9915,3.6759],[-74.992,3.676],[-74.993,3.6771],[-74.9932,3.6781],[-74.9943,3.6791],[-74.9952,3.6797],[-74.9955,3.6804],[-74.9959,3.6808],[-74.9967,3.6811],[-74.9969,3.6815],[-74.9971,3.6827],[-74.9974,3.6829],[-75.0004,3.6862],[-75.0014,3.6886],[-75.0035,3.6893]],[[-74.9874,3.6603],[-74.9883,3.6611],[-74.9885,3.6613],[-74.989,3.6616],[-74.9893,3.662],[-74.9894,3.6624],[-74.9895,3.6626],[-74.9896,3.6629],[-74.9897,3.6631],[-74.9896,3.6634],[-74.9896,3.6635],[-74.9898,3.6637],[-74.9898,3.6638],[-74.9897,3.6639],[-74.9895,3.6641],[-74.989,3.6643],[-74.9888,3.6644],[-74.9887,3.6646],[-74.9889,3.6648],[-74.9888,3.665],[-74.9887,3.6651],[-74.9887,3.6653],[-74.9888,3.6656],[-74.9886,3.6658],[-74.9885,3.6662],[-74.9883,3.6663],[-74.9883,3.6666],[-74.9882,3.6667],[-74.988,3.6671],[-74.9879,3.6672],[-74.9879,3.6673],[-74.9878,3.6674]]]},"properties":{"nombre":"","tipo":"river"}},{"type":"Feature","geometry":{"type":"LineString","coordinates":[[-75.0565,3.4516],[-75.0576,3.4516],[-75.0599,3.4514],[-75.0619,3.4506],[-75.0638,3.4493],[-75.0656,3.4476],[-75.0686,3.4462],[-75.0712,3.4459],[-75.0732,3.4478],[-75.0743,3.447],[-75.0747,3.445],[-75.0755,3.4433],[-75.0769,3.4421],[-75.0783,3.4436],[-75.0803,3.4428],[-75.0828,3.4417],[-75.0844,3.4413],[-75.085,3.4422],[-75.0869,3.4417],[-75.0893,3.4408],[-75.0898,3.442],[-75.0903,3.4431],[-75.0915,3.4435],[-75.0928,3.4446],[-75.0977,3.4459],[-75.0988,3.4458],[-75.1007,3.4451],[-75.1018,3.445],[-75.103,3.4455],[-75.1025,3.4464],[-75.1013,3.4468],[-75.1009,3.4476],[-75.1016,3.4482],[-75.1028,3.4487],[-75.1033,3.4492]]},"properties":{"nombre":"","tipo":"river"}},{"type":"Feature","geometry":{"type":"LineString","coordinates":[[-75.1237,3.6937],[-75.1231,3.6936],[-75.1227,3.6937],[-75.122,3.6937],[-75.1211,3.6936],[-75.1204,3.6936],[-75.1199,3.694],[-75.1199,3.6945],[-75.12,3.6952],[-75.1198,3.6956],[-75.1194,3.696],[-75.1187,3.6961],[-75.1185,3.6962]]},"properties":{"nombre":"","tipo":"river"}},{"type":"Feature","geometry":{"type":"LineString","coordinates":[[-75.1643,3.6746],[-75.1638,3.6758],[-75.1633,3.676],[-75.1623,3.6763],[-75.1618,3.6771]]},"properties":{"nombre":"","tipo":"stream"}},{"type":"Feature","geometry":{"type":"LineString","coordinates":[[-75.1691,3.6911],[-75.1687,3.6919],[-75.1683,3.6924],[-75.1675,3.6929],[-75.1671,3.6934],[-75.1671,3.6936]]},"properties":{"nombre":"","tipo":"river"}},{"type":"Feature","geometry":{"type":"LineString","coordinates":[[-74.9736,3.7103],[-74.9736,3.7103],[-74.9737,3.7105],[-74.9739,3.7107],[-74.974,3.7109],[-74.9743,3.711],[-74.9748,3.711],[-74.9751,3.711],[-74.9755,3.7108],[-74.9758,3.7106],[-74.976,3.7104],[-74.9762,3.7101],[-74.9763,3.7098],[-74.9764,3.7095],[-74.9765,3.7093],[-74.9767,3.7092],[-74.9768,3.7093],[-74.9769,3.7093],[-74.977,3.7094],[-74.9772,3.7098],[-74.9773,3.7101],[-74.9772,3.7108],[-74.9771,3.7114],[-74.9768,3.7122],[-74.9766,3.7128],[-74.9763,3.7137],[-74.9762,3.714],[-74.9759,3.7144],[-74.9753,3.7148],[-74.9748,3.7151],[-74.9739,3.7156],[-74.9737,3.7158],[-74.9735,3.716],[-74.9732,3.7163],[-74.973,3.7166],[-74.9729,3.7171],[-74.9728,3.7179],[-74.9728,3.7184],[-74.9732,3.72],[-74.9737,3.7213],[-74.9739,3.7217],[-74.9741,3.722],[-74.9743,3.7223],[-74.9747,3.7226]]},"properties":{"nombre":"","tipo":"river"}},{"type":"Feature","geometry":{"type":"LineString","coordinates":[[-75.1852,4.0092],[-75.1798,4.0062],[-75.1766,4.0038],[-75.1732,4.0017],[-75.1689,4.0002],[-75.1657,3.9984],[-75.1612,3.996],[-75.1595,3.9952],[-75.1579,3.9952],[-75.1573,3.9954],[-75.1569,3.9956],[-75.1569,3.9956],[-75.1569,3.9956],[-75.1562,3.9961],[-75.1552,3.997],[-75.1534,3.9986],[-75.152,4.0001],[-75.1513,4.0012],[-75.1504,4.0022],[-75.1495,4.003],[-75.1483,4.0039],[-75.1469,4.0049],[-75.1463,4.0053],[-75.1455,4.0058],[-75.1429,4.0065],[-75.1416,4.0065],[-75.1399,4.0069],[-75.1388,4.0072]]},"properties":{"nombre":"Río Cucuana","tipo":"river"}},{"type":"Feature","geometry":{"type":"LineString","coordinates":[[-75.6442,3.9825],[-75.6422,3.9844],[-75.6367,3.9847],[-75.6322,3.9847],[-75.6283,3.9857],[-75.6247,3.9869],[-75.618,3.9902],[-75.6144,3.9927],[-75.6111,3.9953],[-75.608,3.9994],[-75.6053,4.0023],[-75.6006,4.0049],[-75.5967,4.0042],[-75.5924,4.0032],[-75.5905,4.0042],[-75.5903,4.0056]]},"properties":{"nombre":"","tipo":"stream"}},{"type":"Feature","geometry":{"type":"LineString","coordinates":[[-75.6636,4.0639],[-75.6634,4.0638],[-75.6633,4.0636],[-75.6632,4.0635],[-75.6631,4.0633],[-75.6631,4.0631],[-75.6631,4.0629],[-75.6631,4.0625],[-75.6632,4.0619],[-75.6632,4.0615],[-75.6631,4.0613],[-75.6631,4.0612],[-75.6631,4.061],[-75.663,4.0608],[-75.663,4.0606]]},"properties":{"nombre":"","tipo":"stream"}},{"type":"Feature","geometry":{"type":"LineString","coordinates":[[-75.2909,3.9309],[-75.2914,3.9302],[-75.292,3.93],[-75.2925,3.9301],[-75.2923,3.9308],[-75.2919,3.9314],[-75.2916,3.9321],[-75.2914,3.9331],[-75.2909,3.934],[-75.29,3.9344],[-75.2889,3.9341],[-75.2877,3.934],[-75.2872,3.9339],[-75.2867,3.933],[-75.2858,3.933],[-75.2853,3.9335],[-75.284,3.9332],[-75.2836,3.9327],[-75.2827,3.9328]]},"properties":{"nombre":"","tipo":"river"}},{"type":"Feature","geometry":{"type":"LineString","coordinates":[[-75.139,3.4411],[-75.1387,3.4406],[-75.1386,3.44],[-75.1386,3.4395],[-75.1386,3.4392]]},"properties":{"nombre":"","tipo":"stream"}},{"type":"Feature","geometry":{"type":"LineString","coordinates":[[-75.3255,3.9683],[-75.3251,3.9678],[-75.3219,3.9662],[-75.3197,3.9651],[-75.3188,3.9643],[-75.3153,3.964],[-75.3118,3.9653],[-75.3108,3.9653],[-75.3102,3.9659],[-75.3098,3.9663],[-75.3092,3.9663],[-75.3086,3.9663],[-75.308,3.9664],[-75.307,3.9663],[-75.3062,3.9661],[-75.306,3.9659],[-75.306,3.965],[-75.3058,3.9644],[-75.3055,3.9645]]},"properties":{"nombre":"","tipo":"river"}},{"type":"Feature","geometry":{"type":"LineString","coordinates":[[-75.0589,3.8061],[-75.0589,3.8056],[-75.0588,3.8051],[-75.0585,3.8049],[-75.0572,3.8047],[-75.0564,3.8047],[-75.0553,3.8047]]},"properties":{"nombre":"Río Chenche","tipo":"stream"}},{"type":"Feature","geometry":{"type":"LineString","coordinates":[[-75.2055,3.8137],[-75.2053,3.8136],[-75.2052,3.8136],[-75.2051,3.8136],[-75.2051,3.8137],[-75.205,3.8137],[-75.2049,3.8138],[-75.2048,3.8137],[-75.2047,3.8136],[-75.2046,3.8135],[-75.2044,3.8134],[-75.2042,3.8133],[-75.204,3.8133],[-75.2037,3.8132],[-75.2036,3.813],[-75.2034,3.8127],[-75.203,3.8126],[-75.2028,3.8126],[-75.2025,3.8125],[-75.2022,3.8124],[-75.202,3.8124],[-75.2018,3.8123],[-75.2013,3.8122],[-75.2008,3.8122],[-75.2004,3.8121],[-75.2,3.812],[-75.1997,3.8117],[-75.1994,3.8115],[-75.1992,3.8113],[-75.1991,3.811],[-75.1989,3.811],[-75.1987,3.8109],[-75.1985,3.811],[-75.1983,3.8111],[-75.1981,3.8111],[-75.198,3.8111],[-75.1979,3.8113],[-75.1978,3.8118],[-75.1977,3.8121],[-75.1973,3.8127],[-75.1969,3.813],[-75.1963,3.8132],[-75.1958,3.8132]]},"properties":{"nombre":"Quebrada Madroñal","tipo":"stream"}},{"type":"Feature","geometry":{"type":"LineString","coordinates":[[-75.1779,3.8571],[-75.1778,3.8583],[-75.1772,3.8597],[-75.1763,3.8608]]},"properties":{"nombre":"Río Saldaña","tipo":"stream"}},{"type":"Feature","geometry":{"type":"LineString","coordinates":[[-75.0721,3.8184],[-75.0717,3.8183]]},"properties":{"nombre":"Río Chenche","tipo":"stream"}},{"type":"Feature","geometry":{"type":"LineString","coordinates":[[-75.2659,4.0656],[-75.265,4.0646],[-75.2644,4.0639],[-75.263,4.0629],[-75.262,4.063],[-75.2606,4.0628],[-75.2588,4.0621],[-75.2576,4.0614],[-75.2553,4.0617],[-75.2514,4.0629],[-75.2492,4.0623],[-75.2475,4.0627],[-75.2463,4.0629],[-75.2449,4.0632],[-75.2437,4.0634],[-75.2423,4.0645],[-75.24,4.0658],[-75.2381,4.0671],[-75.2367,4.068],[-75.236,4.0689]]},"properties":{"nombre":"","tipo":"stream"}},{"type":"Feature","geometry":{"type":"LineString","coordinates":[[-75.1802,3.8559],[-75.1802,3.8574],[-75.1802,3.8587],[-75.1791,3.8597],[-75.178,3.8603],[-75.1763,3.8608],[-75.1761,3.8608],[-75.1742,3.8609],[-75.1739,3.8609],[-75.1727,3.8608],[-75.1721,3.8604],[-75.1719,3.8603],[-75.1713,3.8597],[-75.1705,3.8584]]},"properties":{"nombre":"Río Saldaña","tipo":"river"}},{"type":"Feature","geometry":{"type":"LineString","coordinates":[[-75.152,3.4666],[-75.1516,3.4665],[-75.1513,3.4661],[-75.1513,3.4645],[-75.1513,3.4638]]},"properties":{"nombre":"","tipo":"stream"}},{"type":"Feature","geometry":{"type":"LineString","coordinates":[[-75.303,3.6827],[-75.3029,3.6839],[-75.3025,3.6861],[-75.302,3.6905],[-75.302,3.694],[-75.3016,3.6951],[-75.3009,3.6954],[-75.2994,3.6956],[-75.2989,3.6956],[-75.2983,3.6953],[-75.2981,3.6947],[-75.2977,3.6938],[-75.2977,3.6927],[-75.2974,3.6906],[-75.2968,3.6894],[-75.296,3.6886],[-75.2951,3.6881],[-75.2943,3.6879],[-75.2931,3.688],[-75.2922,3.6892],[-75.2916,3.6918],[-75.291,3.6936],[-75.2908,3.6948],[-75.2903,3.697],[-75.29,3.6986],[-75.2897,3.6997],[-75.2887,3.7004],[-75.2881,3.7015],[-75.2875,3.7023],[-75.2864,3.7034],[-75.2853,3.7042],[-75.2853,3.7051],[-75.2853,3.7061],[-75.2852,3.707],[-75.2851,3.7081],[-75.2849,3.7101],[-75.2849,3.7124],[-75.2846,3.7142],[-75.2844,3.7163],[-75.2842,3.7177],[-75.2839,3.7187],[-75.2835,3.7193],[-75.283,3.7204],[-75.2827,3.7216],[-75.2824,3.7229],[-75.2821,3.724],[-75.2815,3.7251],[-75.2811,3.7256],[-75.2808,3.7261],[-75.2805,3.7268],[-75.2807,3.7284],[-75.2806,3.7295],[-75.2805,3.7306],[-75.2806,3.7314],[-75.2807,3.7324],[-75.2807,3.7333],[-75.2803,3.7344],[-75.279,3.7369],[-75.2776,3.7386],[-75.2764,3.7397],[-75.2759,3.7402],[-75.2752,3.7417],[-75.2747,3.743],[-75.2735,3.7448]]},"properties":{"nombre":"Río Saldaña","tipo":"river"}},{"type":"Feature","geometry":{"type":"LineString","coordinates":[[-75.1599,3.6794],[-75.1606,3.6797],[-75.1614,3.6805],[-75.1616,3.6807]]},"properties":{"nombre":"","tipo":"river"}},{"type":"Feature","geometry":{"type":"LineString","coordinates":[[-75.1405,3.4419],[-75.1403,3.4419],[-75.1396,3.4415],[-75.139,3.4411]]},"properties":{"nombre":"","tipo":"stream"}},{"type":"Feature","geometry":{"type":"LineString","coordinates":[[-75.2365,3.7274],[-75.2365,3.7275],[-75.2359,3.7281],[-75.2356,3.7286],[-75.2352,3.7292],[-75.2353,3.7297],[-75.2362,3.7298],[-75.2365,3.7294],[-75.2367,3.7291],[-75.2371,3.7289],[-75.2375,3.7291],[-75.2382,3.7289],[-75.239,3.7289],[-75.2399,3.729],[-75.2403,3.7294]]},"properties":{"nombre":"Quebrada Meche","tipo":"stream"}},{"type":"Feature","geometry":{"type":"LineString","coordinates":[[-75.07,3.5571],[-75.0707,3.5567],[-75.0723,3.5564],[-75.0735,3.5564],[-75.075,3.5566],[-75.0762,3.5577],[-75.0773,3.5591],[-75.0782,3.5597],[-75.0789,3.5589],[-75.08,3.5583],[-75.082,3.5573],[-75.0822,3.5572],[-75.083,3.557]]},"properties":{"nombre":"","tipo":"river"}},{"type":"Feature","geometry":{"type":"LineString","coordinates":[[-75.1048,3.7963],[-75.1042,3.7972],[-75.1038,3.7975],[-75.1029,3.7977],[-75.1022,3.7981],[-75.1018,3.7987],[-75.101,3.7993],[-75.1001,3.7999],[-75.0991,3.8003]]},"properties":{"nombre":"Río Chenche","tipo":"stream"}},{"type":"Feature","geometry":{"type":"LineString","coordinates":[[-75.2425,3.7323],[-75.2434,3.7328],[-75.2438,3.733],[-75.2446,3.7331],[-75.2449,3.733]]},"properties":{"nombre":"Quebrada Meche","tipo":"stream"}},{"type":"Feature","geometry":{"type":"LineString","coordinates":[[-75.3331,3.9507],[-75.3328,3.9485],[-75.3335,3.9466],[-75.3328,3.9442],[-75.3325,3.9425],[-75.3305,3.9422],[-75.3281,3.9423],[-75.3262,3.9451],[-75.3225,3.9451],[-75.3184,3.945],[-75.3164,3.9448],[-75.3142,3.9437],[-75.3113,3.9421],[-75.3085,3.9416],[-75.3054,3.9422],[-75.3044,3.9445],[-75.3031,3.9472],[-75.3017,3.9457],[-75.3016,3.9446],[-75.2992,3.9444],[-75.294,3.9425],[-75.2898,3.9415],[-75.2879,3.9423],[-75.2867,3.9424],[-75.2832,3.9387],[-75.2828,3.9371],[-75.2827,3.9328],[-75.2813,3.9328],[-75.2803,3.9344],[-75.2796,3.935],[-75.2775,3.9348],[-75.2762,3.9355],[-75.2752,3.9372],[-75.2732,3.9366],[-75.2711,3.9327],[-75.2695,3.9319],[-75.2677,3.933],[-75.2663,3.9335],[-75.2652,3.931],[-75.2639,3.9297],[-75.2614,3.9288],[-75.2585,3.9302],[-75.2561,3.9302],[-75.2544,3.932],[-75.253,3.9348],[-75.2513,3.9348],[-75.2484,3.9349],[-75.2472,3.9343],[-75.2461,3.9357],[-75.2453,3.9362]]},"properties":{"nombre":"Río Loani","tipo":"river"}},{"type":"Feature","geometry":{"type":"LineString","coordinates":[[-75.1133,3.7977],[-75.1127,3.7982],[-75.1114,3.7985],[-75.1109,3.7985]]},"properties":{"nombre":"Río Chenche","tipo":"stream"}},{"type":"Feature","geometry":{"type":"LineString","coordinates":[[-75.0346,3.5632],[-75.035,3.5631],[-75.036,3.5626],[-75.0365,3.5629],[-75.0372,3.5632],[-75.0379,3.5641],[-75.0387,3.5647],[-75.0395,3.5653],[-75.0404,3.5654],[-75.0414,3.5656],[-75.0421,3.566],[-75.0426,3.5662],[-75.0438,3.5659],[-75.0442,3.5655],[-75.0448,3.5652],[-75.0452,3.5648],[-75.0456,3.5642],[-75.0461,3.5643],[-75.0469,3.5648],[-75.0479,3.5652],[-75.0496,3.5655],[-75.0501,3.5654],[-75.0517,3.5664],[-75.0526,3.5667],[-75.0536,3.5668],[-75.0544,3.566],[-75.0551,3.5657],[-75.0561,3.5656],[-75.0571,3.5662],[-75.0576,3.5666],[-75.0586,3.5665],[-75.0594,3.5662],[-75.0609,3.5658],[-75.0619,3.5654],[-75.0624,3.565]]},"properties":{"nombre":"","tipo":"river"}},{"type":"Feature","geometry":{"type":"LineString","coordinates":[[-75.175,3.7059],[-75.1749,3.7055],[-75.1745,3.7052],[-75.1738,3.7053],[-75.1736,3.7068],[-75.1735,3.7072],[-75.1733,3.7075],[-75.1728,3.7078],[-75.1719,3.7079],[-75.1715,3.7074],[-75.1714,3.707],[-75.1718,3.7064],[-75.172,3.706],[-75.1722,3.7057],[-75.1722,3.7054],[-75.172,3.7047],[-75.1717,3.7045],[-75.1713,3.7047],[-75.1709,3.7046],[-75.1706,3.7042],[-75.1706,3.7038],[-75.1704,3.7036],[-75.1702,3.7035]]},"properties":{"nombre":"","tipo":"stream"}},{"type":"Feature","geometry":{"type":"LineString","coordinates":[[-75.1616,3.6807],[-75.162,3.6811],[-75.1625,3.6815],[-75.1633,3.6815],[-75.1636,3.6817]]},"properties":{"nombre":"","tipo":"river"}},{"type":"Feature","geometry":{"type":"LineString","coordinates":[[-75.1488,3.653],[-75.1488,3.6538],[-75.1482,3.655],[-75.1481,3.6559],[-75.1477,3.6569],[-75.148,3.658],[-75.1494,3.6586],[-75.1509,3.6595],[-75.1515,3.6603],[-75.1518,3.661],[-75.1521,3.6624],[-75.1522,3.6633],[-75.1522,3.6644],[-75.152,3.6657],[-75.152,3.6671],[-75.1527,3.6687],[-75.1529,3.6695],[-75.1531,3.6701],[-75.1533,3.6707],[-75.1537,3.6711],[-75.1544,3.6717],[-75.155,3.6725],[-75.155,3.6733],[-75.155,3.6744],[-75.1555,3.6753],[-75.156,3.676],[-75.1575,3.6764],[-75.1575,3.6766],[-75.1575,3.6771],[-75.1575,3.6781],[-75.1575,3.6784],[-75.1579,3.6789],[-75.1582,3.6792]]},"properties":{"nombre":"","tipo":"stream"}},{"type":"Feature","geometry":{"type":"LineString","coordinates":[[-75.6712,4.0735],[-75.6712,4.0733],[-75.6711,4.0731],[-75.6709,4.0728],[-75.6704,4.0724],[-75.6703,4.0722],[-75.6701,4.0719],[-75.67,4.0716],[-75.6699,4.0714],[-75.6697,4.0713],[-75.6697,4.071],[-75.6696,4.0707],[-75.6694,4.0705],[-75.6692,4.0702],[-75.6691,4.07],[-75.669,4.0697],[-75.669,4.0694],[-75.6687,4.0686],[-75.6685,4.0683],[-75.6683,4.0678],[-75.6681,4.0676],[-75.6679,4.0673],[-75.6678,4.0669],[-75.6677,4.0667],[-75.6676,4.0665],[-75.6674,4.0664],[-75.6671,4.0661],[-75.667,4.0659],[-75.667,4.0657],[-75.667,4.0655],[-75.667,4.0653],[-75.6668,4.0653],[-75.6667,4.0651],[-75.6667,4.0649],[-75.6665,4.0647],[-75.6664,4.0646],[-75.6663,4.0643],[-75.6661,4.0642],[-75.6662,4.064],[-75.6661,4.0638],[-75.666,4.0636],[-75.6657,4.0635],[-75.6654,4.0638],[-75.6652,4.0641],[-75.6651,4.0644],[-75.665,4.0646],[-75.6648,4.0647],[-75.6647,4.0646],[-75.6644,4.0645],[-75.6642,4.0643],[-75.664,4.0641],[-75.6639,4.064],[-75.6636,4.0639]]},"properties":{"nombre":"","tipo":"stream"}},{"type":"Feature","geometry":{"type":"LineString","coordinates":[[-75.1486,3.693],[-75.1484,3.6932],[-75.1478,3.6933],[-75.1467,3.6951],[-75.1464,3.6957],[-75.1459,3.6965],[-75.1455,3.6968],[-75.145,3.6969],[-75.1444,3.6969],[-75.144,3.6971],[-75.1436,3.6973],[-75.1433,3.6974]]},"properties":{"nombre":"","tipo":"river"}},{"type":"Feature","geometry":{"type":"LineString","coordinates":[[-75.1185,3.6962],[-75.1182,3.6962],[-75.1178,3.6956],[-75.1176,3.6949],[-75.117,3.6945],[-75.1162,3.6941],[-75.1151,3.6939],[-75.1139,3.6938],[-75.1131,3.6934],[-75.1127,3.6927]]},"properties":{"nombre":"","tipo":"river"}},{"type":"Feature","geometry":{"type":"LineString","coordinates":[[-75.0006,3.6984],[-74.9998,3.6981],[-74.9991,3.698],[-74.9984,3.6979],[-74.9976,3.6982],[-74.9972,3.6984],[-74.9967,3.6989],[-74.9964,3.6996],[-74.9962,3.7002],[-74.9959,3.7009],[-74.9955,3.7016],[-74.9953,3.702],[-74.9952,3.7025],[-74.9952,3.7033],[-74.9951,3.704],[-74.9951,3.7046]]},"properties":{"nombre":"","tipo":"river"}},{"type":"Feature","geometry":{"type":"LineString","coordinates":[[-75.1546,3.4729],[-75.1555,3.4729],[-75.1563,3.473],[-75.1567,3.4728],[-75.1571,3.472],[-75.1572,3.4718],[-75.1573,3.4716],[-75.1575,3.4714],[-75.1576,3.4712],[-75.158,3.471],[-75.1582,3.4707],[-75.1584,3.4704],[-75.1585,3.47],[-75.1586,3.4696],[-75.1586,3.4694],[-75.1585,3.4692],[-75.1582,3.469],[-75.1579,3.4687],[-75.1575,3.4687],[-75.1573,3.4687],[-75.157,3.4687],[-75.1565,3.4687],[-75.1563,3.4688],[-75.156,3.4688],[-75.1557,3.4688],[-75.1555,3.4689],[-75.1552,3.4689]]},"properties":{"nombre":"","tipo":"stream"}},{"type":"Feature","geometry":{"type":"LineString","coordinates":[[-75.1671,3.6936],[-75.167,3.6941],[-75.1667,3.6949],[-75.1664,3.6957],[-75.1663,3.6963],[-75.1659,3.6968],[-75.1646,3.6977],[-75.1634,3.6987],[-75.1627,3.6992],[-75.1625,3.6993],[-75.1622,3.6994],[-75.1619,3.6995],[-75.161,3.6994],[-75.1601,3.6989],[-75.1587,3.6981],[-75.1576,3.6973],[-75.1572,3.6973],[-75.1569,3.6975],[-75.1564,3.6973],[-75.1562,3.6971],[-75.1556,3.6963],[-75.1555,3.6958],[-75.1555,3.6951],[-75.1555,3.6942],[-75.1555,3.6937],[-75.155,3.6929],[-75.1542,3.6924],[-75.1531,3.692],[-75.1523,3.6918],[-75.1517,3.6913],[-75.1513,3.6909],[-75.151,3.6906],[-75.1505,3.6905],[-75.1502,3.6906],[-75.1498,3.6908],[-75.1495,3.6914],[-75.1491,3.692],[-75.1489,3.6927],[-75.1486,3.693]]},"properties":{"nombre":"","tipo":"river"}},{"type":"Feature","geometry":{"type":"LineString","coordinates":[[-75.1388,4.0072],[-75.1385,4.0073],[-75.1376,4.0074],[-75.137,4.0071],[-75.1357,4.0054],[-75.1357,4.0052]]},"properties":{"nombre":"Río Cucuana","tipo":"river"}},{"type":"Feature","geometry":{"type":"LineString","coordinates":[[-75.1357,4.0052],[-75.1353,4.0036],[-75.1343,4.003],[-75.1338,4.0025],[-75.1337,4.0021],[-75.1337,4.0017],[-75.134,4.0014],[-75.1342,4.0013],[-75.1347,4.001],[-75.1349,4.0004],[-75.1345,3.9965],[-75.1344,3.9963],[-75.1332,3.9952],[-75.1326,3.9932],[-75.1325,3.9917],[-75.1321,3.99],[-75.1313,3.9892],[-75.1293,3.9886],[-75.1287,3.9885],[-75.1271,3.9876],[-75.1264,3.9859],[-75.1261,3.9842],[-75.1246,3.9817],[-75.123,3.9806],[-75.1192,3.9796],[-75.1153,3.9792],[-75.1123,3.9784],[-75.109,3.9751],[-75.1084,3.9746],[-75.1038,3.9739],[-75.1014,3.973],[-75.0973,3.9721],[-75.0966,3.9717]]},"properties":{"nombre":"Río Cucuana","tipo":"river"}},{"type":"Feature","geometry":{"type":"LineString","coordinates":[[-75.2494,3.7416],[-75.2487,3.7418],[-75.2482,3.7426],[-75.248,3.7438]]},"properties":{"nombre":"Quebrada Meche","tipo":"stream"}},{"type":"Feature","geometry":{"type":"LineString","coordinates":[[-75.3515,3.8319],[-75.3506,3.8315],[-75.3503,3.8314],[-75.35,3.8315],[-75.3495,3.8317],[-75.3489,3.8314],[-75.3484,3.8313],[-75.3476,3.8313],[-75.3472,3.8312],[-75.3464,3.8313],[-75.3456,3.8315],[-75.3451,3.8315],[-75.3451,3.8308],[-75.345,3.8299],[-75.3449,3.8298],[-75.3444,3.8298],[-75.3437,3.8297],[-75.3435,3.8297],[-75.343,3.8291],[-75.3427,3.828],[-75.3425,3.8272],[-75.3426,3.8265],[-75.3429,3.8261],[-75.3433,3.8258],[-75.3436,3.8254],[-75.3433,3.8251],[-75.3431,3.8245],[-75.3432,3.8244],[-75.3435,3.824],[-75.3443,3.823],[-75.3443,3.8227],[-75.344,3.8224],[-75.3435,3.822],[-75.3431,3.8219],[-75.3426,3.822],[-75.3421,3.8217],[-75.3418,3.8215],[-75.3416,3.821],[-75.3416,3.8203],[-75.3415,3.8194],[-75.341,3.8192],[-75.3404,3.8188],[-75.3403,3.8185],[-75.34,3.8169],[-75.3397,3.8166],[-75.3392,3.8163],[-75.3386,3.8161],[-75.3376,3.8161],[-75.3367,3.816],[-75.3365,3.8158],[-75.3363,3.8157],[-75.3362,3.8152],[-75.3361,3.8149],[-75.3354,3.8147],[-75.3352,3.8146],[-75.3352,3.8145],[-75.3352,3.8139],[-75.3353,3.813],[-75.3355,3.8127],[-75.3359,3.8123],[-75.336,3.8121],[-75.3359,3.8118],[-75.3352,3.8115],[-75.3347,3.8111],[-75.3345,3.8104],[-75.3342,3.8101],[-75.334,3.8097],[-75.3336,3.8086],[-75.3334,3.8078],[-75.3331,3.8073],[-75.3329,3.8067],[-75.3323,3.8063],[-75.3317,3.8058],[-75.3312,3.8058],[-75.3308,3.806],[-75.3305,3.8063]]},"properties":{"nombre":"","tipo":"river"}},{"type":"Feature","geometry":{"type":"LineString","coordinates":[[-75.2637,4.051],[-75.2642,4.0504],[-75.266,4.0483],[-75.2661,4.0476],[-75.2671,4.0465],[-75.2687,4.0446],[-75.2684,4.0427],[-75.2685,4.0408],[-75.2684,4.0397],[-75.2686,4.0374]]},"properties":{"nombre":"","tipo":"stream"}},{"type":"Feature","geometry":{"type":"LineString","coordinates":[[-75.2187,4.1072],[-75.2195,4.1063],[-75.2197,4.1059],[-75.2202,4.1054],[-75.2201,4.1047],[-75.22,4.1036],[-75.2204,4.1022]]},"properties":{"nombre":"","tipo":"stream"}},{"type":"Feature","geometry":{"type":"LineString","coordinates":[[-75.2209,3.9449],[-75.2184,3.9455]]},"properties":{"nombre":"Río Ortega","tipo":"stream"}},{"type":"Feature","geometry":{"type":"LineString","coordinates":[[-75.1689,3.7007],[-75.1684,3.7014],[-75.1679,3.7014],[-75.1675,3.7013],[-75.1671,3.7011],[-75.1661,3.7013],[-75.1654,3.7015],[-75.1649,3.7012],[-75.1643,3.7003],[-75.1636,3.6999],[-75.1631,3.6995],[-75.1625,3.6993]]},"properties":{"nombre":"","tipo":"stream"}},{"type":"Feature","geometry":{"type":"LineString","coordinates":[[-75.0991,3.8003],[-75.0986,3.8004],[-75.0981,3.8004]]},"properties":{"nombre":"Río Chenche","tipo":"stream"}},{"type":"Feature","geometry":{"type":"LineString","coordinates":[[-75.0521,3.6571],[-75.0523,3.657],[-75.0525,3.6567],[-75.0527,3.6561],[-75.0527,3.6553],[-75.0526,3.6547],[-75.0525,3.654],[-75.0525,3.6536],[-75.0526,3.6534],[-75.0526,3.6531],[-75.0525,3.653],[-75.0522,3.6527],[-75.0516,3.6524],[-75.0514,3.6522],[-75.0512,3.6522],[-75.051,3.6522],[-75.0508,3.6523],[-75.0507,3.6526],[-75.0504,3.6528],[-75.0501,3.6529],[-75.0497,3.6529],[-75.0493,3.6526],[-75.0489,3.6524],[-75.0485,3.6521],[-75.0481,3.6515],[-75.0479,3.6513],[-75.0479,3.6509],[-75.0479,3.6508],[-75.0481,3.6506],[-75.0483,3.6505],[-75.0487,3.6503],[-75.0491,3.65],[-75.0494,3.6496],[-75.0496,3.6492],[-75.0498,3.6487],[-75.0499,3.6484],[-75.0501,3.6481],[-75.0502,3.6478],[-75.0502,3.6476],[-75.0501,3.6472],[-75.05,3.6466],[-75.05,3.6462],[-75.0501,3.646],[-75.0503,3.6458],[-75.051,3.6454],[-75.0517,3.6448],[-75.0518,3.6447],[-75.0518,3.6446],[-75.0517,3.6444],[-75.0514,3.6441],[-75.0512,3.6437],[-75.0509,3.6431]]},"properties":{"nombre":"","tipo":"river"}},{"type":"Feature","geometry":{"type":"LineString","coordinates":[[-75.2502,4.0975],[-75.2498,4.0982],[-75.2474,4.0985],[-75.245,4.0987],[-75.2438,4.0996],[-75.2437,4.1012],[-75.2437,4.1021]]},"properties":{"nombre":"","tipo":"stream"}},{"type":"Feature","geometry":{"type":"LineString","coordinates":[[-75.121,3.7467],[-75.1206,3.7468],[-75.1203,3.7468],[-75.1199,3.7466],[-75.1193,3.7468],[-75.1185,3.7478],[-75.1183,3.7481],[-75.1181,3.7484],[-75.1178,3.7484],[-75.1169,3.7488]]},"properties":{"nombre":"Quebrada Hilarquito","tipo":"stream"}},{"type":"Feature","geometry":{"type":"LineString","coordinates":[[-75.3275,3.7982],[-75.3275,3.7983],[-75.3272,3.7986],[-75.327,3.7988],[-75.3268,3.799],[-75.3268,3.7991],[-75.3267,3.7996]]},"properties":{"nombre":"Quebrada Linday","tipo":"stream"}},{"type":"Feature","geometry":{"type":"LineString","coordinates":[[-75.2833,4.0459],[-75.2828,4.0454],[-75.282,4.0445],[-75.2809,4.0436],[-75.2797,4.043],[-75.2793,4.0422],[-75.278,4.0407],[-75.2768,4.0404],[-75.2741,4.0403]]},"properties":{"nombre":"","tipo":"stream"}},{"type":"Feature","geometry":{"type":"LineString","coordinates":[[-75.1031,3.9092],[-75.102,3.91],[-75.1002,3.9118],[-75.0985,3.9135],[-75.0972,3.9157],[-75.0962,3.9167],[-75.0948,3.9173],[-75.0936,3.9174],[-75.0927,3.9174],[-75.0886,3.9185],[-75.0871,3.919],[-75.0857,3.9197],[-75.0844,3.9208],[-75.0829,3.9223],[-75.0823,3.9235],[-75.0812,3.9261],[-75.0798,3.9277],[-75.0789,3.9282]]},"properties":{"nombre":"Río Saldaña","tipo":"river"}},{"type":"Feature","geometry":{"type":"LineString","coordinates":[[-75.0947,3.9712],[-75.0947,3.9711],[-75.0941,3.9692],[-75.0929,3.9661],[-75.0926,3.9652],[-75.0924,3.9641]]},"properties":{"nombre":"Río Cucuana","tipo":"river"}},{"type":"Feature","geometry":{"type":"LineString","coordinates":[[-75.2372,3.9887],[-75.2373,3.9883],[-75.237,3.9878],[-75.2365,3.9878],[-75.2361,3.9878],[-75.2356,3.9872],[-75.2353,3.9867],[-75.235,3.9866],[-75.2345,3.9867],[-75.2338,3.9868],[-75.2333,3.9859],[-75.2333,3.9852],[-75.2331,3.9845],[-75.2327,3.9845],[-75.2323,3.985],[-75.2318,3.9853],[-75.2314,3.9848],[-75.2315,3.9838],[-75.2309,3.9834],[-75.2301,3.9839],[-75.2298,3.9844],[-75.2289,3.9836],[-75.2288,3.9825],[-75.2291,3.9819],[-75.2293,3.9809],[-75.2292,3.9802],[-75.2283,3.9797],[-75.2276,3.9792],[-75.2274,3.9778],[-75.2274,3.9767],[-75.2274,3.9762],[-75.2271,3.9757],[-75.2264,3.9757],[-75.2257,3.9758],[-75.2253,3.9754],[-75.2248,3.9747],[-75.2244,3.9739],[-75.2243,3.9729],[-75.2246,3.9725],[-75.225,3.9718],[-75.2255,3.9715],[-75.2255,3.9721],[-75.2254,3.9727],[-75.2259,3.9729],[-75.2261,3.9726],[-75.2264,3.9722],[-75.227,3.971],[-75.2272,3.9701],[-75.2273,3.9696],[-75.2271,3.968],[-75.2267,3.9671],[-75.2263,3.9665],[-75.2261,3.9659],[-75.2257,3.9649],[-75.2246,3.9644],[-75.2239,3.9636],[-75.2228,3.9613],[-75.2225,3.9609],[-75.2224,3.9601],[-75.2231,3.9582],[-75.2234,3.9577],[-75.2243,3.9552],[-75.2246,3.9543],[-75.2249,3.9521],[-75.2255,3.9491],[-75.226,3.9483],[-75.2261,3.9478],[-75.2263,3.9468],[-75.2263,3.9457]]},"properties":{"nombre":"","tipo":"stream"}},{"type":"Feature","geometry":{"type":"LineString","coordinates":[[-75.1671,3.4819],[-75.1667,3.4815],[-75.1664,3.4813],[-75.166,3.4812],[-75.165,3.4815],[-75.1645,3.4813],[-75.1641,3.4807],[-75.1636,3.4803],[-75.1632,3.4801],[-75.1628,3.4804],[-75.1625,3.4806],[-75.1621,3.4811],[-75.1617,3.4811],[-75.1614,3.481],[-75.1611,3.4806],[-75.1604,3.4807],[-75.1594,3.4811],[-75.1591,3.4813],[-75.1586,3.4817],[-75.1584,3.4817],[-75.158,3.4815],[-75.1574,3.4811],[-75.1566,3.4808],[-75.1561,3.4803],[-75.1557,3.4797],[-75.1557,3.4789],[-75.156,3.4779],[-75.1563,3.4774],[-75.1564,3.477],[-75.1559,3.4768],[-75.1547,3.4766],[-75.1538,3.4765],[-75.1533,3.4762],[-75.1528,3.4756],[-75.152,3.4746],[-75.1521,3.474]]},"properties":{"nombre":"","tipo":"stream"}},{"type":"Feature","geometry":{"type":"LineString","coordinates":[[-75.1687,3.7838],[-75.1682,3.7834],[-75.1677,3.7834],[-75.1672,3.7836],[-75.166,3.7837],[-75.1652,3.7835],[-75.1646,3.783],[-75.1638,3.7834],[-75.1637,3.7832]]},"properties":{"nombre":"Río Chenche","tipo":"stream"}},{"type":"Feature","geometry":{"type":"LineString","coordinates":[[-75.1109,3.7985],[-75.1106,3.7985],[-75.1103,3.7983],[-75.11,3.7978],[-75.1101,3.7972],[-75.1103,3.7967],[-75.1108,3.7961],[-75.1104,3.7954],[-75.1093,3.7945],[-75.108,3.7938],[-75.1071,3.7935],[-75.1059,3.7936],[-75.1054,3.7937],[-75.1051,3.7943],[-75.1048,3.7951],[-75.1048,3.7963]]},"properties":{"nombre":"Río Chenche","tipo":"stream"}},{"type":"Feature","geometry":{"type":"LineString","coordinates":[[-75.2428,4.0023],[-75.2414,4.0003],[-75.2415,3.9999],[-75.2418,3.9995],[-75.2417,3.999],[-75.2414,3.9984],[-75.2412,3.9981],[-75.2417,3.9976],[-75.2421,3.9975],[-75.2421,3.9971],[-75.2411,3.9971],[-75.2408,3.9969],[-75.2402,3.996],[-75.2401,3.9958],[-75.2395,3.9953],[-75.2385,3.9946],[-75.2374,3.994],[-75.2365,3.9931],[-75.2362,3.9928],[-75.2364,3.9925],[-75.2365,3.9919],[-75.2366,3.9917]]},"properties":{"nombre":"","tipo":"stream"}},{"type":"Feature","geometry":{"type":"LineString","coordinates":[[-75.2735,3.7448],[-75.2725,3.7459],[-75.2711,3.7468],[-75.2702,3.7477],[-75.2696,3.7501],[-75.2686,3.7513],[-75.2675,3.7522],[-75.2669,3.753],[-75.2668,3.7539],[-75.2657,3.7553],[-75.2634,3.7579],[-75.2627,3.7591],[-75.2622,3.7603],[-75.2608,3.762],[-75.2602,3.7624],[-75.2593,3.7626],[-75.2586,3.7625],[-75.2564,3.7626],[-75.2549,3.7626],[-75.2533,3.7628],[-75.2527,3.7631],[-75.251,3.7649],[-75.2501,3.7659],[-75.2495,3.7661],[-75.2484,3.7661],[-75.247,3.7656],[-75.2462,3.7653],[-75.245,3.7648],[-75.2442,3.7647],[-75.2437,3.7651],[-75.2434,3.7658],[-75.2436,3.7665],[-75.2443,3.7682],[-75.2459,3.7703],[-75.2482,3.7728],[-75.2494,3.7744],[-75.2496,3.7752],[-75.2494,3.7763],[-75.2482,3.7777],[-75.247,3.7786],[-75.2449,3.779],[-75.2417,3.7785],[-75.2404,3.7784],[-75.2386,3.7791],[-75.2372,3.7794],[-75.2359,3.7799],[-75.2353,3.78],[-75.2347,3.7796],[-75.2344,3.7791],[-75.234,3.7775],[-75.234,3.7744],[-75.2338,3.7737],[-75.2333,3.7733],[-75.2326,3.7728],[-75.2319,3.7721],[-75.2309,3.7708],[-75.2301,3.7695],[-75.2293,3.7682],[-75.2292,3.768],[-75.2278,3.7669],[-75.2265,3.7661],[-75.2253,3.7653],[-75.2244,3.765],[-75.222,3.765],[-75.2199,3.7653],[-75.2188,3.7657],[-75.2185,3.7665],[-75.2172,3.7678],[-75.2163,3.7687],[-75.216,3.7693],[-75.2159,3.7709],[-75.2165,3.7722],[-75.2168,3.7729],[-75.2171,3.7739],[-75.2172,3.7745],[-75.217,3.7753],[-75.2166,3.7761],[-75.2151,3.7767],[-75.2135,3.777],[-75.213,3.7774],[-75.2124,3.778],[-75.2113,3.7801],[-75.2094,3.7832],[-75.2076,3.785],[-75.206,3.786],[-75.2046,3.787],[-75.2031,3.7879],[-75.2023,3.7898],[-75.2022,3.7906],[-75.2022,3.7921],[-75.2023,3.7942],[-75.202,3.7965],[-75.2017,3.7993],[-75.2013,3.8005],[-75.2019,3.8017],[-75.2021,3.8027],[-75.202,3.8036],[-75.2015,3.804],[-75.1996,3.804],[-75.1984,3.8042],[-75.1973,3.8052],[-75.1961,3.8065],[-75.1959,3.8073],[-75.196,3.8088],[-75.196,3.8102],[-75.1962,3.8111],[-75.1963,3.812],[-75.1962,3.8125],[-75.1958,3.8132],[-75.1951,3.8135],[-75.1941,3.814],[-75.1928,3.8144],[-75.1921,3.8152],[-75.1917,3.816],[-75.1915,3.8171],[-75.1918,3.8191],[-75.1925,3.8226],[-75.1932,3.8244],[-75.1936,3.8257],[-75.1934,3.8268],[-75.1934,3.8279],[-75.1936,3.8292],[-75.1944,3.8305],[-75.195,3.8316],[-75.1957,3.8328],[-75.196,3.8338],[-75.1959,3.8345],[-75.1951,3.8356],[-75.1943,3.8372],[-75.1937,3.8387],[-75.194,3.8405],[-75.1944,3.8416],[-75.1948,3.8429],[-75.195,3.8443],[-75.1951,3.8454],[-75.1945,3.8463],[-75.1938,3.8465],[-75.1927,3.8463],[-75.1914,3.8457],[-75.1903,3.8453],[-75.1893,3.8453],[-75.1883,3.8455],[-75.1875,3.8458],[-75.1862,3.8464],[-75.185,3.8469],[-75.184,3.8476],[-75.1832,3.8485],[-75.1825,3.85],[-75.182,3.8508],[-75.182,3.8517],[-75.1819,3.8523],[-75.1815,3.8538],[-75.1808,3.855],[-75.1802,3.8559],[-75.1789,3.8564],[-75.1782,3.8569],[-75.1779,3.8571],[-75.1775,3.8573],[-75.1767,3.8578],[-75.1753,3.8578],[-75.1729,3.8581],[-75.1716,3.8583],[-75.1708,3.8584],[-75.1705,3.8584],[-75.1694,3.8585],[-75.1667,3.8586],[-75.1652,3.8588],[-75.1644,3.859],[-75.1637,3.8594],[-75.1634,3.86],[-75.163,3.8611],[-75.163,3.8632],[-75.163,3.865],[-75.1628,3.8662],[-75.1628,3.8663],[-75.1622,3.8674],[-75.162,3.8685],[-75.161,3.8705],[-75.1608,3.8716],[-75.1603,3.8733],[-75.1607,3.8748],[-75.161,3.8775],[-75.1606,3.8787],[-75.1595,3.8796],[-75.1585,3.8797],[-75.1568,3.8793],[-75.1549,3.8788],[-75.1535,3.879],[-75.1521,3.8801],[-75.1509,3.8809],[-75.1496,3.8816],[-75.1484,3.8821],[-75.1463,3.8826],[-75.1445,3.8826],[-75.1421,3.8832],[-75.1397,3.8845],[-75.137,3.8852],[-75.1347,3.8854],[-75.1324,3.8855],[-75.128,3.8854],[-75.1264,3.8854],[-75.1245,3.8851],[-75.1231,3.8851],[-75.122,3.8855],[-75.1205,3.8866],[-75.1183,3.8877],[-75.1169,3.8899],[-75.1164,3.8914],[-75.1155,3.8932],[-75.1148,3.8955],[-75.1147,3.8972],[-75.1145,3.8989],[-75.1138,3.9012],[-75.1134,3.902],[-75.1138,3.9042],[-75.1143,3.9055],[-75.1159,3.9076],[-75.1164,3.9084],[-75.117,3.9092],[-75.1171,3.9099],[-75.1167,3.9108],[-75.1144,3.9111],[-75.1109,3.9105],[-75.1099,3.9101],[-75.1085,3.9095],[-75.1074,3.909],[-75.1064,3.9087],[-75.1053,3.9088],[-75.1045,3.9091],[-75.1031,3.9092]]},"properties":{"nombre":"Río Saldaña","tipo":"river"}},{"type":"Feature","geometry":{"type":"LineString","coordinates":[[-75.1521,3.474],[-75.1526,3.4738],[-75.1534,3.4734],[-75.1541,3.4731],[-75.1546,3.4729]]},"properties":{"nombre":"","tipo":"stream"}},{"type":"Feature","geometry":{"type":"LineString","coordinates":[[-75.248,3.7438],[-75.2479,3.744],[-75.2452,3.7474],[-75.2435,3.7491],[-75.2432,3.7498],[-75.2425,3.7501],[-75.2411,3.7502],[-75.2406,3.7502],[-75.2388,3.7499],[-75.2367,3.7493],[-75.2358,3.7491],[-75.2354,3.7492],[-75.2349,3.7495],[-75.2345,3.7499],[-75.2344,3.7507],[-75.234,3.7518],[-75.2339,3.7549],[-75.2331,3.7567],[-75.2328,3.7572],[-75.232,3.758],[-75.232,3.7584],[-75.232,3.7586],[-75.2322,3.7594],[-75.2318,3.7599],[-75.2307,3.7599],[-75.2303,3.7599],[-75.23,3.7601],[-75.2303,3.7611],[-75.231,3.7632],[-75.2311,3.7644],[-75.2311,3.7653],[-75.2308,3.766],[-75.2302,3.7672],[-75.2293,3.7682]]},"properties":{"nombre":"Quebrada Meche","tipo":"stream"}},{"type":"Feature","geometry":{"type":"LineString","coordinates":[[-75.1618,3.6771],[-75.1619,3.6778],[-75.1623,3.6781],[-75.1626,3.6788],[-75.1623,3.6795],[-75.1619,3.68],[-75.1616,3.6807]]},"properties":{"nombre":"","tipo":"stream"}},{"type":"Feature","geometry":{"type":"LineString","coordinates":[[-75.1298,3.7494],[-75.1291,3.7485],[-75.1284,3.7479],[-75.1271,3.7481],[-75.1266,3.748],[-75.1237,3.7472],[-75.1234,3.7472],[-75.1228,3.7468],[-75.1221,3.7464],[-75.121,3.7467]]},"properties":{"nombre":"Quebrada Hilarquito","tipo":"stream"}},{"type":"Feature","geometry":{"type":"LineString","coordinates":[[-75.0717,3.8183],[-75.0714,3.8183],[-75.0703,3.818],[-75.0686,3.8169],[-75.0661,3.8151],[-75.0654,3.8145],[-75.0649,3.8134],[-75.0647,3.8126],[-75.0641,3.8093],[-75.0637,3.8079],[-75.0625,3.8071],[-75.0616,3.8068]]},"properties":{"nombre":"Río Chenche","tipo":"stream"}},{"type":"Feature","geometry":{"type":"LineString","coordinates":[[-75.6824,4.0247],[-75.6805,4.0256],[-75.6774,4.0285],[-75.6731,4.0292],[-75.67,4.0275],[-75.6658,4.0242],[-75.662,4.0256],[-75.6589,4.0276],[-75.6563,4.0287],[-75.6535,4.0291],[-75.6519,4.0292],[-75.6507,4.0291],[-75.6497,4.0291],[-75.649,4.0288],[-75.6476,4.0297],[-75.6472,4.0295],[-75.6469,4.0282],[-75.6462,4.0284],[-75.6458,4.0275],[-75.6449,4.028],[-75.6424,4.0278],[-75.6401,4.0267],[-75.6383,4.0269],[-75.6363,4.0263],[-75.6347,4.0249],[-75.6339,4.0235],[-75.633,4.0234],[-75.6301,4.0211],[-75.6282,4.0182],[-75.6259,4.0174],[-75.6235,4.0181],[-75.6232,4.019],[-75.6227,4.0193],[-75.6222,4.0191],[-75.6213,4.0194],[-75.6203,4.0194],[-75.6197,4.019],[-75.618,4.0188],[-75.6158,4.0183],[-75.6134,4.0185],[-75.6124,4.0205],[-75.611,4.022],[-75.6081,4.024],[-75.6032,4.0226],[-75.6022,4.0204],[-75.6014,4.0185],[-75.5998,4.0185],[-75.5961,4.0139],[-75.5962,4.013],[-75.5955,4.0122],[-75.5957,4.0117],[-75.5946,4.0096],[-75.5937,4.0095],[-75.5938,4.0088],[-75.5934,4.0083],[-75.5923,4.0086],[-75.5922,4.0086]]},"properties":{"nombre":"","tipo":"stream"}},{"type":"Feature","geometry":{"type":"LineString","coordinates":[[-75.0335,3.8189],[-75.0334,3.8191],[-75.0334,3.8197],[-75.033,3.82],[-75.0327,3.8203],[-75.0319,3.8206],[-75.0308,3.8209],[-75.0302,3.8211],[-75.0292,3.8211],[-75.0289,3.8206]]},"properties":{"nombre":"Río Chenche","tipo":"stream"}},{"type":"Feature","geometry":{"type":"LineString","coordinates":[[-75.2131,4.0701],[-75.2131,4.0695],[-75.2133,4.0677],[-75.2138,4.0658],[-75.2142,4.0651],[-75.2155,4.0634],[-75.2165,4.0625],[-75.2174,4.0619],[-75.2182,4.0606],[-75.2184,4.0593],[-75.2186,4.0571],[-75.2185,4.0556],[-75.2178,4.054],[-75.217,4.052],[-75.2166,4.0495],[-75.2176,4.0478],[-75.2172,4.0473],[-75.2158,4.0472],[-75.2147,4.0462],[-75.2147,4.0446],[-75.2138,4.0429],[-75.2124,4.0419],[-75.2119,4.0408],[-75.2113,4.0389],[-75.2104,4.0371],[-75.2093,4.0354],[-75.208,4.0336],[-75.2071,4.0322],[-75.2063,4.0312],[-75.2051,4.0295],[-75.2036,4.0277],[-75.2024,4.0268],[-75.2025,4.0265]]},"properties":{"nombre":"Río Cucuana","tipo":"river"}},{"type":"Feature","geometry":{"type":"LineString","coordinates":[[-75.1803,3.7017],[-75.1794,3.7016],[-75.1791,3.7019],[-75.1789,3.7026],[-75.1784,3.7031],[-75.1779,3.7029],[-75.1769,3.7021],[-75.176,3.7011],[-75.1751,3.7013],[-75.1746,3.7017],[-75.174,3.7021],[-75.1733,3.7024],[-75.1728,3.7033],[-75.1719,3.7033],[-75.1713,3.7031],[-75.1708,3.703],[-75.1702,3.7035]]},"properties":{"nombre":"","tipo":"stream"}},{"type":"Feature","geometry":{"type":"LineString","coordinates":[[-75.2965,3.9629],[-75.2963,3.9628],[-75.296,3.9624],[-75.2957,3.962],[-75.2949,3.962],[-75.2942,3.9619],[-75.2938,3.9614],[-75.2931,3.9611],[-75.2929,3.9609],[-75.2926,3.9607],[-75.2922,3.9605],[-75.292,3.9601],[-75.291,3.9599],[-75.2904,3.9599],[-75.2895,3.9599],[-75.2892,3.9599],[-75.289,3.9595],[-75.2894,3.9589],[-75.2894,3.9587],[-75.2893,3.9585],[-75.2887,3.958],[-75.2885,3.9575],[-75.2885,3.957],[-75.2886,3.9567],[-75.2882,3.9561],[-75.288,3.9555],[-75.2881,3.9548],[-75.2882,3.9543],[-75.2877,3.9541],[-75.2872,3.954],[-75.2864,3.9532],[-75.2857,3.9531],[-75.285,3.9531],[-75.2844,3.9528],[-75.284,3.9531],[-75.2835,3.9537],[-75.2833,3.954],[-75.2829,3.9539],[-75.2826,3.9536],[-75.2826,3.9532],[-75.2829,3.9527],[-75.2828,3.9524],[-75.2824,3.9523],[-75.2819,3.9523],[-75.2816,3.9519],[-75.2812,3.9514],[-75.2797,3.9511],[-75.2793,3.951],[-75.2789,3.9508],[-75.2779,3.9505],[-75.2747,3.9495],[-75.2741,3.9497],[-75.2728,3.9507],[-75.2725,3.9514],[-75.2725,3.9523],[-75.2722,3.9533],[-75.2714,3.9538],[-75.2703,3.9542],[-75.2667,3.9545],[-75.2656,3.9547],[-75.2648,3.9539],[-75.2641,3.9529],[-75.263,3.9521],[-75.2611,3.9512],[-75.2587,3.9502],[-75.2575,3.9499],[-75.2562,3.9497],[-75.2548,3.9479],[-75.2537,3.9453],[-75.2523,3.943],[-75.2511,3.9412],[-75.25,3.9405],[-75.2474,3.9384],[-75.2467,3.9374],[-75.2453,3.9362]]},"properties":{"nombre":"","tipo":"river"}},{"type":"Feature","geometry":{"type":"LineString","coordinates":[[-75.2862,4.0406],[-75.2844,4.0409],[-75.2827,4.0411],[-75.2815,4.0402],[-75.2805,4.0395],[-75.2795,4.0376],[-75.2769,4.0373],[-75.2753,4.0374],[-75.2719,4.0374],[-75.2695,4.0374],[-75.2686,4.0374],[-75.2676,4.0362],[-75.2662,4.0345],[-75.2642,4.0332],[-75.2627,4.0331],[-75.2589,4.032],[-75.257,4.0318],[-75.2555,4.0316],[-75.2535,4.0317],[-75.2514,4.0322],[-75.2485,4.0326],[-75.2461,4.0331],[-75.2441,4.0341],[-75.242,4.0351],[-75.2411,4.037],[-75.2386,4.0401],[-75.236,4.0426],[-75.2342,4.0452],[-75.2319,4.0475],[-75.2309,4.0477],[-75.2277,4.049],[-75.2263,4.0503],[-75.225,4.051],[-75.2241,4.0505],[-75.2214,4.0489],[-75.2176,4.0478]]},"properties":{"nombre":"","tipo":"stream"}},{"type":"Feature","geometry":{"type":"LineString","coordinates":[[-75.1513,3.4638],[-75.1512,3.4623],[-75.1509,3.4609],[-75.1504,3.4597],[-75.1499,3.4581],[-75.15,3.4574],[-75.1506,3.4563],[-75.151,3.4552],[-75.1508,3.4545],[-75.1501,3.4543],[-75.1492,3.4541],[-75.1486,3.4538],[-75.1479,3.4535]]},"properties":{"nombre":"","tipo":"stream"}},{"type":"Feature","geometry":{"type":"LineString","coordinates":[[-75.1055,3.688],[-75.105,3.6881],[-75.1045,3.6882],[-75.1039,3.6882],[-75.1028,3.6881],[-75.1019,3.6879],[-75.101,3.6877],[-75.1002,3.6872],[-75.0993,3.6866],[-75.098,3.6864],[-75.0972,3.6861],[-75.0967,3.6858],[-75.0963,3.6851],[-75.0958,3.6847],[-75.0949,3.6841],[-75.0946,3.6834],[-75.0942,3.6828],[-75.0939,3.6823],[-75.0935,3.6816],[-75.0933,3.6813],[-75.0927,3.6811],[-75.0918,3.6806],[-75.0915,3.6803],[-75.0909,3.6798],[-75.0906,3.6795],[-75.0907,3.6791],[-75.0908,3.6789],[-75.0915,3.6789],[-75.0922,3.6792],[-75.0928,3.679],[-75.0929,3.6789],[-75.0935,3.6788],[-75.094,3.6786],[-75.0941,3.6784],[-75.0939,3.6779],[-75.094,3.6769],[-75.0942,3.6765],[-75.0943,3.6759],[-75.0945,3.6752],[-75.0944,3.6733],[-75.0944,3.6725],[-75.094,3.6718],[-75.0934,3.6713],[-75.093,3.671],[-75.093,3.6705],[-75.093,3.6702],[-75.0928,3.6702],[-75.0922,3.6704],[-75.0919,3.6701],[-75.0913,3.6692],[-75.0906,3.6685],[-75.0905,3.6681],[-75.0907,3.6677],[-75.091,3.6675],[-75.0913,3.6673],[-75.0919,3.6674],[-75.0923,3.6674],[-75.0929,3.6675],[-75.0933,3.6669],[-75.0931,3.6661]]},"properties":{"nombre":"","tipo":"river"}},{"type":"Feature","geometry":{"type":"LineString","coordinates":[[-74.9966,3.6513],[-74.9979,3.6513],[-74.9986,3.6511],[-74.9992,3.6508],[-75.0,3.6502],[-75.0002,3.6493],[-75.0013,3.6488],[-75.0023,3.6487],[-75.0037,3.6492],[-75.0052,3.6502],[-75.0053,3.6517],[-75.0047,3.6528],[-75.0041,3.6534],[-75.0035,3.6544],[-75.0035,3.6556],[-75.0035,3.6569],[-75.0033,3.6579],[-75.0029,3.6584],[-75.0027,3.6593],[-75.0029,3.6606],[-75.0033,3.6615],[-75.0039,3.6622],[-75.0048,3.6626],[-75.0075,3.6632],[-75.0085,3.6635],[-75.0088,3.6642],[-75.0086,3.6651],[-75.0077,3.6655],[-75.0069,3.6661],[-75.0063,3.6668],[-75.0058,3.6679],[-75.0062,3.669],[-75.0062,3.6697],[-75.0059,3.6702],[-75.0056,3.6706],[-75.0056,3.6712],[-75.0058,3.6717],[-75.0067,3.6723],[-75.0071,3.6727],[-75.0081,3.6728],[-75.0094,3.6724],[-75.0108,3.6717],[-75.0117,3.6718],[-75.0121,3.6721],[-75.0127,3.6725],[-75.014,3.6735],[-75.0145,3.6745],[-75.0149,3.6753],[-75.0159,3.6757],[-75.0163,3.6756],[-75.0168,3.6752],[-75.0167,3.6747],[-75.0173,3.674],[-75.0178,3.6742],[-75.0182,3.6746],[-75.0183,3.675],[-75.0182,3.6761],[-75.0185,3.6766],[-75.019,3.6768],[-75.0199,3.6765],[-75.0204,3.6762],[-75.0214,3.676],[-75.0222,3.6759],[-75.0228,3.676],[-75.023,3.6762],[-75.0228,3.6769],[-75.0221,3.6781],[-75.0217,3.6783],[-75.0213,3.6785],[-75.0209,3.6788],[-75.0207,3.6791],[-75.0205,3.6794],[-75.0204,3.6797],[-75.0205,3.6799],[-75.0208,3.6801],[-75.0211,3.6801],[-75.0223,3.6801],[-75.0226,3.6801],[-75.023,3.6803],[-75.0236,3.6808],[-75.0241,3.6814],[-75.0244,3.6819],[-75.0244,3.6822],[-75.0243,3.6824],[-75.0232,3.683],[-75.0221,3.6835],[-75.0205,3.6842],[-75.0174,3.6855],[-75.0157,3.6861],[-75.0154,3.6864],[-75.0152,3.6866],[-75.0152,3.687],[-75.0155,3.6878]]},"properties":{"nombre":"","tipo":"river"}},{"type":"Feature","geometry":{"type":"LineString","coordinates":[[-75.0616,3.8068],[-75.0611,3.8068],[-75.0607,3.8069],[-75.0602,3.807],[-75.0599,3.807],[-75.0593,3.8067],[-75.0589,3.8061]]},"properties":{"nombre":"Río Chenche","tipo":"stream"}},{"type":"Feature","geometry":{"type":"LineString","coordinates":[[-75.2366,3.9917],[-75.2363,3.9908],[-75.2363,3.9901],[-75.2364,3.9898],[-75.2371,3.9892],[-75.2372,3.9887]]},"properties":{"nombre":"","tipo":"stream"}},{"type":"Feature","geometry":{"type":"LineString","coordinates":[[-75.1702,3.4852],[-75.1695,3.4851],[-75.1688,3.4848],[-75.1682,3.4845],[-75.1675,3.4839],[-75.1671,3.4834],[-75.1671,3.4827],[-75.1671,3.4819]]},"properties":{"nombre":"","tipo":"stream"}},{"type":"Feature","geometry":{"type":"LineString","coordinates":[[-75.1389,4.0109],[-75.1393,4.0106],[-75.1397,4.0103],[-75.1402,4.0098],[-75.1402,4.0094],[-75.1402,4.0091],[-75.1401,4.0089]]},"properties":{"nombre":"","tipo":"river"}},{"type":"Feature","geometry":{"type":"LineString","coordinates":[[-74.9968,3.7512],[-74.9967,3.7508],[-74.9965,3.7502],[-74.9962,3.7495],[-74.9958,3.7489],[-74.9955,3.7487],[-74.9953,3.7486],[-74.995,3.7485],[-74.9947,3.7483],[-74.9945,3.748],[-74.9942,3.7476],[-74.994,3.7474],[-74.9937,3.7472],[-74.9934,3.7472],[-74.9931,3.7472],[-74.9929,3.7474],[-74.9928,3.7476],[-74.9927,3.7479],[-74.9928,3.7483],[-74.993,3.7486],[-74.9935,3.7493],[-74.9936,3.7495],[-74.9935,3.7497],[-74.9934,3.7498],[-74.9931,3.7499],[-74.9926,3.7498],[-74.9922,3.7497],[-74.9919,3.7496],[-74.9916,3.7492],[-74.9915,3.7489],[-74.9914,3.7486],[-74.9915,3.7483]]},"properties":{"nombre":"","tipo":"river"}},{"type":"Feature","geometry":{"type":"LineString","coordinates":[[-75.355,3.8182],[-75.3549,3.8176],[-75.3526,3.8153],[-75.3524,3.8136],[-75.3517,3.8131],[-75.3506,3.8139],[-75.3502,3.8141],[-75.3498,3.8139],[-75.3496,3.8134],[-75.3497,3.8128],[-75.35,3.811],[-75.3498,3.8104],[-75.3486,3.8096],[-75.3484,3.809],[-75.3499,3.8073],[-75.3501,3.8071],[-75.3501,3.8068],[-75.3501,3.8065],[-75.3499,3.8061],[-75.3495,3.8054],[-75.3494,3.8053],[-75.3493,3.8054],[-75.3491,3.8055],[-75.3484,3.8065],[-75.3481,3.807],[-75.348,3.8071],[-75.3479,3.8073],[-75.3476,3.8074],[-75.3473,3.8073],[-75.347,3.8071],[-75.347,3.807],[-75.3467,3.8065],[-75.3461,3.8061],[-75.346,3.8061],[-75.3459,3.8062],[-75.3456,3.8066],[-75.3453,3.8069],[-75.3452,3.807],[-75.3451,3.8071],[-75.345,3.807],[-75.3449,3.8069],[-75.3448,3.8064],[-75.3449,3.8055],[-75.3447,3.805],[-75.3445,3.8048],[-75.3443,3.8049],[-75.3441,3.805],[-75.3439,3.8052],[-75.3437,3.8054],[-75.3436,3.8053],[-75.3435,3.8052],[-75.342,3.8032],[-75.3417,3.8032],[-75.3405,3.8039],[-75.3397,3.8038],[-75.339,3.8034],[-75.338,3.8034],[-75.3377,3.8035],[-75.3372,3.8043],[-75.3368,3.8044],[-75.3364,3.804],[-75.3363,3.8038],[-75.3353,3.8039],[-75.3347,3.8041],[-75.3346,3.8045],[-75.3342,3.8047],[-75.3338,3.8048],[-75.3331,3.8046],[-75.3325,3.804],[-75.3312,3.8038],[-75.3304,3.8042],[-75.3302,3.8045],[-75.3302,3.8053],[-75.3305,3.8063]]},"properties":{"nombre":"","tipo":"stream"}},{"type":"Feature","geometry":{"type":"LineString","coordinates":[[-75.2427,4.0525],[-75.2453,4.05],[-75.2472,4.0482],[-75.2485,4.0459],[-75.2492,4.0452],[-75.2501,4.0435],[-75.2505,4.0427],[-75.2511,4.0411],[-75.2509,4.0405],[-75.2507,4.0396],[-75.2505,4.0378],[-75.2515,4.0359],[-75.2522,4.035],[-75.2535,4.0329],[-75.2535,4.0317]]},"properties":{"nombre":"","tipo":"stream"}},{"type":"Feature","geometry":{"type":"MultiLineString","coordinates":[[[-74.967,3.7365],[-74.9672,3.7366],[-74.9676,3.7367],[-74.9689,3.7379],[-74.9693,3.7386],[-74.9696,3.7397]],[[-74.9673,3.7331],[-74.9673,3.7334],[-74.9672,3.7339],[-74.9671,3.7339],[-74.9664,3.7341],[-74.966,3.7344],[-74.9663,3.7349],[-74.9667,3.7355],[-74.9667,3.736],[-74.9668,3.7363]]]},"properties":{"nombre":"Canal Asoprado","tipo":"canal"}},{"type":"Feature","geometry":{"type":"LineString","coordinates":[[-75.0581,3.6612],[-75.0572,3.6605],[-75.0566,3.6609],[-75.0558,3.661],[-75.0552,3.6608]]},"properties":{"nombre":"","tipo":"river"}},{"type":"Feature","geometry":{"type":"LineString","coordinates":[[-75.285,4.0058],[-75.2845,4.0053],[-75.2838,4.005],[-75.2834,4.0053],[-75.2826,4.0053],[-75.2823,4.0047],[-75.2825,4.0043],[-75.2823,4.004],[-75.2815,4.0035],[-75.2807,4.0035],[-75.2799,4.0035],[-75.2797,4.003],[-75.2797,4.0023],[-75.2793,4.0022],[-75.2787,4.0025],[-75.278,4.0025],[-75.2773,4.0026],[-75.2769,4.0026],[-75.2767,4.0019],[-75.2768,4.0012],[-75.2769,4.0003],[-75.2767,4.0002],[-75.2754,3.9992],[-75.275,3.9982],[-75.275,3.9974],[-75.2756,3.9969],[-75.2753,3.9965],[-75.2748,3.9964],[-75.2742,3.996],[-75.2734,3.9959],[-75.2729,3.9958],[-75.2727,3.9956],[-75.2731,3.9945],[-75.2729,3.9936],[-75.2727,3.9926],[-75.2723,3.9922],[-75.2713,3.9918],[-75.2714,3.991],[-75.2716,3.9905],[-75.2718,3.9902],[-75.2718,3.9896],[-75.2717,3.9892],[-75.2714,3.9888],[-75.2702,3.9882],[-75.2697,3.9876],[-75.2696,3.9869],[-75.2687,3.9862],[-75.2686,3.9855],[-75.2691,3.9848],[-75.2691,3.9839],[-75.2691,3.9827],[-75.269,3.9822],[-75.2695,3.9812],[-75.2695,3.9807],[-75.2685,3.9797],[-75.2687,3.9787],[-75.2684,3.9781],[-75.2678,3.9779],[-75.2677,3.9775],[-75.2683,3.977],[-75.2683,3.9762],[-75.2689,3.9751],[-75.2687,3.9746],[-75.268,3.9746],[-75.2675,3.9748],[-75.2667,3.9748],[-75.2669,3.9741],[-75.2668,3.9737],[-75.2657,3.9737],[-75.2651,3.9736],[-75.2642,3.9726],[-75.2638,3.9719],[-75.2629,3.9711],[-75.2624,3.9701],[-75.262,3.9692],[-75.2612,3.9687],[-75.2605,3.9684],[-75.2596,3.9681],[-75.2592,3.9676],[-75.2587,3.9666],[-75.2587,3.9662],[-75.2591,3.9662],[-75.2597,3.9664],[-75.2601,3.9664],[-75.2608,3.9653],[-75.2607,3.9646],[-75.2596,3.9645],[-75.2586,3.9641],[-75.2577,3.9637],[-75.257,3.962],[-75.257,3.9605],[-75.2568,3.9593],[-75.2567,3.9582],[-75.2562,3.9545],[-75.2564,3.9533],[-75.2566,3.9524],[-75.2567,3.9515],[-75.2562,3.9497]]},"properties":{"nombre":"","tipo":"stream"}},{"type":"Feature","geometry":{"type":"LineString","coordinates":[[-75.0697,3.6366],[-75.0688,3.6387],[-75.0675,3.6403],[-75.066,3.6415],[-75.0643,3.642],[-75.0618,3.6418],[-75.059,3.6411],[-75.056,3.6407],[-75.0538,3.6406]]},"properties":{"nombre":"","tipo":"stream"}},{"type":"Feature","geometry":{"type":"LineString","coordinates":[[-75.5576,3.9847],[-75.5563,3.985],[-75.5553,3.9861],[-75.5534,3.987],[-75.5515,3.9882],[-75.5507,3.9883],[-75.5497,3.9894],[-75.5491,3.9898]]},"properties":{"nombre":"","tipo":"stream"}},{"type":"Feature","geometry":{"type":"LineString","coordinates":[[-75.1767,3.8578],[-75.1761,3.8592],[-75.1752,3.8602],[-75.1739,3.8609]]},"properties":{"nombre":"Río Saldaña","tipo":"stream"}},{"type":"Feature","geometry":{"type":"LineString","coordinates":[[-75.0774,3.8176],[-75.0768,3.8175],[-75.0761,3.8176],[-75.0757,3.8179],[-75.0746,3.8183],[-75.0738,3.8185],[-75.0727,3.8184],[-75.0721,3.8184]]},"properties":{"nombre":"Río Chenche","tipo":"stream"}},{"type":"Feature","geometry":{"type":"LineString","coordinates":[[-75.0699,3.6632],[-75.0699,3.6628],[-75.0699,3.6623],[-75.0699,3.662],[-75.0697,3.6615],[-75.0693,3.661],[-75.0689,3.6608],[-75.0682,3.6607],[-75.0674,3.6609],[-75.067,3.6607],[-75.0664,3.6607],[-75.0655,3.6606],[-75.065,3.66],[-75.0645,3.66],[-75.0644,3.6603],[-75.0642,3.6607],[-75.0645,3.6613],[-75.0643,3.6616],[-75.0641,3.6617],[-75.0635,3.6613],[-75.0633,3.661],[-75.0626,3.6608],[-75.0621,3.661],[-75.0614,3.6609],[-75.061,3.661],[-75.0606,3.6611],[-75.0605,3.6615],[-75.0602,3.6619],[-75.0598,3.6621],[-75.0594,3.6621],[-75.0587,3.6616],[-75.0582,3.6613],[-75.0581,3.6612]]},"properties":{"nombre":"","tipo":"river"}},{"type":"Feature","geometry":{"type":"LineString","coordinates":[[-75.0781,3.8179],[-75.0779,3.8179],[-75.0774,3.8176]]},"properties":{"nombre":"Río Chenche","tipo":"stream"}},{"type":"Feature","geometry":{"type":"MultiLineString","coordinates":[[[-75.1494,3.4351],[-75.1485,3.4355],[-75.1475,3.4358],[-75.1465,3.4359],[-75.1445,3.4358],[-75.1431,3.4354],[-75.1422,3.4349]],[[-75.1532,3.4289],[-75.1533,3.4294],[-75.1531,3.4307],[-75.1526,3.4319],[-75.1519,3.4332],[-75.151,3.4342],[-75.1498,3.4348]],[[-75.1226,3.4315],[-75.1223,3.4318],[-75.122,3.4323]],[[-75.1363,3.4319],[-75.1361,3.432],[-75.135,3.4321],[-75.1343,3.432],[-75.134,3.4319],[-75.1337,3.4317],[-75.1333,3.4313],[-75.1324,3.4306]],[[-75.155,3.4167],[-75.1538,3.4186],[-75.1531,3.4207],[-75.1526,3.4223],[-75.1526,3.4239],[-75.1526,3.4243]],[[-75.1723,3.4116],[-75.1719,3.4126],[-75.1715,3.4133],[-75.1707,3.4141],[-75.1693,3.4145],[-75.168,3.4145],[-75.1667,3.4143]],[[-75.1749,3.4017],[-75.1749,3.4022],[-75.1748,3.4025]],[[-75.1734,3.3911],[-75.1737,3.392],[-75.174,3.393]],[[-75.1729,3.3821],[-75.1727,3.3824],[-75.1723,3.3833],[-75.1723,3.3835]]]},"properties":{"nombre":"Río Magdalena","tipo":"river"}},{"type":"Feature","geometry":{"type":"LineString","coordinates":[[-75.2697,4.0596],[-75.2693,4.0592],[-75.268,4.0583],[-75.2668,4.0576],[-75.2666,4.057],[-75.2652,4.0565],[-75.2641,4.0563],[-75.2609,4.0562],[-75.2594,4.0568],[-75.2573,4.0581],[-75.2557,4.0589],[-75.2525,4.0592],[-75.2507,4.0598],[-75.2493,4.0604],[-75.2474,4.0615],[-75.2463,4.0629]]},"properties":{"nombre":"","tipo":"stream"}},{"type":"Feature","geometry":{"type":"LineString","coordinates":[[-75.1918,4.1064],[-75.1927,4.1058],[-75.1934,4.1044],[-75.1935,4.1034],[-75.1932,4.1025],[-75.1938,4.1015],[-75.1963,4.0998],[-75.1965,4.0983],[-75.1958,4.0978],[-75.1964,4.0955],[-75.1973,4.0937],[-75.1979,4.0933],[-75.199,4.09],[-75.2008,4.0866],[-75.2032,4.0855],[-75.2053,4.0841],[-75.207,4.0833],[-75.2087,4.0826],[-75.2098,4.0811],[-75.2103,4.0802],[-75.2108,4.0791],[-75.2114,4.0779],[-75.2119,4.0765],[-75.2132,4.0746],[-75.2131,4.0728],[-75.2129,4.0717],[-75.213,4.0708],[-75.2131,4.0701]]},"properties":{"nombre":"Río Cucuana","tipo":"river"}},{"type":"Feature","geometry":{"type":"LineString","coordinates":[[-75.1151,3.5712],[-75.1146,3.5715],[-75.1135,3.5716],[-75.1118,3.5714],[-75.11,3.5707],[-75.1088,3.5698],[-75.1082,3.569],[-75.1067,3.5685],[-75.1057,3.5684],[-75.1044,3.5689],[-75.1038,3.5696],[-75.104,3.5703],[-75.1039,3.5713],[-75.1032,3.5718],[-75.1021,3.5715],[-75.1013,3.5708],[-75.1003,3.5706],[-75.0995,3.5711],[-75.0985,3.5734],[-75.0978,3.5739],[-75.097,3.5742],[-75.0963,3.574],[-75.0957,3.5734],[-75.0958,3.5723],[-75.0953,3.5718],[-75.0945,3.5719],[-75.0941,3.5724],[-75.0944,3.573],[-75.0943,3.5736],[-75.094,3.5738],[-75.0931,3.5741],[-75.0931,3.5746],[-75.0939,3.5755],[-75.0941,3.5773],[-75.093,3.579],[-75.0918,3.5809],[-75.09,3.5868],[-75.0896,3.5896],[-75.0897,3.5926],[-75.0878,3.5937],[-75.0859,3.5937],[-75.0835,3.5932],[-75.0827,3.593]]},"properties":{"nombre":"Río Anchique","tipo":"river"}},{"type":"Feature","geometry":{"type":"LineString","coordinates":[[-75.3055,3.9645],[-75.3051,3.9645],[-75.3047,3.9646],[-75.3041,3.9643],[-75.3037,3.9643],[-75.3033,3.9644],[-75.3025,3.9646],[-75.302,3.9647],[-75.3012,3.9647],[-75.3008,3.9644],[-75.3005,3.9645],[-75.2994,3.9644],[-75.2988,3.9641],[-75.2983,3.9639],[-75.2978,3.9641],[-75.2971,3.9634],[-75.2965,3.9629]]},"properties":{"nombre":"","tipo":"river"}},{"type":"Feature","geometry":{"type":"LineString","coordinates":[[-75.138,3.4357],[-75.1377,3.4336],[-75.1376,3.4323]]},"properties":{"nombre":"","tipo":"stream"}},{"type":"Feature","geometry":{"type":"LineString","coordinates":[[-75.6854,4.0459],[-75.6835,4.0462],[-75.6801,4.0482],[-75.6784,4.0498],[-75.6773,4.0503],[-75.6765,4.0511],[-75.6763,4.0518],[-75.6759,4.053],[-75.6754,4.0543],[-75.6755,4.0544],[-75.6752,4.0549],[-75.6751,4.0555],[-75.6746,4.0563],[-75.6745,4.0568],[-75.6743,4.0571],[-75.674,4.0579],[-75.6734,4.0581],[-75.6728,4.0584],[-75.6727,4.059],[-75.6727,4.0594],[-75.6718,4.0606]]},"properties":{"nombre":"","tipo":"stream"}},{"type":"Feature","geometry":{"type":"LineString","coordinates":[[-75.3305,3.8063],[-75.3305,3.8069],[-75.3301,3.8076],[-75.3286,3.8082],[-75.328,3.8082],[-75.327,3.8082],[-75.3259,3.8083],[-75.3254,3.8084],[-75.3253,3.8087],[-75.3252,3.8091],[-75.3253,3.8098],[-75.3253,3.8106],[-75.3249,3.8114],[-75.3246,3.8117]]},"properties":{"nombre":"","tipo":"river"}},{"type":"Feature","geometry":{"type":"LineString","coordinates":[[-75.1365,3.5678],[-75.1363,3.5677],[-75.1357,3.5678],[-75.1353,3.5681],[-75.135,3.5685],[-75.135,3.569],[-75.1353,3.5695],[-75.136,3.5699],[-75.1365,3.5705],[-75.1367,3.5713],[-75.1364,3.572],[-75.1364,3.5728],[-75.1368,3.5737],[-75.1372,3.575],[-75.1371,3.576],[-75.137,3.5769],[-75.1367,3.578],[-75.1364,3.5789],[-75.1358,3.581],[-75.1356,3.5824],[-75.1354,3.5839],[-75.135,3.5845],[-75.133,3.5851],[-75.1311,3.5852],[-75.1303,3.5856],[-75.13,3.5864],[-75.1297,3.587],[-75.1292,3.5873],[-75.1291,3.5878],[-75.129,3.5885],[-75.1285,3.589],[-75.1279,3.5893],[-75.127,3.5892],[-75.1268,3.5889],[-75.1261,3.5882],[-75.1254,3.5878],[-75.1249,3.5876],[-75.1245,3.5874],[-75.1241,3.5873],[-75.1237,3.5871],[-75.1235,3.5868],[-75.1234,3.5864],[-75.1234,3.586],[-75.1234,3.5857],[-75.1227,3.5841],[-75.1223,3.5829],[-75.1218,3.582],[-75.121,3.5809],[-75.1203,3.5802],[-75.1197,3.5795],[-75.1192,3.5785],[-75.119,3.577],[-75.1187,3.5758],[-75.1185,3.5746],[-75.118,3.5734],[-75.1174,3.5731],[-75.1167,3.573],[-75.1165,3.5733],[-75.1161,3.5734],[-75.1158,3.5733],[-75.1155,3.5731],[-75.1154,3.5727],[-75.1152,3.5724],[-75.1152,3.572],[-75.1154,3.5717],[-75.1155,3.5714],[-75.1154,3.5711],[-75.1151,3.5712]]},"properties":{"nombre":"Río Anchique","tipo":"river"}},{"type":"Feature","geometry":{"type":"LineString","coordinates":[[-75.236,4.0689],[-75.2348,4.0688],[-75.2341,4.0693],[-75.2338,4.0703],[-75.2341,4.0706],[-75.2343,4.0707],[-75.2345,4.0716],[-75.2342,4.0722],[-75.2332,4.0722],[-75.2327,4.0715],[-75.2324,4.0713],[-75.2313,4.0714],[-75.2309,4.0717],[-75.2309,4.0724],[-75.2306,4.073],[-75.2304,4.0735],[-75.23,4.0745],[-75.2293,4.0751],[-75.2286,4.0754],[-75.228,4.0753],[-75.2272,4.0754],[-75.2263,4.0755],[-75.2258,4.076],[-75.2254,4.0767],[-75.2245,4.0765],[-75.2251,4.0762],[-75.225,4.0757],[-75.2246,4.0754],[-75.2242,4.0754],[-75.2236,4.0756],[-75.2228,4.0761],[-75.2223,4.077],[-75.2216,4.0772],[-75.221,4.0768],[-75.2205,4.0763],[-75.22,4.0764],[-75.2199,4.0767],[-75.2199,4.0772],[-75.22,4.0776],[-75.2201,4.0782],[-75.2199,4.0785],[-75.2196,4.0787],[-75.2181,4.0789],[-75.218,4.0793],[-75.2177,4.0793],[-75.2176,4.0791],[-75.2168,4.0786],[-75.2164,4.0787],[-75.2152,4.0794],[-75.2146,4.08],[-75.2143,4.0805],[-75.214,4.0811],[-75.2129,4.0817],[-75.2128,4.0797],[-75.2122,4.0792],[-75.2108,4.0791]]},"properties":{"nombre":"","tipo":"river"}},{"type":"Feature","geometry":{"type":"LineString","coordinates":[[-75.0924,3.9641],[-75.0925,3.9638],[-75.0927,3.9616],[-75.0923,3.9599],[-75.0864,3.956],[-75.0845,3.9539],[-75.0819,3.9503],[-75.0795,3.9474],[-75.077,3.9446]]},"properties":{"nombre":"Río Cucuana","tipo":"river"}},{"type":"Feature","geometry":{"type":"LineString","coordinates":[[-75.663,4.0606],[-75.6629,4.0606],[-75.6626,4.0605],[-75.6624,4.0604],[-75.6622,4.0603],[-75.6621,4.0602],[-75.662,4.06],[-75.662,4.0598],[-75.6619,4.0594],[-75.6618,4.0591],[-75.6618,4.0589],[-75.6615,4.0581],[-75.6614,4.0577],[-75.6614,4.0575],[-75.6615,4.0571],[-75.6615,4.057],[-75.6614,4.0566],[-75.6613,4.0564],[-75.6613,4.0563],[-75.6612,4.0561],[-75.6611,4.0559],[-75.661,4.0558],[-75.6609,4.0557],[-75.6608,4.0556],[-75.6606,4.0556],[-75.6604,4.0555],[-75.6602,4.0556],[-75.6598,4.0557],[-75.6595,4.0558],[-75.6593,4.0558],[-75.6591,4.0558],[-75.6589,4.0558],[-75.6585,4.0559],[-75.6584,4.0559],[-75.6583,4.0559],[-75.6582,4.0558],[-75.6581,4.0557],[-75.658,4.0557],[-75.6579,4.0556],[-75.6577,4.0555],[-75.6575,4.0555],[-75.6574,4.0554],[-75.6572,4.0553],[-75.6571,4.0552],[-75.657,4.0551],[-75.6569,4.055],[-75.6568,4.0549],[-75.6567,4.0548],[-75.6565,4.0548],[-75.6564,4.0548],[-75.656,4.055],[-75.6559,4.0551],[-75.6557,4.0551],[-75.6557,4.0551],[-75.6557,4.0551],[-75.6555,4.0551],[-75.6551,4.0551],[-75.6547,4.0551],[-75.6546,4.0551],[-75.6544,4.0551],[-75.654,4.055],[-75.6538,4.055],[-75.6537,4.0549],[-75.6535,4.0548],[-75.6534,4.0546],[-75.6531,4.0544],[-75.653,4.0543],[-75.6529,4.0541],[-75.6528,4.0539],[-75.6526,4.0536],[-75.6526,4.0535],[-75.6525,4.0534],[-75.6525,4.0532],[-75.6524,4.0531],[-75.6523,4.0528],[-75.6523,4.0527],[-75.6523,4.0525],[-75.6521,4.0521],[-75.6521,4.052],[-75.652,4.0517],[-75.652,4.0516],[-75.652,4.0516],[-75.6517,4.0509],[-75.6517,4.0507],[-75.6516,4.0506],[-75.6515,4.0502],[-75.6514,4.0501],[-75.6513,4.0499],[-75.6505,4.0491],[-75.6504,4.049],[-75.6502,4.0489],[-75.6501,4.0487],[-75.6496,4.0482],[-75.6493,4.048],[-75.649,4.0477],[-75.6489,4.0476],[-75.6488,4.0474],[-75.6487,4.0472],[-75.6486,4.0471],[-75.6486,4.0469],[-75.6485,4.0468],[-75.6484,4.0466],[-75.6483,4.0464],[-75.648,4.0461],[-75.6479,4.046],[-75.6478,4.0459],[-75.6476,4.0458],[-75.6475,4.0457],[-75.6473,4.0456],[-75.6471,4.0456],[-75.647,4.0455],[-75.647,4.0455],[-75.6469,4.0453],[-75.6468,4.0451],[-75.6468,4.0449],[-75.6468,4.0445],[-75.6468,4.0444],[-75.6467,4.0442],[-75.6465,4.0442],[-75.6464,4.0441],[-75.6462,4.0442],[-75.646,4.0442],[-75.6458,4.0442],[-75.6456,4.0441],[-75.6455,4.044],[-75.6455,4.044],[-75.6453,4.0438],[-75.6452,4.0437],[-75.6452,4.0435],[-75.6451,4.0433],[-75.6451,4.0432],[-75.645,4.0428],[-75.6449,4.0426],[-75.6449,4.0424],[-75.6449,4.0423],[-75.6449,4.0423],[-75.6449,4.0423],[-75.6449,4.0423],[-75.6449,4.0423],[-75.6449,4.0422],[-75.645,4.0415],[-75.6451,4.0413],[-75.6452,4.0411],[-75.6454,4.0408],[-75.6454,4.0406],[-75.6455,4.0405],[-75.6456,4.0403],[-75.6456,4.0401],[-75.6455,4.0399],[-75.6454,4.0398],[-75.6454,4.0396],[-75.6453,4.0394],[-75.6452,4.0391],[-75.6451,4.0388],[-75.6451,4.0384],[-75.6449,4.0381],[-75.6448,4.038],[-75.6448,4.0376],[-75.6447,4.0374],[-75.6446,4.0373],[-75.6444,4.0372],[-75.6443,4.0371],[-75.6441,4.037],[-75.6441,4.0369],[-75.6441,4.0369],[-75.6441,4.0369],[-75.644,4.0368],[-75.644,4.0368]]},"properties":{"nombre":"","tipo":"stream"}},{"type":"Feature","geometry":{"type":"LineString","coordinates":[[-74.981,3.6408],[-74.9812,3.6413],[-74.9815,3.6416],[-74.9817,3.6419],[-74.9822,3.6423],[-74.9825,3.6422],[-74.9828,3.6422],[-74.9832,3.6424],[-74.9835,3.6427],[-74.9835,3.6432],[-74.9836,3.6441],[-74.9839,3.6443],[-74.9842,3.6443],[-74.9846,3.6442],[-74.985,3.6443],[-74.9855,3.6446],[-74.986,3.6451],[-74.9878,3.6466],[-74.988,3.6468],[-74.9897,3.6481],[-74.9902,3.6483],[-74.9919,3.6491],[-74.9929,3.6497],[-74.9941,3.6503],[-74.9966,3.6513]]},"properties":{"nombre":"","tipo":"river"}},{"type":"Feature","geometry":{"type":"LineString","coordinates":[[-75.0875,3.6222],[-75.0864,3.6214],[-75.0856,3.6206],[-75.0852,3.6202],[-75.0847,3.6198],[-75.0844,3.6197],[-75.0839,3.6199],[-75.0833,3.6203],[-75.0828,3.6204],[-75.0822,3.6203],[-75.0816,3.6203],[-75.0797,3.6212],[-75.0787,3.6213],[-75.0782,3.6213],[-75.0777,3.6214],[-75.0771,3.6218],[-75.0768,3.6221],[-75.0755,3.6232]]},"properties":{"nombre":"","tipo":"stream"}},{"type":"Feature","geometry":{"type":"LineString","coordinates":[[-75.1386,3.4392],[-75.1387,3.4389],[-75.1384,3.4383],[-75.1383,3.4373],[-75.1383,3.437]]},"properties":{"nombre":"","tipo":"stream"}},{"type":"Feature","geometry":{"type":"LineString","coordinates":[[-74.9747,3.7226],[-74.9739,3.7224],[-74.9736,3.7223],[-74.9731,3.7222],[-74.9729,3.7221],[-74.9726,3.7222],[-74.9724,3.7223],[-74.972,3.7224],[-74.9716,3.7224],[-74.9711,3.7225],[-74.9707,3.7227],[-74.9698,3.7231],[-74.9694,3.7232],[-74.969,3.7233],[-74.9686,3.7234],[-74.9683,3.7233],[-74.9676,3.7232],[-74.9672,3.7229],[-74.9666,3.7227],[-74.966,3.7223],[-74.9657,3.7222],[-74.9654,3.7222],[-74.9647,3.7224],[-74.9643,3.7226],[-74.9639,3.7229],[-74.9637,3.7232],[-74.9635,3.7236],[-74.9635,3.724],[-74.9635,3.7245],[-74.9636,3.7251],[-74.9637,3.7255],[-74.9637,3.7256],[-74.9637,3.7257],[-74.9638,3.7258],[-74.9638,3.726],[-74.9639,3.7266],[-74.9639,3.7269],[-74.9639,3.727],[-74.964,3.7272],[-74.9641,3.7273],[-74.9642,3.7274],[-74.9644,3.7275],[-74.9644,3.7276],[-74.9645,3.7279],[-74.9645,3.728],[-74.9647,3.7282],[-74.9649,3.7286],[-74.9654,3.729],[-74.9656,3.7292],[-74.9658,3.7293],[-74.9658,3.7294],[-74.9659,3.7294],[-74.9659,3.7297],[-74.966,3.73],[-74.9662,3.7305],[-74.9668,3.7315],[-74.9673,3.7322],[-74.9676,3.7325],[-74.9679,3.7327],[-74.9684,3.7328],[-74.9691,3.7328],[-74.9695,3.7327],[-74.9701,3.7326],[-74.9707,3.7326],[-74.9714,3.7326],[-74.9717,3.7327],[-74.9721,3.7328],[-74.9724,3.7329],[-74.9727,3.7331],[-74.9731,3.7335],[-74.9733,3.7337],[-74.9735,3.734],[-74.9737,3.7342],[-74.9738,3.7344],[-74.9739,3.7346],[-74.9739,3.7347],[-74.974,3.7349],[-74.9741,3.7351],[-74.9742,3.7354],[-74.9743,3.7358],[-74.9744,3.736],[-74.9744,3.7362],[-74.9745,3.7366],[-74.9746,3.7376],[-74.9746,3.7379],[-74.9746,3.7383],[-74.9746,3.7385],[-74.9746,3.7386],[-74.9747,3.7388],[-74.9749,3.7392]]},"properties":{"nombre":"","tipo":"river"}},{"type":"Feature","geometry":{"type":"LineString","coordinates":[[-75.1721,3.8604],[-75.1713,3.8607],[-75.1708,3.8617],[-75.1704,3.8624],[-75.1697,3.8629],[-75.1688,3.8629],[-75.1683,3.8635],[-75.1681,3.8646],[-75.1677,3.8654],[-75.1669,3.866],[-75.1649,3.8658],[-75.164,3.8658],[-75.1631,3.8661],[-75.1628,3.8663]]},"properties":{"nombre":"Río Saldaña","tipo":"river"}},{"type":"Feature","geometry":{"type":"LineString","coordinates":[[-75.2624,4.0523],[-75.2603,4.0529],[-75.257,4.0541],[-75.2556,4.055],[-75.2535,4.0563],[-75.2516,4.057],[-75.2503,4.0581],[-75.249,4.0584],[-75.2476,4.0589],[-75.2463,4.0599],[-75.2456,4.061],[-75.2453,4.0616],[-75.2449,4.0632]]},"properties":{"nombre":"","tipo":"stream"}}]}