{"type": "FeatureCollection", "features": [{"type": "Feature", "geometry": {"x": -74.99688043599997, "y": 3.700225696000075}, "properties": {"OBJECTID": 1, "VEREDA": "COCANA", "MUNICIPIO": "73483", "ESCENARIO": "E2", "CULTIVO": "Caucho", "TIPO_INFRA": "Tipo I - Produccion", "NOMBRE_EQUIP": "Vivero caucho", "TON_VEREDA": 1070.36, "AREA_HA_VEREDA": 140.38, "AREA_EQUIP_M2": 1912.6, "N_EQUIP_TIPO": 2}}, {"type": "Feature", "geometry": {"x": -75.13870637499997, "y": 3.4401658460000704}, "properties": {"OBJECTID": 2, "VEREDA": "COCANA", "MUNICIPIO": "73483", "ESCENARIO": "E2", "CULTIVO": "Caucho", "TIPO_INFRA": "Tipo I - Produccion", "NOMBRE_EQUIP": "Sistema pica latex", "TON_VEREDA": 1070.36, "AREA_HA_VEREDA": 140.38, "AREA_EQUIP_M2": 1912.6, "N_EQUIP_TIPO": 2}}, {"type": "Feature", "geometry": {"x": -75.11776493499997, "y": 3.4616415330000336}, "properties": {"OBJECTID": 3, "VEREDA": "COCANA", "MUNICIPIO": "73483", "ESCENARIO": "E2", "CULTIVO": "Caucho", "TIPO_INFRA": "Tipo II - Transformacion", "NOMBRE_EQUIP": "Planta latex RSS", "TON_VEREDA": 1070.36, "AREA_HA_VEREDA": 140.38, "AREA_EQUIP_M2": 1142.2, "N_EQUIP_TIPO": 1}}, {"type": "Feature", "geometry": {"x": -75.06087138299995, "y": 3.8198660920000407}, "properties": {"OBJECTID": 4, "VEREDA": "COCANA", "MUNICIPIO": "73483", "ESCENARIO": "E2", "CULTIVO": "Caucho", "TIPO_INFRA": "Tipo III - Servicios", "NOMBRE_EQUIP": "Escuela caucheros", "TON_VEREDA": 1070.36, "AREA_HA_VEREDA": 140.38, "AREA_EQUIP_M2": 478.4, "N_EQUIP_TIPO": 2}}, {"type": "Feature", "geometry": {"x": -75.01965819099996, "y": 3.73004226300003}, "properties": {"OBJECTID": 5, "VEREDA": "COCANA", "MUNICIPIO": "73483", "ESCENARIO": "E2", "CULTIVO": "Caucho", "TIPO_INFRA": "Tipo III - Servicios", "NOMBRE_EQUIP": "Punto comercializacion", "TON_VEREDA": 1070.36, "AREA_HA_VEREDA": 140.38, "AREA_EQUIP_M2": 478.4, "N_EQUIP_TIPO": 2}}, {"type": "Feature", "geometry": {"x": -75.24847681599994, "y": 3.742499738000049}, "properties": {"OBJECTID": 6, "VEREDA": "LA PALMITA", "MUNICIPIO": "73483", "ESCENARIO": "E2", "CULTIVO": "Aguacate Hass", "TIPO_INFRA": "Tipo I - Produccion", "NOMBRE_EQUIP": "Vivero aguacate", "TON_VEREDA": 5985.53, "AREA_HA_VEREDA": 498.79, "AREA_EQUIP_M2": 2000, "N_EQUIP_TIPO": 5}}, {"type": "Feature", "geometry": {"x": -75.22384514899994, "y": 4.0758603750000475}, "properties": {"OBJECTID": 7, "VEREDA": "LA PALMITA", "MUNICIPIO": "73483", "ESCENARIO": "E2", "CULTIVO": "Aguacate Hass", "TIPO_INFRA": "Tipo I - Produccion", "NOMBRE_EQUIP": "Sistema riego goteo", "TON_VEREDA": 5985.53, "AREA_HA_VEREDA": 498.79, "AREA_EQUIP_M2": 2000, "N_EQUIP_TIPO": 5}}, {"type": "Feature", "geometry": {"x": -75.09862759399994, "y": 3.8003684040000394}, "properties": {"OBJECTID": 8, "VEREDA": "LA PALMITA", "MUNICIPIO": "73483", "ESCENARIO": "E2", "CULTIVO": "Aguacate Hass", "TIPO_INFRA": "Tipo I - Produccion", "NOMBRE_EQUIP": "Estacion meteo", "TON_VEREDA": 5985.53, "AREA_HA_VEREDA": 498.79, "AREA_EQUIP_M2": 2000, "N_EQUIP_TIPO": 5}}, {"type": "Feature", "geometry": {"x": -75.16892838899997, "y": 3.7033176770000296}, "properties": {"OBJECTID": 9, "VEREDA": "LA PALMITA", "MUNICIPIO": "73483", "ESCENARIO": "E2", "CULTIVO": "Aguacate Hass", "TIPO_INFRA": "Tipo I - Produccion", "NOMBRE_EQUIP": "Bodega cosecha", "TON_VEREDA": 5985.53, "AREA_HA_VEREDA": 498.79, "AREA_EQUIP_M2": 2000, "N_EQUIP_TIPO": 5}}, {"type": "Feature", "geometry": {"x": -75.24729005999995, "y": 3.737578676000055}, "properties": {"OBJECTID": 10, "VEREDA": "LA PALMITA", "MUNICIPIO": "73483", "ESCENARIO": "E2", "CULTIVO": "Aguacate Hass", "TIPO_INFRA": "Tipo I - Produccion", "NOMBRE_EQUIP": "Zona empaque campo", "TON_VEREDA": 5985.53, "AREA_HA_VEREDA": 498.79, "AREA_EQUIP_M2": 2000, "N_EQUIP_TIPO": 5}}, {"type": "Feature", "geometry": {"x": -75.19003926899995, "y": 3.406102788000055}, "properties": {"OBJECTID": 11, "VEREDA": "LA PALMITA", "MUNICIPIO": "73483", "ESCENARIO": "E2", "CULTIVO": "Aguacate Hass", "TIPO_INFRA": "Tipo II - Transformacion", "NOMBRE_EQUIP": "Planta empaque exportacion", "TON_VEREDA": 5985.53, "AREA_HA_VEREDA": 498.79, "AREA_EQUIP_M2": 4091.3, "N_EQUIP_TIPO": 3}}, {"type": "Feature", "geometry": {"x": -75.19222824899998, "y": 3.4034458050000467}, "properties": {"OBJECTID": 12, "VEREDA": "LA PALMITA", "MUNICIPIO": "73483", "ESCENARIO": "E2", "CULTIVO": "Aguacate Hass", "TIPO_INFRA": "Tipo II - Transformacion", "NOMBRE_EQUIP": "Cuarto frio", "TON_VEREDA": 5985.53, "AREA_HA_VEREDA": 498.79, "AREA_EQUIP_M2": 4091.3, "N_EQUIP_TIPO": 3}}, {"type": "Feature", "geometry": {"x": -75.18390317599994, "y": 3.4083181520000494}, "properties": {"OBJECTID": 13, "VEREDA": "LA PALMITA", "MUNICIPIO": "73483", "ESCENARIO": "E2", "CULTIVO": "Aguacate Hass", "TIPO_INFRA": "Tipo II - Transformacion", "NOMBRE_EQUIP": "Laboratorio maduracion", "TON_VEREDA": 5985.53, "AREA_HA_VEREDA": 498.79, "AREA_EQUIP_M2": 4091.3, "N_EQUIP_TIPO": 3}}, {"type": "Feature", "geometry": {"x": -75.11157239999994, "y": 3.775131750000071}, "properties": {"OBJECTID": 14, "VEREDA": "LA PALMITA", "MUNICIPIO": "73483", "ESCENARIO": "E2", "CULTIVO": "Aguacate Hass", "TIPO_INFRA": "Tipo III - Servicios", "NOMBRE_EQUIP": "Escuela aguacateros", "TON_VEREDA": 5985.53, "AREA_HA_VEREDA": 498.79, "AREA_EQUIP_M2": 1297.6, "N_EQUIP_TIPO": 2}}, {"type": "Feature", "geometry": {"x": -75.10078541699994, "y": 3.9564575020000348}, "properties": {"OBJECTID": 15, "VEREDA": "LA PALMITA", "MUNICIPIO": "73483", "ESCENARIO": "E2", "CULTIVO": "Aguacate Hass", "TIPO_INFRA": "Tipo III - Servicios", "NOMBRE_EQUIP": "Centro certificacion exportacion", "TON_VEREDA": 5985.53, "AREA_HA_VEREDA": 498.79, "AREA_EQUIP_M2": 1297.6, "N_EQUIP_TIPO": 2}}, {"type": "Feature", "geometry": {"x": -74.96762255599998, "y": 3.7362499330000674}, "properties": {"OBJECTID": 16, "VEREDA": "ANACARCO", "MUNICIPIO": "73483", "ESCENARIO": "E2", "CULTIVO": "Caucho", "TIPO_INFRA": "Tipo I - Produccion", "NOMBRE_EQUIP": "Vivero caucho", "TON_VEREDA": 1018, "AREA_HA_VEREDA": 258.4, "AREA_EQUIP_M2": 1828.8, "N_EQUIP_TIPO": 2}}, {"type": "Feature", "geometry": {"x": -75.07476811699996, "y": 3.818081705000054}, "properties": {"OBJECTID": 17, "VEREDA": "ANACARCO", "MUNICIPIO": "73483", "ESCENARIO": "E2", "CULTIVO": "Caucho", "TIPO_INFRA": "Tipo I - Produccion", "NOMBRE_EQUIP": "Sistema pica latex", "TON_VEREDA": 1018, "AREA_HA_VEREDA": 258.4, "AREA_EQUIP_M2": 1828.8, "N_EQUIP_TIPO": 2}}, {"type": "Feature", "geometry": {"x": -75.09393252899997, "y": 3.4371334690000594}, "properties": {"OBJECTID": 18, "VEREDA": "ANACARCO", "MUNICIPIO": "73483", "ESCENARIO": "E2", "CULTIVO": "Caucho", "TIPO_INFRA": "Tipo II - Transformacion", "NOMBRE_EQUIP": "Planta latex RSS", "TON_VEREDA": 1018, "AREA_HA_VEREDA": 258.4, "AREA_EQUIP_M2": 1110.8, "N_EQUIP_TIPO": 1}}, {"type": "Feature", "geometry": {"x": -75.04612111499995, "y": 3.832956068000044}, "properties": {"OBJECTID": 19, "VEREDA": "ANACARCO", "MUNICIPIO": "73483", "ESCENARIO": "E2", "CULTIVO": "Caucho", "TIPO_INFRA": "Tipo III - Servicios", "NOMBRE_EQUIP": "Escuela caucheros", "TON_VEREDA": 1018, "AREA_HA_VEREDA": 258.4, "AREA_EQUIP_M2": 469.7, "N_EQUIP_TIPO": 2}}, {"type": "Feature", "geometry": {"x": -75.05171943999994, "y": 3.838716515000044}, "properties": {"OBJECTID": 20, "VEREDA": "ANACARCO", "MUNICIPIO": "73483", "ESCENARIO": "E2", "CULTIVO": "Caucho", "TIPO_INFRA": "Tipo III - Servicios", "NOMBRE_EQUIP": "Punto comercializacion", "TON_VEREDA": 1018, "AREA_HA_VEREDA": 258.4, "AREA_EQUIP_M2": 469.7, "N_EQUIP_TIPO": 2}}, {"type": "Feature", "geometry": {"x": -74.98247244499998, "y": 3.7486288650000574}, "properties": {"OBJECTID": 21, "VEREDA": "PUEBLO NUEVO", "MUNICIPIO": "73483", "ESCENARIO": "E2", "CULTIVO": "Caucho", "TIPO_INFRA": "Tipo I - Produccion", "NOMBRE_EQUIP": "Vivero caucho", "TON_VEREDA": 988.59, "AREA_HA_VEREDA": 333.63, "AREA_EQUIP_M2": 1781.7, "N_EQUIP_TIPO": 2}}, {"type": "Feature", "geometry": {"x": -75.12559382199998, "y": 3.747629213000039}, "properties": {"OBJECTID": 22, "VEREDA": "PUEBLO NUEVO", "MUNICIPIO": "73483", "ESCENARIO": "E2", "CULTIVO": "Caucho", "TIPO_INFRA": "Tipo I - Produccion", "NOMBRE_EQUIP": "Sistema pica latex", "TON_VEREDA": 988.59, "AREA_HA_VEREDA": 333.63, "AREA_EQUIP_M2": 1781.7, "N_EQUIP_TIPO": 2}}, {"type": "Feature", "geometry": {"x": -75.13502850899994, "y": 3.45427621500005}, "properties": {"OBJECTID": 23, "VEREDA": "PUEBLO NUEVO", "MUNICIPIO": "73483", "ESCENARIO": "E2", "CULTIVO": "Caucho", "TIPO_INFRA": "Tipo II - Transformacion", "NOMBRE_EQUIP": "Planta latex RSS", "TON_VEREDA": 988.59, "AREA_HA_VEREDA": 333.63, "AREA_EQUIP_M2": 1093.2, "N_EQUIP_TIPO": 1}}, {"type": "Feature", "geometry": {"x": -75.05974717599997, "y": 3.8173865750000573}, "properties": {"OBJECTID": 24, "VEREDA": "PUEBLO NUEVO", "MUNICIPIO": "73483", "ESCENARIO": "E2", "CULTIVO": "Caucho", "TIPO_INFRA": "Tipo III - Servicios", "NOMBRE_EQUIP": "Escuela caucheros", "TON_VEREDA": 988.59, "AREA_HA_VEREDA": 333.63, "AREA_EQUIP_M2": 464.8, "N_EQUIP_TIPO": 2}}, {"type": "Feature", "geometry": {"x": -75.17480604099995, "y": 3.9929325670000253}, "properties": {"OBJECTID": 25, "VEREDA": "PUEBLO NUEVO", "MUNICIPIO": "73483", "ESCENARIO": "E2", "CULTIVO": "Caucho", "TIPO_INFRA": "Tipo III - Servicios", "NOMBRE_EQUIP": "Punto comercializacion", "TON_VEREDA": 988.59, "AREA_HA_VEREDA": 333.63, "AREA_EQUIP_M2": 464.8, "N_EQUIP_TIPO": 2}}, {"type": "Feature", "geometry": {"x": -74.97379818399997, "y": 3.740086318000067}, "properties": {"OBJECTID": 26, "VEREDA": "CUCUANO", "MUNICIPIO": "73622", "ESCENARIO": "E2", "CULTIVO": "Caucho", "TIPO_INFRA": "Tipo I - Produccion", "NOMBRE_EQUIP": "Vivero caucho", "TON_VEREDA": 775.1, "AREA_HA_VEREDA": 516.73, "AREA_EQUIP_M2": 1440.2, "N_EQUIP_TIPO": 2}}, {"type": "Feature", "geometry": {"x": -75.08881942999994, "y": 3.664154040000028}, "properties": {"OBJECTID": 27, "VEREDA": "CUCUANO", "MUNICIPIO": "73622", "ESCENARIO": "E2", "CULTIVO": "Caucho", "TIPO_INFRA": "Tipo I - Produccion", "NOMBRE_EQUIP": "Sistema pica latex", "TON_VEREDA": 775.1, "AREA_HA_VEREDA": 516.73, "AREA_EQUIP_M2": 1440.2, "N_EQUIP_TIPO": 2}}, {"type": "Feature", "geometry": {"x": -75.61963776199997, "y": 4.016205967000076}, "properties": {"OBJECTID": 28, "VEREDA": "CUCUANO", "MUNICIPIO": "73622", "ESCENARIO": "E2", "CULTIVO": "Caucho", "TIPO_INFRA": "Tipo II - Transformacion", "NOMBRE_EQUIP": "Planta latex RSS", "TON_VEREDA": 775.1, "AREA_HA_VEREDA": 516.73, "AREA_EQUIP_M2": 965.1, "N_EQUIP_TIPO": 1}}, {"type": "Feature", "geometry": {"x": -75.18029364899996, "y": 3.7689020490000757}, "properties": {"OBJECTID": 29, "VEREDA": "CUCUANO", "MUNICIPIO": "73622", "ESCENARIO": "E2", "CULTIVO": "Caucho", "TIPO_INFRA": "Tipo III - Servicios", "NOMBRE_EQUIP": "Escuela caucheros", "TON_VEREDA": 775.1, "AREA_HA_VEREDA": 516.73, "AREA_EQUIP_M2": 429.2, "N_EQUIP_TIPO": 2}}, {"type": "Feature", "geometry": {"x": -75.22227550699995, "y": 3.9335671660000457}, "properties": {"OBJECTID": 30, "VEREDA": "CUCUANO", "MUNICIPIO": "73622", "ESCENARIO": "E2", "CULTIVO": "Caucho", "TIPO_INFRA": "Tipo III - Servicios", "NOMBRE_EQUIP": "Punto comercializacion", "TON_VEREDA": 775.1, "AREA_HA_VEREDA": 516.73, "AREA_EQUIP_M2": 429.2, "N_EQUIP_TIPO": 2}}, {"type": "Feature", "geometry": {"x": -75.09499178799996, "y": 3.6785095660000593}, "properties": {"OBJECTID": 31, "VEREDA": "EL DIAMANTE", "MUNICIPIO": "73622", "ESCENARIO": "E2", "CULTIVO": "Caucho", "TIPO_INFRA": "Tipo I - Produccion", "NOMBRE_EQUIP": "Vivero caucho", "TON_VEREDA": 110.55, "AREA_HA_VEREDA": 73.7, "AREA_EQUIP_M2": 376.9, "N_EQUIP_TIPO": 1}}, {"type": "Feature", "geometry": {"x": -75.57111745899994, "y": 3.9885709790000305}, "properties": {"OBJECTID": 32, "VEREDA": "EL DIAMANTE", "MUNICIPIO": "73622", "ESCENARIO": "E2", "CULTIVO": "Caucho", "TIPO_INFRA": "Tipo II - Transformacion", "NOMBRE_EQUIP": "Planta latex RSS", "TON_VEREDA": 110.55, "AREA_HA_VEREDA": 73.7, "AREA_EQUIP_M2": 566.3, "N_EQUIP_TIPO": 1}}, {"type": "Feature", "geometry": {"x": -75.17914168099998, "y": 3.428405109000039}, "properties": {"OBJECTID": 33, "VEREDA": "EL DIAMANTE", "MUNICIPIO": "73622", "ESCENARIO": "E2", "CULTIVO": "Caucho", "TIPO_INFRA": "Tipo III - Servicios", "NOMBRE_EQUIP": "Escuela caucheros", "TON_VEREDA": 110.55, "AREA_HA_VEREDA": 73.7, "AREA_EQUIP_M2": 318.4, "N_EQUIP_TIPO": 2}}, {"type": "Feature", "geometry": {"x": -75.15025607299998, "y": 3.763886208000031}, "properties": {"OBJECTID": 34, "VEREDA": "EL DIAMANTE", "MUNICIPIO": "73622", "ESCENARIO": "E2", "CULTIVO": "Caucho", "TIPO_INFRA": "Tipo III - Servicios", "NOMBRE_EQUIP": "Punto comercializacion", "TON_VEREDA": 110.55, "AREA_HA_VEREDA": 73.7, "AREA_EQUIP_M2": 318.4, "N_EQUIP_TIPO": 2}}, {"type": "Feature", "geometry": {"x": -75.28868657599998, "y": 3.932746942000051}, "properties": {"OBJECTID": 35, "VEREDA": "CUCUANITO", "MUNICIPIO": "73622", "ESCENARIO": "E2", "CULTIVO": "Caucho", "TIPO_INFRA": "Tipo I - Produccion", "NOMBRE_EQUIP": "Vivero caucho", "TON_VEREDA": 751.97, "AREA_HA_VEREDA": 501.31, "AREA_EQUIP_M2": 1403.2, "N_EQUIP_TIPO": 2}}, {"type": "Feature", "geometry": {"x": -75.19898780799997, "y": 4.02373992400004}, "properties": {"OBJECTID": 36, "VEREDA": "CUCUANITO", "MUNICIPIO": "73622", "ESCENARIO": "E2", "CULTIVO": "Caucho", "TIPO_INFRA": "Tipo I - Produccion", "NOMBRE_EQUIP": "Sistema pica latex", "TON_VEREDA": 751.97, "AREA_HA_VEREDA": 501.31, "AREA_EQUIP_M2": 1403.2, "N_EQUIP_TIPO": 2}}, {"type": "Feature", "geometry": {"x": -75.61281318499994, "y": 3.988077348000047}, "properties": {"OBJECTID": 37, "VEREDA": "CUCUANITO", "MUNICIPIO": "73622", "ESCENARIO": "E2", "CULTIVO": "Caucho", "TIPO_INFRA": "Tipo II - Transformacion", "NOMBRE_EQUIP": "Planta latex RSS", "TON_VEREDA": 751.97, "AREA_HA_VEREDA": 501.31, "AREA_EQUIP_M2": 951.2, "N_EQUIP_TIPO": 1}}, {"type": "Feature", "geometry": {"x": -75.12065780599994, "y": 3.4334165410000423}, "properties": {"OBJECTID": 38, "VEREDA": "CUCUANITO", "MUNICIPIO": "73622", "ESCENARIO": "E2", "CULTIVO": "Caucho", "TIPO_INFRA": "Tipo III - Servicios", "NOMBRE_EQUIP": "Escuela caucheros", "TON_VEREDA": 751.97, "AREA_HA_VEREDA": 501.31, "AREA_EQUIP_M2": 425.3, "N_EQUIP_TIPO": 2}}, {"type": "Feature", "geometry": {"x": -75.05473611399998, "y": 3.7821094160000257}, "properties": {"OBJECTID": 39, "VEREDA": "CUCUANITO", "MUNICIPIO": "73622", "ESCENARIO": "E2", "CULTIVO": "Caucho", "TIPO_INFRA": "Tipo III - Servicios", "NOMBRE_EQUIP": "Punto comercializacion", "TON_VEREDA": 751.97, "AREA_HA_VEREDA": 501.31, "AREA_EQUIP_M2": 425.3, "N_EQUIP_TIPO": 2}}, {"type": "Feature", "geometry": {"x": -75.20047936199995, "y": 3.8123910300000716}, "properties": {"OBJECTID": 40, "VEREDA": "LA CEIBA", "MUNICIPIO": "73168", "ESCENARIO": "E2", "CULTIVO": "Caucho", "TIPO_INFRA": "Tipo I - Produccion", "NOMBRE_EQUIP": "Vivero caucho", "TON_VEREDA": 521.27, "AREA_HA_VEREDA": 170.57, "AREA_EQUIP_M2": 1034, "N_EQUIP_TIPO": 1}}, {"type": "Feature", "geometry": {"x": -75.29011420399996, "y": 3.758030932000054}, "properties": {"OBJECTID": 41, "VEREDA": "LA CEIBA", "MUNICIPIO": "73168", "ESCENARIO": "E2", "CULTIVO": "Caucho", "TIPO_INFRA": "Tipo II - Transformacion", "NOMBRE_EQUIP": "Planta latex RSS", "TON_VEREDA": 521.27, "AREA_HA_VEREDA": 170.57, "AREA_EQUIP_M2": 812.8, "N_EQUIP_TIPO": 1}}, {"type": "Feature", "geometry": {"x": -75.11546333599995, "y": 3.9181868350000286}, "properties": {"OBJECTID": 42, "VEREDA": "LA CEIBA", "MUNICIPIO": "73168", "ESCENARIO": "E2", "CULTIVO": "Caucho", "TIPO_INFRA": "Tipo III - Servicios", "NOMBRE_EQUIP": "Escuela caucheros", "TON_VEREDA": 521.27, "AREA_HA_VEREDA": 170.57, "AREA_EQUIP_M2": 386.9, "N_EQUIP_TIPO": 1}}, {"type": "Feature", "geometry": {"x": -75.21314528799996, "y": 4.047689040000023}, "properties": {"OBJECTID": 43, "VEREDA": "CASTILLA", "MUNICIPIO": "73217", "ESCENARIO": "E2", "CULTIVO": "Caucho", "TIPO_INFRA": "Tipo I - Produccion", "NOMBRE_EQUIP": "Vivero caucho", "TON_VEREDA": 10325.19, "AREA_HA_VEREDA": 891.34, "AREA_EQUIP_M2": 2000, "N_EQUIP_TIPO": 5}}, {"type": "Feature", "geometry": {"x": -75.15140972199998, "y": 3.465328538000051}, "properties": {"OBJECTID": 44, "VEREDA": "CASTILLA", "MUNICIPIO": "73217", "ESCENARIO": "E2", "CULTIVO": "Caucho", "TIPO_INFRA": "Tipo I - Produccion", "NOMBRE_EQUIP": "Sistema pica latex", "TON_VEREDA": 10325.19, "AREA_HA_VEREDA": 891.34, "AREA_EQUIP_M2": 2000, "N_EQUIP_TIPO": 5}}, {"type": "Feature", "geometry": {"x": -75.24178878099997, "y": 3.7306026080000265}, "properties": {"OBJECTID": 45, "VEREDA": "CASTILLA", "MUNICIPIO": "73217", "ESCENARIO": "E2", "CULTIVO": "Caucho", "TIPO_INFRA": "Tipo I - Produccion", "NOMBRE_EQUIP": "Tanques coagulacion", "TON_VEREDA": 10325.19, "AREA_HA_VEREDA": 891.34, "AREA_EQUIP_M2": 2000, "N_EQUIP_TIPO": 5}}, {"type": "Feature", "geometry": {"x": -75.17733817699997, "y": 3.8590341470000453}, "properties": {"OBJECTID": 46, "VEREDA": "CASTILLA", "MUNICIPIO": "73217", "ESCENARIO": "E2", "CULTIVO": "Caucho", "TIPO_INFRA": "Tipo I - Produccion", "NOMBRE_EQUIP": "Bodega coagulo", "TON_VEREDA": 10325.19, "AREA_HA_VEREDA": 891.34, "AREA_EQUIP_M2": 2000, "N_EQUIP_TIPO": 5}}, {"type": "Feature", "geometry": {"x": -75.66316244999996, "y": 4.062330072000066}, "properties": {"OBJECTID": 47, "VEREDA": "CASTILLA", "MUNICIPIO": "73217", "ESCENARIO": "E2", "CULTIVO": "Caucho", "TIPO_INFRA": "Tipo I - Produccion", "NOMBRE_EQUIP": "Centro campo", "TON_VEREDA": 10325.19, "AREA_HA_VEREDA": 891.34, "AREA_EQUIP_M2": 2000, "N_EQUIP_TIPO": 5}}, {"type": "Feature", "geometry": {"x": -75.07669149699996, "y": 3.8375194010000655}, "properties": {"OBJECTID": 48, "VEREDA": "CASTILLA", "MUNICIPIO": "73217", "ESCENARIO": "E2", "CULTIVO": "Caucho", "TIPO_INFRA": "Tipo II - Transformacion", "NOMBRE_EQUIP": "Planta latex RSS", "TON_VEREDA": 10325.19, "AREA_HA_VEREDA": 891.34, "AREA_EQUIP_M2": 5000, "N_EQUIP_TIPO": 3}}, {"type": "Feature", "geometry": {"x": -75.07522610899997, "y": 3.8401573400000757}, "properties": {"OBJECTID": 49, "VEREDA": "CASTILLA", "MUNICIPIO": "73217", "ESCENARIO": "E2", "CULTIVO": "Caucho", "TIPO_INFRA": "Tipo II - Transformacion", "NOMBRE_EQUIP": "Planta caucho tecnico", "TON_VEREDA": 10325.19, "AREA_HA_VEREDA": 891.34, "AREA_EQUIP_M2": 5000, "N_EQUIP_TIPO": 3}}, {"type": "Feature", "geometry": {"x": -75.07661656199997, "y": 3.84593847900004}, "properties": {"OBJECTID": 50, "VEREDA": "CASTILLA", "MUNICIPIO": "73217", "ESCENARIO": "E2", "CULTIVO": "Caucho", "TIPO_INFRA": "Tipo II - Transformacion", "NOMBRE_EQUIP": "Laboratorio calidad", "TON_VEREDA": 10325.19, "AREA_HA_VEREDA": 891.34, "AREA_EQUIP_M2": 5000, "N_EQUIP_TIPO": 3}}, {"type": "Feature", "geometry": {"x": -75.60862799999995, "y": 4.013217900000029}, "properties": {"OBJECTID": 51, "VEREDA": "CASTILLA", "MUNICIPIO": "73217", "ESCENARIO": "E2", "CULTIVO": "Caucho", "TIPO_INFRA": "Tipo III - Servicios", "NOMBRE_EQUIP": "Escuela caucheros", "TON_VEREDA": 10325.19, "AREA_HA_VEREDA": 891.34, "AREA_EQUIP_M2": 1500, "N_EQUIP_TIPO": 2}}, {"type": "Feature", "geometry": {"x": -75.10270374299995, "y": 3.5835665930000573}, "properties": {"OBJECTID": 52, "VEREDA": "CASTILLA", "MUNICIPIO": "73217", "ESCENARIO": "E2", "CULTIVO": "Caucho", "TIPO_INFRA": "Tipo III - Servicios", "NOMBRE_EQUIP": "Punto comercializacion", "TON_VEREDA": 10325.19, "AREA_HA_VEREDA": 891.34, "AREA_EQUIP_M2": 1500, "N_EQUIP_TIPO": 2}}, {"type": "Feature", "geometry": {"x": -75.05287352299996, "y": 3.735738561000062}, "properties": {"OBJECTID": 53, "VEREDA": "BOCA DE GUAGUARCO", "MUNICIPIO": "73217", "ESCENARIO": "E2", "CULTIVO": "Aguacate Hass", "TIPO_INFRA": "Tipo I - Produccion", "NOMBRE_EQUIP": "Vivero aguacate", "TON_VEREDA": 2985.9, "AREA_HA_VEREDA": 740.91, "AREA_EQUIP_M2": 2000, "N_EQUIP_TIPO": 5}}, {"type": "Feature", "geometry": {"x": -75.27126519399997, "y": 3.9513132840000367}, "properties": {"OBJECTID": 54, "VEREDA": "BOCA DE GUAGUARCO", "MUNICIPIO": "73217", "ESCENARIO": "E2", "CULTIVO": "Aguacate Hass", "TIPO_INFRA": "Tipo I - Produccion", "NOMBRE_EQUIP": "Sistema riego goteo", "TON_VEREDA": 2985.9, "AREA_HA_VEREDA": 740.91, "AREA_EQUIP_M2": 2000, "N_EQUIP_TIPO": 5}}, {"type": "Feature", "geometry": {"x": -75.21967569999998, "y": 3.9451931010000294}, "properties": {"OBJECTID": 55, "VEREDA": "BOCA DE GUAGUARCO", "MUNICIPIO": "73217", "ESCENARIO": "E2", "CULTIVO": "Aguacate Hass", "TIPO_INFRA": "Tipo I - Produccion", "NOMBRE_EQUIP": "Estacion meteo", "TON_VEREDA": 2985.9, "AREA_HA_VEREDA": 740.91, "AREA_EQUIP_M2": 2000, "N_EQUIP_TIPO": 5}}, {"type": "Feature", "geometry": {"x": -75.16077565799998, "y": 3.6799538030000463}, "properties": {"OBJECTID": 56, "VEREDA": "BOCA DE GUAGUARCO", "MUNICIPIO": "73217", "ESCENARIO": "E2", "CULTIVO": "Aguacate Hass", "TIPO_INFRA": "Tipo I - Produccion", "NOMBRE_EQUIP": "Bodega cosecha", "TON_VEREDA": 2985.9, "AREA_HA_VEREDA": 740.91, "AREA_EQUIP_M2": 2000, "N_EQUIP_TIPO": 5}}, {"type": "Feature", "geometry": {"x": -75.15793838199994, "y": 3.6953556270000263}, "properties": {"OBJECTID": 57, "VEREDA": "BOCA DE GUAGUARCO", "MUNICIPIO": "73217", "ESCENARIO": "E2", "CULTIVO": "Aguacate Hass", "TIPO_INFRA": "Tipo I - Produccion", "NOMBRE_EQUIP": "Zona empaque campo", "TON_VEREDA": 2985.9, "AREA_HA_VEREDA": 740.91, "AREA_EQUIP_M2": 2000, "N_EQUIP_TIPO": 5}}, {"type": "Feature", "geometry": {"x": -75.06629582299996, "y": 3.6771972540000206}, "properties": {"OBJECTID": 58, "VEREDA": "BOCA DE GUAGUARCO", "MUNICIPIO": "73217", "ESCENARIO": "E2", "CULTIVO": "Aguacate Hass", "TIPO_INFRA": "Tipo II - Transformacion", "NOMBRE_EQUIP": "Planta empaque exportacion", "TON_VEREDA": 2985.9, "AREA_HA_VEREDA": 740.91, "AREA_EQUIP_M2": 2291.5, "N_EQUIP_TIPO": 1}}, {"type": "Feature", "geometry": {"x": -75.05862065799994, "y": 3.8172957560000214}, "properties": {"OBJECTID": 59, "VEREDA": "BOCA DE GUAGUARCO", "MUNICIPIO": "73217", "ESCENARIO": "E2", "CULTIVO": "Aguacate Hass", "TIPO_INFRA": "Tipo III - Servicios", "NOMBRE_EQUIP": "Escuela aguacateros", "TON_VEREDA": 2985.9, "AREA_HA_VEREDA": 740.91, "AREA_EQUIP_M2": 797.7, "N_EQUIP_TIPO": 2}}, {"type": "Feature", "geometry": {"x": -75.10059374999997, "y": 3.5809616000000233}, "properties": {"OBJECTID": 60, "VEREDA": "BOCA DE GUAGUARCO", "MUNICIPIO": "73217", "ESCENARIO": "E2", "CULTIVO": "Aguacate Hass", "TIPO_INFRA": "Tipo III - Servicios", "NOMBRE_EQUIP": "Centro certificacion exportacion", "TON_VEREDA": 2985.9, "AREA_HA_VEREDA": 740.91, "AREA_EQUIP_M2": 797.7, "N_EQUIP_TIPO": 2}}, {"type": "Feature", "geometry": {"x": -75.09052095099997, "y": 3.914425627000071}, "properties": {"OBJECTID": 61, "VEREDA": "GUAYAQUIL", "MUNICIPIO": "73217", "ESCENARIO": "E2", "CULTIVO": "Caucho", "TIPO_INFRA": "Tipo I - Produccion", "NOMBRE_EQUIP": "Vivero caucho", "TON_VEREDA": 8994.96, "AREA_HA_VEREDA": 1499.64, "AREA_EQUIP_M2": 2000, "N_EQUIP_TIPO": 5}}, {"type": "Feature", "geometry": {"x": -75.03442269699997, "y": 3.563247009000065}, "properties": {"OBJECTID": 62, "VEREDA": "GUAYAQUIL", "MUNICIPIO": "73217", "ESCENARIO": "E2", "CULTIVO": "Caucho", "TIPO_INFRA": "Tipo I - Produccion", "NOMBRE_EQUIP": "Sistema pica latex", "TON_VEREDA": 8994.96, "AREA_HA_VEREDA": 1499.64, "AREA_EQUIP_M2": 2000, "N_EQUIP_TIPO": 5}}, {"type": "Feature", "geometry": {"x": -75.08288105299994, "y": 3.6205677320000405}, "properties": {"OBJECTID": 63, "VEREDA": "GUAYAQUIL", "MUNICIPIO": "73217", "ESCENARIO": "E2", "CULTIVO": "Caucho", "TIPO_INFRA": "Tipo I - Produccion", "NOMBRE_EQUIP": "Tanques coagulacion", "TON_VEREDA": 8994.96, "AREA_HA_VEREDA": 1499.64, "AREA_EQUIP_M2": 2000, "N_EQUIP_TIPO": 5}}, {"type": "Feature", "geometry": {"x": -75.14291193199995, "y": 3.44494105900003}, "properties": {"OBJECTID": 64, "VEREDA": "GUAYAQUIL", "MUNICIPIO": "73217", "ESCENARIO": "E2", "CULTIVO": "Caucho", "TIPO_INFRA": "Tipo I - Produccion", "NOMBRE_EQUIP": "Bodega coagulo", "TON_VEREDA": 8994.96, "AREA_HA_VEREDA": 1499.64, "AREA_EQUIP_M2": 2000, "N_EQUIP_TIPO": 5}}, {"type": "Feature", "geometry": {"x": -75.16810387499999, "y": 3.692400906000046}, "properties": {"OBJECTID": 65, "VEREDA": "GUAYAQUIL", "MUNICIPIO": "73217", "ESCENARIO": "E2", "CULTIVO": "Caucho", "TIPO_INFRA": "Tipo I - Produccion", "NOMBRE_EQUIP": "Centro campo", "TON_VEREDA": 8994.96, "AREA_HA_VEREDA": 1499.64, "AREA_EQUIP_M2": 2000, "N_EQUIP_TIPO": 5}}, {"type": "Feature", "geometry": {"x": -75.04475031299995, "y": 3.7153294160000314}, "properties": {"OBJECTID": 66, "VEREDA": "GUAYAQUIL", "MUNICIPIO": "73217", "ESCENARIO": "E2", "CULTIVO": "Caucho", "TIPO_INFRA": "Tipo II - Transformacion", "NOMBRE_EQUIP": "Planta latex RSS", "TON_VEREDA": 8994.96, "AREA_HA_VEREDA": 1499.64, "AREA_EQUIP_M2": 5000, "N_EQUIP_TIPO": 3}}, {"type": "Feature", "geometry": {"x": -75.04326290199998, "y": 3.7157976740000436}, "properties": {"OBJECTID": 67, "VEREDA": "GUAYAQUIL", "MUNICIPIO": "73217", "ESCENARIO": "E2", "CULTIVO": "Caucho", "TIPO_INFRA": "Tipo II - Transformacion", "NOMBRE_EQUIP": "Planta caucho tecnico", "TON_VEREDA": 8994.96, "AREA_HA_VEREDA": 1499.64, "AREA_EQUIP_M2": 5000, "N_EQUIP_TIPO": 3}}, {"type": "Feature", "geometry": {"x": -75.03925130099998, "y": 3.7121741070000667}, "properties": {"OBJECTID": 68, "VEREDA": "GUAYAQUIL", "MUNICIPIO": "73217", "ESCENARIO": "E2", "CULTIVO": "Caucho", "TIPO_INFRA": "Tipo II - Transformacion", "NOMBRE_EQUIP": "Laboratorio calidad", "TON_VEREDA": 8994.96, "AREA_HA_VEREDA": 1499.64, "AREA_EQUIP_M2": 5000, "N_EQUIP_TIPO": 3}}, {"type": "Feature", "geometry": {"x": -75.16738634099994, "y": 3.6975143290000574}, "properties": {"OBJECTID": 69, "VEREDA": "GUAYAQUIL", "MUNICIPIO": "73217", "ESCENARIO": "E2", "CULTIVO": "Caucho", "TIPO_INFRA": "Tipo III - Servicios", "NOMBRE_EQUIP": "Escuela caucheros", "TON_VEREDA": 8994.96, "AREA_HA_VEREDA": 1499.64, "AREA_EQUIP_M2": 1500, "N_EQUIP_TIPO": 2}}, {"type": "Feature", "geometry": {"x": -75.23318596899998, "y": 3.7622639930000332}, "properties": {"OBJECTID": 70, "VEREDA": "GUAYAQUIL", "MUNICIPIO": "73217", "ESCENARIO": "E2", "CULTIVO": "Caucho", "TIPO_INFRA": "Tipo III - Servicios", "NOMBRE_EQUIP": "Punto comercializacion", "TON_VEREDA": 8994.96, "AREA_HA_VEREDA": 1499.64, "AREA_EQUIP_M2": 1500, "N_EQUIP_TIPO": 2}}, {"type": "Feature", "geometry": {"x": -75.65230369499994, "y": 4.049911269000063}, "properties": {"OBJECTID": 71, "VEREDA": "ANGOSTURA", "MUNICIPIO": "73217", "ESCENARIO": "E2", "CULTIVO": "Aguacate Hass", "TIPO_INFRA": "Tipo I - Produccion", "NOMBRE_EQUIP": "Vivero aguacate", "TON_VEREDA": 5782.55, "AREA_HA_VEREDA": 618.78, "AREA_EQUIP_M2": 2000, "N_EQUIP_TIPO": 5}}, {"type": "Feature", "geometry": {"x": -75.03425879599996, "y": 3.8172189440000466}, "properties": {"OBJECTID": 72, "VEREDA": "ANGOSTURA", "MUNICIPIO": "73217", "ESCENARIO": "E2", "CULTIVO": "Aguacate Hass", "TIPO_INFRA": "Tipo I - Produccion", "NOMBRE_EQUIP": "Sistema riego goteo", "TON_VEREDA": 5782.55, "AREA_HA_VEREDA": 618.78, "AREA_EQUIP_M2": 2000, "N_EQUIP_TIPO": 5}}, {"type": "Feature", "geometry": {"x": -75.16842910699995, "y": 3.686187420000067}, "properties": {"OBJECTID": 73, "VEREDA": "ANGOSTURA", "MUNICIPIO": "73217", "ESCENARIO": "E2", "CULTIVO": "Aguacate Hass", "TIPO_INFRA": "Tipo I - Produccion", "NOMBRE_EQUIP": "Estacion meteo", "TON_VEREDA": 5782.55, "AREA_HA_VEREDA": 618.78, "AREA_EQUIP_M2": 2000, "N_EQUIP_TIPO": 5}}, {"type": "Feature", "geometry": {"x": -75.14756968699999, "y": 3.448367757000028}, "properties": {"OBJECTID": 74, "VEREDA": "ANGOSTURA", "MUNICIPIO": "73217", "ESCENARIO": "E2", "CULTIVO": "Aguacate Hass", "TIPO_INFRA": "Tipo I - Produccion", "NOMBRE_EQUIP": "Bodega cosecha", "TON_VEREDA": 5782.55, "AREA_HA_VEREDA": 618.78, "AREA_EQUIP_M2": 2000, "N_EQUIP_TIPO": 5}}, {"type": "Feature", "geometry": {"x": -75.24787317899995, "y": 4.094118170000058}, "properties": {"OBJECTID": 75, "VEREDA": "ANGOSTURA", "MUNICIPIO": "73217", "ESCENARIO": "E2", "CULTIVO": "Aguacate Hass", "TIPO_INFRA": "Tipo I - Produccion", "NOMBRE_EQUIP": "Zona empaque campo", "TON_VEREDA": 5782.55, "AREA_HA_VEREDA": 618.78, "AREA_EQUIP_M2": 2000, "N_EQUIP_TIPO": 5}}, {"type": "Feature", "geometry": {"x": -75.07765820399999, "y": 3.8008801340000673}, "properties": {"OBJECTID": 76, "VEREDA": "ANGOSTURA", "MUNICIPIO": "73217", "ESCENARIO": "E2", "CULTIVO": "Aguacate Hass", "TIPO_INFRA": "Tipo II - Transformacion", "NOMBRE_EQUIP": "Planta empaque exportacion", "TON_VEREDA": 5782.55, "AREA_HA_VEREDA": 618.78, "AREA_EQUIP_M2": 3969.5, "N_EQUIP_TIPO": 3}}, {"type": "Feature", "geometry": {"x": -75.07897646299995, "y": 3.806677657000023}, "properties": {"OBJECTID": 77, "VEREDA": "ANGOSTURA", "MUNICIPIO": "73217", "ESCENARIO": "E2", "CULTIVO": "Aguacate Hass", "TIPO_INFRA": "Tipo II - Transformacion", "NOMBRE_EQUIP": "Cuarto frio", "TON_VEREDA": 5782.55, "AREA_HA_VEREDA": 618.78, "AREA_EQUIP_M2": 3969.5, "N_EQUIP_TIPO": 3}}, {"type": "Feature", "geometry": {"x": -75.07574932199998, "y": 3.799329984000053}, "properties": {"OBJECTID": 78, "VEREDA": "ANGOSTURA", "MUNICIPIO": "73217", "ESCENARIO": "E2", "CULTIVO": "Aguacate Hass", "TIPO_INFRA": "Tipo II - Transformacion", "NOMBRE_EQUIP": "Laboratorio maduracion", "TON_VEREDA": 5782.55, "AREA_HA_VEREDA": 618.78, "AREA_EQUIP_M2": 3969.5, "N_EQUIP_TIPO": 3}}, {"type": "Feature", "geometry": {"x": -75.19388039999995, "y": 3.799261801000057}, "properties": {"OBJECTID": 79, "VEREDA": "ANGOSTURA", "MUNICIPIO": "73217", "ESCENARIO": "E2", "CULTIVO": "Aguacate Hass", "TIPO_INFRA": "Tipo III - Servicios", "NOMBRE_EQUIP": "Escuela aguacateros", "TON_VEREDA": 5782.55, "AREA_HA_VEREDA": 618.78, "AREA_EQUIP_M2": 1263.8, "N_EQUIP_TIPO": 2}}, {"type": "Feature", "geometry": {"x": -75.10846582599999, "y": 3.9264203020000537}, "properties": {"OBJECTID": 80, "VEREDA": "ANGOSTURA", "MUNICIPIO": "73217", "ESCENARIO": "E2", "CULTIVO": "Aguacate Hass", "TIPO_INFRA": "Tipo III - Servicios", "NOMBRE_EQUIP": "Centro certificacion exportacion", "TON_VEREDA": 5782.55, "AREA_HA_VEREDA": 618.78, "AREA_EQUIP_M2": 1263.8, "N_EQUIP_TIPO": 2}}, {"type": "Feature", "geometry": {"x": -75.01137662399998, "y": 3.6689604140000256}, "properties": {"OBJECTID": 81, "VEREDA": "SAN MIGUEL", "MUNICIPIO": "73217", "ESCENARIO": "E2", "CULTIVO": "Caucho", "TIPO_INFRA": "Tipo I - Produccion", "NOMBRE_EQUIP": "Vivero caucho", "TON_VEREDA": 3426.27, "AREA_HA_VEREDA": 951.53, "AREA_EQUIP_M2": 2000, "N_EQUIP_TIPO": 5}}, {"type": "Feature", "geometry": {"x": -75.66771442199996, "y": 4.067583594000041}, "properties": {"OBJECTID": 82, "VEREDA": "SAN MIGUEL", "MUNICIPIO": "73217", "ESCENARIO": "E2", "CULTIVO": "Caucho", "TIPO_INFRA": "Tipo I - Produccion", "NOMBRE_EQUIP": "Sistema pica latex", "TON_VEREDA": 3426.27, "AREA_HA_VEREDA": 951.53, "AREA_EQUIP_M2": 2000, "N_EQUIP_TIPO": 5}}, {"type": "Feature", "geometry": {"x": -75.16811622399996, "y": 3.483991599000035}, "properties": {"OBJECTID": 83, "VEREDA": "SAN MIGUEL", "MUNICIPIO": "73217", "ESCENARIO": "E2", "CULTIVO": "Caucho", "TIPO_INFRA": "Tipo I - Produccion", "NOMBRE_EQUIP": "Tanques coagulacion", "TON_VEREDA": 3426.27, "AREA_HA_VEREDA": 951.53, "AREA_EQUIP_M2": 2000, "N_EQUIP_TIPO": 5}}, {"type": "Feature", "geometry": {"x": -75.08167645699996, "y": 3.4455713190000665}, "properties": {"OBJECTID": 84, "VEREDA": "SAN MIGUEL", "MUNICIPIO": "73217", "ESCENARIO": "E2", "CULTIVO": "Caucho", "TIPO_INFRA": "Tipo I - Produccion", "NOMBRE_EQUIP": "Bodega coagulo", "TON_VEREDA": 3426.27, "AREA_HA_VEREDA": 951.53, "AREA_EQUIP_M2": 2000, "N_EQUIP_TIPO": 5}}, {"type": "Feature", "geometry": {"x": -75.20373718099995, "y": 3.9296810740000296}, "properties": {"OBJECTID": 85, "VEREDA": "SAN MIGUEL", "MUNICIPIO": "73217", "ESCENARIO": "E2", "CULTIVO": "Caucho", "TIPO_INFRA": "Tipo I - Produccion", "NOMBRE_EQUIP": "Centro campo", "TON_VEREDA": 3426.27, "AREA_HA_VEREDA": 951.53, "AREA_EQUIP_M2": 2000, "N_EQUIP_TIPO": 5}}, {"type": "Feature", "geometry": {"x": -75.62118213399998, "y": 4.035673318000022}, "properties": {"OBJECTID": 86, "VEREDA": "SAN MIGUEL", "MUNICIPIO": "73217", "ESCENARIO": "E2", "CULTIVO": "Caucho", "TIPO_INFRA": "Tipo II - Transformacion", "NOMBRE_EQUIP": "Planta latex RSS", "TON_VEREDA": 3426.27, "AREA_HA_VEREDA": 951.53, "AREA_EQUIP_M2": 2555.8, "N_EQUIP_TIPO": 2}}, {"type": "Feature", "geometry": {"x": -75.62497172699995, "y": 4.040135798000051}, "properties": {"OBJECTID": 87, "VEREDA": "SAN MIGUEL", "MUNICIPIO": "73217", "ESCENARIO": "E2", "CULTIVO": "Caucho", "TIPO_INFRA": "Tipo II - Transformacion", "NOMBRE_EQUIP": "Planta caucho tecnico", "TON_VEREDA": 3426.27, "AREA_HA_VEREDA": 951.53, "AREA_EQUIP_M2": 2555.8, "N_EQUIP_TIPO": 2}}, {"type": "Feature", "geometry": {"x": -75.09253083499993, "y": 3.618705384000066}, "properties": {"OBJECTID": 88, "VEREDA": "SAN MIGUEL", "MUNICIPIO": "73217", "ESCENARIO": "E2", "CULTIVO": "Caucho", "TIPO_INFRA": "Tipo III - Servicios", "NOMBRE_EQUIP": "Escuela caucheros", "TON_VEREDA": 3426.27, "AREA_HA_VEREDA": 951.53, "AREA_EQUIP_M2": 871, "N_EQUIP_TIPO": 2}}, {"type": "Feature", "geometry": {"x": -75.28621539999995, "y": 3.8737855000000536}, "properties": {"OBJECTID": 89, "VEREDA": "SAN MIGUEL", "MUNICIPIO": "73217", "ESCENARIO": "E2", "CULTIVO": "Caucho", "TIPO_INFRA": "Tipo III - Servicios", "NOMBRE_EQUIP": "Punto comercializacion", "TON_VEREDA": 3426.27, "AREA_HA_VEREDA": 951.53, "AREA_EQUIP_M2": 871, "N_EQUIP_TIPO": 2}}, {"type": "Feature", "geometry": {"x": -75.07091887099995, "y": 3.666225771000029}, "properties": {"OBJECTID": 90, "VEREDA": "LA ARENOSA", "MUNICIPIO": "73217", "ESCENARIO": "E2", "CULTIVO": "Caucho", "TIPO_INFRA": "Tipo I - Produccion", "NOMBRE_EQUIP": "Vivero caucho", "TON_VEREDA": 6728.7, "AREA_HA_VEREDA": 892.26, "AREA_EQUIP_M2": 2000, "N_EQUIP_TIPO": 5}}, {"type": "Feature", "geometry": {"x": -75.13814878899996, "y": 3.436299211000062}, "properties": {"OBJECTID": 91, "VEREDA": "LA ARENOSA", "MUNICIPIO": "73217", "ESCENARIO": "E2", "CULTIVO": "Caucho", "TIPO_INFRA": "Tipo I - Produccion", "NOMBRE_EQUIP": "Sistema pica latex", "TON_VEREDA": 6728.7, "AREA_HA_VEREDA": 892.26, "AREA_EQUIP_M2": 2000, "N_EQUIP_TIPO": 5}}, {"type": "Feature", "geometry": {"x": -75.15251100099994, "y": 3.666209482000056}, "properties": {"OBJECTID": 92, "VEREDA": "LA ARENOSA", "MUNICIPIO": "73217", "ESCENARIO": "E2", "CULTIVO": "Caucho", "TIPO_INFRA": "Tipo I - Produccion", "NOMBRE_EQUIP": "Tanques coagulacion", "TON_VEREDA": 6728.7, "AREA_HA_VEREDA": 892.26, "AREA_EQUIP_M2": 2000, "N_EQUIP_TIPO": 5}}, {"type": "Feature", "geometry": {"x": -75.21823998599996, "y": 4.10268601100006}, "properties": {"OBJECTID": 93, "VEREDA": "LA ARENOSA", "MUNICIPIO": "73217", "ESCENARIO": "E2", "CULTIVO": "Caucho", "TIPO_INFRA": "Tipo I - Produccion", "NOMBRE_EQUIP": "Bodega coagulo", "TON_VEREDA": 6728.7, "AREA_HA_VEREDA": 892.26, "AREA_EQUIP_M2": 2000, "N_EQUIP_TIPO": 5}}, {"type": "Feature", "geometry": {"x": -75.25087760299994, "y": 4.06367091900006}, "properties": {"OBJECTID": 94, "VEREDA": "LA ARENOSA", "MUNICIPIO": "73217", "ESCENARIO": "E2", "CULTIVO": "Caucho", "TIPO_INFRA": "Tipo I - Produccion", "NOMBRE_EQUIP": "Centro campo", "TON_VEREDA": 6728.7, "AREA_HA_VEREDA": 892.26, "AREA_EQUIP_M2": 2000, "N_EQUIP_TIPO": 5}}, {"type": "Feature", "geometry": {"x": -75.04092167499994, "y": 3.7545671140000536}, "properties": {"OBJECTID": 95, "VEREDA": "LA ARENOSA", "MUNICIPIO": "73217", "ESCENARIO": "E2", "CULTIVO": "Caucho", "TIPO_INFRA": "Tipo II - Transformacion", "NOMBRE_EQUIP": "Planta latex RSS", "TON_VEREDA": 6728.7, "AREA_HA_VEREDA": 892.26, "AREA_EQUIP_M2": 4537.2, "N_EQUIP_TIPO": 3}}, {"type": "Feature", "geometry": {"x": -75.03998737499995, "y": 3.7571878500000366}, "properties": {"OBJECTID": 96, "VEREDA": "LA ARENOSA", "MUNICIPIO": "73217", "ESCENARIO": "E2", "CULTIVO": "Caucho", "TIPO_INFRA": "Tipo II - Transformacion", "NOMBRE_EQUIP": "Planta caucho tecnico", "TON_VEREDA": 6728.7, "AREA_HA_VEREDA": 892.26, "AREA_EQUIP_M2": 4537.2, "N_EQUIP_TIPO": 3}}, {"type": "Feature", "geometry": {"x": -75.04280422999994, "y": 3.752283857000066}, "properties": {"OBJECTID": 97, "VEREDA": "LA ARENOSA", "MUNICIPIO": "73217", "ESCENARIO": "E2", "CULTIVO": "Caucho", "TIPO_INFRA": "Tipo II - Transformacion", "NOMBRE_EQUIP": "Laboratorio calidad", "TON_VEREDA": 6728.7, "AREA_HA_VEREDA": 892.26, "AREA_EQUIP_M2": 4537.2, "N_EQUIP_TIPO": 3}}, {"type": "Feature", "geometry": {"x": -75.01483301299999, "y": 3.7552960160000453}, "properties": {"OBJECTID": 98, "VEREDA": "LA ARENOSA", "MUNICIPIO": "73217", "ESCENARIO": "E2", "CULTIVO": "Caucho", "TIPO_INFRA": "Tipo III - Servicios", "NOMBRE_EQUIP": "Escuela caucheros", "TON_VEREDA": 6728.7, "AREA_HA_VEREDA": 892.26, "AREA_EQUIP_M2": 1421.4, "N_EQUIP_TIPO": 2}}, {"type": "Feature", "geometry": {"x": -75.09292918499995, "y": 3.8529860830000757}, "properties": {"OBJECTID": 99, "VEREDA": "LA ARENOSA", "MUNICIPIO": "73217", "ESCENARIO": "E2", "CULTIVO": "Caucho", "TIPO_INFRA": "Tipo III - Servicios", "NOMBRE_EQUIP": "Punto comercializacion", "TON_VEREDA": 6728.7, "AREA_HA_VEREDA": 892.26, "AREA_EQUIP_M2": 1421.4, "N_EQUIP_TIPO": 2}}, {"type": "Feature", "geometry": {"x": -75.61627124799998, "y": 3.993650065000054}, "properties": {"OBJECTID": 100, "VEREDA": "NUEVA ESPERANZA", "MUNICIPIO": "73217", "ESCENARIO": "E2", "CULTIVO": "Caucho", "TIPO_INFRA": "Tipo I - Produccion", "NOMBRE_EQUIP": "Vivero caucho", "TON_VEREDA": 5143.49, "AREA_HA_VEREDA": 651.26, "AREA_EQUIP_M2": 2000, "N_EQUIP_TIPO": 5}}, {"type": "Feature", "geometry": {"x": -75.67752804499997, "y": 4.05217355000002}, "properties": {"OBJECTID": 101, "VEREDA": "NUEVA ESPERANZA", "MUNICIPIO": "73217", "ESCENARIO": "E2", "CULTIVO": "Caucho", "TIPO_INFRA": "Tipo I - Produccion", "NOMBRE_EQUIP": "Sistema pica latex", "TON_VEREDA": 5143.49, "AREA_HA_VEREDA": 651.26, "AREA_EQUIP_M2": 2000, "N_EQUIP_TIPO": 5}}, {"type": "Feature", "geometry": {"x": -75.22740361099994, "y": 3.970482860000061}, "properties": {"OBJECTID": 102, "VEREDA": "NUEVA ESPERANZA", "MUNICIPIO": "73217", "ESCENARIO": "E2", "CULTIVO": "Caucho", "TIPO_INFRA": "Tipo I - Produccion", "NOMBRE_EQUIP": "Tanques coagulacion", "TON_VEREDA": 5143.49, "AREA_HA_VEREDA": 651.26, "AREA_EQUIP_M2": 2000, "N_EQUIP_TIPO": 5}}, {"type": "Feature", "geometry": {"x": -75.06265612199996, "y": 3.6406196060000298}, "properties": {"OBJECTID": 103, "VEREDA": "NUEVA ESPERANZA", "MUNICIPIO": "73217", "ESCENARIO": "E2", "CULTIVO": "Caucho", "TIPO_INFRA": "Tipo I - Produccion", "NOMBRE_EQUIP": "Bodega coagulo", "TON_VEREDA": 5143.49, "AREA_HA_VEREDA": 651.26, "AREA_EQUIP_M2": 2000, "N_EQUIP_TIPO": 5}}, {"type": "Feature", "geometry": {"x": -75.07776211299995, "y": 3.817771612000058}, "properties": {"OBJECTID": 104, "VEREDA": "NUEVA ESPERANZA", "MUNICIPIO": "73217", "ESCENARIO": "E2", "CULTIVO": "Caucho", "TIPO_INFRA": "Tipo I - Produccion", "NOMBRE_EQUIP": "Centro campo", "TON_VEREDA": 5143.49, "AREA_HA_VEREDA": 651.26, "AREA_EQUIP_M2": 2000, "N_EQUIP_TIPO": 5}}, {"type": "Feature", "geometry": {"x": -75.09185361799996, "y": 3.7490852300000483}, "properties": {"OBJECTID": 105, "VEREDA": "NUEVA ESPERANZA", "MUNICIPIO": "73217", "ESCENARIO": "E2", "CULTIVO": "Caucho", "TIPO_INFRA": "Tipo II - Transformacion", "NOMBRE_EQUIP": "Planta latex RSS", "TON_VEREDA": 5143.49, "AREA_HA_VEREDA": 651.26, "AREA_EQUIP_M2": 3586.1, "N_EQUIP_TIPO": 3}}, {"type": "Feature", "geometry": {"x": -75.08439123699998, "y": 3.746042085000056}, "properties": {"OBJECTID": 106, "VEREDA": "NUEVA ESPERANZA", "MUNICIPIO": "73217", "ESCENARIO": "E2", "CULTIVO": "Caucho", "TIPO_INFRA": "Tipo II - Transformacion", "NOMBRE_EQUIP": "Planta caucho tecnico", "TON_VEREDA": 5143.49, "AREA_HA_VEREDA": 651.26, "AREA_EQUIP_M2": 3586.1, "N_EQUIP_TIPO": 3}}, {"type": "Feature", "geometry": {"x": -75.08501568099996, "y": 3.746375186000023}, "properties": {"OBJECTID": 107, "VEREDA": "NUEVA ESPERANZA", "MUNICIPIO": "73217", "ESCENARIO": "E2", "CULTIVO": "Caucho", "TIPO_INFRA": "Tipo II - Transformacion", "NOMBRE_EQUIP": "Laboratorio calidad", "TON_VEREDA": 5143.49, "AREA_HA_VEREDA": 651.26, "AREA_EQUIP_M2": 3586.1, "N_EQUIP_TIPO": 3}}, {"type": "Feature", "geometry": {"x": -75.19186107599995, "y": 3.4045489500000485}, "properties": {"OBJECTID": 108, "VEREDA": "NUEVA ESPERANZA", "MUNICIPIO": "73217", "ESCENARIO": "E2", "CULTIVO": "Caucho", "TIPO_INFRA": "Tipo III - Servicios", "NOMBRE_EQUIP": "Escuela caucheros", "TON_VEREDA": 5143.49, "AREA_HA_VEREDA": 651.26, "AREA_EQUIP_M2": 1157.2, "N_EQUIP_TIPO": 2}}, {"type": "Feature", "geometry": {"x": -75.11139765299998, "y": 3.9810268250000718}, "properties": {"OBJECTID": 109, "VEREDA": "NUEVA ESPERANZA", "MUNICIPIO": "73217", "ESCENARIO": "E2", "CULTIVO": "Caucho", "TIPO_INFRA": "Tipo III - Servicios", "NOMBRE_EQUIP": "Punto comercializacion", "TON_VEREDA": 5143.49, "AREA_HA_VEREDA": 651.26, "AREA_EQUIP_M2": 1157.2, "N_EQUIP_TIPO": 2}}, {"type": "Feature", "geometry": {"x": -75.17249447899997, "y": 3.705933812000069}, "properties": {"OBJECTID": 110, "VEREDA": "DOYARE", "MUNICIPIO": "73217", "ESCENARIO": "E2", "CULTIVO": "Aguacate Hass", "TIPO_INFRA": "Tipo I - Produccion", "NOMBRE_EQUIP": "Vivero aguacate", "TON_VEREDA": 4928.54, "AREA_HA_VEREDA": 879.43, "AREA_EQUIP_M2": 2000, "N_EQUIP_TIPO": 5}}, {"type": "Feature", "geometry": {"x": -74.97491959499996, "y": 3.7147066710000445}, "properties": {"OBJECTID": 111, "VEREDA": "DOYARE", "MUNICIPIO": "73217", "ESCENARIO": "E2", "CULTIVO": "Aguacate Hass", "TIPO_INFRA": "Tipo I - Produccion", "NOMBRE_EQUIP": "Sistema riego goteo", "TON_VEREDA": 4928.54, "AREA_HA_VEREDA": 879.43, "AREA_EQUIP_M2": 2000, "N_EQUIP_TIPO": 5}}, {"type": "Feature", "geometry": {"x": -75.05748183599997, "y": 3.804931399000054}, "properties": {"OBJECTID": 112, "VEREDA": "DOYARE", "MUNICIPIO": "73217", "ESCENARIO": "E2", "CULTIVO": "Aguacate Hass", "TIPO_INFRA": "Tipo I - Produccion", "NOMBRE_EQUIP": "Estacion meteo", "TON_VEREDA": 4928.54, "AREA_HA_VEREDA": 879.43, "AREA_EQUIP_M2": 2000, "N_EQUIP_TIPO": 5}}, {"type": "Feature", "geometry": {"x": -75.30084626099995, "y": 3.9642503230000443}, "properties": {"OBJECTID": 113, "VEREDA": "DOYARE", "MUNICIPIO": "73217", "ESCENARIO": "E2", "CULTIVO": "Aguacate Hass", "TIPO_INFRA": "Tipo I - Produccion", "NOMBRE_EQUIP": "Bodega cosecha", "TON_VEREDA": 4928.54, "AREA_HA_VEREDA": 879.43, "AREA_EQUIP_M2": 2000, "N_EQUIP_TIPO": 5}}, {"type": "Feature", "geometry": {"x": -75.07661174799995, "y": 3.55762375300003}, "properties": {"OBJECTID": 114, "VEREDA": "DOYARE", "MUNICIPIO": "73217", "ESCENARIO": "E2", "CULTIVO": "Aguacate Hass", "TIPO_INFRA": "Tipo I - Produccion", "NOMBRE_EQUIP": "Zona empaque campo", "TON_VEREDA": 4928.54, "AREA_HA_VEREDA": 879.43, "AREA_EQUIP_M2": 2000, "N_EQUIP_TIPO": 5}}, {"type": "Feature", "geometry": {"x": -75.16566732999996, "y": 3.829121730000054}, "properties": {"OBJECTID": 115, "VEREDA": "DOYARE", "MUNICIPIO": "73217", "ESCENARIO": "E2", "CULTIVO": "Aguacate Hass", "TIPO_INFRA": "Tipo II - Transformacion", "NOMBRE_EQUIP": "Planta empaque exportacion", "TON_VEREDA": 4928.54, "AREA_HA_VEREDA": 879.43, "AREA_EQUIP_M2": 3457.1, "N_EQUIP_TIPO": 2}}, {"type": "Feature", "geometry": {"x": -75.16423441699999, "y": 3.836099524000076}, "properties": {"OBJECTID": 116, "VEREDA": "DOYARE", "MUNICIPIO": "73217", "ESCENARIO": "E2", "CULTIVO": "Aguacate Hass", "TIPO_INFRA": "Tipo II - Transformacion", "NOMBRE_EQUIP": "Cuarto frio", "TON_VEREDA": 4928.54, "AREA_HA_VEREDA": 879.43, "AREA_EQUIP_M2": 3457.1, "N_EQUIP_TIPO": 2}}, {"type": "Feature", "geometry": {"x": -75.23011618599998, "y": 3.7770148250000375}, "properties": {"OBJECTID": 117, "VEREDA": "DOYARE", "MUNICIPIO": "73217", "ESCENARIO": "E2", "CULTIVO": "Aguacate Hass", "TIPO_INFRA": "Tipo III - Servicios", "NOMBRE_EQUIP": "Escuela aguacateros", "TON_VEREDA": 4928.54, "AREA_HA_VEREDA": 879.43, "AREA_EQUIP_M2": 1121.4, "N_EQUIP_TIPO": 2}}, {"type": "Feature", "geometry": {"x": -75.13972680799998, "y": 3.7185864710000374}, "properties": {"OBJECTID": 118, "VEREDA": "DOYARE", "MUNICIPIO": "73217", "ESCENARIO": "E2", "CULTIVO": "Aguacate Hass", "TIPO_INFRA": "Tipo III - Servicios", "NOMBRE_EQUIP": "Centro certificacion exportacion", "TON_VEREDA": 4928.54, "AREA_HA_VEREDA": 879.43, "AREA_EQUIP_M2": 1121.4, "N_EQUIP_TIPO": 2}}, {"type": "Feature", "geometry": {"x": -75.21983399499999, "y": 4.104845491000049}, "properties": {"OBJECTID": 119, "VEREDA": "MEDIA LUNA", "MUNICIPIO": "73217", "ESCENARIO": "E2", "CULTIVO": "Caucho", "TIPO_INFRA": "Tipo I - Produccion", "NOMBRE_EQUIP": "Vivero caucho", "TON_VEREDA": 7503.55, "AREA_HA_VEREDA": 1417.78, "AREA_EQUIP_M2": 2000, "N_EQUIP_TIPO": 5}}, {"type": "Feature", "geometry": {"x": -75.04616233799999, "y": 3.657062751000069}, "properties": {"OBJECTID": 120, "VEREDA": "MEDIA LUNA", "MUNICIPIO": "73217", "ESCENARIO": "E2", "CULTIVO": "Caucho", "TIPO_INFRA": "Tipo I - Produccion", "NOMBRE_EQUIP": "Sistema pica latex", "TON_VEREDA": 7503.55, "AREA_HA_VEREDA": 1417.78, "AREA_EQUIP_M2": 2000, "N_EQUIP_TIPO": 5}}, {"type": "Feature", "geometry": {"x": -75.63453252199997, "y": 4.022864543000026}, "properties": {"OBJECTID": 121, "VEREDA": "MEDIA LUNA", "MUNICIPIO": "73217", "ESCENARIO": "E2", "CULTIVO": "Caucho", "TIPO_INFRA": "Tipo I - Produccion", "NOMBRE_EQUIP": "Tanques coagulacion", "TON_VEREDA": 7503.55, "AREA_HA_VEREDA": 1417.78, "AREA_EQUIP_M2": 2000, "N_EQUIP_TIPO": 5}}, {"type": "Feature", "geometry": {"x": -75.14836723999997, "y": 3.7820676520000234}, "properties": {"OBJECTID": 122, "VEREDA": "MEDIA LUNA", "MUNICIPIO": "73217", "ESCENARIO": "E2", "CULTIVO": "Caucho", "TIPO_INFRA": "Tipo I - Produccion", "NOMBRE_EQUIP": "Bodega coagulo", "TON_VEREDA": 7503.55, "AREA_HA_VEREDA": 1417.78, "AREA_EQUIP_M2": 2000, "N_EQUIP_TIPO": 5}}, {"type": "Feature", "geometry": {"x": -75.13703231199997, "y": 4.006684104000044}, "properties": {"OBJECTID": 123, "VEREDA": "MEDIA LUNA", "MUNICIPIO": "73217", "ESCENARIO": "E2", "CULTIVO": "Caucho", "TIPO_INFRA": "Tipo I - Produccion", "NOMBRE_EQUIP": "Centro campo", "TON_VEREDA": 7503.55, "AREA_HA_VEREDA": 1417.78, "AREA_EQUIP_M2": 2000, "N_EQUIP_TIPO": 5}}, {"type": "Feature", "geometry": {"x": -75.11023929199996, "y": 3.773571438000033}, "properties": {"OBJECTID": 124, "VEREDA": "MEDIA LUNA", "MUNICIPIO": "73217", "ESCENARIO": "E2", "CULTIVO": "Caucho", "TIPO_INFRA": "Tipo II - Transformacion", "NOMBRE_EQUIP": "Planta latex RSS", "TON_VEREDA": 7503.55, "AREA_HA_VEREDA": 1417.78, "AREA_EQUIP_M2": 5000, "N_EQUIP_TIPO": 3}}, {"type": "Feature", "geometry": {"x": -75.10930702499996, "y": 3.767689692000033}, "properties": {"OBJECTID": 125, "VEREDA": "MEDIA LUNA", "MUNICIPIO": "73217", "ESCENARIO": "E2", "CULTIVO": "Caucho", "TIPO_INFRA": "Tipo II - Transformacion", "NOMBRE_EQUIP": "Planta caucho tecnico", "TON_VEREDA": 7503.55, "AREA_HA_VEREDA": 1417.78, "AREA_EQUIP_M2": 5000, "N_EQUIP_TIPO": 3}}, {"type": "Feature", "geometry": {"x": -75.11515108099996, "y": 3.7667126920000555}, "properties": {"OBJECTID": 126, "VEREDA": "MEDIA LUNA", "MUNICIPIO": "73217", "ESCENARIO": "E2", "CULTIVO": "Caucho", "TIPO_INFRA": "Tipo II - Transformacion", "NOMBRE_EQUIP": "Laboratorio calidad", "TON_VEREDA": 7503.55, "AREA_HA_VEREDA": 1417.78, "AREA_EQUIP_M2": 5000, "N_EQUIP_TIPO": 3}}, {"type": "Feature", "geometry": {"x": -75.21952602499994, "y": 3.9379711720000614}, "properties": {"OBJECTID": 127, "VEREDA": "MEDIA LUNA", "MUNICIPIO": "73217", "ESCENARIO": "E2", "CULTIVO": "Caucho", "TIPO_INFRA": "Tipo III - Servicios", "NOMBRE_EQUIP": "Escuela caucheros", "TON_VEREDA": 7503.55, "AREA_HA_VEREDA": 1417.78, "AREA_EQUIP_M2": 1500, "N_EQUIP_TIPO": 2}}, {"type": "Feature", "geometry": {"x": -75.27393823399996, "y": 4.00241311000002}, "properties": {"OBJECTID": 128, "VEREDA": "MEDIA LUNA", "MUNICIPIO": "73217", "ESCENARIO": "E2", "CULTIVO": "Caucho", "TIPO_INFRA": "Tipo III - Servicios", "NOMBRE_EQUIP": "Punto comercializacion", "TON_VEREDA": 7503.55, "AREA_HA_VEREDA": 1417.78, "AREA_EQUIP_M2": 1500, "N_EQUIP_TIPO": 2}}, {"type": "Feature", "geometry": {"x": -75.27547553599999, "y": 4.042775623000068}, "properties": {"OBJECTID": 129, "VEREDA": "HILARQUITO", "MUNICIPIO": "73217", "ESCENARIO": "E2", "CULTIVO": "Caucho", "TIPO_INFRA": "Tipo I - Produccion", "NOMBRE_EQUIP": "Vivero caucho", "TON_VEREDA": 5238.18, "AREA_HA_VEREDA": 887.18, "AREA_EQUIP_M2": 2000, "N_EQUIP_TIPO": 5}}, {"type": "Feature", "geometry": {"x": -75.32723773199996, "y": 3.8086843790000557}, "properties": {"OBJECTID": 130, "VEREDA": "HILARQUITO", "MUNICIPIO": "73217", "ESCENARIO": "E2", "CULTIVO": "Caucho", "TIPO_INFRA": "Tipo I - Produccion", "NOMBRE_EQUIP": "Sistema pica latex", "TON_VEREDA": 5238.18, "AREA_HA_VEREDA": 887.18, "AREA_EQUIP_M2": 2000, "N_EQUIP_TIPO": 5}}, {"type": "Feature", "geometry": {"x": -75.12076847299994, "y": 3.9846942540000327}, "properties": {"OBJECTID": 131, "VEREDA": "HILARQUITO", "MUNICIPIO": "73217", "ESCENARIO": "E2", "CULTIVO": "Caucho", "TIPO_INFRA": "Tipo I - Produccion", "NOMBRE_EQUIP": "Tanques coagulacion", "TON_VEREDA": 5238.18, "AREA_HA_VEREDA": 887.18, "AREA_EQUIP_M2": 2000, "N_EQUIP_TIPO": 5}}, {"type": "Feature", "geometry": {"x": -75.32700240799994, "y": 3.7988721530000475}, "properties": {"OBJECTID": 132, "VEREDA": "HILARQUITO", "MUNICIPIO": "73217", "ESCENARIO": "E2", "CULTIVO": "Caucho", "TIPO_INFRA": "Tipo I - Produccion", "NOMBRE_EQUIP": "Bodega coagulo", "TON_VEREDA": 5238.18, "AREA_HA_VEREDA": 887.18, "AREA_EQUIP_M2": 2000, "N_EQUIP_TIPO": 5}}, {"type": "Feature", "geometry": {"x": -75.04421114299998, "y": 3.8103680510000686}, "properties": {"OBJECTID": 133, "VEREDA": "HILARQUITO", "MUNICIPIO": "73217", "ESCENARIO": "E2", "CULTIVO": "Caucho", "TIPO_INFRA": "Tipo I - Produccion", "NOMBRE_EQUIP": "Centro campo", "TON_VEREDA": 5238.18, "AREA_HA_VEREDA": 887.18, "AREA_EQUIP_M2": 2000, "N_EQUIP_TIPO": 5}}, {"type": "Feature", "geometry": {"x": -75.10156549999994, "y": 3.730322615000034}, "properties": {"OBJECTID": 134, "VEREDA": "HILARQUITO", "MUNICIPIO": "73217", "ESCENARIO": "E2", "CULTIVO": "Caucho", "TIPO_INFRA": "Tipo II - Transformacion", "NOMBRE_EQUIP": "Planta latex RSS", "TON_VEREDA": 5238.18, "AREA_HA_VEREDA": 887.18, "AREA_EQUIP_M2": 3642.9, "N_EQUIP_TIPO": 3}}, {"type": "Feature", "geometry": {"x": -75.10492662499996, "y": 3.7279363940000394}, "properties": {"OBJECTID": 135, "VEREDA": "HILARQUITO", "MUNICIPIO": "73217", "ESCENARIO": "E2", "CULTIVO": "Caucho", "TIPO_INFRA": "Tipo II - Transformacion", "NOMBRE_EQUIP": "Planta caucho tecnico", "TON_VEREDA": 5238.18, "AREA_HA_VEREDA": 887.18, "AREA_EQUIP_M2": 3642.9, "N_EQUIP_TIPO": 3}}, {"type": "Feature", "geometry": {"x": -75.10719644899996, "y": 3.730729649000068}, "properties": {"OBJECTID": 136, "VEREDA": "HILARQUITO", "MUNICIPIO": "73217", "ESCENARIO": "E2", "CULTIVO": "Caucho", "TIPO_INFRA": "Tipo II - Transformacion", "NOMBRE_EQUIP": "Laboratorio calidad", "TON_VEREDA": 5238.18, "AREA_HA_VEREDA": 887.18, "AREA_EQUIP_M2": 3642.9, "N_EQUIP_TIPO": 3}}, {"type": "Feature", "geometry": {"x": -75.18494501599997, "y": 3.4337029690000236}, "properties": {"OBJECTID": 137, "VEREDA": "HILARQUITO", "MUNICIPIO": "73217", "ESCENARIO": "E2", "CULTIVO": "Caucho", "TIPO_INFRA": "Tipo III - Servicios", "NOMBRE_EQUIP": "Escuela caucheros", "TON_VEREDA": 5238.18, "AREA_HA_VEREDA": 887.18, "AREA_EQUIP_M2": 1173, "N_EQUIP_TIPO": 2}}, {"type": "Feature", "geometry": {"x": -75.19185524999995, "y": 3.8614382320000686}, "properties": {"OBJECTID": 138, "VEREDA": "HILARQUITO", "MUNICIPIO": "73217", "ESCENARIO": "E2", "CULTIVO": "Caucho", "TIPO_INFRA": "Tipo III - Servicios", "NOMBRE_EQUIP": "Punto comercializacion", "TON_VEREDA": 5238.18, "AREA_HA_VEREDA": 887.18, "AREA_EQUIP_M2": 1173, "N_EQUIP_TIPO": 2}}, {"type": "Feature", "geometry": {"x": -75.15702737499998, "y": 3.470634136000058}, "properties": {"OBJECTID": 139, "VEREDA": "AGUA FRIA", "MUNICIPIO": "73217", "ESCENARIO": "E2", "CULTIVO": "Caucho", "TIPO_INFRA": "Tipo I - Produccion", "NOMBRE_EQUIP": "Vivero caucho", "TON_VEREDA": 1185.78, "AREA_HA_VEREDA": 138.41, "AREA_EQUIP_M2": 2000, "N_EQUIP_TIPO": 2}}, {"type": "Feature", "geometry": {"x": -75.26726814699998, "y": 4.044631142000071}, "properties": {"OBJECTID": 140, "VEREDA": "AGUA FRIA", "MUNICIPIO": "73217", "ESCENARIO": "E2", "CULTIVO": "Caucho", "TIPO_INFRA": "Tipo I - Produccion", "NOMBRE_EQUIP": "Sistema pica latex", "TON_VEREDA": 1185.78, "AREA_HA_VEREDA": 138.41, "AREA_EQUIP_M2": 2000, "N_EQUIP_TIPO": 2}}, {"type": "Feature", "geometry": {"x": -75.14674314199993, "y": 3.7469800960000725}, "properties": {"OBJECTID": 141, "VEREDA": "AGUA FRIA", "MUNICIPIO": "73217", "ESCENARIO": "E2", "CULTIVO": "Caucho", "TIPO_INFRA": "Tipo II - Transformacion", "NOMBRE_EQUIP": "Planta latex RSS", "TON_VEREDA": 1185.78, "AREA_HA_VEREDA": 138.41, "AREA_EQUIP_M2": 1211.5, "N_EQUIP_TIPO": 1}}, {"type": "Feature", "geometry": {"x": -75.09578844999999, "y": 3.6221433000000616}, "properties": {"OBJECTID": 142, "VEREDA": "AGUA FRIA", "MUNICIPIO": "73217", "ESCENARIO": "E2", "CULTIVO": "Caucho", "TIPO_INFRA": "Tipo III - Servicios", "NOMBRE_EQUIP": "Escuela caucheros", "TON_VEREDA": 1185.78, "AREA_HA_VEREDA": 138.41, "AREA_EQUIP_M2": 497.6, "N_EQUIP_TIPO": 2}}, {"type": "Feature", "geometry": {"x": -75.32623545599995, "y": 3.8257074480000597}, "properties": {"OBJECTID": 143, "VEREDA": "AGUA FRIA", "MUNICIPIO": "73217", "ESCENARIO": "E2", "CULTIVO": "Caucho", "TIPO_INFRA": "Tipo III - Servicios", "NOMBRE_EQUIP": "Punto comercializacion", "TON_VEREDA": 1185.78, "AREA_HA_VEREDA": 138.41, "AREA_EQUIP_M2": 497.6, "N_EQUIP_TIPO": 2}}, {"type": "Feature", "geometry": {"x": -75.06447706799997, "y": 3.6611880260000476}, "properties": {"OBJECTID": 144, "VEREDA": "BALSILLAS", "MUNICIPIO": "73217", "ESCENARIO": "E2", "CULTIVO": "Caucho", "TIPO_INFRA": "Tipo I - Produccion", "NOMBRE_EQUIP": "Vivero caucho", "TON_VEREDA": 14259.38, "AREA_HA_VEREDA": 1923.42, "AREA_EQUIP_M2": 2000, "N_EQUIP_TIPO": 5}}, {"type": "Feature", "geometry": {"x": -75.24921123299998, "y": 4.042635226000073}, "properties": {"OBJECTID": 145, "VEREDA": "BALSILLAS", "MUNICIPIO": "73217", "ESCENARIO": "E2", "CULTIVO": "Caucho", "TIPO_INFRA": "Tipo I - Produccion", "NOMBRE_EQUIP": "Sistema pica latex", "TON_VEREDA": 14259.38, "AREA_HA_VEREDA": 1923.42, "AREA_EQUIP_M2": 2000, "N_EQUIP_TIPO": 5}}, {"type": "Feature", "geometry": {"x": -75.31516345599994, "y": 3.965535720000048}, "properties": {"OBJECTID": 146, "VEREDA": "BALSILLAS", "MUNICIPIO": "73217", "ESCENARIO": "E2", "CULTIVO": "Caucho", "TIPO_INFRA": "Tipo I - Produccion", "NOMBRE_EQUIP": "Tanques coagulacion", "TON_VEREDA": 14259.38, "AREA_HA_VEREDA": 1923.42, "AREA_EQUIP_M2": 2000, "N_EQUIP_TIPO": 5}}, {"type": "Feature", "geometry": {"x": -75.05384357299994, "y": 3.6586757560000365}, "properties": {"OBJECTID": 147, "VEREDA": "BALSILLAS", "MUNICIPIO": "73217", "ESCENARIO": "E2", "CULTIVO": "Caucho", "TIPO_INFRA": "Tipo I - Produccion", "NOMBRE_EQUIP": "Bodega coagulo", "TON_VEREDA": 14259.38, "AREA_HA_VEREDA": 1923.42, "AREA_EQUIP_M2": 2000, "N_EQUIP_TIPO": 5}}, {"type": "Feature", "geometry": {"x": -75.13842186599999, "y": 3.438088144000062}, "properties": {"OBJECTID": 148, "VEREDA": "BALSILLAS", "MUNICIPIO": "73217", "ESCENARIO": "E2", "CULTIVO": "Caucho", "TIPO_INFRA": "Tipo I - Produccion", "NOMBRE_EQUIP": "Centro campo", "TON_VEREDA": 14259.38, "AREA_HA_VEREDA": 1923.42, "AREA_EQUIP_M2": 2000, "N_EQUIP_TIPO": 5}}, {"type": "Feature", "geometry": {"x": -75.16363860199993, "y": 3.4502042340000685}, "properties": {"OBJECTID": 149, "VEREDA": "BALSILLAS", "MUNICIPIO": "73217", "ESCENARIO": "E2", "CULTIVO": "Caucho", "TIPO_INFRA": "Tipo II - Transformacion", "NOMBRE_EQUIP": "Planta latex RSS", "TON_VEREDA": 14259.38, "AREA_HA_VEREDA": 1923.42, "AREA_EQUIP_M2": 5000, "N_EQUIP_TIPO": 3}}, {"type": "Feature", "geometry": {"x": -75.17070917999996, "y": 3.44888639200002}, "properties": {"OBJECTID": 150, "VEREDA": "BALSILLAS", "MUNICIPIO": "73217", "ESCENARIO": "E2", "CULTIVO": "Caucho", "TIPO_INFRA": "Tipo II - Transformacion", "NOMBRE_EQUIP": "Planta caucho tecnico", "TON_VEREDA": 14259.38, "AREA_HA_VEREDA": 1923.42, "AREA_EQUIP_M2": 5000, "N_EQUIP_TIPO": 3}}, {"type": "Feature", "geometry": {"x": -75.16794529799995, "y": 3.450645945000076}, "properties": {"OBJECTID": 151, "VEREDA": "BALSILLAS", "MUNICIPIO": "73217", "ESCENARIO": "E2", "CULTIVO": "Caucho", "TIPO_INFRA": "Tipo II - Transformacion", "NOMBRE_EQUIP": "Laboratorio calidad", "TON_VEREDA": 14259.38, "AREA_HA_VEREDA": 1923.42, "AREA_EQUIP_M2": 5000, "N_EQUIP_TIPO": 3}}, {"type": "Feature", "geometry": {"x": -75.00039260899996, "y": 3.766373700000031}, "properties": {"OBJECTID": 152, "VEREDA": "BALSILLAS", "MUNICIPIO": "73217", "ESCENARIO": "E2", "CULTIVO": "Caucho", "TIPO_INFRA": "Tipo III - Servicios", "NOMBRE_EQUIP": "Escuela caucheros", "TON_VEREDA": 14259.38, "AREA_HA_VEREDA": 1923.42, "AREA_EQUIP_M2": 1500, "N_EQUIP_TIPO": 2}}, {"type": "Feature", "geometry": {"x": -75.17278247099995, "y": 3.8236566030000745}, "properties": {"OBJECTID": 153, "VEREDA": "BALSILLAS", "MUNICIPIO": "73217", "ESCENARIO": "E2", "CULTIVO": "Caucho", "TIPO_INFRA": "Tipo III - Servicios", "NOMBRE_EQUIP": "Punto comercializacion", "TON_VEREDA": 14259.38, "AREA_HA_VEREDA": 1923.42, "AREA_EQUIP_M2": 1500, "N_EQUIP_TIPO": 2}}, {"type": "Feature", "geometry": {"x": -75.17023305399994, "y": 3.784500597000033}, "properties": {"OBJECTID": 154, "VEREDA": "ZARAGOZA - TAMARINDO", "MUNICIPIO": "73217", "ESCENARIO": "E2", "CULTIVO": "Caucho", "TIPO_INFRA": "Tipo I - Produccion", "NOMBRE_EQUIP": "Vivero caucho", "TON_VEREDA": 811.99, "AREA_HA_VEREDA": 255.83, "AREA_EQUIP_M2": 1499.2, "N_EQUIP_TIPO": 2}}, {"type": "Feature", "geometry": {"x": -75.20276293199998, "y": 3.8092146580000303}, "properties": {"OBJECTID": 155, "VEREDA": "ZARAGOZA - TAMARINDO", "MUNICIPIO": "73217", "ESCENARIO": "E2", "CULTIVO": "Caucho", "TIPO_INFRA": "Tipo I - Produccion", "NOMBRE_EQUIP": "Sistema pica latex", "TON_VEREDA": 811.99, "AREA_HA_VEREDA": 255.83, "AREA_EQUIP_M2": 1499.2, "N_EQUIP_TIPO": 2}}, {"type": "Feature", "geometry": {"x": -75.14700816699997, "y": 3.795790023000052}, "properties": {"OBJECTID": 156, "VEREDA": "ZARAGOZA - TAMARINDO", "MUNICIPIO": "73217", "ESCENARIO": "E2", "CULTIVO": "Caucho", "TIPO_INFRA": "Tipo II - Transformacion", "NOMBRE_EQUIP": "Planta latex RSS", "TON_VEREDA": 811.99, "AREA_HA_VEREDA": 255.83, "AREA_EQUIP_M2": 987.2, "N_EQUIP_TIPO": 1}}, {"type": "Feature", "geometry": {"x": -75.22302832599996, "y": 3.9299356030000467}, "properties": {"OBJECTID": 157, "VEREDA": "ZARAGOZA - TAMARINDO", "MUNICIPIO": "73217", "ESCENARIO": "E2", "CULTIVO": "Caucho", "TIPO_INFRA": "Tipo III - Servicios", "NOMBRE_EQUIP": "Escuela caucheros", "TON_VEREDA": 811.99, "AREA_HA_VEREDA": 255.83, "AREA_EQUIP_M2": 435.3, "N_EQUIP_TIPO": 2}}, {"type": "Feature", "geometry": {"x": -75.27361974999997, "y": 4.001151250000021}, "properties": {"OBJECTID": 158, "VEREDA": "ZARAGOZA - TAMARINDO", "MUNICIPIO": "73217", "ESCENARIO": "E2", "CULTIVO": "Caucho", "TIPO_INFRA": "Tipo III - Servicios", "NOMBRE_EQUIP": "Punto comercializacion", "TON_VEREDA": 811.99, "AREA_HA_VEREDA": 255.83, "AREA_EQUIP_M2": 435.3, "N_EQUIP_TIPO": 2}}, {"type": "Feature", "geometry": {"x": -75.14011079899996, "y": 3.693763936000039}, "properties": {"OBJECTID": 159, "VEREDA": "CHENCHE - ZARAGOZA", "MUNICIPIO": "73217", "ESCENARIO": "E2", "CULTIVO": "Aguacate Hass", "TIPO_INFRA": "Tipo I - Produccion", "NOMBRE_EQUIP": "Vivero aguacate", "TON_VEREDA": 3356.1, "AREA_HA_VEREDA": 279.68, "AREA_EQUIP_M2": 2000, "N_EQUIP_TIPO": 5}}, {"type": "Feature", "geometry": {"x": -75.25795654699994, "y": 4.05846959400003}, "properties": {"OBJECTID": 160, "VEREDA": "CHENCHE - ZARAGOZA", "MUNICIPIO": "73217", "ESCENARIO": "E2", "CULTIVO": "Aguacate Hass", "TIPO_INFRA": "Tipo I - Produccion", "NOMBRE_EQUIP": "Sistema riego goteo", "TON_VEREDA": 3356.1, "AREA_HA_VEREDA": 279.68, "AREA_EQUIP_M2": 2000, "N_EQUIP_TIPO": 5}}, {"type": "Feature", "geometry": {"x": -75.14076303299998, "y": 4.007481320000068}, "properties": {"OBJECTID": 161, "VEREDA": "CHENCHE - ZARAGOZA", "MUNICIPIO": "73217", "ESCENARIO": "E2", "CULTIVO": "Aguacate Hass", "TIPO_INFRA": "Tipo I - Produccion", "NOMBRE_EQUIP": "Estacion meteo", "TON_VEREDA": 3356.1, "AREA_HA_VEREDA": 279.68, "AREA_EQUIP_M2": 2000, "N_EQUIP_TIPO": 5}}, {"type": "Feature", "geometry": {"x": -75.28857241599997, "y": 3.708876235000048}, "properties": {"OBJECTID": 162, "VEREDA": "CHENCHE - ZARAGOZA", "MUNICIPIO": "73217", "ESCENARIO": "E2", "CULTIVO": "Aguacate Hass", "TIPO_INFRA": "Tipo I - Produccion", "NOMBRE_EQUIP": "Bodega cosecha", "TON_VEREDA": 3356.1, "AREA_HA_VEREDA": 279.68, "AREA_EQUIP_M2": 2000, "N_EQUIP_TIPO": 5}}, {"type": "Feature", "geometry": {"x": -75.10918708699995, "y": 3.690135471000076}, "properties": {"OBJECTID": 163, "VEREDA": "CHENCHE - ZARAGOZA", "MUNICIPIO": "73217", "ESCENARIO": "E2", "CULTIVO": "Aguacate Hass", "TIPO_INFRA": "Tipo I - Produccion", "NOMBRE_EQUIP": "Zona empaque campo", "TON_VEREDA": 3356.1, "AREA_HA_VEREDA": 279.68, "AREA_EQUIP_M2": 2000, "N_EQUIP_TIPO": 5}}, {"type": "Feature", "geometry": {"x": -75.15690881299997, "y": 3.778495258000021}, "properties": {"OBJECTID": 164, "VEREDA": "CHENCHE - ZARAGOZA", "MUNICIPIO": "73217", "ESCENARIO": "E2", "CULTIVO": "Aguacate Hass", "TIPO_INFRA": "Tipo II - Transformacion", "NOMBRE_EQUIP": "Planta empaque exportacion", "TON_VEREDA": 3356.1, "AREA_HA_VEREDA": 279.68, "AREA_EQUIP_M2": 2513.7, "N_EQUIP_TIPO": 2}}, {"type": "Feature", "geometry": {"x": -75.15711743499998, "y": 3.7770599890000653}, "properties": {"OBJECTID": 165, "VEREDA": "CHENCHE - ZARAGOZA", "MUNICIPIO": "73217", "ESCENARIO": "E2", "CULTIVO": "Aguacate Hass", "TIPO_INFRA": "Tipo II - Transformacion", "NOMBRE_EQUIP": "Cuarto frio", "TON_VEREDA": 3356.1, "AREA_HA_VEREDA": 279.68, "AREA_EQUIP_M2": 2513.7, "N_EQUIP_TIPO": 2}}, {"type": "Feature", "geometry": {"x": -75.19267104999994, "y": 3.7955935280000404}, "properties": {"OBJECTID": 166, "VEREDA": "CHENCHE - ZARAGOZA", "MUNICIPIO": "73217", "ESCENARIO": "E2", "CULTIVO": "Aguacate Hass", "TIPO_INFRA": "Tipo III - Servicios", "NOMBRE_EQUIP": "Escuela aguacateros", "TON_VEREDA": 3356.1, "AREA_HA_VEREDA": 279.68, "AREA_EQUIP_M2": 859.4, "N_EQUIP_TIPO": 2}}, {"type": "Feature", "geometry": {"x": -75.02686362099996, "y": 3.8155684300000416}, "properties": {"OBJECTID": 167, "VEREDA": "CHENCHE - ZARAGOZA", "MUNICIPIO": "73217", "ESCENARIO": "E2", "CULTIVO": "Aguacate Hass", "TIPO_INFRA": "Tipo III - Servicios", "NOMBRE_EQUIP": "Centro certificacion exportacion", "TON_VEREDA": 3356.1, "AREA_HA_VEREDA": 279.68, "AREA_EQUIP_M2": 859.4, "N_EQUIP_TIPO": 2}}, {"type": "Feature", "geometry": {"x": -75.15355074399997, "y": 3.467760156000054}, "properties": {"OBJECTID": 168, "VEREDA": "TOTARCO - BOGOTACITO", "MUNICIPIO": "73217", "ESCENARIO": "E2", "CULTIVO": "Caucho", "TIPO_INFRA": "Tipo I - Produccion", "NOMBRE_EQUIP": "Vivero caucho", "TON_VEREDA": 37.49, "AREA_HA_VEREDA": 25, "AREA_EQUIP_M2": 260, "N_EQUIP_TIPO": 1}}, {"type": "Feature", "geometry": {"x": -75.16450575099998, "y": 3.7139948820000654}, "properties": {"OBJECTID": 169, "VEREDA": "TOTARCO - BOGOTACITO", "MUNICIPIO": "73217", "ESCENARIO": "E2", "CULTIVO": "Caucho", "TIPO_INFRA": "Tipo II - Transformacion", "NOMBRE_EQUIP": "Planta latex RSS", "TON_VEREDA": 37.49, "AREA_HA_VEREDA": 25, "AREA_EQUIP_M2": 522.5, "N_EQUIP_TIPO": 1}}, {"type": "Feature", "geometry": {"x": -75.10508506499997, "y": 3.5281550020000623}, "properties": {"OBJECTID": 170, "VEREDA": "TOTARCO - BOGOTACITO", "MUNICIPIO": "73217", "ESCENARIO": "E2", "CULTIVO": "Caucho", "TIPO_INFRA": "Tipo III - Servicios", "NOMBRE_EQUIP": "Escuela caucheros", "TON_VEREDA": 37.49, "AREA_HA_VEREDA": 25, "AREA_EQUIP_M2": 306.2, "N_EQUIP_TIPO": 2}}, {"type": "Feature", "geometry": {"x": -75.21930431899995, "y": 3.932091379000042}, "properties": {"OBJECTID": 171, "VEREDA": "TOTARCO - BOGOTACITO", "MUNICIPIO": "73217", "ESCENARIO": "E2", "CULTIVO": "Caucho", "TIPO_INFRA": "Tipo III - Servicios", "NOMBRE_EQUIP": "Punto comercializacion", "TON_VEREDA": 37.49, "AREA_HA_VEREDA": 25, "AREA_EQUIP_M2": 306.2, "N_EQUIP_TIPO": 2}}, {"type": "Feature", "geometry": {"x": -75.06349800299995, "y": 3.5906778260000465}, "properties": {"OBJECTID": 172, "VEREDA": "TOTARCO", "MUNICIPIO": "73217", "ESCENARIO": "E2", "CULTIVO": "Caucho", "TIPO_INFRA": "Tipo I - Produccion", "NOMBRE_EQUIP": "Vivero caucho", "TON_VEREDA": 1929.54, "AREA_HA_VEREDA": 1228.77, "AREA_EQUIP_M2": 2000, "N_EQUIP_TIPO": 4}}, {"type": "Feature", "geometry": {"x": -75.34436876799998, "y": 3.8077970930000333}, "properties": {"OBJECTID": 173, "VEREDA": "TOTARCO", "MUNICIPIO": "73217", "ESCENARIO": "E2", "CULTIVO": "Caucho", "TIPO_INFRA": "Tipo I - Produccion", "NOMBRE_EQUIP": "Sistema pica latex", "TON_VEREDA": 1929.54, "AREA_HA_VEREDA": 1228.77, "AREA_EQUIP_M2": 2000, "N_EQUIP_TIPO": 4}}, {"type": "Feature", "geometry": {"x": -75.11569854999993, "y": 3.6943196390000708}, "properties": {"OBJECTID": 174, "VEREDA": "TOTARCO", "MUNICIPIO": "73217", "ESCENARIO": "E2", "CULTIVO": "Caucho", "TIPO_INFRA": "Tipo I - Produccion", "NOMBRE_EQUIP": "Tanques coagulacion", "TON_VEREDA": 1929.54, "AREA_HA_VEREDA": 1228.77, "AREA_EQUIP_M2": 2000, "N_EQUIP_TIPO": 4}}, {"type": "Feature", "geometry": {"x": -75.15333469799998, "y": 3.473423490000073}, "properties": {"OBJECTID": 175, "VEREDA": "TOTARCO", "MUNICIPIO": "73217", "ESCENARIO": "E2", "CULTIVO": "Caucho", "TIPO_INFRA": "Tipo I - Produccion", "NOMBRE_EQUIP": "Bodega coagulo", "TON_VEREDA": 1929.54, "AREA_HA_VEREDA": 1228.77, "AREA_EQUIP_M2": 2000, "N_EQUIP_TIPO": 4}}, {"type": "Feature", "geometry": {"x": -75.18053230899994, "y": 3.708668122000063}, "properties": {"OBJECTID": 176, "VEREDA": "TOTARCO", "MUNICIPIO": "73217", "ESCENARIO": "E2", "CULTIVO": "Caucho", "TIPO_INFRA": "Tipo II - Transformacion", "NOMBRE_EQUIP": "Planta latex RSS", "TON_VEREDA": 1929.54, "AREA_HA_VEREDA": 1228.77, "AREA_EQUIP_M2": 1657.7, "N_EQUIP_TIPO": 1}}, {"type": "Feature", "geometry": {"x": -75.10498389899993, "y": 3.916884100000061}, "properties": {"OBJECTID": 177, "VEREDA": "TOTARCO", "MUNICIPIO": "73217", "ESCENARIO": "E2", "CULTIVO": "Caucho", "TIPO_INFRA": "Tipo III - Servicios", "NOMBRE_EQUIP": "Escuela caucheros", "TON_VEREDA": 1929.54, "AREA_HA_VEREDA": 1228.77, "AREA_EQUIP_M2": 621.6, "N_EQUIP_TIPO": 2}}, {"type": "Feature", "geometry": {"x": -74.99091305299999, "y": 3.670042436000074}, "properties": {"OBJECTID": 178, "VEREDA": "TOTARCO", "MUNICIPIO": "73217", "ESCENARIO": "E2", "CULTIVO": "Caucho", "TIPO_INFRA": "Tipo III - Servicios", "NOMBRE_EQUIP": "Punto comercializacion", "TON_VEREDA": 1929.54, "AREA_HA_VEREDA": 1228.77, "AREA_EQUIP_M2": 621.6, "N_EQUIP_TIPO": 2}}, {"type": "Feature", "geometry": {"x": -75.24000998199995, "y": 3.996801577000042}, "properties": {"OBJECTID": 179, "VEREDA": "ZANJA HONDA", "MUNICIPIO": "73217", "ESCENARIO": "E2", "CULTIVO": "Caucho", "TIPO_INFRA": "Tipo I - Produccion", "NOMBRE_EQUIP": "Vivero caucho", "TON_VEREDA": 426.39, "AREA_HA_VEREDA": 165.62, "AREA_EQUIP_M2": 882.2, "N_EQUIP_TIPO": 1}}, {"type": "Feature", "geometry": {"x": -75.19718121499994, "y": 3.756241158000023}, "properties": {"OBJECTID": 180, "VEREDA": "ZANJA HONDA", "MUNICIPIO": "73217", "ESCENARIO": "E2", "CULTIVO": "Caucho", "TIPO_INFRA": "Tipo II - Transformacion", "NOMBRE_EQUIP": "Planta latex RSS", "TON_VEREDA": 426.39, "AREA_HA_VEREDA": 165.62, "AREA_EQUIP_M2": 755.8, "N_EQUIP_TIPO": 1}}, {"type": "Feature", "geometry": {"x": -75.13580888999996, "y": 3.5010651320000648}, "properties": {"OBJECTID": 181, "VEREDA": "ZANJA HONDA", "MUNICIPIO": "73217", "ESCENARIO": "E2", "CULTIVO": "Caucho", "TIPO_INFRA": "Tipo III - Servicios", "NOMBRE_EQUIP": "Escuela caucheros", "TON_VEREDA": 426.39, "AREA_HA_VEREDA": 165.62, "AREA_EQUIP_M2": 371.1, "N_EQUIP_TIPO": 2}}, {"type": "Feature", "geometry": {"x": -75.00054642799995, "y": 3.662904633000039}, "properties": {"OBJECTID": 182, "VEREDA": "ZANJA HONDA", "MUNICIPIO": "73217", "ESCENARIO": "E2", "CULTIVO": "Caucho", "TIPO_INFRA": "Tipo III - Servicios", "NOMBRE_EQUIP": "Punto comercializacion", "TON_VEREDA": 426.39, "AREA_HA_VEREDA": 165.62, "AREA_EQUIP_M2": 371.1, "N_EQUIP_TIPO": 2}}, {"type": "Feature", "geometry": {"x": -75.07189029999995, "y": 3.818347450000033}, "properties": {"OBJECTID": 183, "VEREDA": "BUENA VISTA", "MUNICIPIO": "73217", "ESCENARIO": "E2", "CULTIVO": "Aguacate Hass", "TIPO_INFRA": "Tipo I - Produccion", "NOMBRE_EQUIP": "Vivero aguacate", "TON_VEREDA": 3218.87, "AREA_HA_VEREDA": 1101.99, "AREA_EQUIP_M2": 2000, "N_EQUIP_TIPO": 5}}, {"type": "Feature", "geometry": {"x": -74.97557973399995, "y": 3.7091900360000523}, "properties": {"OBJECTID": 184, "VEREDA": "BUENA VISTA", "MUNICIPIO": "73217", "ESCENARIO": "E2", "CULTIVO": "Aguacate Hass", "TIPO_INFRA": "Tipo I - Produccion", "NOMBRE_EQUIP": "Sistema riego goteo", "TON_VEREDA": 3218.87, "AREA_HA_VEREDA": 1101.99, "AREA_EQUIP_M2": 2000, "N_EQUIP_TIPO": 5}}, {"type": "Feature", "geometry": {"x": -75.06598789399999, "y": 3.813086892000058}, "properties": {"OBJECTID": 185, "VEREDA": "BUENA VISTA", "MUNICIPIO": "73217", "ESCENARIO": "E2", "CULTIVO": "Aguacate Hass", "TIPO_INFRA": "Tipo I - Produccion", "NOMBRE_EQUIP": "Estacion meteo", "TON_VEREDA": 3218.87, "AREA_HA_VEREDA": 1101.99, "AREA_EQUIP_M2": 2000, "N_EQUIP_TIPO": 5}}, {"type": "Feature", "geometry": {"x": -74.99082556199994, "y": 3.747881016000065}, "properties": {"OBJECTID": 186, "VEREDA": "BUENA VISTA", "MUNICIPIO": "73217", "ESCENARIO": "E2", "CULTIVO": "Aguacate Hass", "TIPO_INFRA": "Tipo I - Produccion", "NOMBRE_EQUIP": "Bodega cosecha", "TON_VEREDA": 3218.87, "AREA_HA_VEREDA": 1101.99, "AREA_EQUIP_M2": 2000, "N_EQUIP_TIPO": 5}}, {"type": "Feature", "geometry": {"x": -74.99276951899998, "y": 3.6751221850000206}, "properties": {"OBJECTID": 187, "VEREDA": "BUENA VISTA", "MUNICIPIO": "73217", "ESCENARIO": "E2", "CULTIVO": "Aguacate Hass", "TIPO_INFRA": "Tipo I - Produccion", "NOMBRE_EQUIP": "Zona empaque campo", "TON_VEREDA": 3218.87, "AREA_HA_VEREDA": 1101.99, "AREA_EQUIP_M2": 2000, "N_EQUIP_TIPO": 5}}, {"type": "Feature", "geometry": {"x": -75.21731990999996, "y": 3.7517975820000515}, "properties": {"OBJECTID": 188, "VEREDA": "BUENA VISTA", "MUNICIPIO": "73217", "ESCENARIO": "E2", "CULTIVO": "Aguacate Hass", "TIPO_INFRA": "Tipo II - Transformacion", "NOMBRE_EQUIP": "Planta empaque exportacion", "TON_VEREDA": 3218.87, "AREA_HA_VEREDA": 1101.99, "AREA_EQUIP_M2": 2431.3, "N_EQUIP_TIPO": 2}}, {"type": "Feature", "geometry": {"x": -75.22426502999997, "y": 3.751476849000028}, "properties": {"OBJECTID": 189, "VEREDA": "BUENA VISTA", "MUNICIPIO": "73217", "ESCENARIO": "E2", "CULTIVO": "Aguacate Hass", "TIPO_INFRA": "Tipo II - Transformacion", "NOMBRE_EQUIP": "Cuarto frio", "TON_VEREDA": 3218.87, "AREA_HA_VEREDA": 1101.99, "AREA_EQUIP_M2": 2431.3, "N_EQUIP_TIPO": 2}}, {"type": "Feature", "geometry": {"x": -75.05759499199996, "y": 3.5350334940000607}, "properties": {"OBJECTID": 190, "VEREDA": "BUENA VISTA", "MUNICIPIO": "73217", "ESCENARIO": "E2", "CULTIVO": "Aguacate Hass", "TIPO_INFRA": "Tipo III - Servicios", "NOMBRE_EQUIP": "Escuela aguacateros", "TON_VEREDA": 3218.87, "AREA_HA_VEREDA": 1101.99, "AREA_EQUIP_M2": 836.5, "N_EQUIP_TIPO": 2}}, {"type": "Feature", "geometry": {"x": -75.31726658999997, "y": 3.920354069000041}, "properties": {"OBJECTID": 191, "VEREDA": "BUENA VISTA", "MUNICIPIO": "73217", "ESCENARIO": "E2", "CULTIVO": "Aguacate Hass", "TIPO_INFRA": "Tipo III - Servicios", "NOMBRE_EQUIP": "Centro certificacion exportacion", "TON_VEREDA": 3218.87, "AREA_HA_VEREDA": 1101.99, "AREA_EQUIP_M2": 836.5, "N_EQUIP_TIPO": 2}}, {"type": "Feature", "geometry": {"x": -75.13971635499996, "y": 3.4415473780000525}, "properties": {"OBJECTID": 192, "VEREDA": "MESAS DE INCA", "MUNICIPIO": "73217", "ESCENARIO": "E2", "CULTIVO": "Platano", "TIPO_INFRA": "Tipo I - Produccion", "NOMBRE_EQUIP": "Vivero platano", "TON_VEREDA": 772.79, "AREA_HA_VEREDA": 103.3, "AREA_EQUIP_M2": 1436.5, "N_EQUIP_TIPO": 2}}, {"type": "Feature", "geometry": {"x": -74.96893755499997, "y": 3.7284382220000225}, "properties": {"OBJECTID": 193, "VEREDA": "MESAS DE INCA", "MUNICIPIO": "73217", "ESCENARIO": "E2", "CULTIVO": "Platano", "TIPO_INFRA": "Tipo I - Produccion", "NOMBRE_EQUIP": "Empacadora campo", "TON_VEREDA": 772.79, "AREA_HA_VEREDA": 103.3, "AREA_EQUIP_M2": 1436.5, "N_EQUIP_TIPO": 2}}, {"type": "Feature", "geometry": {"x": -75.00114552099996, "y": 3.7170156500000644}, "properties": {"OBJECTID": 194, "VEREDA": "MESAS DE INCA", "MUNICIPIO": "73217", "ESCENARIO": "E2", "CULTIVO": "Platano", "TIPO_INFRA": "Tipo II - Transformacion", "NOMBRE_EQUIP": "Planta clasificacion", "TON_VEREDA": 772.79, "AREA_HA_VEREDA": 103.3, "AREA_EQUIP_M2": 963.7, "N_EQUIP_TIPO": 1}}, {"type": "Feature", "geometry": {"x": -75.10220211699993, "y": 3.531832287000043}, "properties": {"OBJECTID": 195, "VEREDA": "MESAS DE INCA", "MUNICIPIO": "73217", "ESCENARIO": "E2", "CULTIVO": "Platano", "TIPO_INFRA": "Tipo III - Servicios", "NOMBRE_EQUIP": "Escuela plataneros", "TON_VEREDA": 772.79, "AREA_HA_VEREDA": 103.3, "AREA_EQUIP_M2": 428.8, "N_EQUIP_TIPO": 2}}, {"type": "Feature", "geometry": {"x": -75.10496717499996, "y": 3.646583063000037}, "properties": {"OBJECTID": 196, "VEREDA": "MESAS DE INCA", "MUNICIPIO": "73217", "ESCENARIO": "E2", "CULTIVO": "Platano", "TIPO_INFRA": "Tipo III - Servicios", "NOMBRE_EQUIP": "Centro logistica", "TON_VEREDA": 772.79, "AREA_HA_VEREDA": 103.3, "AREA_EQUIP_M2": 428.8, "N_EQUIP_TIPO": 2}}, {"type": "Feature", "geometry": {"x": -75.25063210199994, "y": 3.8539249540000355}, "properties": {"OBJECTID": 197, "VEREDA": "MESA DE SAN JUAN", "MUNICIPIO": "73217", "ESCENARIO": "E2", "CULTIVO": "Aguacate Hass", "TIPO_INFRA": "Tipo I - Produccion", "NOMBRE_EQUIP": "Vivero aguacate", "TON_VEREDA": 4023.65, "AREA_HA_VEREDA": 397.13, "AREA_EQUIP_M2": 2000, "N_EQUIP_TIPO": 5}}, {"type": "Feature", "geometry": {"x": -75.17222467199997, "y": 3.8556267890000413}, "properties": {"OBJECTID": 198, "VEREDA": "MESA DE SAN JUAN", "MUNICIPIO": "73217", "ESCENARIO": "E2", "CULTIVO": "Aguacate Hass", "TIPO_INFRA": "Tipo I - Produccion", "NOMBRE_EQUIP": "Sistema riego goteo", "TON_VEREDA": 4023.65, "AREA_HA_VEREDA": 397.13, "AREA_EQUIP_M2": 2000, "N_EQUIP_TIPO": 5}}, {"type": "Feature", "geometry": {"x": -75.09476048899995, "y": 3.6171478950000733}, "properties": {"OBJECTID": 199, "VEREDA": "MESA DE SAN JUAN", "MUNICIPIO": "73217", "ESCENARIO": "E2", "CULTIVO": "Aguacate Hass", "TIPO_INFRA": "Tipo I - Produccion", "NOMBRE_EQUIP": "Estacion meteo", "TON_VEREDA": 4023.65, "AREA_HA_VEREDA": 397.13, "AREA_EQUIP_M2": 2000, "N_EQUIP_TIPO": 5}}, {"type": "Feature", "geometry": {"x": -75.23707554199996, "y": 3.7289563350000208}, "properties": {"OBJECTID": 200, "VEREDA": "MESA DE SAN JUAN", "MUNICIPIO": "73217", "ESCENARIO": "E2", "CULTIVO": "Aguacate Hass", "TIPO_INFRA": "Tipo I - Produccion", "NOMBRE_EQUIP": "Bodega cosecha", "TON_VEREDA": 4023.65, "AREA_HA_VEREDA": 397.13, "AREA_EQUIP_M2": 2000, "N_EQUIP_TIPO": 5}}, {"type": "Feature", "geometry": {"x": -75.15871761099999, "y": 3.4793388000000505}, "properties": {"OBJECTID": 201, "VEREDA": "MESA DE SAN JUAN", "MUNICIPIO": "73217", "ESCENARIO": "E2", "CULTIVO": "Aguacate Hass", "TIPO_INFRA": "Tipo I - Produccion", "NOMBRE_EQUIP": "Zona empaque campo", "TON_VEREDA": 4023.65, "AREA_HA_VEREDA": 397.13, "AREA_EQUIP_M2": 2000, "N_EQUIP_TIPO": 5}}, {"type": "Feature", "geometry": {"x": -74.99277995799997, "y": 3.7323125960000425}, "properties": {"OBJECTID": 202, "VEREDA": "MESA DE SAN JUAN", "MUNICIPIO": "73217", "ESCENARIO": "E2", "CULTIVO": "Aguacate Hass", "TIPO_INFRA": "Tipo II - Transformacion", "NOMBRE_EQUIP": "Planta empaque exportacion", "TON_VEREDA": 4023.65, "AREA_HA_VEREDA": 397.13, "AREA_EQUIP_M2": 2914.2, "N_EQUIP_TIPO": 2}}, {"type": "Feature", "geometry": {"x": -74.99571006799994, "y": 3.733399592000069}, "properties": {"OBJECTID": 203, "VEREDA": "MESA DE SAN JUAN", "MUNICIPIO": "73217", "ESCENARIO": "E2", "CULTIVO": "Aguacate Hass", "TIPO_INFRA": "Tipo II - Transformacion", "NOMBRE_EQUIP": "Cuarto frio", "TON_VEREDA": 4023.65, "AREA_HA_VEREDA": 397.13, "AREA_EQUIP_M2": 2914.2, "N_EQUIP_TIPO": 2}}, {"type": "Feature", "geometry": {"x": -75.06610927399998, "y": 3.7670566660000304}, "properties": {"OBJECTID": 204, "VEREDA": "MESA DE SAN JUAN", "MUNICIPIO": "73217", "ESCENARIO": "E2", "CULTIVO": "Aguacate Hass", "TIPO_INFRA": "Tipo III - Servicios", "NOMBRE_EQUIP": "Escuela aguacateros", "TON_VEREDA": 4023.65, "AREA_HA_VEREDA": 397.13, "AREA_EQUIP_M2": 970.6, "N_EQUIP_TIPO": 2}}, {"type": "Feature", "geometry": {"x": -75.19475706099996, "y": 3.8028347760000543}, "properties": {"OBJECTID": 205, "VEREDA": "MESA DE SAN JUAN", "MUNICIPIO": "73217", "ESCENARIO": "E2", "CULTIVO": "Aguacate Hass", "TIPO_INFRA": "Tipo III - Servicios", "NOMBRE_EQUIP": "Centro certificacion exportacion", "TON_VEREDA": 4023.65, "AREA_HA_VEREDA": 397.13, "AREA_EQUIP_M2": 970.6, "N_EQUIP_TIPO": 2}}, {"type": "Feature", "geometry": {"x": -75.09439726899996, "y": 3.9712775780000698}, "properties": {"OBJECTID": 206, "VEREDA": "CHENCHE", "MUNICIPIO": "73217", "ESCENARIO": "E2", "CULTIVO": "Aguacate Hass", "TIPO_INFRA": "Tipo I - Produccion", "NOMBRE_EQUIP": "Vivero aguacate", "TON_VEREDA": 12042.63, "AREA_HA_VEREDA": 1798.09, "AREA_EQUIP_M2": 2000, "N_EQUIP_TIPO": 5}}, {"type": "Feature", "geometry": {"x": -75.08901276599994, "y": 3.814135924000027}, "properties": {"OBJECTID": 207, "VEREDA": "CHENCHE", "MUNICIPIO": "73217", "ESCENARIO": "E2", "CULTIVO": "Aguacate Hass", "TIPO_INFRA": "Tipo I - Produccion", "NOMBRE_EQUIP": "Sistema riego goteo", "TON_VEREDA": 12042.63, "AREA_HA_VEREDA": 1798.09, "AREA_EQUIP_M2": 2000, "N_EQUIP_TIPO": 5}}, {"type": "Feature", "geometry": {"x": -75.27904987599999, "y": 4.042356450000057}, "properties": {"OBJECTID": 208, "VEREDA": "CHENCHE", "MUNICIPIO": "73217", "ESCENARIO": "E2", "CULTIVO": "Aguacate Hass", "TIPO_INFRA": "Tipo I - Produccion", "NOMBRE_EQUIP": "Estacion meteo", "TON_VEREDA": 12042.63, "AREA_HA_VEREDA": 1798.09, "AREA_EQUIP_M2": 2000, "N_EQUIP_TIPO": 5}}, {"type": "Feature", "geometry": {"x": -75.11215811799997, "y": 3.7982690000000616}, "properties": {"OBJECTID": 209, "VEREDA": "CHENCHE", "MUNICIPIO": "73217", "ESCENARIO": "E2", "CULTIVO": "Aguacate Hass", "TIPO_INFRA": "Tipo I - Produccion", "NOMBRE_EQUIP": "Bodega cosecha", "TON_VEREDA": 12042.63, "AREA_HA_VEREDA": 1798.09, "AREA_EQUIP_M2": 2000, "N_EQUIP_TIPO": 5}}, {"type": "Feature", "geometry": {"x": -75.09941468199997, "y": 3.974364468000033}, "properties": {"OBJECTID": 210, "VEREDA": "CHENCHE", "MUNICIPIO": "73217", "ESCENARIO": "E2", "CULTIVO": "Aguacate Hass", "TIPO_INFRA": "Tipo I - Produccion", "NOMBRE_EQUIP": "Zona empaque campo", "TON_VEREDA": 12042.63, "AREA_HA_VEREDA": 1798.09, "AREA_EQUIP_M2": 2000, "N_EQUIP_TIPO": 5}}, {"type": "Feature", "geometry": {"x": -75.11076735399996, "y": 3.8157033070000352}, "properties": {"OBJECTID": 211, "VEREDA": "CHENCHE", "MUNICIPIO": "73217", "ESCENARIO": "E2", "CULTIVO": "Aguacate Hass", "TIPO_INFRA": "Tipo II - Transformacion", "NOMBRE_EQUIP": "Planta empaque exportacion", "TON_VEREDA": 12042.63, "AREA_HA_VEREDA": 1798.09, "AREA_EQUIP_M2": 5000, "N_EQUIP_TIPO": 3}}, {"type": "Feature", "geometry": {"x": -75.11114008299995, "y": 3.8118973890000234}, "properties": {"OBJECTID": 212, "VEREDA": "CHENCHE", "MUNICIPIO": "73217", "ESCENARIO": "E2", "CULTIVO": "Aguacate Hass", "TIPO_INFRA": "Tipo II - Transformacion", "NOMBRE_EQUIP": "Cuarto frio", "TON_VEREDA": 12042.63, "AREA_HA_VEREDA": 1798.09, "AREA_EQUIP_M2": 5000, "N_EQUIP_TIPO": 3}}, {"type": "Feature", "geometry": {"x": -75.11086024799994, "y": 3.8124694050000585}, "properties": {"OBJECTID": 213, "VEREDA": "CHENCHE", "MUNICIPIO": "73217", "ESCENARIO": "E2", "CULTIVO": "Aguacate Hass", "TIPO_INFRA": "Tipo II - Transformacion", "NOMBRE_EQUIP": "Laboratorio maduracion", "TON_VEREDA": 12042.63, "AREA_HA_VEREDA": 1798.09, "AREA_EQUIP_M2": 5000, "N_EQUIP_TIPO": 3}}, {"type": "Feature", "geometry": {"x": -75.22931247499997, "y": 3.93566876400007}, "properties": {"OBJECTID": 214, "VEREDA": "CHENCHE", "MUNICIPIO": "73217", "ESCENARIO": "E2", "CULTIVO": "Aguacate Hass", "TIPO_INFRA": "Tipo III - Servicios", "NOMBRE_EQUIP": "Escuela aguacateros", "TON_VEREDA": 12042.63, "AREA_HA_VEREDA": 1798.09, "AREA_EQUIP_M2": 1500, "N_EQUIP_TIPO": 2}}, {"type": "Feature", "geometry": {"x": -75.21854129999997, "y": 3.9264231000000223}, "properties": {"OBJECTID": 215, "VEREDA": "CHENCHE", "MUNICIPIO": "73217", "ESCENARIO": "E2", "CULTIVO": "Aguacate Hass", "TIPO_INFRA": "Tipo III - Servicios", "NOMBRE_EQUIP": "Centro certificacion exportacion", "TON_VEREDA": 12042.63, "AREA_HA_VEREDA": 1798.09, "AREA_EQUIP_M2": 1500, "N_EQUIP_TIPO": 2}}, {"type": "Feature", "geometry": {"x": -75.14586021899999, "y": 4.009098557000073}, "properties": {"OBJECTID": 216, "VEREDA": "BOCA DE HILARCO", "MUNICIPIO": "73217", "ESCENARIO": "E2", "CULTIVO": "Caucho", "TIPO_INFRA": "Tipo I - Produccion", "NOMBRE_EQUIP": "Vivero caucho", "TON_VEREDA": 1430.45, "AREA_HA_VEREDA": 345.76, "AREA_EQUIP_M2": 2000, "N_EQUIP_TIPO": 3}}, {"type": "Feature", "geometry": {"x": -75.29072939499997, "y": 3.939144757000065}, "properties": {"OBJECTID": 217, "VEREDA": "BOCA DE HILARCO", "MUNICIPIO": "73217", "ESCENARIO": "E2", "CULTIVO": "Caucho", "TIPO_INFRA": "Tipo I - Produccion", "NOMBRE_EQUIP": "Sistema pica latex", "TON_VEREDA": 1430.45, "AREA_HA_VEREDA": 345.76, "AREA_EQUIP_M2": 2000, "N_EQUIP_TIPO": 3}}, {"type": "Feature", "geometry": {"x": -75.05484599999994, "y": 3.8046898000000624}, "properties": {"OBJECTID": 218, "VEREDA": "BOCA DE HILARCO", "MUNICIPIO": "73217", "ESCENARIO": "E2", "CULTIVO": "Caucho", "TIPO_INFRA": "Tipo I - Produccion", "NOMBRE_EQUIP": "Tanques coagulacion", "TON_VEREDA": 1430.45, "AREA_HA_VEREDA": 345.76, "AREA_EQUIP_M2": 2000, "N_EQUIP_TIPO": 3}}, {"type": "Feature", "geometry": {"x": -75.00046645399993, "y": 3.7593071220000525}, "properties": {"OBJECTID": 219, "VEREDA": "BOCA DE HILARCO", "MUNICIPIO": "73217", "ESCENARIO": "E2", "CULTIVO": "Caucho", "TIPO_INFRA": "Tipo II - Transformacion", "NOMBRE_EQUIP": "Planta latex RSS", "TON_VEREDA": 1430.45, "AREA_HA_VEREDA": 345.76, "AREA_EQUIP_M2": 1358.3, "N_EQUIP_TIPO": 1}}, {"type": "Feature", "geometry": {"x": -75.10521124999997, "y": 3.5296867000000702}, "properties": {"OBJECTID": 220, "VEREDA": "BOCA DE HILARCO", "MUNICIPIO": "73217", "ESCENARIO": "E2", "CULTIVO": "Caucho", "TIPO_INFRA": "Tipo III - Servicios", "NOMBRE_EQUIP": "Escuela caucheros", "TON_VEREDA": 1430.45, "AREA_HA_VEREDA": 345.76, "AREA_EQUIP_M2": 538.4, "N_EQUIP_TIPO": 2}}, {"type": "Feature", "geometry": {"x": -75.11161529999998, "y": 3.6686316500000657}, "properties": {"OBJECTID": 221, "VEREDA": "BOCA DE HILARCO", "MUNICIPIO": "73217", "ESCENARIO": "E2", "CULTIVO": "Caucho", "TIPO_INFRA": "Tipo III - Servicios", "NOMBRE_EQUIP": "Punto comercializacion", "TON_VEREDA": 1430.45, "AREA_HA_VEREDA": 345.76, "AREA_EQUIP_M2": 538.4, "N_EQUIP_TIPO": 2}}, {"type": "Feature", "geometry": {"x": -75.14853123499995, "y": 3.45163872400002}, "properties": {"OBJECTID": 222, "VEREDA": "YABERCO", "MUNICIPIO": "73217", "ESCENARIO": "E2", "CULTIVO": "Aguacate Hass", "TIPO_INFRA": "Tipo I - Produccion", "NOMBRE_EQUIP": "Vivero aguacate", "TON_VEREDA": 5490.7, "AREA_HA_VEREDA": 743.51, "AREA_EQUIP_M2": 2000, "N_EQUIP_TIPO": 5}}, {"type": "Feature", "geometry": {"x": -75.64113154399996, "y": 4.031129039000064}, "properties": {"OBJECTID": 223, "VEREDA": "YABERCO", "MUNICIPIO": "73217", "ESCENARIO": "E2", "CULTIVO": "Aguacate Hass", "TIPO_INFRA": "Tipo I - Produccion", "NOMBRE_EQUIP": "Sistema riego goteo", "TON_VEREDA": 5490.7, "AREA_HA_VEREDA": 743.51, "AREA_EQUIP_M2": 2000, "N_EQUIP_TIPO": 5}}, {"type": "Feature", "geometry": {"x": -75.16613836399995, "y": 3.7834471080000753}, "properties": {"OBJECTID": 224, "VEREDA": "YABERCO", "MUNICIPIO": "73217", "ESCENARIO": "E2", "CULTIVO": "Aguacate Hass", "TIPO_INFRA": "Tipo I - Produccion", "NOMBRE_EQUIP": "Estacion meteo", "TON_VEREDA": 5490.7, "AREA_HA_VEREDA": 743.51, "AREA_EQUIP_M2": 2000, "N_EQUIP_TIPO": 5}}, {"type": "Feature", "geometry": {"x": -75.25275371399994, "y": 4.056775833000074}, "properties": {"OBJECTID": 225, "VEREDA": "YABERCO", "MUNICIPIO": "73217", "ESCENARIO": "E2", "CULTIVO": "Aguacate Hass", "TIPO_INFRA": "Tipo I - Produccion", "NOMBRE_EQUIP": "Bodega cosecha", "TON_VEREDA": 5490.7, "AREA_HA_VEREDA": 743.51, "AREA_EQUIP_M2": 2000, "N_EQUIP_TIPO": 5}}, {"type": "Feature", "geometry": {"x": -75.14274838099993, "y": 3.912730469000053}, "properties": {"OBJECTID": 226, "VEREDA": "YABERCO", "MUNICIPIO": "73217", "ESCENARIO": "E2", "CULTIVO": "Aguacate Hass", "TIPO_INFRA": "Tipo I - Produccion", "NOMBRE_EQUIP": "Zona empaque campo", "TON_VEREDA": 5490.7, "AREA_HA_VEREDA": 743.51, "AREA_EQUIP_M2": 2000, "N_EQUIP_TIPO": 5}}, {"type": "Feature", "geometry": {"x": -75.04273633099996, "y": 3.7904454840000312}, "properties": {"OBJECTID": 227, "VEREDA": "YABERCO", "MUNICIPIO": "73217", "ESCENARIO": "E2", "CULTIVO": "Aguacate Hass", "TIPO_INFRA": "Tipo II - Transformacion", "NOMBRE_EQUIP": "Planta empaque exportacion", "TON_VEREDA": 5490.7, "AREA_HA_VEREDA": 743.51, "AREA_EQUIP_M2": 3794.4, "N_EQUIP_TIPO": 3}}, {"type": "Feature", "geometry": {"x": -75.03715295299997, "y": 3.7893586540000683}, "properties": {"OBJECTID": 228, "VEREDA": "YABERCO", "MUNICIPIO": "73217", "ESCENARIO": "E2", "CULTIVO": "Aguacate Hass", "TIPO_INFRA": "Tipo II - Transformacion", "NOMBRE_EQUIP": "Cuarto frio", "TON_VEREDA": 5490.7, "AREA_HA_VEREDA": 743.51, "AREA_EQUIP_M2": 3794.4, "N_EQUIP_TIPO": 3}}, {"type": "Feature", "geometry": {"x": -75.03825612699995, "y": 3.791145449000055}, "properties": {"OBJECTID": 229, "VEREDA": "YABERCO", "MUNICIPIO": "73217", "ESCENARIO": "E2", "CULTIVO": "Aguacate Hass", "TIPO_INFRA": "Tipo II - Transformacion", "NOMBRE_EQUIP": "Laboratorio maduracion", "TON_VEREDA": 5490.7, "AREA_HA_VEREDA": 743.51, "AREA_EQUIP_M2": 3794.4, "N_EQUIP_TIPO": 3}}, {"type": "Feature", "geometry": {"x": -75.13424851199994, "y": 3.830867028000057}, "properties": {"OBJECTID": 230, "VEREDA": "YABERCO", "MUNICIPIO": "73217", "ESCENARIO": "E2", "CULTIVO": "Aguacate Hass", "TIPO_INFRA": "Tipo III - Servicios", "NOMBRE_EQUIP": "Escuela aguacateros", "TON_VEREDA": 5490.7, "AREA_HA_VEREDA": 743.51, "AREA_EQUIP_M2": 1215.1, "N_EQUIP_TIPO": 2}}, {"type": "Feature", "geometry": {"x": -75.10061428799997, "y": 3.543717230000027}, "properties": {"OBJECTID": 231, "VEREDA": "YABERCO", "MUNICIPIO": "73217", "ESCENARIO": "E2", "CULTIVO": "Aguacate Hass", "TIPO_INFRA": "Tipo III - Servicios", "NOMBRE_EQUIP": "Centro certificacion exportacion", "TON_VEREDA": 5490.7, "AREA_HA_VEREDA": 743.51, "AREA_EQUIP_M2": 1215.1, "N_EQUIP_TIPO": 2}}, {"type": "Feature", "geometry": {"x": -75.03143143299997, "y": 3.820473595000067}, "properties": {"OBJECTID": 232, "VEREDA": "SANTA MARTA", "MUNICIPIO": "73217", "ESCENARIO": "E2", "CULTIVO": "Caucho", "TIPO_INFRA": "Tipo I - Produccion", "NOMBRE_EQUIP": "Vivero caucho", "TON_VEREDA": 4841.2, "AREA_HA_VEREDA": 1370.46, "AREA_EQUIP_M2": 2000, "N_EQUIP_TIPO": 5}}, {"type": "Feature", "geometry": {"x": -75.06576376299995, "y": 3.5606563870000514}, "properties": {"OBJECTID": 233, "VEREDA": "SANTA MARTA", "MUNICIPIO": "73217", "ESCENARIO": "E2", "CULTIVO": "Caucho", "TIPO_INFRA": "Tipo I - Produccion", "NOMBRE_EQUIP": "Sistema pica latex", "TON_VEREDA": 4841.2, "AREA_HA_VEREDA": 1370.46, "AREA_EQUIP_M2": 2000, "N_EQUIP_TIPO": 5}}, {"type": "Feature", "geometry": {"x": -75.13778311099998, "y": 3.4339850320000664}, "properties": {"OBJECTID": 234, "VEREDA": "SANTA MARTA", "MUNICIPIO": "73217", "ESCENARIO": "E2", "CULTIVO": "Caucho", "TIPO_INFRA": "Tipo I - Produccion", "NOMBRE_EQUIP": "Tanques coagulacion", "TON_VEREDA": 4841.2, "AREA_HA_VEREDA": 1370.46, "AREA_EQUIP_M2": 2000, "N_EQUIP_TIPO": 5}}, {"type": "Feature", "geometry": {"x": -75.20252021999994, "y": 4.088425570000027}, "properties": {"OBJECTID": 235, "VEREDA": "SANTA MARTA", "MUNICIPIO": "73217", "ESCENARIO": "E2", "CULTIVO": "Caucho", "TIPO_INFRA": "Tipo I - Produccion", "NOMBRE_EQUIP": "Bodega coagulo", "TON_VEREDA": 4841.2, "AREA_HA_VEREDA": 1370.46, "AREA_EQUIP_M2": 2000, "N_EQUIP_TIPO": 5}}, {"type": "Feature", "geometry": {"x": -75.11890722299995, "y": 3.747511915000075}, "properties": {"OBJECTID": 236, "VEREDA": "SANTA MARTA", "MUNICIPIO": "73217", "ESCENARIO": "E2", "CULTIVO": "Caucho", "TIPO_INFRA": "Tipo I - Produccion", "NOMBRE_EQUIP": "Centro campo", "TON_VEREDA": 4841.2, "AREA_HA_VEREDA": 1370.46, "AREA_EQUIP_M2": 2000, "N_EQUIP_TIPO": 5}}, {"type": "Feature", "geometry": {"x": -75.11933073999995, "y": 3.8696612430000528}, "properties": {"OBJECTID": 237, "VEREDA": "SANTA MARTA", "MUNICIPIO": "73217", "ESCENARIO": "E2", "CULTIVO": "Caucho", "TIPO_INFRA": "Tipo II - Transformacion", "NOMBRE_EQUIP": "Planta latex RSS", "TON_VEREDA": 4841.2, "AREA_HA_VEREDA": 1370.46, "AREA_EQUIP_M2": 3404.7, "N_EQUIP_TIPO": 2}}, {"type": "Feature", "geometry": {"x": -75.12050672599997, "y": 3.870855092000056}, "properties": {"OBJECTID": 238, "VEREDA": "SANTA MARTA", "MUNICIPIO": "73217", "ESCENARIO": "E2", "CULTIVO": "Caucho", "TIPO_INFRA": "Tipo II - Transformacion", "NOMBRE_EQUIP": "Planta caucho tecnico", "TON_VEREDA": 4841.2, "AREA_HA_VEREDA": 1370.46, "AREA_EQUIP_M2": 3404.7, "N_EQUIP_TIPO": 2}}, {"type": "Feature", "geometry": {"x": -75.13416178899996, "y": 3.5249201690000405}, "properties": {"OBJECTID": 239, "VEREDA": "SANTA MARTA", "MUNICIPIO": "73217", "ESCENARIO": "E2", "CULTIVO": "Caucho", "TIPO_INFRA": "Tipo III - Servicios", "NOMBRE_EQUIP": "Escuela caucheros", "TON_VEREDA": 4841.2, "AREA_HA_VEREDA": 1370.46, "AREA_EQUIP_M2": 1106.9, "N_EQUIP_TIPO": 2}}, {"type": "Feature", "geometry": {"x": -75.22158664999995, "y": 3.9306023000000323}, "properties": {"OBJECTID": 240, "VEREDA": "SANTA MARTA", "MUNICIPIO": "73217", "ESCENARIO": "E2", "CULTIVO": "Caucho", "TIPO_INFRA": "Tipo III - Servicios", "NOMBRE_EQUIP": "Punto comercializacion", "TON_VEREDA": 4841.2, "AREA_HA_VEREDA": 1370.46, "AREA_EQUIP_M2": 1106.9, "N_EQUIP_TIPO": 2}}, {"type": "Feature", "geometry": {"x": -75.13235126199999, "y": 3.9964282140000478}, "properties": {"OBJECTID": 241, "VEREDA": "GUAGUARCO", "MUNICIPIO": "73217", "ESCENARIO": "E2", "CULTIVO": "Caucho", "TIPO_INFRA": "Tipo I - Produccion", "NOMBRE_EQUIP": "Vivero caucho", "TON_VEREDA": 1132.57, "AREA_HA_VEREDA": 465.15, "AREA_EQUIP_M2": 2000, "N_EQUIP_TIPO": 2}}, {"type": "Feature", "geometry": {"x": -75.06013702599995, "y": 3.8067750850000266}, "properties": {"OBJECTID": 242, "VEREDA": "GUAGUARCO", "MUNICIPIO": "73217", "ESCENARIO": "E2", "CULTIVO": "Caucho", "TIPO_INFRA": "Tipo I - Produccion", "NOMBRE_EQUIP": "Sistema pica latex", "TON_VEREDA": 1132.57, "AREA_HA_VEREDA": 465.15, "AREA_EQUIP_M2": 2000, "N_EQUIP_TIPO": 2}}, {"type": "Feature", "geometry": {"x": -75.09498131299995, "y": 3.6992243750000284}, "properties": {"OBJECTID": 243, "VEREDA": "GUAGUARCO", "MUNICIPIO": "73217", "ESCENARIO": "E2", "CULTIVO": "Caucho", "TIPO_INFRA": "Tipo II - Transformacion", "NOMBRE_EQUIP": "Planta latex RSS", "TON_VEREDA": 1132.57, "AREA_HA_VEREDA": 465.15, "AREA_EQUIP_M2": 1179.5, "N_EQUIP_TIPO": 1}}, {"type": "Feature", "geometry": {"x": -75.21933636499995, "y": 3.934099854000067}, "properties": {"OBJECTID": 244, "VEREDA": "GUAGUARCO", "MUNICIPIO": "73217", "ESCENARIO": "E2", "CULTIVO": "Caucho", "TIPO_INFRA": "Tipo III - Servicios", "NOMBRE_EQUIP": "Escuela caucheros", "TON_VEREDA": 1132.57, "AREA_HA_VEREDA": 465.15, "AREA_EQUIP_M2": 488.8, "N_EQUIP_TIPO": 2}}, {"type": "Feature", "geometry": {"x": -75.30213692399997, "y": 3.685698010000067}, "properties": {"OBJECTID": 245, "VEREDA": "GUAGUARCO", "MUNICIPIO": "73217", "ESCENARIO": "E2", "CULTIVO": "Caucho", "TIPO_INFRA": "Tipo III - Servicios", "NOMBRE_EQUIP": "Punto comercializacion", "TON_VEREDA": 1132.57, "AREA_HA_VEREDA": 465.15, "AREA_EQUIP_M2": 488.8, "N_EQUIP_TIPO": 2}}, {"type": "Feature", "geometry": {"x": -75.32550141399997, "y": 3.908166417000075}, "properties": {"OBJECTID": 246, "VEREDA": "CHENCHE - AMAYARCO", "MUNICIPIO": "73217", "ESCENARIO": "E2", "CULTIVO": "Aguacate Hass", "TIPO_INFRA": "Tipo I - Produccion", "NOMBRE_EQUIP": "Vivero aguacate", "TON_VEREDA": 1624.99, "AREA_HA_VEREDA": 135.42, "AREA_EQUIP_M2": 2000, "N_EQUIP_TIPO": 3}}, {"type": "Feature", "geometry": {"x": -75.05061562099996, "y": 3.650374103000047}, "properties": {"OBJECTID": 247, "VEREDA": "CHENCHE - AMAYARCO", "MUNICIPIO": "73217", "ESCENARIO": "E2", "CULTIVO": "Aguacate Hass", "TIPO_INFRA": "Tipo I - Produccion", "NOMBRE_EQUIP": "Sistema riego goteo", "TON_VEREDA": 1624.99, "AREA_HA_VEREDA": 135.42, "AREA_EQUIP_M2": 2000, "N_EQUIP_TIPO": 3}}, {"type": "Feature", "geometry": {"x": -75.08559478399997, "y": 3.9542904020000265}, "properties": {"OBJECTID": 248, "VEREDA": "CHENCHE - AMAYARCO", "MUNICIPIO": "73217", "ESCENARIO": "E2", "CULTIVO": "Aguacate Hass", "TIPO_INFRA": "Tipo I - Produccion", "NOMBRE_EQUIP": "Estacion meteo", "TON_VEREDA": 1624.99, "AREA_HA_VEREDA": 135.42, "AREA_EQUIP_M2": 2000, "N_EQUIP_TIPO": 3}}, {"type": "Feature", "geometry": {"x": -75.18279468099996, "y": 3.781817130000036}, "properties": {"OBJECTID": 249, "VEREDA": "CHENCHE - AMAYARCO", "MUNICIPIO": "73217", "ESCENARIO": "E2", "CULTIVO": "Aguacate Hass", "TIPO_INFRA": "Tipo II - Transformacion", "NOMBRE_EQUIP": "Planta empaque exportacion", "TON_VEREDA": 1624.99, "AREA_HA_VEREDA": 135.42, "AREA_EQUIP_M2": 1475, "N_EQUIP_TIPO": 1}}, {"type": "Feature", "geometry": {"x": -75.09176449999995, "y": 3.6272396500000355}, "properties": {"OBJECTID": 250, "VEREDA": "CHENCHE - AMAYARCO", "MUNICIPIO": "73217", "ESCENARIO": "E2", "CULTIVO": "Aguacate Hass", "TIPO_INFRA": "Tipo III - Servicios", "NOMBRE_EQUIP": "Escuela aguacateros", "TON_VEREDA": 1624.99, "AREA_HA_VEREDA": 135.42, "AREA_EQUIP_M2": 570.8, "N_EQUIP_TIPO": 2}}, {"type": "Feature", "geometry": {"x": -75.06718889999996, "y": 3.8209205000000566}, "properties": {"OBJECTID": 251, "VEREDA": "CHENCHE - AMAYARCO", "MUNICIPIO": "73217", "ESCENARIO": "E2", "CULTIVO": "Aguacate Hass", "TIPO_INFRA": "Tipo III - Servicios", "NOMBRE_EQUIP": "Centro certificacion exportacion", "TON_VEREDA": 1624.99, "AREA_HA_VEREDA": 135.42, "AREA_EQUIP_M2": 570.8, "N_EQUIP_TIPO": 2}}, {"type": "Feature", "geometry": {"x": -75.15395532899998, "y": 3.4225676490000296}, "properties": {"OBJECTID": 252, "VEREDA": "IMBA", "MUNICIPIO": "73483", "ESCENARIO": "E2", "CULTIVO": "Caucho", "TIPO_INFRA": "Tipo I - Produccion", "NOMBRE_EQUIP": "Vivero caucho", "TON_VEREDA": 611.94, "AREA_HA_VEREDA": 194.17, "AREA_EQUIP_M2": 1179.1, "N_EQUIP_TIPO": 1}}, {"type": "Feature", "geometry": {"x": -75.13407085599994, "y": 3.626741321000054}, "properties": {"OBJECTID": 253, "VEREDA": "IMBA", "MUNICIPIO": "73483", "ESCENARIO": "E2", "CULTIVO": "Caucho", "TIPO_INFRA": "Tipo II - Transformacion", "NOMBRE_EQUIP": "Planta latex RSS", "TON_VEREDA": 611.94, "AREA_HA_VEREDA": 194.17, "AREA_EQUIP_M2": 867.2, "N_EQUIP_TIPO": 1}}, {"type": "Feature", "geometry": {"x": -75.10083658199994, "y": 3.8052510890000235}, "properties": {"OBJECTID": 254, "VEREDA": "IMBA", "MUNICIPIO": "73483", "ESCENARIO": "E2", "CULTIVO": "Caucho", "TIPO_INFRA": "Tipo III - Servicios", "NOMBRE_EQUIP": "Escuela caucheros", "TON_VEREDA": 611.94, "AREA_HA_VEREDA": 194.17, "AREA_EQUIP_M2": 402, "N_EQUIP_TIPO": 2}}, {"type": "Feature", "geometry": {"x": -75.18688219799998, "y": 3.4418118090000576}, "properties": {"OBJECTID": 255, "VEREDA": "IMBA", "MUNICIPIO": "73483", "ESCENARIO": "E2", "CULTIVO": "Caucho", "TIPO_INFRA": "Tipo III - Servicios", "NOMBRE_EQUIP": "Punto comercializacion", "TON_VEREDA": 611.94, "AREA_HA_VEREDA": 194.17, "AREA_EQUIP_M2": 402, "N_EQUIP_TIPO": 2}}, {"type": "Feature", "geometry": {"x": -74.98813665099993, "y": 3.6464674470000205}, "properties": {"OBJECTID": 256, "VEREDA": "ANCHIQUE-RINCON", "MUNICIPIO": "73483", "ESCENARIO": "E2", "CULTIVO": "Caucho", "TIPO_INFRA": "Tipo I - Produccion", "NOMBRE_EQUIP": "Vivero caucho", "TON_VEREDA": 401.87, "AREA_HA_VEREDA": 93.97, "AREA_EQUIP_M2": 843, "N_EQUIP_TIPO": 1}}, {"type": "Feature", "geometry": {"x": -75.09483787799996, "y": 3.5759557710000536}, "properties": {"OBJECTID": 257, "VEREDA": "ANCHIQUE-RINCON", "MUNICIPIO": "73483", "ESCENARIO": "E2", "CULTIVO": "Caucho", "TIPO_INFRA": "Tipo II - Transformacion", "NOMBRE_EQUIP": "Planta latex RSS", "TON_VEREDA": 401.87, "AREA_HA_VEREDA": 93.97, "AREA_EQUIP_M2": 741.1, "N_EQUIP_TIPO": 1}}, {"type": "Feature", "geometry": {"x": -75.27270774999994, "y": 3.999939050000023}, "properties": {"OBJECTID": 258, "VEREDA": "ANCHIQUE-RINCON", "MUNICIPIO": "73483", "ESCENARIO": "E2", "CULTIVO": "Caucho", "TIPO_INFRA": "Tipo III - Servicios", "NOMBRE_EQUIP": "Escuela caucheros", "TON_VEREDA": 401.87, "AREA_HA_VEREDA": 93.97, "AREA_EQUIP_M2": 367, "N_EQUIP_TIPO": 2}}, {"type": "Feature", "geometry": {"x": -75.04700544699995, "y": 3.698282139000071}, "properties": {"OBJECTID": 259, "VEREDA": "ANCHIQUE-RINCON", "MUNICIPIO": "73483", "ESCENARIO": "E2", "CULTIVO": "Caucho", "TIPO_INFRA": "Tipo III - Servicios", "NOMBRE_EQUIP": "Punto comercializacion", "TON_VEREDA": 401.87, "AREA_HA_VEREDA": 93.97, "AREA_EQUIP_M2": 367, "N_EQUIP_TIPO": 2}}, {"type": "Feature", "geometry": {"x": -75.20214131699998, "y": 3.4023725380000656}, "properties": {"OBJECTID": 260, "VEREDA": "ANCHIQUE-CAMINO RURAL", "MUNICIPIO": "73483", "ESCENARIO": "E2", "CULTIVO": "Caucho", "TIPO_INFRA": "Tipo I - Produccion", "NOMBRE_EQUIP": "Vivero caucho", "TON_VEREDA": 1044.6, "AREA_HA_VEREDA": 398.15, "AREA_EQUIP_M2": 1871.4, "N_EQUIP_TIPO": 2}}, {"type": "Feature", "geometry": {"x": -74.99394913199995, "y": 3.7488937260000625}, "properties": {"OBJECTID": 261, "VEREDA": "ANCHIQUE-CAMINO RURAL", "MUNICIPIO": "73483", "ESCENARIO": "E2", "CULTIVO": "Caucho", "TIPO_INFRA": "Tipo I - Produccion", "NOMBRE_EQUIP": "Sistema pica latex", "TON_VEREDA": 1044.6, "AREA_HA_VEREDA": 398.15, "AREA_EQUIP_M2": 1871.4, "N_EQUIP_TIPO": 2}}, {"type": "Feature", "geometry": {"x": -75.11464993499999, "y": 3.5850121840000497}, "properties": {"OBJECTID": 262, "VEREDA": "ANCHIQUE-CAMINO RURAL", "MUNICIPIO": "73483", "ESCENARIO": "E2", "CULTIVO": "Caucho", "TIPO_INFRA": "Tipo II - Transformacion", "NOMBRE_EQUIP": "Planta latex RSS", "TON_VEREDA": 1044.6, "AREA_HA_VEREDA": 398.15, "AREA_EQUIP_M2": 1126.8, "N_EQUIP_TIPO": 1}}, {"type": "Feature", "geometry": {"x": -75.18857609999998, "y": 3.4042546610000386}, "properties": {"OBJECTID": 263, "VEREDA": "ANCHIQUE-CAMINO RURAL", "MUNICIPIO": "73483", "ESCENARIO": "E2", "CULTIVO": "Caucho", "TIPO_INFRA": "Tipo III - Servicios", "NOMBRE_EQUIP": "Escuela caucheros", "TON_VEREDA": 1044.6, "AREA_HA_VEREDA": 398.15, "AREA_EQUIP_M2": 474.1, "N_EQUIP_TIPO": 2}}, {"type": "Feature", "geometry": {"x": -75.22136412099997, "y": 3.9329480660000513}, "properties": {"OBJECTID": 264, "VEREDA": "ANCHIQUE-CAMINO RURAL", "MUNICIPIO": "73483", "ESCENARIO": "E2", "CULTIVO": "Caucho", "TIPO_INFRA": "Tipo III - Servicios", "NOMBRE_EQUIP": "Punto comercializacion", "TON_VEREDA": 1044.6, "AREA_HA_VEREDA": 398.15, "AREA_EQUIP_M2": 474.1, "N_EQUIP_TIPO": 2}}, {"type": "Feature", "geometry": {"x": -75.16569725899996, "y": 3.700795431000074}, "properties": {"OBJECTID": 265, "VEREDA": "PALMALTA", "MUNICIPIO": "73483", "ESCENARIO": "E2", "CULTIVO": "Caucho", "TIPO_INFRA": "Tipo I - Produccion", "NOMBRE_EQUIP": "Vivero caucho", "TON_VEREDA": 1041.29, "AREA_HA_VEREDA": 366.56, "AREA_EQUIP_M2": 1866.1, "N_EQUIP_TIPO": 2}}, {"type": "Feature", "geometry": {"x": -75.18365503299998, "y": 3.704175684000063}, "properties": {"OBJECTID": 266, "VEREDA": "PALMALTA", "MUNICIPIO": "73483", "ESCENARIO": "E2", "CULTIVO": "Caucho", "TIPO_INFRA": "Tipo I - Produccion", "NOMBRE_EQUIP": "Sistema pica latex", "TON_VEREDA": 1041.29, "AREA_HA_VEREDA": 366.56, "AREA_EQUIP_M2": 1866.1, "N_EQUIP_TIPO": 2}}, {"type": "Feature", "geometry": {"x": -75.12362650199998, "y": 3.676902423000058}, "properties": {"OBJECTID": 267, "VEREDA": "PALMALTA", "MUNICIPIO": "73483", "ESCENARIO": "E2", "CULTIVO": "Caucho", "TIPO_INFRA": "Tipo II - Transformacion", "NOMBRE_EQUIP": "Planta latex RSS", "TON_VEREDA": 1041.29, "AREA_HA_VEREDA": 366.56, "AREA_EQUIP_M2": 1124.8, "N_EQUIP_TIPO": 1}}, {"type": "Feature", "geometry": {"x": -75.21820956799996, "y": 3.9226670750000494}, "properties": {"OBJECTID": 268, "VEREDA": "PALMALTA", "MUNICIPIO": "73483", "ESCENARIO": "E2", "CULTIVO": "Caucho", "TIPO_INFRA": "Tipo III - Servicios", "NOMBRE_EQUIP": "Escuela caucheros", "TON_VEREDA": 1041.29, "AREA_HA_VEREDA": 366.56, "AREA_EQUIP_M2": 473.5, "N_EQUIP_TIPO": 2}}, {"type": "Feature", "geometry": {"x": -75.17251914499997, "y": 3.7757612360000508}, "properties": {"OBJECTID": 269, "VEREDA": "PALMALTA", "MUNICIPIO": "73483", "ESCENARIO": "E2", "CULTIVO": "Caucho", "TIPO_INFRA": "Tipo III - Servicios", "NOMBRE_EQUIP": "Punto comercializacion", "TON_VEREDA": 1041.29, "AREA_HA_VEREDA": 366.56, "AREA_EQUIP_M2": 473.5, "N_EQUIP_TIPO": 2}}, {"type": "Feature", "geometry": {"x": -75.34051954999995, "y": 3.820257869000045}, "properties": {"OBJECTID": 270, "VEREDA": "APARCO", "MUNICIPIO": "73483", "ESCENARIO": "E2", "CULTIVO": "Caucho", "TIPO_INFRA": "Tipo I - Produccion", "NOMBRE_EQUIP": "Vivero caucho", "TON_VEREDA": 5978.49, "AREA_HA_VEREDA": 846.49, "AREA_EQUIP_M2": 2000, "N_EQUIP_TIPO": 5}}, {"type": "Feature", "geometry": {"x": -75.26779692199995, "y": 3.9801705100000504}, "properties": {"OBJECTID": 271, "VEREDA": "APARCO", "MUNICIPIO": "73483", "ESCENARIO": "E2", "CULTIVO": "Caucho", "TIPO_INFRA": "Tipo I - Produccion", "NOMBRE_EQUIP": "Sistema pica latex", "TON_VEREDA": 5978.49, "AREA_HA_VEREDA": 846.49, "AREA_EQUIP_M2": 2000, "N_EQUIP_TIPO": 5}}, {"type": "Feature", "geometry": {"x": -75.00724072699995, "y": 3.6880479920000653}, "properties": {"OBJECTID": 272, "VEREDA": "APARCO", "MUNICIPIO": "73483", "ESCENARIO": "E2", "CULTIVO": "Caucho", "TIPO_INFRA": "Tipo I - Produccion", "NOMBRE_EQUIP": "Tanques coagulacion", "TON_VEREDA": 5978.49, "AREA_HA_VEREDA": 846.49, "AREA_EQUIP_M2": 2000, "N_EQUIP_TIPO": 5}}, {"type": "Feature", "geometry": {"x": -75.05670472799994, "y": 3.6608575920000703}, "properties": {"OBJECTID": 273, "VEREDA": "APARCO", "MUNICIPIO": "73483", "ESCENARIO": "E2", "CULTIVO": "Caucho", "TIPO_INFRA": "Tipo I - Produccion", "NOMBRE_EQUIP": "Bodega coagulo", "TON_VEREDA": 5978.49, "AREA_HA_VEREDA": 846.49, "AREA_EQUIP_M2": 2000, "N_EQUIP_TIPO": 5}}, {"type": "Feature", "geometry": {"x": -75.16252573999998, "y": 3.6813040010000577}, "properties": {"OBJECTID": 274, "VEREDA": "APARCO", "MUNICIPIO": "73483", "ESCENARIO": "E2", "CULTIVO": "Caucho", "TIPO_INFRA": "Tipo I - Produccion", "NOMBRE_EQUIP": "Centro campo", "TON_VEREDA": 5978.49, "AREA_HA_VEREDA": 846.49, "AREA_EQUIP_M2": 2000, "N_EQUIP_TIPO": 5}}, {"type": "Feature", "geometry": {"x": -75.09551199899994, "y": 3.601005975000021}, "properties": {"OBJECTID": 275, "VEREDA": "APARCO", "MUNICIPIO": "73483", "ESCENARIO": "E2", "CULTIVO": "Caucho", "TIPO_INFRA": "Tipo II - Transformacion", "NOMBRE_EQUIP": "Planta latex RSS", "TON_VEREDA": 5978.49, "AREA_HA_VEREDA": 846.49, "AREA_EQUIP_M2": 4087.1, "N_EQUIP_TIPO": 3}}, {"type": "Feature", "geometry": {"x": -75.09920705599995, "y": 3.6019789870000523}, "properties": {"OBJECTID": 276, "VEREDA": "APARCO", "MUNICIPIO": "73483", "ESCENARIO": "E2", "CULTIVO": "Caucho", "TIPO_INFRA": "Tipo II - Transformacion", "NOMBRE_EQUIP": "Planta caucho tecnico", "TON_VEREDA": 5978.49, "AREA_HA_VEREDA": 846.49, "AREA_EQUIP_M2": 4087.1, "N_EQUIP_TIPO": 3}}, {"type": "Feature", "geometry": {"x": -75.09836793699998, "y": 3.600960568000062}, "properties": {"OBJECTID": 277, "VEREDA": "APARCO", "MUNICIPIO": "73483", "ESCENARIO": "E2", "CULTIVO": "Caucho", "TIPO_INFRA": "Tipo II - Transformacion", "NOMBRE_EQUIP": "Laboratorio calidad", "TON_VEREDA": 5978.49, "AREA_HA_VEREDA": 846.49, "AREA_EQUIP_M2": 4087.1, "N_EQUIP_TIPO": 3}}, {"type": "Feature", "geometry": {"x": -75.27910696899994, "y": 3.926352848000022}, "properties": {"OBJECTID": 278, "VEREDA": "APARCO", "MUNICIPIO": "73483", "ESCENARIO": "E2", "CULTIVO": "Caucho", "TIPO_INFRA": "Tipo III - Servicios", "NOMBRE_EQUIP": "Escuela caucheros", "TON_VEREDA": 5978.49, "AREA_HA_VEREDA": 846.49, "AREA_EQUIP_M2": 1296.4, "N_EQUIP_TIPO": 2}}, {"type": "Feature", "geometry": {"x": -75.09753679899995, "y": 3.6199907500000563}, "properties": {"OBJECTID": 279, "VEREDA": "APARCO", "MUNICIPIO": "73483", "ESCENARIO": "E2", "CULTIVO": "Caucho", "TIPO_INFRA": "Tipo III - Servicios", "NOMBRE_EQUIP": "Punto comercializacion", "TON_VEREDA": 5978.49, "AREA_HA_VEREDA": 846.49, "AREA_EQUIP_M2": 1296.4, "N_EQUIP_TIPO": 2}}, {"type": "Feature", "geometry": {"x": -75.55330466399994, "y": 3.9870979170000282}, "properties": {"OBJECTID": 280, "VEREDA": "EL POIRA", "MUNICIPIO": "73483", "ESCENARIO": "E2", "CULTIVO": "Caucho", "TIPO_INFRA": "Tipo I - Produccion", "NOMBRE_EQUIP": "Vivero caucho", "TON_VEREDA": 9785.11, "AREA_HA_VEREDA": 1128.93, "AREA_EQUIP_M2": 2000, "N_EQUIP_TIPO": 5}}, {"type": "Feature", "geometry": {"x": -75.15034223299995, "y": 3.4578855350000595}, "properties": {"OBJECTID": 281, "VEREDA": "EL POIRA", "MUNICIPIO": "73483", "ESCENARIO": "E2", "CULTIVO": "Caucho", "TIPO_INFRA": "Tipo I - Produccion", "NOMBRE_EQUIP": "Sistema pica latex", "TON_VEREDA": 9785.11, "AREA_HA_VEREDA": 1128.93, "AREA_EQUIP_M2": 2000, "N_EQUIP_TIPO": 5}}, {"type": "Feature", "geometry": {"x": -75.15901020599995, "y": 3.6792830090000734}, "properties": {"OBJECTID": 282, "VEREDA": "EL POIRA", "MUNICIPIO": "73483", "ESCENARIO": "E2", "CULTIVO": "Caucho", "TIPO_INFRA": "Tipo I - Produccion", "NOMBRE_EQUIP": "Tanques coagulacion", "TON_VEREDA": 9785.11, "AREA_HA_VEREDA": 1128.93, "AREA_EQUIP_M2": 2000, "N_EQUIP_TIPO": 5}}, {"type": "Feature", "geometry": {"x": -75.16196772899997, "y": 4.001891745000023}, "properties": {"OBJECTID": 283, "VEREDA": "EL POIRA", "MUNICIPIO": "73483", "ESCENARIO": "E2", "CULTIVO": "Caucho", "TIPO_INFRA": "Tipo I - Produccion", "NOMBRE_EQUIP": "Bodega coagulo", "TON_VEREDA": 9785.11, "AREA_HA_VEREDA": 1128.93, "AREA_EQUIP_M2": 2000, "N_EQUIP_TIPO": 5}}, {"type": "Feature", "geometry": {"x": -75.17616298699994, "y": 3.8596042390000207}, "properties": {"OBJECTID": 284, "VEREDA": "EL POIRA", "MUNICIPIO": "73483", "ESCENARIO": "E2", "CULTIVO": "Caucho", "TIPO_INFRA": "Tipo I - Produccion", "NOMBRE_EQUIP": "Centro campo", "TON_VEREDA": 9785.11, "AREA_HA_VEREDA": 1128.93, "AREA_EQUIP_M2": 2000, "N_EQUIP_TIPO": 5}}, {"type": "Feature", "geometry": {"x": -75.07667746899995, "y": 3.646938328000033}, "properties": {"OBJECTID": 285, "VEREDA": "EL POIRA", "MUNICIPIO": "73483", "ESCENARIO": "E2", "CULTIVO": "Caucho", "TIPO_INFRA": "Tipo II - Transformacion", "NOMBRE_EQUIP": "Planta latex RSS", "TON_VEREDA": 9785.11, "AREA_HA_VEREDA": 1128.93, "AREA_EQUIP_M2": 5000, "N_EQUIP_TIPO": 3}}, {"type": "Feature", "geometry": {"x": -75.06936242199998, "y": 3.649269077000042}, "properties": {"OBJECTID": 286, "VEREDA": "EL POIRA", "MUNICIPIO": "73483", "ESCENARIO": "E2", "CULTIVO": "Caucho", "TIPO_INFRA": "Tipo II - Transformacion", "NOMBRE_EQUIP": "Planta caucho tecnico", "TON_VEREDA": 9785.11, "AREA_HA_VEREDA": 1128.93, "AREA_EQUIP_M2": 5000, "N_EQUIP_TIPO": 3}}, {"type": "Feature", "geometry": {"x": -75.06969982899994, "y": 3.6487098820000483}, "properties": {"OBJECTID": 287, "VEREDA": "EL POIRA", "MUNICIPIO": "73483", "ESCENARIO": "E2", "CULTIVO": "Caucho", "TIPO_INFRA": "Tipo II - Transformacion", "NOMBRE_EQUIP": "Laboratorio calidad", "TON_VEREDA": 9785.11, "AREA_HA_VEREDA": 1128.93, "AREA_EQUIP_M2": 5000, "N_EQUIP_TIPO": 3}}, {"type": "Feature", "geometry": {"x": -75.19052276599996, "y": 3.965478320000045}, "properties": {"OBJECTID": 288, "VEREDA": "EL POIRA", "MUNICIPIO": "73483", "ESCENARIO": "E2", "CULTIVO": "Caucho", "TIPO_INFRA": "Tipo III - Servicios", "NOMBRE_EQUIP": "Escuela caucheros", "TON_VEREDA": 9785.11, "AREA_HA_VEREDA": 1128.93, "AREA_EQUIP_M2": 1500, "N_EQUIP_TIPO": 2}}, {"type": "Feature", "geometry": {"x": -75.20178470099995, "y": 3.822372345000076}, "properties": {"OBJECTID": 289, "VEREDA": "EL POIRA", "MUNICIPIO": "73483", "ESCENARIO": "E2", "CULTIVO": "Caucho", "TIPO_INFRA": "Tipo III - Servicios", "NOMBRE_EQUIP": "Punto comercializacion", "TON_VEREDA": 9785.11, "AREA_HA_VEREDA": 1128.93, "AREA_EQUIP_M2": 1500, "N_EQUIP_TIPO": 2}}, {"type": "Feature", "geometry": {"x": -75.16316683299993, "y": 3.6759153790000596}, "properties": {"OBJECTID": 290, "VEREDA": "BALOCA", "MUNICIPIO": "73483", "ESCENARIO": "E2", "CULTIVO": "Caucho", "TIPO_INFRA": "Tipo I - Produccion", "NOMBRE_EQUIP": "Vivero caucho", "TON_VEREDA": 6818.07, "AREA_HA_VEREDA": 960.53, "AREA_EQUIP_M2": 2000, "N_EQUIP_TIPO": 5}}, {"type": "Feature", "geometry": {"x": -75.23657129399999, "y": 3.9901478190000716}, "properties": {"OBJECTID": 291, "VEREDA": "BALOCA", "MUNICIPIO": "73483", "ESCENARIO": "E2", "CULTIVO": "Caucho", "TIPO_INFRA": "Tipo I - Produccion", "NOMBRE_EQUIP": "Sistema pica latex", "TON_VEREDA": 6818.07, "AREA_HA_VEREDA": 960.53, "AREA_EQUIP_M2": 2000, "N_EQUIP_TIPO": 5}}, {"type": "Feature", "geometry": {"x": -75.07755526699998, "y": 3.6668472740000198}, "properties": {"OBJECTID": 292, "VEREDA": "BALOCA", "MUNICIPIO": "73483", "ESCENARIO": "E2", "CULTIVO": "Caucho", "TIPO_INFRA": "Tipo I - Produccion", "NOMBRE_EQUIP": "Tanques coagulacion", "TON_VEREDA": 6818.07, "AREA_HA_VEREDA": 960.53, "AREA_EQUIP_M2": 2000, "N_EQUIP_TIPO": 5}}, {"type": "Feature", "geometry": {"x": -75.16212723999996, "y": 3.67886971300004}, "properties": {"OBJECTID": 293, "VEREDA": "BALOCA", "MUNICIPIO": "73483", "ESCENARIO": "E2", "CULTIVO": "Caucho", "TIPO_INFRA": "Tipo I - Produccion", "NOMBRE_EQUIP": "Bodega coagulo", "TON_VEREDA": 6818.07, "AREA_HA_VEREDA": 960.53, "AREA_EQUIP_M2": 2000, "N_EQUIP_TIPO": 5}}, {"type": "Feature", "geometry": {"x": -75.14615996199996, "y": 3.6954893320000224}, "properties": {"OBJECTID": 294, "VEREDA": "BALOCA", "MUNICIPIO": "73483", "ESCENARIO": "E2", "CULTIVO": "Caucho", "TIPO_INFRA": "Tipo I - Produccion", "NOMBRE_EQUIP": "Centro campo", "TON_VEREDA": 6818.07, "AREA_HA_VEREDA": 960.53, "AREA_EQUIP_M2": 2000, "N_EQUIP_TIPO": 5}}, {"type": "Feature", "geometry": {"x": -75.11326028099995, "y": 3.662665933000028}, "properties": {"OBJECTID": 295, "VEREDA": "BALOCA", "MUNICIPIO": "73483", "ESCENARIO": "E2", "CULTIVO": "Caucho", "TIPO_INFRA": "Tipo II - Transformacion", "NOMBRE_EQUIP": "Planta latex RSS", "TON_VEREDA": 6818.07, "AREA_HA_VEREDA": 960.53, "AREA_EQUIP_M2": 4590.8, "N_EQUIP_TIPO": 3}}, {"type": "Feature", "geometry": {"x": -75.11596243699995, "y": 3.6603026610000597}, "properties": {"OBJECTID": 296, "VEREDA": "BALOCA", "MUNICIPIO": "73483", "ESCENARIO": "E2", "CULTIVO": "Caucho", "TIPO_INFRA": "Tipo II - Transformacion", "NOMBRE_EQUIP": "Planta caucho tecnico", "TON_VEREDA": 6818.07, "AREA_HA_VEREDA": 960.53, "AREA_EQUIP_M2": 4590.8, "N_EQUIP_TIPO": 3}}, {"type": "Feature", "geometry": {"x": -75.11210017699995, "y": 3.6629570480000666}, "properties": {"OBJECTID": 297, "VEREDA": "BALOCA", "MUNICIPIO": "73483", "ESCENARIO": "E2", "CULTIVO": "Caucho", "TIPO_INFRA": "Tipo II - Transformacion", "NOMBRE_EQUIP": "Laboratorio calidad", "TON_VEREDA": 6818.07, "AREA_HA_VEREDA": 960.53, "AREA_EQUIP_M2": 4590.8, "N_EQUIP_TIPO": 3}}, {"type": "Feature", "geometry": {"x": -75.26386650199998, "y": 3.73172334700007}, "properties": {"OBJECTID": 298, "VEREDA": "BALOCA", "MUNICIPIO": "73483", "ESCENARIO": "E2", "CULTIVO": "Caucho", "TIPO_INFRA": "Tipo III - Servicios", "NOMBRE_EQUIP": "Escuela caucheros", "TON_VEREDA": 6818.07, "AREA_HA_VEREDA": 960.53, "AREA_EQUIP_M2": 1436.3, "N_EQUIP_TIPO": 2}}, {"type": "Feature", "geometry": {"x": -75.06051138799995, "y": 3.8219277900000748}, "properties": {"OBJECTID": 299, "VEREDA": "BALOCA", "MUNICIPIO": "73483", "ESCENARIO": "E2", "CULTIVO": "Caucho", "TIPO_INFRA": "Tipo III - Servicios", "NOMBRE_EQUIP": "Punto comercializacion", "TON_VEREDA": 6818.07, "AREA_HA_VEREDA": 960.53, "AREA_EQUIP_M2": 1436.3, "N_EQUIP_TIPO": 2}}, {"type": "Feature", "geometry": {"x": -75.13975580499994, "y": 4.010020121000025}, "properties": {"OBJECTID": 300, "VEREDA": "LOS ANGELES", "MUNICIPIO": "73483", "ESCENARIO": "E2", "CULTIVO": "Caucho", "TIPO_INFRA": "Tipo I - Produccion", "NOMBRE_EQUIP": "Vivero caucho", "TON_VEREDA": 6706.22, "AREA_HA_VEREDA": 1314.06, "AREA_EQUIP_M2": 2000, "N_EQUIP_TIPO": 5}}, {"type": "Feature", "geometry": {"x": -75.12798904899995, "y": 3.579652696000039}, "properties": {"OBJECTID": 301, "VEREDA": "LOS ANGELES", "MUNICIPIO": "73483", "ESCENARIO": "E2", "CULTIVO": "Caucho", "TIPO_INFRA": "Tipo I - Produccion", "NOMBRE_EQUIP": "Sistema pica latex", "TON_VEREDA": 6706.22, "AREA_HA_VEREDA": 1314.06, "AREA_EQUIP_M2": 2000, "N_EQUIP_TIPO": 5}}, {"type": "Feature", "geometry": {"x": -75.12875343599995, "y": 3.694667485000025}, "properties": {"OBJECTID": 302, "VEREDA": "LOS ANGELES", "MUNICIPIO": "73483", "ESCENARIO": "E2", "CULTIVO": "Caucho", "TIPO_INFRA": "Tipo I - Produccion", "NOMBRE_EQUIP": "Tanques coagulacion", "TON_VEREDA": 6706.22, "AREA_HA_VEREDA": 1314.06, "AREA_EQUIP_M2": 2000, "N_EQUIP_TIPO": 5}}, {"type": "Feature", "geometry": {"x": -75.25125223899994, "y": 4.039297286000021}, "properties": {"OBJECTID": 303, "VEREDA": "LOS ANGELES", "MUNICIPIO": "73483", "ESCENARIO": "E2", "CULTIVO": "Caucho", "TIPO_INFRA": "Tipo I - Produccion", "NOMBRE_EQUIP": "Bodega coagulo", "TON_VEREDA": 6706.22, "AREA_HA_VEREDA": 1314.06, "AREA_EQUIP_M2": 2000, "N_EQUIP_TIPO": 5}}, {"type": "Feature", "geometry": {"x": -75.24620805399996, "y": 4.09915182900005}, "properties": {"OBJECTID": 304, "VEREDA": "LOS ANGELES", "MUNICIPIO": "73483", "ESCENARIO": "E2", "CULTIVO": "Caucho", "TIPO_INFRA": "Tipo I - Produccion", "NOMBRE_EQUIP": "Centro campo", "TON_VEREDA": 6706.22, "AREA_HA_VEREDA": 1314.06, "AREA_EQUIP_M2": 2000, "N_EQUIP_TIPO": 5}}, {"type": "Feature", "geometry": {"x": -75.06678859999994, "y": 3.5875519490000443}, "properties": {"OBJECTID": 305, "VEREDA": "LOS ANGELES", "MUNICIPIO": "73483", "ESCENARIO": "E2", "CULTIVO": "Caucho", "TIPO_INFRA": "Tipo II - Transformacion", "NOMBRE_EQUIP": "Planta latex RSS", "TON_VEREDA": 6706.22, "AREA_HA_VEREDA": 1314.06, "AREA_EQUIP_M2": 4523.7, "N_EQUIP_TIPO": 3}}, {"type": "Feature", "geometry": {"x": -75.06869892099996, "y": 3.5852777400000377}, "properties": {"OBJECTID": 306, "VEREDA": "LOS ANGELES", "MUNICIPIO": "73483", "ESCENARIO": "E2", "CULTIVO": "Caucho", "TIPO_INFRA": "Tipo II - Transformacion", "NOMBRE_EQUIP": "Planta caucho tecnico", "TON_VEREDA": 6706.22, "AREA_HA_VEREDA": 1314.06, "AREA_EQUIP_M2": 4523.7, "N_EQUIP_TIPO": 3}}, {"type": "Feature", "geometry": {"x": -75.06842640299999, "y": 3.5914942170000472}, "properties": {"OBJECTID": 307, "VEREDA": "LOS ANGELES", "MUNICIPIO": "73483", "ESCENARIO": "E2", "CULTIVO": "Caucho", "TIPO_INFRA": "Tipo II - Transformacion", "NOMBRE_EQUIP": "Laboratorio calidad", "TON_VEREDA": 6706.22, "AREA_HA_VEREDA": 1314.06, "AREA_EQUIP_M2": 4523.7, "N_EQUIP_TIPO": 3}}, {"type": "Feature", "geometry": {"x": -75.06551924099995, "y": 3.819540330000052}, "properties": {"OBJECTID": 308, "VEREDA": "LOS ANGELES", "MUNICIPIO": "73483", "ESCENARIO": "E2", "CULTIVO": "Caucho", "TIPO_INFRA": "Tipo III - Servicios", "NOMBRE_EQUIP": "Escuela caucheros", "TON_VEREDA": 6706.22, "AREA_HA_VEREDA": 1314.06, "AREA_EQUIP_M2": 1417.7, "N_EQUIP_TIPO": 2}}, {"type": "Feature", "geometry": {"x": -75.11807315099998, "y": 3.9221753110000463}, "properties": {"OBJECTID": 309, "VEREDA": "LOS ANGELES", "MUNICIPIO": "73483", "ESCENARIO": "E2", "CULTIVO": "Caucho", "TIPO_INFRA": "Tipo III - Servicios", "NOMBRE_EQUIP": "Punto comercializacion", "TON_VEREDA": 6706.22, "AREA_HA_VEREDA": 1314.06, "AREA_EQUIP_M2": 1417.7, "N_EQUIP_TIPO": 2}}, {"type": "Feature", "geometry": {"x": -75.12077409899996, "y": 3.6944291060000296}, "properties": {"OBJECTID": 310, "VEREDA": "TAMIRCO", "MUNICIPIO": "73483", "ESCENARIO": "E2", "CULTIVO": "Caucho", "TIPO_INFRA": "Tipo I - Produccion", "NOMBRE_EQUIP": "Vivero caucho", "TON_VEREDA": 3893.67, "AREA_HA_VEREDA": 1167.88, "AREA_EQUIP_M2": 2000, "N_EQUIP_TIPO": 5}}, {"type": "Feature", "geometry": {"x": -75.19093628799999, "y": 3.8251642010000637}, "properties": {"OBJECTID": 311, "VEREDA": "TAMIRCO", "MUNICIPIO": "73483", "ESCENARIO": "E2", "CULTIVO": "Caucho", "TIPO_INFRA": "Tipo I - Produccion", "NOMBRE_EQUIP": "Sistema pica latex", "TON_VEREDA": 3893.67, "AREA_HA_VEREDA": 1167.88, "AREA_EQUIP_M2": 2000, "N_EQUIP_TIPO": 5}}, {"type": "Feature", "geometry": {"x": -75.04828689399994, "y": 3.565329082000062}, "properties": {"OBJECTID": 312, "VEREDA": "TAMIRCO", "MUNICIPIO": "73483", "ESCENARIO": "E2", "CULTIVO": "Caucho", "TIPO_INFRA": "Tipo I - Produccion", "NOMBRE_EQUIP": "Tanques coagulacion", "TON_VEREDA": 3893.67, "AREA_HA_VEREDA": 1167.88, "AREA_EQUIP_M2": 2000, "N_EQUIP_TIPO": 5}}, {"type": "Feature", "geometry": {"x": -75.17537384399998, "y": 3.702353136000056}, "properties": {"OBJECTID": 313, "VEREDA": "TAMIRCO", "MUNICIPIO": "73483", "ESCENARIO": "E2", "CULTIVO": "Caucho", "TIPO_INFRA": "Tipo I - Produccion", "NOMBRE_EQUIP": "Bodega coagulo", "TON_VEREDA": 3893.67, "AREA_HA_VEREDA": 1167.88, "AREA_EQUIP_M2": 2000, "N_EQUIP_TIPO": 5}}, {"type": "Feature", "geometry": {"x": -75.22498220199998, "y": 3.945211898000025}, "properties": {"OBJECTID": 314, "VEREDA": "TAMIRCO", "MUNICIPIO": "73483", "ESCENARIO": "E2", "CULTIVO": "Caucho", "TIPO_INFRA": "Tipo I - Produccion", "NOMBRE_EQUIP": "Centro campo", "TON_VEREDA": 3893.67, "AREA_HA_VEREDA": 1167.88, "AREA_EQUIP_M2": 2000, "N_EQUIP_TIPO": 5}}, {"type": "Feature", "geometry": {"x": -75.04374463499994, "y": 3.6077083880000487}, "properties": {"OBJECTID": 315, "VEREDA": "TAMIRCO", "MUNICIPIO": "73483", "ESCENARIO": "E2", "CULTIVO": "Caucho", "TIPO_INFRA": "Tipo II - Transformacion", "NOMBRE_EQUIP": "Planta latex RSS", "TON_VEREDA": 3893.67, "AREA_HA_VEREDA": 1167.88, "AREA_EQUIP_M2": 2836.2, "N_EQUIP_TIPO": 2}}, {"type": "Feature", "geometry": {"x": -75.05014872099997, "y": 3.6108279150000726}, "properties": {"OBJECTID": 316, "VEREDA": "TAMIRCO", "MUNICIPIO": "73483", "ESCENARIO": "E2", "CULTIVO": "Caucho", "TIPO_INFRA": "Tipo II - Transformacion", "NOMBRE_EQUIP": "Planta caucho tecnico", "TON_VEREDA": 3893.67, "AREA_HA_VEREDA": 1167.88, "AREA_EQUIP_M2": 2836.2, "N_EQUIP_TIPO": 2}}, {"type": "Feature", "geometry": {"x": -75.09459584999996, "y": 3.6221722000000227}, "properties": {"OBJECTID": 317, "VEREDA": "TAMIRCO", "MUNICIPIO": "73483", "ESCENARIO": "E2", "CULTIVO": "Caucho", "TIPO_INFRA": "Tipo III - Servicios", "NOMBRE_EQUIP": "Escuela caucheros", "TON_VEREDA": 3893.67, "AREA_HA_VEREDA": 1167.88, "AREA_EQUIP_M2": 948.9, "N_EQUIP_TIPO": 2}}, {"type": "Feature", "geometry": {"x": -75.05866517499999, "y": 3.8181274900000517}, "properties": {"OBJECTID": 318, "VEREDA": "TAMIRCO", "MUNICIPIO": "73483", "ESCENARIO": "E2", "CULTIVO": "Caucho", "TIPO_INFRA": "Tipo III - Servicios", "NOMBRE_EQUIP": "Punto comercializacion", "TON_VEREDA": 3893.67, "AREA_HA_VEREDA": 1167.88, "AREA_EQUIP_M2": 948.9, "N_EQUIP_TIPO": 2}}, {"type": "Feature", "geometry": {"x": -75.17554456299996, "y": 3.8595552260000545}, "properties": {"OBJECTID": 319, "VEREDA": "GUASIMAL", "MUNICIPIO": "73483", "ESCENARIO": "E2", "CULTIVO": "Caucho", "TIPO_INFRA": "Tipo I - Produccion", "NOMBRE_EQUIP": "Vivero caucho", "TON_VEREDA": 4944.04, "AREA_HA_VEREDA": 412.07, "AREA_EQUIP_M2": 2000, "N_EQUIP_TIPO": 5}}, {"type": "Feature", "geometry": {"x": -75.16782631999996, "y": 3.8640472120000595}, "properties": {"OBJECTID": 320, "VEREDA": "GUASIMAL", "MUNICIPIO": "73483", "ESCENARIO": "E2", "CULTIVO": "Caucho", "TIPO_INFRA": "Tipo I - Produccion", "NOMBRE_EQUIP": "Sistema pica latex", "TON_VEREDA": 4944.04, "AREA_HA_VEREDA": 412.07, "AREA_EQUIP_M2": 2000, "N_EQUIP_TIPO": 5}}, {"type": "Feature", "geometry": {"x": -75.23633627699996, "y": 3.7545029190000605}, "properties": {"OBJECTID": 321, "VEREDA": "GUASIMAL", "MUNICIPIO": "73483", "ESCENARIO": "E2", "CULTIVO": "Caucho", "TIPO_INFRA": "Tipo I - Produccion", "NOMBRE_EQUIP": "Tanques coagulacion", "TON_VEREDA": 4944.04, "AREA_HA_VEREDA": 412.07, "AREA_EQUIP_M2": 2000, "N_EQUIP_TIPO": 5}}, {"type": "Feature", "geometry": {"x": -75.10210046599997, "y": 3.7984408590000385}, "properties": {"OBJECTID": 322, "VEREDA": "GUASIMAL", "MUNICIPIO": "73483", "ESCENARIO": "E2", "CULTIVO": "Caucho", "TIPO_INFRA": "Tipo I - Produccion", "NOMBRE_EQUIP": "Bodega coagulo", "TON_VEREDA": 4944.04, "AREA_HA_VEREDA": 412.07, "AREA_EQUIP_M2": 2000, "N_EQUIP_TIPO": 5}}, {"type": "Feature", "geometry": {"x": -75.16946349999995, "y": 3.7014125630000763}, "properties": {"OBJECTID": 323, "VEREDA": "GUASIMAL", "MUNICIPIO": "73483", "ESCENARIO": "E2", "CULTIVO": "Caucho", "TIPO_INFRA": "Tipo I - Produccion", "NOMBRE_EQUIP": "Centro campo", "TON_VEREDA": 4944.04, "AREA_HA_VEREDA": 412.07, "AREA_EQUIP_M2": 2000, "N_EQUIP_TIPO": 5}}, {"type": "Feature", "geometry": {"x": -75.11713324899995, "y": 3.5635608150000735}, "properties": {"OBJECTID": 324, "VEREDA": "GUASIMAL", "MUNICIPIO": "73483", "ESCENARIO": "E2", "CULTIVO": "Caucho", "TIPO_INFRA": "Tipo II - Transformacion", "NOMBRE_EQUIP": "Planta latex RSS", "TON_VEREDA": 4944.04, "AREA_HA_VEREDA": 412.07, "AREA_EQUIP_M2": 3466.4, "N_EQUIP_TIPO": 2}}, {"type": "Feature", "geometry": {"x": -75.11546831799996, "y": 3.5673236620000353}, "properties": {"OBJECTID": 325, "VEREDA": "GUASIMAL", "MUNICIPIO": "73483", "ESCENARIO": "E2", "CULTIVO": "Caucho", "TIPO_INFRA": "Tipo II - Transformacion", "NOMBRE_EQUIP": "Planta caucho tecnico", "TON_VEREDA": 4944.04, "AREA_HA_VEREDA": 412.07, "AREA_EQUIP_M2": 3466.4, "N_EQUIP_TIPO": 2}}, {"type": "Feature", "geometry": {"x": -75.22246039999999, "y": 3.9310239500000534}, "properties": {"OBJECTID": 326, "VEREDA": "GUASIMAL", "MUNICIPIO": "73483", "ESCENARIO": "E2", "CULTIVO": "Caucho", "TIPO_INFRA": "Tipo III - Servicios", "NOMBRE_EQUIP": "Escuela caucheros", "TON_VEREDA": 4944.04, "AREA_HA_VEREDA": 412.07, "AREA_EQUIP_M2": 1124, "N_EQUIP_TIPO": 2}}, {"type": "Feature", "geometry": {"x": -75.32494208699995, "y": 3.903379077000068}, "properties": {"OBJECTID": 327, "VEREDA": "GUASIMAL", "MUNICIPIO": "73483", "ESCENARIO": "E2", "CULTIVO": "Caucho", "TIPO_INFRA": "Tipo III - Servicios", "NOMBRE_EQUIP": "Punto comercializacion", "TON_VEREDA": 4944.04, "AREA_HA_VEREDA": 412.07, "AREA_EQUIP_M2": 1124, "N_EQUIP_TIPO": 2}}, {"type": "Feature", "geometry": {"x": -75.68098934599993, "y": 4.067069907000075}, "properties": {"OBJECTID": 328, "VEREDA": "LA VIRGINIA", "MUNICIPIO": "73483", "ESCENARIO": "E2", "CULTIVO": "Caucho", "TIPO_INFRA": "Tipo I - Produccion", "NOMBRE_EQUIP": "Vivero caucho", "TON_VEREDA": 2310.31, "AREA_HA_VEREDA": 205.32, "AREA_EQUIP_M2": 2000, "N_EQUIP_TIPO": 5}}, {"type": "Feature", "geometry": {"x": -75.28114984799998, "y": 3.8773303200000555}, "properties": {"OBJECTID": 329, "VEREDA": "LA VIRGINIA", "MUNICIPIO": "73483", "ESCENARIO": "E2", "CULTIVO": "Caucho", "TIPO_INFRA": "Tipo I - Produccion", "NOMBRE_EQUIP": "Sistema pica latex", "TON_VEREDA": 2310.31, "AREA_HA_VEREDA": 205.32, "AREA_EQUIP_M2": 2000, "N_EQUIP_TIPO": 5}}, {"type": "Feature", "geometry": {"x": -75.09692125699996, "y": 3.578124613000057}, "properties": {"OBJECTID": 330, "VEREDA": "LA VIRGINIA", "MUNICIPIO": "73483", "ESCENARIO": "E2", "CULTIVO": "Caucho", "TIPO_INFRA": "Tipo I - Produccion", "NOMBRE_EQUIP": "Tanques coagulacion", "TON_VEREDA": 2310.31, "AREA_HA_VEREDA": 205.32, "AREA_EQUIP_M2": 2000, "N_EQUIP_TIPO": 5}}, {"type": "Feature", "geometry": {"x": -75.12239202199999, "y": 3.7903797800000234}, "properties": {"OBJECTID": 331, "VEREDA": "LA VIRGINIA", "MUNICIPIO": "73483", "ESCENARIO": "E2", "CULTIVO": "Caucho", "TIPO_INFRA": "Tipo I - Produccion", "NOMBRE_EQUIP": "Bodega coagulo", "TON_VEREDA": 2310.31, "AREA_HA_VEREDA": 205.32, "AREA_EQUIP_M2": 2000, "N_EQUIP_TIPO": 5}}, {"type": "Feature", "geometry": {"x": -75.10811634499998, "y": 3.7952693830000612}, "properties": {"OBJECTID": 332, "VEREDA": "LA VIRGINIA", "MUNICIPIO": "73483", "ESCENARIO": "E2", "CULTIVO": "Caucho", "TIPO_INFRA": "Tipo I - Produccion", "NOMBRE_EQUIP": "Centro campo", "TON_VEREDA": 2310.31, "AREA_HA_VEREDA": 205.32, "AREA_EQUIP_M2": 2000, "N_EQUIP_TIPO": 5}}, {"type": "Feature", "geometry": {"x": -75.12965099199994, "y": 3.518932414000062}, "properties": {"OBJECTID": 333, "VEREDA": "LA VIRGINIA", "MUNICIPIO": "73483", "ESCENARIO": "E2", "CULTIVO": "Caucho", "TIPO_INFRA": "Tipo II - Transformacion", "NOMBRE_EQUIP": "Planta latex RSS", "TON_VEREDA": 2310.31, "AREA_HA_VEREDA": 205.32, "AREA_EQUIP_M2": 1886.2, "N_EQUIP_TIPO": 1}}, {"type": "Feature", "geometry": {"x": -75.09544309999995, "y": 3.967009401000041}, "properties": {"OBJECTID": 334, "VEREDA": "LA VIRGINIA", "MUNICIPIO": "73483", "ESCENARIO": "E2", "CULTIVO": "Caucho", "TIPO_INFRA": "Tipo III - Servicios", "NOMBRE_EQUIP": "Escuela caucheros", "TON_VEREDA": 2310.31, "AREA_HA_VEREDA": 205.32, "AREA_EQUIP_M2": 685.1, "N_EQUIP_TIPO": 2}}, {"type": "Feature", "geometry": {"x": -75.17047667199995, "y": 3.8322167990000366}, "properties": {"OBJECTID": 335, "VEREDA": "LA VIRGINIA", "MUNICIPIO": "73483", "ESCENARIO": "E2", "CULTIVO": "Caucho", "TIPO_INFRA": "Tipo III - Servicios", "NOMBRE_EQUIP": "Punto comercializacion", "TON_VEREDA": 2310.31, "AREA_HA_VEREDA": 205.32, "AREA_EQUIP_M2": 685.1, "N_EQUIP_TIPO": 2}}, {"type": "Feature", "geometry": {"x": -75.08156705899995, "y": 3.621067551000067}, "properties": {"OBJECTID": 336, "VEREDA": "VELU", "MUNICIPIO": "73483", "ESCENARIO": "E2", "CULTIVO": "Caucho", "TIPO_INFRA": "Tipo I - Produccion", "NOMBRE_EQUIP": "Vivero caucho", "TON_VEREDA": 8846.39, "AREA_HA_VEREDA": 1068.6, "AREA_EQUIP_M2": 2000, "N_EQUIP_TIPO": 5}}, {"type": "Feature", "geometry": {"x": -75.19001879499996, "y": 4.0140037670000766}, "properties": {"OBJECTID": 337, "VEREDA": "VELU", "MUNICIPIO": "73483", "ESCENARIO": "E2", "CULTIVO": "Caucho", "TIPO_INFRA": "Tipo I - Produccion", "NOMBRE_EQUIP": "Sistema pica latex", "TON_VEREDA": 8846.39, "AREA_HA_VEREDA": 1068.6, "AREA_EQUIP_M2": 2000, "N_EQUIP_TIPO": 5}}, {"type": "Feature", "geometry": {"x": -75.24366982399994, "y": 3.732835120000061}, "properties": {"OBJECTID": 338, "VEREDA": "VELU", "MUNICIPIO": "73483", "ESCENARIO": "E2", "CULTIVO": "Caucho", "TIPO_INFRA": "Tipo I - Produccion", "NOMBRE_EQUIP": "Tanques coagulacion", "TON_VEREDA": 8846.39, "AREA_HA_VEREDA": 1068.6, "AREA_EQUIP_M2": 2000, "N_EQUIP_TIPO": 5}}, {"type": "Feature", "geometry": {"x": -75.24742385299999, "y": 4.068765155000051}, "properties": {"OBJECTID": 339, "VEREDA": "VELU", "MUNICIPIO": "73483", "ESCENARIO": "E2", "CULTIVO": "Caucho", "TIPO_INFRA": "Tipo I - Produccion", "NOMBRE_EQUIP": "Bodega coagulo", "TON_VEREDA": 8846.39, "AREA_HA_VEREDA": 1068.6, "AREA_EQUIP_M2": 2000, "N_EQUIP_TIPO": 5}}, {"type": "Feature", "geometry": {"x": -75.09554361499994, "y": 3.971602032000021}, "properties": {"OBJECTID": 340, "VEREDA": "VELU", "MUNICIPIO": "73483", "ESCENARIO": "E2", "CULTIVO": "Caucho", "TIPO_INFRA": "Tipo I - Produccion", "NOMBRE_EQUIP": "Centro campo", "TON_VEREDA": 8846.39, "AREA_HA_VEREDA": 1068.6, "AREA_EQUIP_M2": 2000, "N_EQUIP_TIPO": 5}}, {"type": "Feature", "geometry": {"x": -75.09791131199995, "y": 3.532553888000052}, "properties": {"OBJECTID": 341, "VEREDA": "VELU", "MUNICIPIO": "73483", "ESCENARIO": "E2", "CULTIVO": "Caucho", "TIPO_INFRA": "Tipo II - Transformacion", "NOMBRE_EQUIP": "Planta latex RSS", "TON_VEREDA": 8846.39, "AREA_HA_VEREDA": 1068.6, "AREA_EQUIP_M2": 5000, "N_EQUIP_TIPO": 3}}, {"type": "Feature", "geometry": {"x": -75.09750440999994, "y": 3.536629628000071}, "properties": {"OBJECTID": 342, "VEREDA": "VELU", "MUNICIPIO": "73483", "ESCENARIO": "E2", "CULTIVO": "Caucho", "TIPO_INFRA": "Tipo II - Transformacion", "NOMBRE_EQUIP": "Planta caucho tecnico", "TON_VEREDA": 8846.39, "AREA_HA_VEREDA": 1068.6, "AREA_EQUIP_M2": 5000, "N_EQUIP_TIPO": 3}}, {"type": "Feature", "geometry": {"x": -75.09205715699994, "y": 3.5329979800000615}, "properties": {"OBJECTID": 343, "VEREDA": "VELU", "MUNICIPIO": "73483", "ESCENARIO": "E2", "CULTIVO": "Caucho", "TIPO_INFRA": "Tipo II - Transformacion", "NOMBRE_EQUIP": "Laboratorio calidad", "TON_VEREDA": 8846.39, "AREA_HA_VEREDA": 1068.6, "AREA_EQUIP_M2": 5000, "N_EQUIP_TIPO": 3}}, {"type": "Feature", "geometry": {"x": -75.02140167599998, "y": 3.691083767000066}, "properties": {"OBJECTID": 344, "VEREDA": "VELU", "MUNICIPIO": "73483", "ESCENARIO": "E2", "CULTIVO": "Caucho", "TIPO_INFRA": "Tipo III - Servicios", "NOMBRE_EQUIP": "Escuela caucheros", "TON_VEREDA": 8846.39, "AREA_HA_VEREDA": 1068.6, "AREA_EQUIP_M2": 1500, "N_EQUIP_TIPO": 2}}, {"type": "Feature", "geometry": {"x": -75.60435201599995, "y": 4.009824981000065}, "properties": {"OBJECTID": 345, "VEREDA": "VELU", "MUNICIPIO": "73483", "ESCENARIO": "E2", "CULTIVO": "Caucho", "TIPO_INFRA": "Tipo III - Servicios", "NOMBRE_EQUIP": "Punto comercializacion", "TON_VEREDA": 8846.39, "AREA_HA_VEREDA": 1068.6, "AREA_EQUIP_M2": 1500, "N_EQUIP_TIPO": 2}}, {"type": "Feature", "geometry": {"x": -75.09995228399998, "y": 3.7396191310000404}, "properties": {"OBJECTID": 346, "VEREDA": "POCHARCO", "MUNICIPIO": "73483", "ESCENARIO": "E2", "CULTIVO": "Caucho", "TIPO_INFRA": "Tipo I - Produccion", "NOMBRE_EQUIP": "Vivero caucho", "TON_VEREDA": 6431.43, "AREA_HA_VEREDA": 1704.36, "AREA_EQUIP_M2": 2000, "N_EQUIP_TIPO": 5}}, {"type": "Feature", "geometry": {"x": -75.09350965799996, "y": 3.9676333430000454}, "properties": {"OBJECTID": 347, "VEREDA": "POCHARCO", "MUNICIPIO": "73483", "ESCENARIO": "E2", "CULTIVO": "Caucho", "TIPO_INFRA": "Tipo I - Produccion", "NOMBRE_EQUIP": "Sistema pica latex", "TON_VEREDA": 6431.43, "AREA_HA_VEREDA": 1704.36, "AREA_EQUIP_M2": 2000, "N_EQUIP_TIPO": 5}}, {"type": "Feature", "geometry": {"x": -75.13044272899998, "y": 3.9926130050000666}, "properties": {"OBJECTID": 348, "VEREDA": "POCHARCO", "MUNICIPIO": "73483", "ESCENARIO": "E2", "CULTIVO": "Caucho", "TIPO_INFRA": "Tipo I - Produccion", "NOMBRE_EQUIP": "Tanques coagulacion", "TON_VEREDA": 6431.43, "AREA_HA_VEREDA": 1704.36, "AREA_EQUIP_M2": 2000, "N_EQUIP_TIPO": 5}}, {"type": "Feature", "geometry": {"x": -75.09064636999994, "y": 3.91839516400006}, "properties": {"OBJECTID": 349, "VEREDA": "POCHARCO", "MUNICIPIO": "73483", "ESCENARIO": "E2", "CULTIVO": "Caucho", "TIPO_INFRA": "Tipo I - Produccion", "NOMBRE_EQUIP": "Bodega coagulo", "TON_VEREDA": 6431.43, "AREA_HA_VEREDA": 1704.36, "AREA_EQUIP_M2": 2000, "N_EQUIP_TIPO": 5}}, {"type": "Feature", "geometry": {"x": -74.99688043599997, "y": 3.700225696000075}, "properties": {"OBJECTID": 350, "VEREDA": "POCHARCO", "MUNICIPIO": "73483", "ESCENARIO": "E2", "CULTIVO": "Caucho", "TIPO_INFRA": "Tipo I - Produccion", "NOMBRE_EQUIP": "Centro campo", "TON_VEREDA": 6431.43, "AREA_HA_VEREDA": 1704.36, "AREA_EQUIP_M2": 2000, "N_EQUIP_TIPO": 5}}, {"type": "Feature", "geometry": {"x": -75.02731631999995, "y": 3.634225466000032}, "properties": {"OBJECTID": 351, "VEREDA": "POCHARCO", "MUNICIPIO": "73483", "ESCENARIO": "E2", "CULTIVO": "Caucho", "TIPO_INFRA": "Tipo II - Transformacion", "NOMBRE_EQUIP": "Planta latex RSS", "TON_VEREDA": 6431.43, "AREA_HA_VEREDA": 1704.36, "AREA_EQUIP_M2": 4358.9, "N_EQUIP_TIPO": 3}}, {"type": "Feature", "geometry": {"x": -75.02929697799993, "y": 3.6348254750000706}, "properties": {"OBJECTID": 352, "VEREDA": "POCHARCO", "MUNICIPIO": "73483", "ESCENARIO": "E2", "CULTIVO": "Caucho", "TIPO_INFRA": "Tipo II - Transformacion", "NOMBRE_EQUIP": "Planta caucho tecnico", "TON_VEREDA": 6431.43, "AREA_HA_VEREDA": 1704.36, "AREA_EQUIP_M2": 4358.9, "N_EQUIP_TIPO": 3}}, {"type": "Feature", "geometry": {"x": -75.02659325899998, "y": 3.6307379630000582}, "properties": {"OBJECTID": 353, "VEREDA": "POCHARCO", "MUNICIPIO": "73483", "ESCENARIO": "E2", "CULTIVO": "Caucho", "TIPO_INFRA": "Tipo II - Transformacion", "NOMBRE_EQUIP": "Laboratorio calidad", "TON_VEREDA": 6431.43, "AREA_HA_VEREDA": 1704.36, "AREA_EQUIP_M2": 4358.9, "N_EQUIP_TIPO": 3}}, {"type": "Feature", "geometry": {"x": -75.15369081299997, "y": 3.773185584000032}, "properties": {"OBJECTID": 354, "VEREDA": "POCHARCO", "MUNICIPIO": "73483", "ESCENARIO": "E2", "CULTIVO": "Caucho", "TIPO_INFRA": "Tipo III - Servicios", "NOMBRE_EQUIP": "Escuela caucheros", "TON_VEREDA": 6431.43, "AREA_HA_VEREDA": 1704.36, "AREA_EQUIP_M2": 1371.9, "N_EQUIP_TIPO": 2}}, {"type": "Feature", "geometry": {"x": -75.02671044699997, "y": 3.814289418000044}, "properties": {"OBJECTID": 355, "VEREDA": "POCHARCO", "MUNICIPIO": "73483", "ESCENARIO": "E2", "CULTIVO": "Caucho", "TIPO_INFRA": "Tipo III - Servicios", "NOMBRE_EQUIP": "Punto comercializacion", "TON_VEREDA": 6431.43, "AREA_HA_VEREDA": 1704.36, "AREA_EQUIP_M2": 1371.9, "N_EQUIP_TIPO": 2}}, {"type": "Feature", "geometry": {"x": -75.13870637499997, "y": 3.4401658460000704}, "properties": {"OBJECTID": 356, "VEREDA": "BATEAS", "MUNICIPIO": "73483", "ESCENARIO": "E2", "CULTIVO": "Caucho", "TIPO_INFRA": "Tipo I - Produccion", "NOMBRE_EQUIP": "Vivero caucho", "TON_VEREDA": 3153.26, "AREA_HA_VEREDA": 818.02, "AREA_EQUIP_M2": 2000, "N_EQUIP_TIPO": 5}}, {"type": "Feature", "geometry": {"x": -75.24847681599994, "y": 3.742499738000049}, "properties": {"OBJECTID": 357, "VEREDA": "BATEAS", "MUNICIPIO": "73483", "ESCENARIO": "E2", "CULTIVO": "Caucho", "TIPO_INFRA": "Tipo I - Produccion", "NOMBRE_EQUIP": "Sistema pica latex", "TON_VEREDA": 3153.26, "AREA_HA_VEREDA": 818.02, "AREA_EQUIP_M2": 2000, "N_EQUIP_TIPO": 5}}, {"type": "Feature", "geometry": {"x": -75.22384514899994, "y": 4.0758603750000475}, "properties": {"OBJECTID": 358, "VEREDA": "BATEAS", "MUNICIPIO": "73483", "ESCENARIO": "E2", "CULTIVO": "Caucho", "TIPO_INFRA": "Tipo I - Produccion", "NOMBRE_EQUIP": "Tanques coagulacion", "TON_VEREDA": 3153.26, "AREA_HA_VEREDA": 818.02, "AREA_EQUIP_M2": 2000, "N_EQUIP_TIPO": 5}}, {"type": "Feature", "geometry": {"x": -75.09862759399994, "y": 3.8003684040000394}, "properties": {"OBJECTID": 359, "VEREDA": "BATEAS", "MUNICIPIO": "73483", "ESCENARIO": "E2", "CULTIVO": "Caucho", "TIPO_INFRA": "Tipo I - Produccion", "NOMBRE_EQUIP": "Bodega coagulo", "TON_VEREDA": 3153.26, "AREA_HA_VEREDA": 818.02, "AREA_EQUIP_M2": 2000, "N_EQUIP_TIPO": 5}}, {"type": "Feature", "geometry": {"x": -75.16892838899997, "y": 3.7033176770000296}, "properties": {"OBJECTID": 360, "VEREDA": "BATEAS", "MUNICIPIO": "73483", "ESCENARIO": "E2", "CULTIVO": "Caucho", "TIPO_INFRA": "Tipo I - Produccion", "NOMBRE_EQUIP": "Centro campo", "TON_VEREDA": 3153.26, "AREA_HA_VEREDA": 818.02, "AREA_EQUIP_M2": 2000, "N_EQUIP_TIPO": 5}}, {"type": "Feature", "geometry": {"x": -75.03457575299996, "y": 3.5738026040000364}, "properties": {"OBJECTID": 361, "VEREDA": "BATEAS", "MUNICIPIO": "73483", "ESCENARIO": "E2", "CULTIVO": "Caucho", "TIPO_INFRA": "Tipo II - Transformacion", "NOMBRE_EQUIP": "Planta latex RSS", "TON_VEREDA": 3153.26, "AREA_HA_VEREDA": 818.02, "AREA_EQUIP_M2": 2392, "N_EQUIP_TIPO": 2}}, {"type": "Feature", "geometry": {"x": -75.03372882799994, "y": 3.5807161750000205}, "properties": {"OBJECTID": 362, "VEREDA": "BATEAS", "MUNICIPIO": "73483", "ESCENARIO": "E2", "CULTIVO": "Caucho", "TIPO_INFRA": "Tipo II - Transformacion", "NOMBRE_EQUIP": "Planta caucho tecnico", "TON_VEREDA": 3153.26, "AREA_HA_VEREDA": 818.02, "AREA_EQUIP_M2": 2392, "N_EQUIP_TIPO": 2}}, {"type": "Feature", "geometry": {"x": -75.15061519499994, "y": 3.9316680320000614}, "properties": {"OBJECTID": 363, "VEREDA": "BATEAS", "MUNICIPIO": "73483", "ESCENARIO": "E2", "CULTIVO": "Caucho", "TIPO_INFRA": "Tipo III - Servicios", "NOMBRE_EQUIP": "Escuela caucheros", "TON_VEREDA": 3153.26, "AREA_HA_VEREDA": 818.02, "AREA_EQUIP_M2": 825.5, "N_EQUIP_TIPO": 2}}, {"type": "Feature", "geometry": {"x": -75.20781309999995, "y": 3.864061950000064}, "properties": {"OBJECTID": 364, "VEREDA": "BATEAS", "MUNICIPIO": "73483", "ESCENARIO": "E2", "CULTIVO": "Caucho", "TIPO_INFRA": "Tipo III - Servicios", "NOMBRE_EQUIP": "Punto comercializacion", "TON_VEREDA": 3153.26, "AREA_HA_VEREDA": 818.02, "AREA_EQUIP_M2": 825.5, "N_EQUIP_TIPO": 2}}, {"type": "Feature", "geometry": {"x": -75.24729005999995, "y": 3.737578676000055}, "properties": {"OBJECTID": 365, "VEREDA": "PLANES-POCHARCO", "MUNICIPIO": "73483", "ESCENARIO": "E2", "CULTIVO": "Platano", "TIPO_INFRA": "Tipo I - Produccion", "NOMBRE_EQUIP": "Vivero platano", "TON_VEREDA": 50.69, "AREA_HA_VEREDA": 32.46, "AREA_EQUIP_M2": 281.1, "N_EQUIP_TIPO": 1}}, {"type": "Feature", "geometry": {"x": -75.01516460899995, "y": 3.6047621690000256}, "properties": {"OBJECTID": 366, "VEREDA": "PLANES-POCHARCO", "MUNICIPIO": "73483", "ESCENARIO": "E2", "CULTIVO": "Platano", "TIPO_INFRA": "Tipo II - Transformacion", "NOMBRE_EQUIP": "Planta clasificacion", "TON_VEREDA": 50.69, "AREA_HA_VEREDA": 32.46, "AREA_EQUIP_M2": 530.4, "N_EQUIP_TIPO": 1}}, {"type": "Feature", "geometry": {"x": -75.10443598599994, "y": 3.9183008770000356}, "properties": {"OBJECTID": 367, "VEREDA": "PLANES-POCHARCO", "MUNICIPIO": "73483", "ESCENARIO": "E2", "CULTIVO": "Platano", "TIPO_INFRA": "Tipo III - Servicios", "NOMBRE_EQUIP": "Escuela plataneros", "TON_VEREDA": 50.69, "AREA_HA_VEREDA": 32.46, "AREA_EQUIP_M2": 308.4, "N_EQUIP_TIPO": 2}}, {"type": "Feature", "geometry": {"x": -75.11095585299995, "y": 3.525510086000054}, "properties": {"OBJECTID": 368, "VEREDA": "PLANES-POCHARCO", "MUNICIPIO": "73483", "ESCENARIO": "E2", "CULTIVO": "Platano", "TIPO_INFRA": "Tipo III - Servicios", "NOMBRE_EQUIP": "Centro logistica", "TON_VEREDA": 50.69, "AREA_HA_VEREDA": 32.46, "AREA_EQUIP_M2": 308.4, "N_EQUIP_TIPO": 2}}, {"type": "Feature", "geometry": {"x": -74.96762255599998, "y": 3.7362499330000674}, "properties": {"OBJECTID": 369, "VEREDA": "YAVI", "MUNICIPIO": "73483", "ESCENARIO": "E2", "CULTIVO": "Platano", "TIPO_INFRA": "Tipo I - Produccion", "NOMBRE_EQUIP": "Vivero platano", "TON_VEREDA": 18980.01, "AREA_HA_VEREDA": 1256.02, "AREA_EQUIP_M2": 2000, "N_EQUIP_TIPO": 5}}, {"type": "Feature", "geometry": {"x": -75.07476811699996, "y": 3.818081705000054}, "properties": {"OBJECTID": 370, "VEREDA": "YAVI", "MUNICIPIO": "73483", "ESCENARIO": "E2", "CULTIVO": "Platano", "TIPO_INFRA": "Tipo I - Produccion", "NOMBRE_EQUIP": "Empacadora campo", "TON_VEREDA": 18980.01, "AREA_HA_VEREDA": 1256.02, "AREA_EQUIP_M2": 2000, "N_EQUIP_TIPO": 5}}, {"type": "Feature", "geometry": {"x": -74.98247244499998, "y": 3.7486288650000574}, "properties": {"OBJECTID": 371, "VEREDA": "YAVI", "MUNICIPIO": "73483", "ESCENARIO": "E2", "CULTIVO": "Platano", "TIPO_INFRA": "Tipo I - Produccion", "NOMBRE_EQUIP": "Bodega finca", "TON_VEREDA": 18980.01, "AREA_HA_VEREDA": 1256.02, "AREA_EQUIP_M2": 2000, "N_EQUIP_TIPO": 5}}, {"type": "Feature", "geometry": {"x": -75.12559382199998, "y": 3.747629213000039}, "properties": {"OBJECTID": 372, "VEREDA": "YAVI", "MUNICIPIO": "73483", "ESCENARIO": "E2", "CULTIVO": "Platano", "TIPO_INFRA": "Tipo I - Produccion", "NOMBRE_EQUIP": "Sistema riego", "TON_VEREDA": 18980.01, "AREA_HA_VEREDA": 1256.02, "AREA_EQUIP_M2": 2000, "N_EQUIP_TIPO": 5}}, {"type": "Feature", "geometry": {"x": -74.97379818399997, "y": 3.740086318000067}, "properties": {"OBJECTID": 373, "VEREDA": "YAVI", "MUNICIPIO": "73483", "ESCENARIO": "E2", "CULTIVO": "Platano", "TIPO_INFRA": "Tipo I - Produccion", "NOMBRE_EQUIP": "Cuarto campo", "TON_VEREDA": 18980.01, "AREA_HA_VEREDA": 1256.02, "AREA_EQUIP_M2": 2000, "N_EQUIP_TIPO": 5}}, {"type": "Feature", "geometry": {"x": -75.00707000099999, "y": 3.6635120710000706}, "properties": {"OBJECTID": 374, "VEREDA": "YAVI", "MUNICIPIO": "73483", "ESCENARIO": "E2", "CULTIVO": "Platano", "TIPO_INFRA": "Tipo II - Transformacion", "NOMBRE_EQUIP": "Planta clasificacion", "TON_VEREDA": 18980.01, "AREA_HA_VEREDA": 1256.02, "AREA_EQUIP_M2": 5000, "N_EQUIP_TIPO": 3}}, {"type": "Feature", "geometry": {"x": -75.00398284799996, "y": 3.6553072960000463}, "properties": {"OBJECTID": 375, "VEREDA": "YAVI", "MUNICIPIO": "73483", "ESCENARIO": "E2", "CULTIVO": "Platano", "TIPO_INFRA": "Tipo II - Transformacion", "NOMBRE_EQUIP": "Cuarto frio platano", "TON_VEREDA": 18980.01, "AREA_HA_VEREDA": 1256.02, "AREA_EQUIP_M2": 5000, "N_EQUIP_TIPO": 3}}, {"type": "Feature", "geometry": {"x": -75.00640915799994, "y": 3.662521472000037}, "properties": {"OBJECTID": 376, "VEREDA": "YAVI", "MUNICIPIO": "73483", "ESCENARIO": "E2", "CULTIVO": "Platano", "TIPO_INFRA": "Tipo II - Transformacion", "NOMBRE_EQUIP": "Planta snacks", "TON_VEREDA": 18980.01, "AREA_HA_VEREDA": 1256.02, "AREA_EQUIP_M2": 5000, "N_EQUIP_TIPO": 3}}, {"type": "Feature", "geometry": {"x": -75.19203204999997, "y": 3.4035691500000667}, "properties": {"OBJECTID": 377, "VEREDA": "YAVI", "MUNICIPIO": "73483", "ESCENARIO": "E2", "CULTIVO": "Platano", "TIPO_INFRA": "Tipo III - Servicios", "NOMBRE_EQUIP": "Escuela plataneros", "TON_VEREDA": 18980.01, "AREA_HA_VEREDA": 1256.02, "AREA_EQUIP_M2": 1500, "N_EQUIP_TIPO": 2}}, {"type": "Feature", "geometry": {"x": -75.07904534899995, "y": 3.600691973000039}, "properties": {"OBJECTID": 378, "VEREDA": "YAVI", "MUNICIPIO": "73483", "ESCENARIO": "E2", "CULTIVO": "Platano", "TIPO_INFRA": "Tipo III - Servicios", "NOMBRE_EQUIP": "Centro logistica", "TON_VEREDA": 18980.01, "AREA_HA_VEREDA": 1256.02, "AREA_EQUIP_M2": 1500, "N_EQUIP_TIPO": 2}}, {"type": "Feature", "geometry": {"x": -75.08881942999994, "y": 3.664154040000028}, "properties": {"OBJECTID": 379, "VEREDA": "CALABOZO", "MUNICIPIO": "73504", "ESCENARIO": "E2", "CULTIVO": "Caucho", "TIPO_INFRA": "Tipo I - Produccion", "NOMBRE_EQUIP": "Vivero caucho", "TON_VEREDA": 2564.1, "AREA_HA_VEREDA": 569.34, "AREA_EQUIP_M2": 2000, "N_EQUIP_TIPO": 5}}, {"type": "Feature", "geometry": {"x": -75.09499178799996, "y": 3.6785095660000593}, "properties": {"OBJECTID": 380, "VEREDA": "CALABOZO", "MUNICIPIO": "73504", "ESCENARIO": "E2", "CULTIVO": "Caucho", "TIPO_INFRA": "Tipo I - Produccion", "NOMBRE_EQUIP": "Sistema pica latex", "TON_VEREDA": 2564.1, "AREA_HA_VEREDA": 569.34, "AREA_EQUIP_M2": 2000, "N_EQUIP_TIPO": 5}}, {"type": "Feature", "geometry": {"x": -75.28868657599998, "y": 3.932746942000051}, "properties": {"OBJECTID": 381, "VEREDA": "CALABOZO", "MUNICIPIO": "73504", "ESCENARIO": "E2", "CULTIVO": "Caucho", "TIPO_INFRA": "Tipo I - Produccion", "NOMBRE_EQUIP": "Tanques coagulacion", "TON_VEREDA": 2564.1, "AREA_HA_VEREDA": 569.34, "AREA_EQUIP_M2": 2000, "N_EQUIP_TIPO": 5}}, {"type": "Feature", "geometry": {"x": -75.19898780799997, "y": 4.02373992400004}, "properties": {"OBJECTID": 382, "VEREDA": "CALABOZO", "MUNICIPIO": "73504", "ESCENARIO": "E2", "CULTIVO": "Caucho", "TIPO_INFRA": "Tipo I - Produccion", "NOMBRE_EQUIP": "Bodega coagulo", "TON_VEREDA": 2564.1, "AREA_HA_VEREDA": 569.34, "AREA_EQUIP_M2": 2000, "N_EQUIP_TIPO": 5}}, {"type": "Feature", "geometry": {"x": -75.20047936199995, "y": 3.8123910300000716}, "properties": {"OBJECTID": 383, "VEREDA": "CALABOZO", "MUNICIPIO": "73504", "ESCENARIO": "E2", "CULTIVO": "Caucho", "TIPO_INFRA": "Tipo I - Produccion", "NOMBRE_EQUIP": "Centro campo", "TON_VEREDA": 2564.1, "AREA_HA_VEREDA": 569.34, "AREA_EQUIP_M2": 2000, "N_EQUIP_TIPO": 5}}, {"type": "Feature", "geometry": {"x": -75.23307638599994, "y": 4.087312007000037}, "properties": {"OBJECTID": 384, "VEREDA": "CALABOZO", "MUNICIPIO": "73504", "ESCENARIO": "E2", "CULTIVO": "Caucho", "TIPO_INFRA": "Tipo II - Transformacion", "NOMBRE_EQUIP": "Planta latex RSS", "TON_VEREDA": 2564.1, "AREA_HA_VEREDA": 569.34, "AREA_EQUIP_M2": 2038.5, "N_EQUIP_TIPO": 1}}, {"type": "Feature", "geometry": {"x": -75.08995682499994, "y": 3.6203429810000216}, "properties": {"OBJECTID": 385, "VEREDA": "CALABOZO", "MUNICIPIO": "73504", "ESCENARIO": "E2", "CULTIVO": "Caucho", "TIPO_INFRA": "Tipo III - Servicios", "NOMBRE_EQUIP": "Escuela caucheros", "TON_VEREDA": 2564.1, "AREA_HA_VEREDA": 569.34, "AREA_EQUIP_M2": 727.4, "N_EQUIP_TIPO": 2}}, {"type": "Feature", "geometry": {"x": -75.00940130299995, "y": 3.7363159410000435}, "properties": {"OBJECTID": 386, "VEREDA": "CALABOZO", "MUNICIPIO": "73504", "ESCENARIO": "E2", "CULTIVO": "Caucho", "TIPO_INFRA": "Tipo III - Servicios", "NOMBRE_EQUIP": "Punto comercializacion", "TON_VEREDA": 2564.1, "AREA_HA_VEREDA": 569.34, "AREA_EQUIP_M2": 727.4, "N_EQUIP_TIPO": 2}}, {"type": "Feature", "geometry": {"x": -75.21314528799996, "y": 4.047689040000023}, "properties": {"OBJECTID": 387, "VEREDA": "GUAVIO-CALABOZO", "MUNICIPIO": "73504", "ESCENARIO": "E2", "CULTIVO": "Caucho", "TIPO_INFRA": "Tipo I - Produccion", "NOMBRE_EQUIP": "Vivero caucho", "TON_VEREDA": 2204.05, "AREA_HA_VEREDA": 739.67, "AREA_EQUIP_M2": 2000, "N_EQUIP_TIPO": 4}}, {"type": "Feature", "geometry": {"x": -75.15140972199998, "y": 3.465328538000051}, "properties": {"OBJECTID": 388, "VEREDA": "GUAVIO-CALABOZO", "MUNICIPIO": "73504", "ESCENARIO": "E2", "CULTIVO": "Caucho", "TIPO_INFRA": "Tipo I - Produccion", "NOMBRE_EQUIP": "Sistema pica latex", "TON_VEREDA": 2204.05, "AREA_HA_VEREDA": 739.67, "AREA_EQUIP_M2": 2000, "N_EQUIP_TIPO": 4}}, {"type": "Feature", "geometry": {"x": -75.24178878099997, "y": 3.7306026080000265}, "properties": {"OBJECTID": 389, "VEREDA": "GUAVIO-CALABOZO", "MUNICIPIO": "73504", "ESCENARIO": "E2", "CULTIVO": "Caucho", "TIPO_INFRA": "Tipo I - Produccion", "NOMBRE_EQUIP": "Tanques coagulacion", "TON_VEREDA": 2204.05, "AREA_HA_VEREDA": 739.67, "AREA_EQUIP_M2": 2000, "N_EQUIP_TIPO": 4}}, {"type": "Feature", "geometry": {"x": -75.17733817699997, "y": 3.8590341470000453}, "properties": {"OBJECTID": 390, "VEREDA": "GUAVIO-CALABOZO", "MUNICIPIO": "73504", "ESCENARIO": "E2", "CULTIVO": "Caucho", "TIPO_INFRA": "Tipo I - Produccion", "NOMBRE_EQUIP": "Bodega coagulo", "TON_VEREDA": 2204.05, "AREA_HA_VEREDA": 739.67, "AREA_EQUIP_M2": 2000, "N_EQUIP_TIPO": 4}}, {"type": "Feature", "geometry": {"x": -75.22965054799994, "y": 4.060676544000046}, "properties": {"OBJECTID": 391, "VEREDA": "GUAVIO-CALABOZO", "MUNICIPIO": "73504", "ESCENARIO": "E2", "CULTIVO": "Caucho", "TIPO_INFRA": "Tipo II - Transformacion", "NOMBRE_EQUIP": "Planta latex RSS", "TON_VEREDA": 2204.05, "AREA_HA_VEREDA": 739.67, "AREA_EQUIP_M2": 1822.4, "N_EQUIP_TIPO": 1}}, {"type": "Feature", "geometry": {"x": -75.02955717999998, "y": 3.6626217260000544}, "properties": {"OBJECTID": 392, "VEREDA": "GUAVIO-CALABOZO", "MUNICIPIO": "73504", "ESCENARIO": "E2", "CULTIVO": "Caucho", "TIPO_INFRA": "Tipo III - Servicios", "NOMBRE_EQUIP": "Escuela caucheros", "TON_VEREDA": 2204.05, "AREA_HA_VEREDA": 739.67, "AREA_EQUIP_M2": 667.3, "N_EQUIP_TIPO": 2}}, {"type": "Feature", "geometry": {"x": -75.16766386299997, "y": 3.6990259580000497}, "properties": {"OBJECTID": 393, "VEREDA": "GUAVIO-CALABOZO", "MUNICIPIO": "73504", "ESCENARIO": "E2", "CULTIVO": "Caucho", "TIPO_INFRA": "Tipo III - Servicios", "NOMBRE_EQUIP": "Punto comercializacion", "TON_VEREDA": 2204.05, "AREA_HA_VEREDA": 739.67, "AREA_EQUIP_M2": 667.3, "N_EQUIP_TIPO": 2}}, {"type": "Feature", "geometry": {"x": -75.66316244999996, "y": 4.062330072000066}, "properties": {"OBJECTID": 394, "VEREDA": "EL TRIUNFO", "MUNICIPIO": "73504", "ESCENARIO": "E2", "CULTIVO": "Caucho", "TIPO_INFRA": "Tipo I - Produccion", "NOMBRE_EQUIP": "Vivero caucho", "TON_VEREDA": 358.15, "AREA_HA_VEREDA": 238.76, "AREA_EQUIP_M2": 773, "N_EQUIP_TIPO": 1}}, {"type": "Feature", "geometry": {"x": -75.25950600799996, "y": 4.052007976000027}, "properties": {"OBJECTID": 395, "VEREDA": "EL TRIUNFO", "MUNICIPIO": "73504", "ESCENARIO": "E2", "CULTIVO": "Caucho", "TIPO_INFRA": "Tipo II - Transformacion", "NOMBRE_EQUIP": "Planta latex RSS", "TON_VEREDA": 358.15, "AREA_HA_VEREDA": 238.76, "AREA_EQUIP_M2": 714.9, "N_EQUIP_TIPO": 1}}, {"type": "Feature", "geometry": {"x": -75.60592196699997, "y": 4.0126621140000225}, "properties": {"OBJECTID": 396, "VEREDA": "EL TRIUNFO", "MUNICIPIO": "73504", "ESCENARIO": "E2", "CULTIVO": "Caucho", "TIPO_INFRA": "Tipo III - Servicios", "NOMBRE_EQUIP": "Escuela caucheros", "TON_VEREDA": 358.15, "AREA_HA_VEREDA": 238.76, "AREA_EQUIP_M2": 359.7, "N_EQUIP_TIPO": 2}}, {"type": "Feature", "geometry": {"x": -75.34332509999996, "y": 3.8242342500000746}, "properties": {"OBJECTID": 397, "VEREDA": "EL TRIUNFO", "MUNICIPIO": "73504", "ESCENARIO": "E2", "CULTIVO": "Caucho", "TIPO_INFRA": "Tipo III - Servicios", "NOMBRE_EQUIP": "Punto comercializacion", "TON_VEREDA": 358.15, "AREA_HA_VEREDA": 238.76, "AREA_EQUIP_M2": 359.7, "N_EQUIP_TIPO": 2}}, {"type": "Feature", "geometry": {"x": -75.05287352299996, "y": 3.735738561000062}, "properties": {"OBJECTID": 398, "VEREDA": "FLAUTILLO", "MUNICIPIO": "73504", "ESCENARIO": "E2", "CULTIVO": "Caucho", "TIPO_INFRA": "Tipo I - Produccion", "NOMBRE_EQUIP": "Vivero caucho", "TON_VEREDA": 556.35, "AREA_HA_VEREDA": 79.89, "AREA_EQUIP_M2": 1090.2, "N_EQUIP_TIPO": 1}}, {"type": "Feature", "geometry": {"x": -75.19900629099999, "y": 4.00955328200007}, "properties": {"OBJECTID": 399, "VEREDA": "FLAUTILLO", "MUNICIPIO": "73504", "ESCENARIO": "E2", "CULTIVO": "Caucho", "TIPO_INFRA": "Tipo II - Transformacion", "NOMBRE_EQUIP": "Planta latex RSS", "TON_VEREDA": 556.35, "AREA_HA_VEREDA": 79.89, "AREA_EQUIP_M2": 833.8, "N_EQUIP_TIPO": 1}}, {"type": "Feature", "geometry": {"x": -75.13515905299994, "y": 3.7603793020000467}, "properties": {"OBJECTID": 400, "VEREDA": "FLAUTILLO", "MUNICIPIO": "73504", "ESCENARIO": "E2", "CULTIVO": "Caucho", "TIPO_INFRA": "Tipo III - Servicios", "NOMBRE_EQUIP": "Escuela caucheros", "TON_VEREDA": 556.35, "AREA_HA_VEREDA": 79.89, "AREA_EQUIP_M2": 392.7, "N_EQUIP_TIPO": 2}}, {"type": "Feature", "geometry": {"x": -75.19533979999994, "y": 3.800381185000049}, "properties": {"OBJECTID": 401, "VEREDA": "FLAUTILLO", "MUNICIPIO": "73504", "ESCENARIO": "E2", "CULTIVO": "Caucho", "TIPO_INFRA": "Tipo III - Servicios", "NOMBRE_EQUIP": "Punto comercializacion", "TON_VEREDA": 556.35, "AREA_HA_VEREDA": 79.89, "AREA_EQUIP_M2": 392.7, "N_EQUIP_TIPO": 2}}, {"type": "Feature", "geometry": {"x": -75.27126519399997, "y": 3.9513132840000367}, "properties": {"OBJECTID": 402, "VEREDA": "SAN FRANCISCO", "MUNICIPIO": "73504", "ESCENARIO": "E2", "CULTIVO": "Caucho", "TIPO_INFRA": "Tipo I - Produccion", "NOMBRE_EQUIP": "Vivero caucho", "TON_VEREDA": 292.48, "AREA_HA_VEREDA": 24.59, "AREA_EQUIP_M2": 668, "N_EQUIP_TIPO": 1}}, {"type": "Feature", "geometry": {"x": -75.14345254699998, "y": 3.9948733430000516}, "properties": {"OBJECTID": 403, "VEREDA": "SAN FRANCISCO", "MUNICIPIO": "73504", "ESCENARIO": "E2", "CULTIVO": "Caucho", "TIPO_INFRA": "Tipo II - Transformacion", "NOMBRE_EQUIP": "Planta latex RSS", "TON_VEREDA": 292.48, "AREA_HA_VEREDA": 24.59, "AREA_EQUIP_M2": 675.5, "N_EQUIP_TIPO": 1}}, {"type": "Feature", "geometry": {"x": -75.10144455999995, "y": 3.9543607190000216}, "properties": {"OBJECTID": 404, "VEREDA": "SAN FRANCISCO", "MUNICIPIO": "73504", "ESCENARIO": "E2", "CULTIVO": "Caucho", "TIPO_INFRA": "Tipo III - Servicios", "NOMBRE_EQUIP": "Escuela caucheros", "TON_VEREDA": 292.48, "AREA_HA_VEREDA": 24.59, "AREA_EQUIP_M2": 348.7, "N_EQUIP_TIPO": 2}}, {"type": "Feature", "geometry": {"x": -75.17799802599995, "y": 3.4291702390000296}, "properties": {"OBJECTID": 405, "VEREDA": "SAN FRANCISCO", "MUNICIPIO": "73504", "ESCENARIO": "E2", "CULTIVO": "Caucho", "TIPO_INFRA": "Tipo III - Servicios", "NOMBRE_EQUIP": "Punto comercializacion", "TON_VEREDA": 292.48, "AREA_HA_VEREDA": 24.59, "AREA_EQUIP_M2": 348.7, "N_EQUIP_TIPO": 2}}, {"type": "Feature", "geometry": {"x": -75.21967569999998, "y": 3.9451931010000294}, "properties": {"OBJECTID": 406, "VEREDA": "PUENTE CUCUANA", "MUNICIPIO": "73504", "ESCENARIO": "E2", "CULTIVO": "Caucho", "TIPO_INFRA": "Tipo I - Produccion", "NOMBRE_EQUIP": "Vivero caucho", "TON_VEREDA": 1093.05, "AREA_HA_VEREDA": 175.56, "AREA_EQUIP_M2": 1948.9, "N_EQUIP_TIPO": 2}}, {"type": "Feature", "geometry": {"x": -75.16077565799998, "y": 3.6799538030000463}, "properties": {"OBJECTID": 407, "VEREDA": "PUENTE CUCUANA", "MUNICIPIO": "73504", "ESCENARIO": "E2", "CULTIVO": "Caucho", "TIPO_INFRA": "Tipo I - Produccion", "NOMBRE_EQUIP": "Sistema pica latex", "TON_VEREDA": 1093.05, "AREA_HA_VEREDA": 175.56, "AREA_EQUIP_M2": 1948.9, "N_EQUIP_TIPO": 2}}, {"type": "Feature", "geometry": {"x": -75.10595712899999, "y": 3.966023680000035}, "properties": {"OBJECTID": 408, "VEREDA": "PUENTE CUCUANA", "MUNICIPIO": "73504", "ESCENARIO": "E2", "CULTIVO": "Caucho", "TIPO_INFRA": "Tipo II - Transformacion", "NOMBRE_EQUIP": "Planta latex RSS", "TON_VEREDA": 1093.05, "AREA_HA_VEREDA": 175.56, "AREA_EQUIP_M2": 1155.8, "N_EQUIP_TIPO": 1}}, {"type": "Feature", "geometry": {"x": -75.09132077599998, "y": 3.7003031010000313}, "properties": {"OBJECTID": 409, "VEREDA": "PUENTE CUCUANA", "MUNICIPIO": "73504", "ESCENARIO": "E2", "CULTIVO": "Caucho", "TIPO_INFRA": "Tipo III - Servicios", "NOMBRE_EQUIP": "Escuela caucheros", "TON_VEREDA": 1093.05, "AREA_HA_VEREDA": 175.56, "AREA_EQUIP_M2": 482.2, "N_EQUIP_TIPO": 2}}, {"type": "Feature", "geometry": {"x": -75.11357116899995, "y": 3.9530978870000695}, "properties": {"OBJECTID": 410, "VEREDA": "PUENTE CUCUANA", "MUNICIPIO": "73504", "ESCENARIO": "E2", "CULTIVO": "Caucho", "TIPO_INFRA": "Tipo III - Servicios", "NOMBRE_EQUIP": "Punto comercializacion", "TON_VEREDA": 1093.05, "AREA_HA_VEREDA": 175.56, "AREA_EQUIP_M2": 482.2, "N_EQUIP_TIPO": 2}}, {"type": "Feature", "geometry": {"x": -75.15793838199994, "y": 3.6953556270000263}, "properties": {"OBJECTID": 411, "VEREDA": "BOCA DE CUCUANA", "MUNICIPIO": "73504", "ESCENARIO": "E2", "CULTIVO": "Caucho", "TIPO_INFRA": "Tipo I - Produccion", "NOMBRE_EQUIP": "Vivero caucho", "TON_VEREDA": 1764.29, "AREA_HA_VEREDA": 341.95, "AREA_EQUIP_M2": 2000, "N_EQUIP_TIPO": 4}}, {"type": "Feature", "geometry": {"x": -75.09052095099997, "y": 3.914425627000071}, "properties": {"OBJECTID": 412, "VEREDA": "BOCA DE CUCUANA", "MUNICIPIO": "73504", "ESCENARIO": "E2", "CULTIVO": "Caucho", "TIPO_INFRA": "Tipo I - Produccion", "NOMBRE_EQUIP": "Sistema pica latex", "TON_VEREDA": 1764.29, "AREA_HA_VEREDA": 341.95, "AREA_EQUIP_M2": 2000, "N_EQUIP_TIPO": 4}}, {"type": "Feature", "geometry": {"x": -75.03442269699997, "y": 3.563247009000065}, "properties": {"OBJECTID": 413, "VEREDA": "BOCA DE CUCUANA", "MUNICIPIO": "73504", "ESCENARIO": "E2", "CULTIVO": "Caucho", "TIPO_INFRA": "Tipo I - Produccion", "NOMBRE_EQUIP": "Tanques coagulacion", "TON_VEREDA": 1764.29, "AREA_HA_VEREDA": 341.95, "AREA_EQUIP_M2": 2000, "N_EQUIP_TIPO": 4}}, {"type": "Feature", "geometry": {"x": -75.08288105299994, "y": 3.6205677320000405}, "properties": {"OBJECTID": 414, "VEREDA": "BOCA DE CUCUANA", "MUNICIPIO": "73504", "ESCENARIO": "E2", "CULTIVO": "Caucho", "TIPO_INFRA": "Tipo I - Produccion", "NOMBRE_EQUIP": "Bodega coagulo", "TON_VEREDA": 1764.29, "AREA_HA_VEREDA": 341.95, "AREA_EQUIP_M2": 2000, "N_EQUIP_TIPO": 4}}, {"type": "Feature", "geometry": {"x": -75.09189702499998, "y": 3.936479168000062}, "properties": {"OBJECTID": 415, "VEREDA": "BOCA DE CUCUANA", "MUNICIPIO": "73504", "ESCENARIO": "E2", "CULTIVO": "Caucho", "TIPO_INFRA": "Tipo II - Transformacion", "NOMBRE_EQUIP": "Planta latex RSS", "TON_VEREDA": 1764.29, "AREA_HA_VEREDA": 341.95, "AREA_EQUIP_M2": 1558.6, "N_EQUIP_TIPO": 1}}, {"type": "Feature", "geometry": {"x": -75.10143571499998, "y": 3.542003839000074}, "properties": {"OBJECTID": 416, "VEREDA": "BOCA DE CUCUANA", "MUNICIPIO": "73504", "ESCENARIO": "E2", "CULTIVO": "Caucho", "TIPO_INFRA": "Tipo III - Servicios", "NOMBRE_EQUIP": "Escuela caucheros", "TON_VEREDA": 1764.29, "AREA_HA_VEREDA": 341.95, "AREA_EQUIP_M2": 594, "N_EQUIP_TIPO": 2}}, {"type": "Feature", "geometry": {"x": -75.15102660699995, "y": 3.9453016080000225}, "properties": {"OBJECTID": 417, "VEREDA": "BOCA DE CUCUANA", "MUNICIPIO": "73504", "ESCENARIO": "E2", "CULTIVO": "Caucho", "TIPO_INFRA": "Tipo III - Servicios", "NOMBRE_EQUIP": "Punto comercializacion", "TON_VEREDA": 1764.29, "AREA_HA_VEREDA": 341.95, "AREA_EQUIP_M2": 594, "N_EQUIP_TIPO": 2}}, {"type": "Feature", "geometry": {"x": -75.14291193199995, "y": 3.44494105900003}, "properties": {"OBJECTID": 418, "VEREDA": "MESA DE ORTEGA", "MUNICIPIO": "73504", "ESCENARIO": "E2", "CULTIVO": "Caucho", "TIPO_INFRA": "Tipo I - Produccion", "NOMBRE_EQUIP": "Vivero caucho", "TON_VEREDA": 9898.37, "AREA_HA_VEREDA": 2575.7, "AREA_EQUIP_M2": 2000, "N_EQUIP_TIPO": 5}}, {"type": "Feature", "geometry": {"x": -75.16810387499999, "y": 3.692400906000046}, "properties": {"OBJECTID": 419, "VEREDA": "MESA DE ORTEGA", "MUNICIPIO": "73504", "ESCENARIO": "E2", "CULTIVO": "Caucho", "TIPO_INFRA": "Tipo I - Produccion", "NOMBRE_EQUIP": "Sistema pica latex", "TON_VEREDA": 9898.37, "AREA_HA_VEREDA": 2575.7, "AREA_EQUIP_M2": 2000, "N_EQUIP_TIPO": 5}}, {"type": "Feature", "geometry": {"x": -75.65230369499994, "y": 4.049911269000063}, "properties": {"OBJECTID": 420, "VEREDA": "MESA DE ORTEGA", "MUNICIPIO": "73504", "ESCENARIO": "E2", "CULTIVO": "Caucho", "TIPO_INFRA": "Tipo I - Produccion", "NOMBRE_EQUIP": "Tanques coagulacion", "TON_VEREDA": 9898.37, "AREA_HA_VEREDA": 2575.7, "AREA_EQUIP_M2": 2000, "N_EQUIP_TIPO": 5}}, {"type": "Feature", "geometry": {"x": -75.03425879599996, "y": 3.8172189440000466}, "properties": {"OBJECTID": 421, "VEREDA": "MESA DE ORTEGA", "MUNICIPIO": "73504", "ESCENARIO": "E2", "CULTIVO": "Caucho", "TIPO_INFRA": "Tipo I - Produccion", "NOMBRE_EQUIP": "Bodega coagulo", "TON_VEREDA": 9898.37, "AREA_HA_VEREDA": 2575.7, "AREA_EQUIP_M2": 2000, "N_EQUIP_TIPO": 5}}, {"type": "Feature", "geometry": {"x": -75.16842910699995, "y": 3.686187420000067}, "properties": {"OBJECTID": 422, "VEREDA": "MESA DE ORTEGA", "MUNICIPIO": "73504", "ESCENARIO": "E2", "CULTIVO": "Caucho", "TIPO_INFRA": "Tipo I - Produccion", "NOMBRE_EQUIP": "Centro campo", "TON_VEREDA": 9898.37, "AREA_HA_VEREDA": 2575.7, "AREA_EQUIP_M2": 2000, "N_EQUIP_TIPO": 5}}, {"type": "Feature", "geometry": {"x": -75.26534459399994, "y": 4.009238794000055}, "properties": {"OBJECTID": 423, "VEREDA": "MESA DE ORTEGA", "MUNICIPIO": "73504", "ESCENARIO": "E2", "CULTIVO": "Caucho", "TIPO_INFRA": "Tipo II - Transformacion", "NOMBRE_EQUIP": "Planta latex RSS", "TON_VEREDA": 9898.37, "AREA_HA_VEREDA": 2575.7, "AREA_EQUIP_M2": 5000, "N_EQUIP_TIPO": 3}}, {"type": "Feature", "geometry": {"x": -75.26739715999997, "y": 4.012657666000052}, "properties": {"OBJECTID": 424, "VEREDA": "MESA DE ORTEGA", "MUNICIPIO": "73504", "ESCENARIO": "E2", "CULTIVO": "Caucho", "TIPO_INFRA": "Tipo II - Transformacion", "NOMBRE_EQUIP": "Planta caucho tecnico", "TON_VEREDA": 9898.37, "AREA_HA_VEREDA": 2575.7, "AREA_EQUIP_M2": 5000, "N_EQUIP_TIPO": 3}}, {"type": "Feature", "geometry": {"x": -75.26272685199996, "y": 4.011612405000051}, "properties": {"OBJECTID": 425, "VEREDA": "MESA DE ORTEGA", "MUNICIPIO": "73504", "ESCENARIO": "E2", "CULTIVO": "Caucho", "TIPO_INFRA": "Tipo II - Transformacion", "NOMBRE_EQUIP": "Laboratorio calidad", "TON_VEREDA": 9898.37, "AREA_HA_VEREDA": 2575.7, "AREA_EQUIP_M2": 5000, "N_EQUIP_TIPO": 3}}, {"type": "Feature", "geometry": {"x": -75.02550563199998, "y": 3.736379199000055}, "properties": {"OBJECTID": 426, "VEREDA": "MESA DE ORTEGA", "MUNICIPIO": "73504", "ESCENARIO": "E2", "CULTIVO": "Caucho", "TIPO_INFRA": "Tipo III - Servicios", "NOMBRE_EQUIP": "Escuela caucheros", "TON_VEREDA": 9898.37, "AREA_HA_VEREDA": 2575.7, "AREA_EQUIP_M2": 1500, "N_EQUIP_TIPO": 2}}, {"type": "Feature", "geometry": {"x": -75.15017368699995, "y": 3.4715989780000314}, "properties": {"OBJECTID": 427, "VEREDA": "MESA DE ORTEGA", "MUNICIPIO": "73504", "ESCENARIO": "E2", "CULTIVO": "Caucho", "TIPO_INFRA": "Tipo III - Servicios", "NOMBRE_EQUIP": "Punto comercializacion", "TON_VEREDA": 9898.37, "AREA_HA_VEREDA": 2575.7, "AREA_EQUIP_M2": 1500, "N_EQUIP_TIPO": 2}}, {"type": "Feature", "geometry": {"x": -75.14756968699999, "y": 3.448367757000028}, "properties": {"OBJECTID": 428, "VEREDA": "LAS PALMAS", "MUNICIPIO": "73504", "ESCENARIO": "E2", "CULTIVO": "Caucho", "TIPO_INFRA": "Tipo I - Produccion", "NOMBRE_EQUIP": "Vivero caucho", "TON_VEREDA": 18.23, "AREA_HA_VEREDA": 12.15, "AREA_EQUIP_M2": 229.2, "N_EQUIP_TIPO": 1}}, {"type": "Feature", "geometry": {"x": -75.28113286999996, "y": 4.038731080000048}, "properties": {"OBJECTID": 429, "VEREDA": "LAS PALMAS", "MUNICIPIO": "73504", "ESCENARIO": "E2", "CULTIVO": "Caucho", "TIPO_INFRA": "Tipo II - Transformacion", "NOMBRE_EQUIP": "Planta latex RSS", "TON_VEREDA": 18.23, "AREA_HA_VEREDA": 12.15, "AREA_EQUIP_M2": 510.9, "N_EQUIP_TIPO": 1}}, {"type": "Feature", "geometry": {"x": -75.19694957299998, "y": 3.7961449590000598}, "properties": {"OBJECTID": 430, "VEREDA": "LAS PALMAS", "MUNICIPIO": "73504", "ESCENARIO": "E2", "CULTIVO": "Caucho", "TIPO_INFRA": "Tipo III - Servicios", "NOMBRE_EQUIP": "Escuela caucheros", "TON_VEREDA": 18.23, "AREA_HA_VEREDA": 12.15, "AREA_EQUIP_M2": 303, "N_EQUIP_TIPO": 2}}, {"type": "Feature", "geometry": {"x": -75.19911142899997, "y": 3.7991771610000455}, "properties": {"OBJECTID": 431, "VEREDA": "LAS PALMAS", "MUNICIPIO": "73504", "ESCENARIO": "E2", "CULTIVO": "Caucho", "TIPO_INFRA": "Tipo III - Servicios", "NOMBRE_EQUIP": "Punto comercializacion", "TON_VEREDA": 18.23, "AREA_HA_VEREDA": 12.15, "AREA_EQUIP_M2": 303, "N_EQUIP_TIPO": 2}}, {"type": "Feature", "geometry": {"x": -75.24787317899995, "y": 4.094118170000058}, "properties": {"OBJECTID": 432, "VEREDA": "CENTRO", "MUNICIPIO": "73504", "ESCENARIO": "E2", "CULTIVO": "Caucho", "TIPO_INFRA": "Tipo I - Produccion", "NOMBRE_EQUIP": "Vivero caucho", "TON_VEREDA": 430.03, "AREA_HA_VEREDA": 99.21, "AREA_EQUIP_M2": 888.1, "N_EQUIP_TIPO": 1}}, {"type": "Feature", "geometry": {"x": -75.24753027699995, "y": 3.923683939000057}, "properties": {"OBJECTID": 433, "VEREDA": "CENTRO", "MUNICIPIO": "73504", "ESCENARIO": "E2", "CULTIVO": "Caucho", "TIPO_INFRA": "Tipo II - Transformacion", "NOMBRE_EQUIP": "Planta latex RSS", "TON_VEREDA": 430.03, "AREA_HA_VEREDA": 99.21, "AREA_EQUIP_M2": 758, "N_EQUIP_TIPO": 1}}, {"type": "Feature", "geometry": {"x": -75.10323680899995, "y": 3.918497645000059}, "properties": {"OBJECTID": 434, "VEREDA": "CENTRO", "MUNICIPIO": "73504", "ESCENARIO": "E2", "CULTIVO": "Caucho", "TIPO_INFRA": "Tipo III - Servicios", "NOMBRE_EQUIP": "Escuela caucheros", "TON_VEREDA": 430.03, "AREA_HA_VEREDA": 99.21, "AREA_EQUIP_M2": 371.7, "N_EQUIP_TIPO": 2}}, {"type": "Feature", "geometry": {"x": -75.08868612999999, "y": 3.7865516910000565}, "properties": {"OBJECTID": 435, "VEREDA": "CENTRO", "MUNICIPIO": "73504", "ESCENARIO": "E2", "CULTIVO": "Caucho", "TIPO_INFRA": "Tipo III - Servicios", "NOMBRE_EQUIP": "Punto comercializacion", "TON_VEREDA": 430.03, "AREA_HA_VEREDA": 99.21, "AREA_EQUIP_M2": 371.7, "N_EQUIP_TIPO": 2}}, {"type": "Feature", "geometry": {"x": -75.01137662399998, "y": 3.6689604140000256}, "properties": {"OBJECTID": 436, "VEREDA": "PALERMO", "MUNICIPIO": "73504", "ESCENARIO": "E2", "CULTIVO": "Caucho", "TIPO_INFRA": "Tipo I - Produccion", "NOMBRE_EQUIP": "Vivero caucho", "TON_VEREDA": 1284.49, "AREA_HA_VEREDA": 633.85, "AREA_EQUIP_M2": 2000, "N_EQUIP_TIPO": 3}}, {"type": "Feature", "geometry": {"x": -75.66771442199996, "y": 4.067583594000041}, "properties": {"OBJECTID": 437, "VEREDA": "PALERMO", "MUNICIPIO": "73504", "ESCENARIO": "E2", "CULTIVO": "Caucho", "TIPO_INFRA": "Tipo I - Produccion", "NOMBRE_EQUIP": "Sistema pica latex", "TON_VEREDA": 1284.49, "AREA_HA_VEREDA": 633.85, "AREA_EQUIP_M2": 2000, "N_EQUIP_TIPO": 3}}, {"type": "Feature", "geometry": {"x": -75.16811622399996, "y": 3.483991599000035}, "properties": {"OBJECTID": 438, "VEREDA": "PALERMO", "MUNICIPIO": "73504", "ESCENARIO": "E2", "CULTIVO": "Caucho", "TIPO_INFRA": "Tipo I - Produccion", "NOMBRE_EQUIP": "Tanques coagulacion", "TON_VEREDA": 1284.49, "AREA_HA_VEREDA": 633.85, "AREA_EQUIP_M2": 2000, "N_EQUIP_TIPO": 3}}, {"type": "Feature", "geometry": {"x": -75.18468685499994, "y": 3.890270570000041}, "properties": {"OBJECTID": 439, "VEREDA": "PALERMO", "MUNICIPIO": "73504", "ESCENARIO": "E2", "CULTIVO": "Caucho", "TIPO_INFRA": "Tipo II - Transformacion", "NOMBRE_EQUIP": "Planta latex RSS", "TON_VEREDA": 1284.49, "AREA_HA_VEREDA": 633.85, "AREA_EQUIP_M2": 1270.7, "N_EQUIP_TIPO": 1}}, {"type": "Feature", "geometry": {"x": -75.17769044999994, "y": 3.989809150000042}, "properties": {"OBJECTID": 440, "VEREDA": "PALERMO", "MUNICIPIO": "73504", "ESCENARIO": "E2", "CULTIVO": "Caucho", "TIPO_INFRA": "Tipo III - Servicios", "NOMBRE_EQUIP": "Escuela caucheros", "TON_VEREDA": 1284.49, "AREA_HA_VEREDA": 633.85, "AREA_EQUIP_M2": 514.1, "N_EQUIP_TIPO": 2}}, {"type": "Feature", "geometry": {"x": -75.08460273199995, "y": 3.957335477000072}, "properties": {"OBJECTID": 441, "VEREDA": "PALERMO", "MUNICIPIO": "73504", "ESCENARIO": "E2", "CULTIVO": "Caucho", "TIPO_INFRA": "Tipo III - Servicios", "NOMBRE_EQUIP": "Punto comercializacion", "TON_VEREDA": 1284.49, "AREA_HA_VEREDA": 633.85, "AREA_EQUIP_M2": 514.1, "N_EQUIP_TIPO": 2}}, {"type": "Feature", "geometry": {"x": -75.08167645699996, "y": 3.4455713190000665}, "properties": {"OBJECTID": 442, "VEREDA": "ACEITUNO", "MUNICIPIO": "73504", "ESCENARIO": "E2", "CULTIVO": "Caucho", "TIPO_INFRA": "Tipo I - Produccion", "NOMBRE_EQUIP": "Vivero caucho", "TON_VEREDA": 237.09, "AREA_HA_VEREDA": 26.79, "AREA_EQUIP_M2": 579.3, "N_EQUIP_TIPO": 1}}, {"type": "Feature", "geometry": {"x": -75.17590857099998, "y": 3.9164410660000613}, "properties": {"OBJECTID": 443, "VEREDA": "ACEITUNO", "MUNICIPIO": "73504", "ESCENARIO": "E2", "CULTIVO": "Caucho", "TIPO_INFRA": "Tipo II - Transformacion", "NOMBRE_EQUIP": "Planta latex RSS", "TON_VEREDA": 237.09, "AREA_HA_VEREDA": 26.79, "AREA_EQUIP_M2": 642.3, "N_EQUIP_TIPO": 1}}, {"type": "Feature", "geometry": {"x": -75.16072517099997, "y": 3.7745024090000356}, "properties": {"OBJECTID": 444, "VEREDA": "ACEITUNO", "MUNICIPIO": "73504", "ESCENARIO": "E2", "CULTIVO": "Caucho", "TIPO_INFRA": "Tipo III - Servicios", "NOMBRE_EQUIP": "Escuela caucheros", "TON_VEREDA": 237.09, "AREA_HA_VEREDA": 26.79, "AREA_EQUIP_M2": 339.5, "N_EQUIP_TIPO": 2}}, {"type": "Feature", "geometry": {"x": -75.16611009999997, "y": 3.6974632500000553}, "properties": {"OBJECTID": 445, "VEREDA": "ACEITUNO", "MUNICIPIO": "73504", "ESCENARIO": "E2", "CULTIVO": "Caucho", "TIPO_INFRA": "Tipo III - Servicios", "NOMBRE_EQUIP": "Punto comercializacion", "TON_VEREDA": 237.09, "AREA_HA_VEREDA": 26.79, "AREA_EQUIP_M2": 339.5, "N_EQUIP_TIPO": 2}}, {"type": "Feature", "geometry": {"x": -75.20373718099995, "y": 3.9296810740000296}, "properties": {"OBJECTID": 446, "VEREDA": "SAN ANTINIO", "MUNICIPIO": "73504", "ESCENARIO": "E2", "CULTIVO": "Caucho", "TIPO_INFRA": "Tipo I - Produccion", "NOMBRE_EQUIP": "Vivero caucho", "TON_VEREDA": 2160.77, "AREA_HA_VEREDA": 312.31, "AREA_EQUIP_M2": 2000, "N_EQUIP_TIPO": 4}}, {"type": "Feature", "geometry": {"x": -75.07091887099995, "y": 3.666225771000029}, "properties": {"OBJECTID": 447, "VEREDA": "SAN ANTINIO", "MUNICIPIO": "73504", "ESCENARIO": "E2", "CULTIVO": "Caucho", "TIPO_INFRA": "Tipo I - Produccion", "NOMBRE_EQUIP": "Sistema pica latex", "TON_VEREDA": 2160.77, "AREA_HA_VEREDA": 312.31, "AREA_EQUIP_M2": 2000, "N_EQUIP_TIPO": 4}}, {"type": "Feature", "geometry": {"x": -75.13814878899996, "y": 3.436299211000062}, "properties": {"OBJECTID": 448, "VEREDA": "SAN ANTINIO", "MUNICIPIO": "73504", "ESCENARIO": "E2", "CULTIVO": "Caucho", "TIPO_INFRA": "Tipo I - Produccion", "NOMBRE_EQUIP": "Tanques coagulacion", "TON_VEREDA": 2160.77, "AREA_HA_VEREDA": 312.31, "AREA_EQUIP_M2": 2000, "N_EQUIP_TIPO": 4}}, {"type": "Feature", "geometry": {"x": -75.15251100099994, "y": 3.666209482000056}, "properties": {"OBJECTID": 449, "VEREDA": "SAN ANTINIO", "MUNICIPIO": "73504", "ESCENARIO": "E2", "CULTIVO": "Caucho", "TIPO_INFRA": "Tipo I - Produccion", "NOMBRE_EQUIP": "Bodega coagulo", "TON_VEREDA": 2160.77, "AREA_HA_VEREDA": 312.31, "AREA_EQUIP_M2": 2000, "N_EQUIP_TIPO": 4}}, {"type": "Feature", "geometry": {"x": -75.15514122999997, "y": 3.90978405900006}, "properties": {"OBJECTID": 450, "VEREDA": "SAN ANTINIO", "MUNICIPIO": "73504", "ESCENARIO": "E2", "CULTIVO": "Caucho", "TIPO_INFRA": "Tipo II - Transformacion", "NOMBRE_EQUIP": "Planta latex RSS", "TON_VEREDA": 2160.77, "AREA_HA_VEREDA": 312.31, "AREA_EQUIP_M2": 1796.5, "N_EQUIP_TIPO": 1}}, {"type": "Feature", "geometry": {"x": -75.10628805499994, "y": 3.9172191850000218}, "properties": {"OBJECTID": 451, "VEREDA": "SAN ANTINIO", "MUNICIPIO": "73504", "ESCENARIO": "E2", "CULTIVO": "Caucho", "TIPO_INFRA": "Tipo III - Servicios", "NOMBRE_EQUIP": "Escuela caucheros", "TON_VEREDA": 2160.77, "AREA_HA_VEREDA": 312.31, "AREA_EQUIP_M2": 660.1, "N_EQUIP_TIPO": 2}}, {"type": "Feature", "geometry": {"x": -75.12775470099996, "y": 3.7100928930000237}, "properties": {"OBJECTID": 452, "VEREDA": "SAN ANTINIO", "MUNICIPIO": "73504", "ESCENARIO": "E2", "CULTIVO": "Caucho", "TIPO_INFRA": "Tipo III - Servicios", "NOMBRE_EQUIP": "Punto comercializacion", "TON_VEREDA": 2160.77, "AREA_HA_VEREDA": 312.31, "AREA_EQUIP_M2": 660.1, "N_EQUIP_TIPO": 2}}, {"type": "Feature", "geometry": {"x": -75.21823998599996, "y": 4.10268601100006}, "properties": {"OBJECTID": 453, "VEREDA": "GUATAVITA", "MUNICIPIO": "73504", "ESCENARIO": "E2", "CULTIVO": "Aguacate Hass", "TIPO_INFRA": "Tipo I - Produccion", "NOMBRE_EQUIP": "Vivero aguacate", "TON_VEREDA": 4523.96, "AREA_HA_VEREDA": 820.92, "AREA_EQUIP_M2": 2000, "N_EQUIP_TIPO": 5}}, {"type": "Feature", "geometry": {"x": -75.25087760299994, "y": 4.06367091900006}, "properties": {"OBJECTID": 454, "VEREDA": "GUATAVITA", "MUNICIPIO": "73504", "ESCENARIO": "E2", "CULTIVO": "Aguacate Hass", "TIPO_INFRA": "Tipo I - Produccion", "NOMBRE_EQUIP": "Sistema riego goteo", "TON_VEREDA": 4523.96, "AREA_HA_VEREDA": 820.92, "AREA_EQUIP_M2": 2000, "N_EQUIP_TIPO": 5}}, {"type": "Feature", "geometry": {"x": -75.61627124799998, "y": 3.993650065000054}, "properties": {"OBJECTID": 455, "VEREDA": "GUATAVITA", "MUNICIPIO": "73504", "ESCENARIO": "E2", "CULTIVO": "Aguacate Hass", "TIPO_INFRA": "Tipo I - Produccion", "NOMBRE_EQUIP": "Estacion meteo", "TON_VEREDA": 4523.96, "AREA_HA_VEREDA": 820.92, "AREA_EQUIP_M2": 2000, "N_EQUIP_TIPO": 5}}, {"type": "Feature", "geometry": {"x": -75.67752804499997, "y": 4.05217355000002}, "properties": {"OBJECTID": 456, "VEREDA": "GUATAVITA", "MUNICIPIO": "73504", "ESCENARIO": "E2", "CULTIVO": "Aguacate Hass", "TIPO_INFRA": "Tipo I - Produccion", "NOMBRE_EQUIP": "Bodega cosecha", "TON_VEREDA": 4523.96, "AREA_HA_VEREDA": 820.92, "AREA_EQUIP_M2": 2000, "N_EQUIP_TIPO": 5}}, {"type": "Feature", "geometry": {"x": -75.22740361099994, "y": 3.970482860000061}, "properties": {"OBJECTID": 457, "VEREDA": "GUATAVITA", "MUNICIPIO": "73504", "ESCENARIO": "E2", "CULTIVO": "Aguacate Hass", "TIPO_INFRA": "Tipo I - Produccion", "NOMBRE_EQUIP": "Zona empaque campo", "TON_VEREDA": 4523.96, "AREA_HA_VEREDA": 820.92, "AREA_EQUIP_M2": 2000, "N_EQUIP_TIPO": 5}}, {"type": "Feature", "geometry": {"x": -75.14675414799996, "y": 3.8925891260000753}, "properties": {"OBJECTID": 458, "VEREDA": "GUATAVITA", "MUNICIPIO": "73504", "ESCENARIO": "E2", "CULTIVO": "Aguacate Hass", "TIPO_INFRA": "Tipo II - Transformacion", "NOMBRE_EQUIP": "Planta empaque exportacion", "TON_VEREDA": 4523.96, "AREA_HA_VEREDA": 820.92, "AREA_EQUIP_M2": 3214.4, "N_EQUIP_TIPO": 2}}, {"type": "Feature", "geometry": {"x": -75.14944965699993, "y": 3.8969110790000627}, "properties": {"OBJECTID": 459, "VEREDA": "GUATAVITA", "MUNICIPIO": "73504", "ESCENARIO": "E2", "CULTIVO": "Aguacate Hass", "TIPO_INFRA": "Tipo II - Transformacion", "NOMBRE_EQUIP": "Cuarto frio", "TON_VEREDA": 4523.96, "AREA_HA_VEREDA": 820.92, "AREA_EQUIP_M2": 3214.4, "N_EQUIP_TIPO": 2}}, {"type": "Feature", "geometry": {"x": -75.10807449099997, "y": 3.529369981000059}, "properties": {"OBJECTID": 460, "VEREDA": "GUATAVITA", "MUNICIPIO": "73504", "ESCENARIO": "E2", "CULTIVO": "Aguacate Hass", "TIPO_INFRA": "Tipo III - Servicios", "NOMBRE_EQUIP": "Escuela aguacateros", "TON_VEREDA": 4523.96, "AREA_HA_VEREDA": 820.92, "AREA_EQUIP_M2": 1054, "N_EQUIP_TIPO": 2}}, {"type": "Feature", "geometry": {"x": -75.12807788899994, "y": 3.5949280310000518}, "properties": {"OBJECTID": 461, "VEREDA": "GUATAVITA", "MUNICIPIO": "73504", "ESCENARIO": "E2", "CULTIVO": "Aguacate Hass", "TIPO_INFRA": "Tipo III - Servicios", "NOMBRE_EQUIP": "Centro certificacion exportacion", "TON_VEREDA": 4523.96, "AREA_HA_VEREDA": 820.92, "AREA_EQUIP_M2": 1054, "N_EQUIP_TIPO": 2}}, {"type": "Feature", "geometry": {"x": -75.06265612199996, "y": 3.6406196060000298}, "properties": {"OBJECTID": 462, "VEREDA": "LA SORTIJA", "MUNICIPIO": "73504", "ESCENARIO": "E2", "CULTIVO": "Caucho", "TIPO_INFRA": "Tipo I - Produccion", "NOMBRE_EQUIP": "Vivero caucho", "TON_VEREDA": 1791.49, "AREA_HA_VEREDA": 644.09, "AREA_EQUIP_M2": 2000, "N_EQUIP_TIPO": 4}}, {"type": "Feature", "geometry": {"x": -75.07776211299995, "y": 3.817771612000058}, "properties": {"OBJECTID": 463, "VEREDA": "LA SORTIJA", "MUNICIPIO": "73504", "ESCENARIO": "E2", "CULTIVO": "Caucho", "TIPO_INFRA": "Tipo I - Produccion", "NOMBRE_EQUIP": "Sistema pica latex", "TON_VEREDA": 1791.49, "AREA_HA_VEREDA": 644.09, "AREA_EQUIP_M2": 2000, "N_EQUIP_TIPO": 4}}, {"type": "Feature", "geometry": {"x": -75.17249447899997, "y": 3.705933812000069}, "properties": {"OBJECTID": 464, "VEREDA": "LA SORTIJA", "MUNICIPIO": "73504", "ESCENARIO": "E2", "CULTIVO": "Caucho", "TIPO_INFRA": "Tipo I - Produccion", "NOMBRE_EQUIP": "Tanques coagulacion", "TON_VEREDA": 1791.49, "AREA_HA_VEREDA": 644.09, "AREA_EQUIP_M2": 2000, "N_EQUIP_TIPO": 4}}, {"type": "Feature", "geometry": {"x": -74.97491959499996, "y": 3.7147066710000445}, "properties": {"OBJECTID": 465, "VEREDA": "LA SORTIJA", "MUNICIPIO": "73504", "ESCENARIO": "E2", "CULTIVO": "Caucho", "TIPO_INFRA": "Tipo I - Produccion", "NOMBRE_EQUIP": "Bodega coagulo", "TON_VEREDA": 1791.49, "AREA_HA_VEREDA": 644.09, "AREA_EQUIP_M2": 2000, "N_EQUIP_TIPO": 4}}, {"type": "Feature", "geometry": {"x": -75.20811817299995, "y": 3.878322112000035}, "properties": {"OBJECTID": 466, "VEREDA": "LA SORTIJA", "MUNICIPIO": "73504", "ESCENARIO": "E2", "CULTIVO": "Caucho", "TIPO_INFRA": "Tipo II - Transformacion", "NOMBRE_EQUIP": "Planta latex RSS", "TON_VEREDA": 1791.49, "AREA_HA_VEREDA": 644.09, "AREA_EQUIP_M2": 1574.9, "N_EQUIP_TIPO": 1}}, {"type": "Feature", "geometry": {"x": -75.14758828299995, "y": 3.4534133760000714}, "properties": {"OBJECTID": 467, "VEREDA": "LA SORTIJA", "MUNICIPIO": "73504", "ESCENARIO": "E2", "CULTIVO": "Caucho", "TIPO_INFRA": "Tipo III - Servicios", "NOMBRE_EQUIP": "Escuela caucheros", "TON_VEREDA": 1791.49, "AREA_HA_VEREDA": 644.09, "AREA_EQUIP_M2": 598.6, "N_EQUIP_TIPO": 2}}, {"type": "Feature", "geometry": {"x": -75.07240680499996, "y": 3.6998186330000635}, "properties": {"OBJECTID": 468, "VEREDA": "LA SORTIJA", "MUNICIPIO": "73504", "ESCENARIO": "E2", "CULTIVO": "Caucho", "TIPO_INFRA": "Tipo III - Servicios", "NOMBRE_EQUIP": "Punto comercializacion", "TON_VEREDA": 1791.49, "AREA_HA_VEREDA": 644.09, "AREA_EQUIP_M2": 598.6, "N_EQUIP_TIPO": 2}}, {"type": "Feature", "geometry": {"x": -75.05748183599997, "y": 3.804931399000054}, "properties": {"OBJECTID": 469, "VEREDA": "POCARA", "MUNICIPIO": "73504", "ESCENARIO": "E2", "CULTIVO": "Caucho", "TIPO_INFRA": "Tipo I - Produccion", "NOMBRE_EQUIP": "Vivero caucho", "TON_VEREDA": 2806.23, "AREA_HA_VEREDA": 861.06, "AREA_EQUIP_M2": 2000, "N_EQUIP_TIPO": 5}}, {"type": "Feature", "geometry": {"x": -75.30084626099995, "y": 3.9642503230000443}, "properties": {"OBJECTID": 470, "VEREDA": "POCARA", "MUNICIPIO": "73504", "ESCENARIO": "E2", "CULTIVO": "Caucho", "TIPO_INFRA": "Tipo I - Produccion", "NOMBRE_EQUIP": "Sistema pica latex", "TON_VEREDA": 2806.23, "AREA_HA_VEREDA": 861.06, "AREA_EQUIP_M2": 2000, "N_EQUIP_TIPO": 5}}, {"type": "Feature", "geometry": {"x": -75.07661174799995, "y": 3.55762375300003}, "properties": {"OBJECTID": 471, "VEREDA": "POCARA", "MUNICIPIO": "73504", "ESCENARIO": "E2", "CULTIVO": "Caucho", "TIPO_INFRA": "Tipo I - Produccion", "NOMBRE_EQUIP": "Tanques coagulacion", "TON_VEREDA": 2806.23, "AREA_HA_VEREDA": 861.06, "AREA_EQUIP_M2": 2000, "N_EQUIP_TIPO": 5}}, {"type": "Feature", "geometry": {"x": -75.21983399499999, "y": 4.104845491000049}, "properties": {"OBJECTID": 472, "VEREDA": "POCARA", "MUNICIPIO": "73504", "ESCENARIO": "E2", "CULTIVO": "Caucho", "TIPO_INFRA": "Tipo I - Produccion", "NOMBRE_EQUIP": "Bodega coagulo", "TON_VEREDA": 2806.23, "AREA_HA_VEREDA": 861.06, "AREA_EQUIP_M2": 2000, "N_EQUIP_TIPO": 5}}, {"type": "Feature", "geometry": {"x": -75.04616233799999, "y": 3.657062751000069}, "properties": {"OBJECTID": 473, "VEREDA": "POCARA", "MUNICIPIO": "73504", "ESCENARIO": "E2", "CULTIVO": "Caucho", "TIPO_INFRA": "Tipo I - Produccion", "NOMBRE_EQUIP": "Centro campo", "TON_VEREDA": 2806.23, "AREA_HA_VEREDA": 861.06, "AREA_EQUIP_M2": 2000, "N_EQUIP_TIPO": 5}}, {"type": "Feature", "geometry": {"x": -75.23742543999998, "y": 3.901207604000035}, "properties": {"OBJECTID": 474, "VEREDA": "POCARA", "MUNICIPIO": "73504", "ESCENARIO": "E2", "CULTIVO": "Caucho", "TIPO_INFRA": "Tipo II - Transformacion", "NOMBRE_EQUIP": "Planta latex RSS", "TON_VEREDA": 2806.23, "AREA_HA_VEREDA": 861.06, "AREA_EQUIP_M2": 2183.7, "N_EQUIP_TIPO": 1}}, {"type": "Feature", "geometry": {"x": -75.11961840099997, "y": 3.70509185100002}, "properties": {"OBJECTID": 475, "VEREDA": "POCARA", "MUNICIPIO": "73504", "ESCENARIO": "E2", "CULTIVO": "Caucho", "TIPO_INFRA": "Tipo III - Servicios", "NOMBRE_EQUIP": "Escuela caucheros", "TON_VEREDA": 2806.23, "AREA_HA_VEREDA": 861.06, "AREA_EQUIP_M2": 767.7, "N_EQUIP_TIPO": 2}}, {"type": "Feature", "geometry": {"x": -75.22169664999996, "y": 3.9302498000000696}, "properties": {"OBJECTID": 476, "VEREDA": "POCARA", "MUNICIPIO": "73504", "ESCENARIO": "E2", "CULTIVO": "Caucho", "TIPO_INFRA": "Tipo III - Servicios", "NOMBRE_EQUIP": "Punto comercializacion", "TON_VEREDA": 2806.23, "AREA_HA_VEREDA": 861.06, "AREA_EQUIP_M2": 767.7, "N_EQUIP_TIPO": 2}}, {"type": "Feature", "geometry": {"x": -75.63453252199997, "y": 4.022864543000026}, "properties": {"OBJECTID": 477, "VEREDA": "ARROYUELO", "MUNICIPIO": "73504", "ESCENARIO": "E2", "CULTIVO": "Caucho", "TIPO_INFRA": "Tipo I - Produccion", "NOMBRE_EQUIP": "Vivero caucho", "TON_VEREDA": 1855.53, "AREA_HA_VEREDA": 584.8, "AREA_EQUIP_M2": 2000, "N_EQUIP_TIPO": 4}}, {"type": "Feature", "geometry": {"x": -75.14836723999997, "y": 3.7820676520000234}, "properties": {"OBJECTID": 478, "VEREDA": "ARROYUELO", "MUNICIPIO": "73504", "ESCENARIO": "E2", "CULTIVO": "Caucho", "TIPO_INFRA": "Tipo I - Produccion", "NOMBRE_EQUIP": "Sistema pica latex", "TON_VEREDA": 1855.53, "AREA_HA_VEREDA": 584.8, "AREA_EQUIP_M2": 2000, "N_EQUIP_TIPO": 4}}, {"type": "Feature", "geometry": {"x": -75.13703231199997, "y": 4.006684104000044}, "properties": {"OBJECTID": 479, "VEREDA": "ARROYUELO", "MUNICIPIO": "73504", "ESCENARIO": "E2", "CULTIVO": "Caucho", "TIPO_INFRA": "Tipo I - Produccion", "NOMBRE_EQUIP": "Tanques coagulacion", "TON_VEREDA": 1855.53, "AREA_HA_VEREDA": 584.8, "AREA_EQUIP_M2": 2000, "N_EQUIP_TIPO": 4}}, {"type": "Feature", "geometry": {"x": -75.27547553599999, "y": 4.042775623000068}, "properties": {"OBJECTID": 480, "VEREDA": "ARROYUELO", "MUNICIPIO": "73504", "ESCENARIO": "E2", "CULTIVO": "Caucho", "TIPO_INFRA": "Tipo I - Produccion", "NOMBRE_EQUIP": "Bodega coagulo", "TON_VEREDA": 1855.53, "AREA_HA_VEREDA": 584.8, "AREA_EQUIP_M2": 2000, "N_EQUIP_TIPO": 4}}, {"type": "Feature", "geometry": {"x": -75.20544075899994, "y": 3.912938992000022}, "properties": {"OBJECTID": 481, "VEREDA": "ARROYUELO", "MUNICIPIO": "73504", "ESCENARIO": "E2", "CULTIVO": "Caucho", "TIPO_INFRA": "Tipo II - Transformacion", "NOMBRE_EQUIP": "Planta latex RSS", "TON_VEREDA": 1855.53, "AREA_HA_VEREDA": 584.8, "AREA_EQUIP_M2": 1613.3, "N_EQUIP_TIPO": 1}}, {"type": "Feature", "geometry": {"x": -75.29304230099996, "y": 3.813723542000048}, "properties": {"OBJECTID": 482, "VEREDA": "ARROYUELO", "MUNICIPIO": "73504", "ESCENARIO": "E2", "CULTIVO": "Caucho", "TIPO_INFRA": "Tipo III - Servicios", "NOMBRE_EQUIP": "Escuela caucheros", "TON_VEREDA": 1855.53, "AREA_HA_VEREDA": 584.8, "AREA_EQUIP_M2": 609.3, "N_EQUIP_TIPO": 2}}, {"type": "Feature", "geometry": {"x": -75.09987931899997, "y": 3.536842216000025}, "properties": {"OBJECTID": 483, "VEREDA": "ARROYUELO", "MUNICIPIO": "73504", "ESCENARIO": "E2", "CULTIVO": "Caucho", "TIPO_INFRA": "Tipo III - Servicios", "NOMBRE_EQUIP": "Punto comercializacion", "TON_VEREDA": 1855.53, "AREA_HA_VEREDA": 584.8, "AREA_EQUIP_M2": 609.3, "N_EQUIP_TIPO": 2}}, {"type": "Feature", "geometry": {"x": -75.32723773199996, "y": 3.8086843790000557}, "properties": {"OBJECTID": 484, "VEREDA": "TAQUIMA", "MUNICIPIO": "73504", "ESCENARIO": "E2", "CULTIVO": "Caucho", "TIPO_INFRA": "Tipo I - Produccion", "NOMBRE_EQUIP": "Vivero caucho", "TON_VEREDA": 1415.66, "AREA_HA_VEREDA": 488.69, "AREA_EQUIP_M2": 2000, "N_EQUIP_TIPO": 3}}, {"type": "Feature", "geometry": {"x": -75.12076847299994, "y": 3.9846942540000327}, "properties": {"OBJECTID": 485, "VEREDA": "TAQUIMA", "MUNICIPIO": "73504", "ESCENARIO": "E2", "CULTIVO": "Caucho", "TIPO_INFRA": "Tipo I - Produccion", "NOMBRE_EQUIP": "Sistema pica latex", "TON_VEREDA": 1415.66, "AREA_HA_VEREDA": 488.69, "AREA_EQUIP_M2": 2000, "N_EQUIP_TIPO": 3}}, {"type": "Feature", "geometry": {"x": -75.32700240799994, "y": 3.7988721530000475}, "properties": {"OBJECTID": 486, "VEREDA": "TAQUIMA", "MUNICIPIO": "73504", "ESCENARIO": "E2", "CULTIVO": "Caucho", "TIPO_INFRA": "Tipo I - Produccion", "NOMBRE_EQUIP": "Tanques coagulacion", "TON_VEREDA": 1415.66, "AREA_HA_VEREDA": 488.69, "AREA_EQUIP_M2": 2000, "N_EQUIP_TIPO": 3}}, {"type": "Feature", "geometry": {"x": -75.27476166099996, "y": 3.9069801510000275}, "properties": {"OBJECTID": 487, "VEREDA": "TAQUIMA", "MUNICIPIO": "73504", "ESCENARIO": "E2", "CULTIVO": "Caucho", "TIPO_INFRA": "Tipo II - Transformacion", "NOMBRE_EQUIP": "Planta latex RSS", "TON_VEREDA": 1415.66, "AREA_HA_VEREDA": 488.69, "AREA_EQUIP_M2": 1349.4, "N_EQUIP_TIPO": 1}}, {"type": "Feature", "geometry": {"x": -75.16007042099994, "y": 3.920340827000075}, "properties": {"OBJECTID": 488, "VEREDA": "TAQUIMA", "MUNICIPIO": "73504", "ESCENARIO": "E2", "CULTIVO": "Caucho", "TIPO_INFRA": "Tipo III - Servicios", "NOMBRE_EQUIP": "Escuela caucheros", "TON_VEREDA": 1415.66, "AREA_HA_VEREDA": 488.69, "AREA_EQUIP_M2": 535.9, "N_EQUIP_TIPO": 2}}, {"type": "Feature", "geometry": {"x": -75.09294880599998, "y": 3.617970694000064}, "properties": {"OBJECTID": 489, "VEREDA": "TAQUIMA", "MUNICIPIO": "73504", "ESCENARIO": "E2", "CULTIVO": "Caucho", "TIPO_INFRA": "Tipo III - Servicios", "NOMBRE_EQUIP": "Punto comercializacion", "TON_VEREDA": 1415.66, "AREA_HA_VEREDA": 488.69, "AREA_EQUIP_M2": 535.9, "N_EQUIP_TIPO": 2}}, {"type": "Feature", "geometry": {"x": -75.04421114299998, "y": 3.8103680510000686}, "properties": {"OBJECTID": 490, "VEREDA": "LOANY TOY", "MUNICIPIO": "73504", "ESCENARIO": "E2", "CULTIVO": "Caucho", "TIPO_INFRA": "Tipo I - Produccion", "NOMBRE_EQUIP": "Vivero caucho", "TON_VEREDA": 2854.27, "AREA_HA_VEREDA": 285.57, "AREA_EQUIP_M2": 2000, "N_EQUIP_TIPO": 5}}, {"type": "Feature", "geometry": {"x": -75.15702737499998, "y": 3.470634136000058}, "properties": {"OBJECTID": 491, "VEREDA": "LOANY TOY", "MUNICIPIO": "73504", "ESCENARIO": "E2", "CULTIVO": "Caucho", "TIPO_INFRA": "Tipo I - Produccion", "NOMBRE_EQUIP": "Sistema pica latex", "TON_VEREDA": 2854.27, "AREA_HA_VEREDA": 285.57, "AREA_EQUIP_M2": 2000, "N_EQUIP_TIPO": 5}}, {"type": "Feature", "geometry": {"x": -75.26726814699998, "y": 4.044631142000071}, "properties": {"OBJECTID": 492, "VEREDA": "LOANY TOY", "MUNICIPIO": "73504", "ESCENARIO": "E2", "CULTIVO": "Caucho", "TIPO_INFRA": "Tipo I - Produccion", "NOMBRE_EQUIP": "Tanques coagulacion", "TON_VEREDA": 2854.27, "AREA_HA_VEREDA": 285.57, "AREA_EQUIP_M2": 2000, "N_EQUIP_TIPO": 5}}, {"type": "Feature", "geometry": {"x": -75.06447706799997, "y": 3.6611880260000476}, "properties": {"OBJECTID": 493, "VEREDA": "LOANY TOY", "MUNICIPIO": "73504", "ESCENARIO": "E2", "CULTIVO": "Caucho", "TIPO_INFRA": "Tipo I - Produccion", "NOMBRE_EQUIP": "Bodega coagulo", "TON_VEREDA": 2854.27, "AREA_HA_VEREDA": 285.57, "AREA_EQUIP_M2": 2000, "N_EQUIP_TIPO": 5}}, {"type": "Feature", "geometry": {"x": -75.24921123299998, "y": 4.042635226000073}, "properties": {"OBJECTID": 494, "VEREDA": "LOANY TOY", "MUNICIPIO": "73504", "ESCENARIO": "E2", "CULTIVO": "Caucho", "TIPO_INFRA": "Tipo I - Produccion", "NOMBRE_EQUIP": "Centro campo", "TON_VEREDA": 2854.27, "AREA_HA_VEREDA": 285.57, "AREA_EQUIP_M2": 2000, "N_EQUIP_TIPO": 5}}, {"type": "Feature", "geometry": {"x": -75.27057221399997, "y": 3.9377830810000205}, "properties": {"OBJECTID": 495, "VEREDA": "LOANY TOY", "MUNICIPIO": "73504", "ESCENARIO": "E2", "CULTIVO": "Caucho", "TIPO_INFRA": "Tipo II - Transformacion", "NOMBRE_EQUIP": "Planta latex RSS", "TON_VEREDA": 2854.27, "AREA_HA_VEREDA": 285.57, "AREA_EQUIP_M2": 2212.6, "N_EQUIP_TIPO": 1}}, {"type": "Feature", "geometry": {"x": -75.05057180399996, "y": 3.606907569000043}, "properties": {"OBJECTID": 496, "VEREDA": "LOANY TOY", "MUNICIPIO": "73504", "ESCENARIO": "E2", "CULTIVO": "Caucho", "TIPO_INFRA": "Tipo III - Servicios", "NOMBRE_EQUIP": "Escuela caucheros", "TON_VEREDA": 2854.27, "AREA_HA_VEREDA": 285.57, "AREA_EQUIP_M2": 775.7, "N_EQUIP_TIPO": 2}}, {"type": "Feature", "geometry": {"x": -75.19345571099996, "y": 3.7932273940000414}, "properties": {"OBJECTID": 497, "VEREDA": "LOANY TOY", "MUNICIPIO": "73504", "ESCENARIO": "E2", "CULTIVO": "Caucho", "TIPO_INFRA": "Tipo III - Servicios", "NOMBRE_EQUIP": "Punto comercializacion", "TON_VEREDA": 2854.27, "AREA_HA_VEREDA": 285.57, "AREA_EQUIP_M2": 775.7, "N_EQUIP_TIPO": 2}}, {"type": "Feature", "geometry": {"x": -75.31516345599994, "y": 3.965535720000048}, "properties": {"OBJECTID": 498, "VEREDA": "PILU", "MUNICIPIO": "73504", "ESCENARIO": "E2", "CULTIVO": "Caucho", "TIPO_INFRA": "Tipo I - Produccion", "NOMBRE_EQUIP": "Vivero caucho", "TON_VEREDA": 331.84, "AREA_HA_VEREDA": 162.15, "AREA_EQUIP_M2": 731, "N_EQUIP_TIPO": 1}}, {"type": "Feature", "geometry": {"x": -75.30899166699999, "y": 3.9396825300000273}, "properties": {"OBJECTID": 499, "VEREDA": "PILU", "MUNICIPIO": "73504", "ESCENARIO": "E2", "CULTIVO": "Caucho", "TIPO_INFRA": "Tipo II - Transformacion", "NOMBRE_EQUIP": "Planta latex RSS", "TON_VEREDA": 331.84, "AREA_HA_VEREDA": 162.15, "AREA_EQUIP_M2": 699.1, "N_EQUIP_TIPO": 1}}, {"type": "Feature", "geometry": {"x": -75.29617189899994, "y": 3.888431676000039}, "properties": {"OBJECTID": 500, "VEREDA": "PILU", "MUNICIPIO": "73504", "ESCENARIO": "E2", "CULTIVO": "Caucho", "TIPO_INFRA": "Tipo III - Servicios", "NOMBRE_EQUIP": "Escuela caucheros", "TON_VEREDA": 331.84, "AREA_HA_VEREDA": 162.15, "AREA_EQUIP_M2": 355.3, "N_EQUIP_TIPO": 2}}, {"type": "Feature", "geometry": {"x": -75.26354695099997, "y": 3.901629317000072}, "properties": {"OBJECTID": 501, "VEREDA": "PILU", "MUNICIPIO": "73504", "ESCENARIO": "E2", "CULTIVO": "Caucho", "TIPO_INFRA": "Tipo III - Servicios", "NOMBRE_EQUIP": "Punto comercializacion", "TON_VEREDA": 331.84, "AREA_HA_VEREDA": 162.15, "AREA_EQUIP_M2": 355.3, "N_EQUIP_TIPO": 2}}, {"type": "Feature", "geometry": {"x": -75.05384357299994, "y": 3.6586757560000365}, "properties": {"OBJECTID": 502, "VEREDA": "EL VERGEL", "MUNICIPIO": "73504", "ESCENARIO": "E2", "CULTIVO": "Caucho", "TIPO_INFRA": "Tipo I - Produccion", "NOMBRE_EQUIP": "Vivero caucho", "TON_VEREDA": 336.4, "AREA_HA_VEREDA": 224.26, "AREA_EQUIP_M2": 738.2, "N_EQUIP_TIPO": 1}}, {"type": "Feature", "geometry": {"x": -75.30239594199998, "y": 3.9599880580000217}, "properties": {"OBJECTID": 503, "VEREDA": "EL VERGEL", "MUNICIPIO": "73504", "ESCENARIO": "E2", "CULTIVO": "Caucho", "TIPO_INFRA": "Tipo II - Transformacion", "NOMBRE_EQUIP": "Planta latex RSS", "TON_VEREDA": 336.4, "AREA_HA_VEREDA": 224.26, "AREA_EQUIP_M2": 701.8, "N_EQUIP_TIPO": 1}}, {"type": "Feature", "geometry": {"x": -75.02692595799994, "y": 3.8154221100000427}, "properties": {"OBJECTID": 504, "VEREDA": "EL VERGEL", "MUNICIPIO": "73504", "ESCENARIO": "E2", "CULTIVO": "Caucho", "TIPO_INFRA": "Tipo III - Servicios", "NOMBRE_EQUIP": "Escuela caucheros", "TON_VEREDA": 336.4, "AREA_HA_VEREDA": 224.26, "AREA_EQUIP_M2": 356.1, "N_EQUIP_TIPO": 2}}, {"type": "Feature", "geometry": {"x": -75.11982323599995, "y": 3.817076180000072}, "properties": {"OBJECTID": 505, "VEREDA": "EL VERGEL", "MUNICIPIO": "73504", "ESCENARIO": "E2", "CULTIVO": "Caucho", "TIPO_INFRA": "Tipo III - Servicios", "NOMBRE_EQUIP": "Punto comercializacion", "TON_VEREDA": 336.4, "AREA_HA_VEREDA": 224.26, "AREA_EQUIP_M2": 356.1, "N_EQUIP_TIPO": 2}}, {"type": "Feature", "geometry": {"x": -75.13842186599999, "y": 3.438088144000062}, "properties": {"OBJECTID": 506, "VEREDA": "PORVENIR", "MUNICIPIO": "73504", "ESCENARIO": "E2", "CULTIVO": "Caucho", "TIPO_INFRA": "Tipo I - Produccion", "NOMBRE_EQUIP": "Vivero caucho", "TON_VEREDA": 8.21, "AREA_HA_VEREDA": 5.47, "AREA_EQUIP_M2": 213.1, "N_EQUIP_TIPO": 1}}, {"type": "Feature", "geometry": {"x": -75.32697526199996, "y": 3.9568036250000205}, "properties": {"OBJECTID": 507, "VEREDA": "PORVENIR", "MUNICIPIO": "73504", "ESCENARIO": "E2", "CULTIVO": "Caucho", "TIPO_INFRA": "Tipo II - Transformacion", "NOMBRE_EQUIP": "Planta latex RSS", "TON_VEREDA": 8.21, "AREA_HA_VEREDA": 5.47, "AREA_EQUIP_M2": 504.9, "N_EQUIP_TIPO": 1}}, {"type": "Feature", "geometry": {"x": -75.15621182399997, "y": 3.8989755450000416}, "properties": {"OBJECTID": 508, "VEREDA": "PORVENIR", "MUNICIPIO": "73504", "ESCENARIO": "E2", "CULTIVO": "Caucho", "TIPO_INFRA": "Tipo III - Servicios", "NOMBRE_EQUIP": "Escuela caucheros", "TON_VEREDA": 8.21, "AREA_HA_VEREDA": 5.47, "AREA_EQUIP_M2": 301.4, "N_EQUIP_TIPO": 2}}, {"type": "Feature", "geometry": {"x": -75.09734431899994, "y": 3.623326951000024}, "properties": {"OBJECTID": 509, "VEREDA": "PORVENIR", "MUNICIPIO": "73504", "ESCENARIO": "E2", "CULTIVO": "Caucho", "TIPO_INFRA": "Tipo III - Servicios", "NOMBRE_EQUIP": "Punto comercializacion", "TON_VEREDA": 8.21, "AREA_HA_VEREDA": 5.47, "AREA_EQUIP_M2": 301.4, "N_EQUIP_TIPO": 2}}, {"type": "Feature", "geometry": {"x": -75.17023305399994, "y": 3.784500597000033}, "properties": {"OBJECTID": 510, "VEREDA": "LAS BRISAS", "MUNICIPIO": "73504", "ESCENARIO": "E2", "CULTIVO": "Caucho", "TIPO_INFRA": "Tipo I - Produccion", "NOMBRE_EQUIP": "Vivero caucho", "TON_VEREDA": 52.09, "AREA_HA_VEREDA": 34.72, "AREA_EQUIP_M2": 283.3, "N_EQUIP_TIPO": 1}}, {"type": "Feature", "geometry": {"x": -75.32827914299997, "y": 3.9379429070000356}, "properties": {"OBJECTID": 511, "VEREDA": "LAS BRISAS", "MUNICIPIO": "73504", "ESCENARIO": "E2", "CULTIVO": "Caucho", "TIPO_INFRA": "Tipo II - Transformacion", "NOMBRE_EQUIP": "Planta latex RSS", "TON_VEREDA": 52.09, "AREA_HA_VEREDA": 34.72, "AREA_EQUIP_M2": 531.3, "N_EQUIP_TIPO": 1}}, {"type": "Feature", "geometry": {"x": -75.12217441199994, "y": 3.986287169000036}, "properties": {"OBJECTID": 512, "VEREDA": "LAS BRISAS", "MUNICIPIO": "73504", "ESCENARIO": "E2", "CULTIVO": "Caucho", "TIPO_INFRA": "Tipo III - Servicios", "NOMBRE_EQUIP": "Escuela caucheros", "TON_VEREDA": 52.09, "AREA_HA_VEREDA": 34.72, "AREA_EQUIP_M2": 308.7, "N_EQUIP_TIPO": 2}}, {"type": "Feature", "geometry": {"x": -75.14616432699995, "y": 3.4869214710000733}, "properties": {"OBJECTID": 513, "VEREDA": "LAS BRISAS", "MUNICIPIO": "73504", "ESCENARIO": "E2", "CULTIVO": "Caucho", "TIPO_INFRA": "Tipo III - Servicios", "NOMBRE_EQUIP": "Punto comercializacion", "TON_VEREDA": 52.09, "AREA_HA_VEREDA": 34.72, "AREA_EQUIP_M2": 308.7, "N_EQUIP_TIPO": 2}}, {"type": "Feature", "geometry": {"x": -75.20276293199998, "y": 3.8092146580000303}, "properties": {"OBJECTID": 514, "VEREDA": "MESA DE LIMON", "MUNICIPIO": "73504", "ESCENARIO": "E2", "CULTIVO": "Caucho", "TIPO_INFRA": "Tipo I - Produccion", "NOMBRE_EQUIP": "Vivero caucho", "TON_VEREDA": 28.88, "AREA_HA_VEREDA": 19.25, "AREA_EQUIP_M2": 246.2, "N_EQUIP_TIPO": 1}}, {"type": "Feature", "geometry": {"x": -75.33518596599998, "y": 3.9158048430000463}, "properties": {"OBJECTID": 515, "VEREDA": "MESA DE LIMON", "MUNICIPIO": "73504", "ESCENARIO": "E2", "CULTIVO": "Caucho", "TIPO_INFRA": "Tipo II - Transformacion", "NOMBRE_EQUIP": "Planta latex RSS", "TON_VEREDA": 28.88, "AREA_HA_VEREDA": 19.25, "AREA_EQUIP_M2": 517.3, "N_EQUIP_TIPO": 1}}, {"type": "Feature", "geometry": {"x": -75.15654973599999, "y": 3.8358317760000205}, "properties": {"OBJECTID": 516, "VEREDA": "MESA DE LIMON", "MUNICIPIO": "73504", "ESCENARIO": "E2", "CULTIVO": "Caucho", "TIPO_INFRA": "Tipo III - Servicios", "NOMBRE_EQUIP": "Escuela caucheros", "TON_VEREDA": 28.88, "AREA_HA_VEREDA": 19.25, "AREA_EQUIP_M2": 304.8, "N_EQUIP_TIPO": 2}}, {"type": "Feature", "geometry": {"x": -75.02610904199997, "y": 3.6996589390000736}, "properties": {"OBJECTID": 517, "VEREDA": "MESA DE LIMON", "MUNICIPIO": "73504", "ESCENARIO": "E2", "CULTIVO": "Caucho", "TIPO_INFRA": "Tipo III - Servicios", "NOMBRE_EQUIP": "Punto comercializacion", "TON_VEREDA": 28.88, "AREA_HA_VEREDA": 19.25, "AREA_EQUIP_M2": 304.8, "N_EQUIP_TIPO": 2}}, {"type": "Feature", "geometry": {"x": -75.14011079899996, "y": 3.693763936000039}, "properties": {"OBJECTID": 518, "VEREDA": "SAMARIA", "MUNICIPIO": "73504", "ESCENARIO": "E2", "CULTIVO": "Caucho", "TIPO_INFRA": "Tipo I - Produccion", "NOMBRE_EQUIP": "Vivero caucho", "TON_VEREDA": 5.18, "AREA_HA_VEREDA": 3.45, "AREA_EQUIP_M2": 208.3, "N_EQUIP_TIPO": 1}}, {"type": "Feature", "geometry": {"x": -75.34988691799998, "y": 3.9047783790000494}, "properties": {"OBJECTID": 519, "VEREDA": "SAMARIA", "MUNICIPIO": "73504", "ESCENARIO": "E2", "CULTIVO": "Caucho", "TIPO_INFRA": "Tipo II - Transformacion", "NOMBRE_EQUIP": "Planta latex RSS", "TON_VEREDA": 5.18, "AREA_HA_VEREDA": 3.45, "AREA_EQUIP_M2": 503.1, "N_EQUIP_TIPO": 1}}, {"type": "Feature", "geometry": {"x": -75.19370404999995, "y": 3.8001281500000346}, "properties": {"OBJECTID": 520, "VEREDA": "SAMARIA", "MUNICIPIO": "73504", "ESCENARIO": "E2", "CULTIVO": "Caucho", "TIPO_INFRA": "Tipo III - Servicios", "NOMBRE_EQUIP": "Escuela caucheros", "TON_VEREDA": 5.18, "AREA_HA_VEREDA": 3.45, "AREA_EQUIP_M2": 300.9, "N_EQUIP_TIPO": 2}}, {"type": "Feature", "geometry": {"x": -75.22175572699996, "y": 3.931290026000056}, "properties": {"OBJECTID": 521, "VEREDA": "SAMARIA", "MUNICIPIO": "73504", "ESCENARIO": "E2", "CULTIVO": "Caucho", "TIPO_INFRA": "Tipo III - Servicios", "NOMBRE_EQUIP": "Punto comercializacion", "TON_VEREDA": 5.18, "AREA_HA_VEREDA": 3.45, "AREA_EQUIP_M2": 300.9, "N_EQUIP_TIPO": 2}}, {"type": "Feature", "geometry": {"x": -75.25795654699994, "y": 4.05846959400003}, "properties": {"OBJECTID": 522, "VEREDA": "OLAYA HERRERA", "MUNICIPIO": "73504", "ESCENARIO": "E2", "CULTIVO": "Aguacate Hass", "TIPO_INFRA": "Tipo I - Produccion", "NOMBRE_EQUIP": "Vivero aguacate", "TON_VEREDA": 8618.1, "AREA_HA_VEREDA": 718.18, "AREA_EQUIP_M2": 2000, "N_EQUIP_TIPO": 5}}, {"type": "Feature", "geometry": {"x": -75.14076303299998, "y": 4.007481320000068}, "properties": {"OBJECTID": 523, "VEREDA": "OLAYA HERRERA", "MUNICIPIO": "73504", "ESCENARIO": "E2", "CULTIVO": "Aguacate Hass", "TIPO_INFRA": "Tipo I - Produccion", "NOMBRE_EQUIP": "Sistema riego goteo", "TON_VEREDA": 8618.1, "AREA_HA_VEREDA": 718.18, "AREA_EQUIP_M2": 2000, "N_EQUIP_TIPO": 5}}, {"type": "Feature", "geometry": {"x": -75.28857241599997, "y": 3.708876235000048}, "properties": {"OBJECTID": 524, "VEREDA": "OLAYA HERRERA", "MUNICIPIO": "73504", "ESCENARIO": "E2", "CULTIVO": "Aguacate Hass", "TIPO_INFRA": "Tipo I - Produccion", "NOMBRE_EQUIP": "Estacion meteo", "TON_VEREDA": 8618.1, "AREA_HA_VEREDA": 718.18, "AREA_EQUIP_M2": 2000, "N_EQUIP_TIPO": 5}}, {"type": "Feature", "geometry": {"x": -75.10918708699995, "y": 3.690135471000076}, "properties": {"OBJECTID": 525, "VEREDA": "OLAYA HERRERA", "MUNICIPIO": "73504", "ESCENARIO": "E2", "CULTIVO": "Aguacate Hass", "TIPO_INFRA": "Tipo I - Produccion", "NOMBRE_EQUIP": "Bodega cosecha", "TON_VEREDA": 8618.1, "AREA_HA_VEREDA": 718.18, "AREA_EQUIP_M2": 2000, "N_EQUIP_TIPO": 5}}, {"type": "Feature", "geometry": {"x": -75.15355074399997, "y": 3.467760156000054}, "properties": {"OBJECTID": 526, "VEREDA": "OLAYA HERRERA", "MUNICIPIO": "73504", "ESCENARIO": "E2", "CULTIVO": "Aguacate Hass", "TIPO_INFRA": "Tipo I - Produccion", "NOMBRE_EQUIP": "Zona empaque campo", "TON_VEREDA": 8618.1, "AREA_HA_VEREDA": 718.18, "AREA_EQUIP_M2": 2000, "N_EQUIP_TIPO": 5}}, {"type": "Feature", "geometry": {"x": -75.34885496099997, "y": 3.827525223000066}, "properties": {"OBJECTID": 527, "VEREDA": "OLAYA HERRERA", "MUNICIPIO": "73504", "ESCENARIO": "E2", "CULTIVO": "Aguacate Hass", "TIPO_INFRA": "Tipo II - Transformacion", "NOMBRE_EQUIP": "Planta empaque exportacion", "TON_VEREDA": 8618.1, "AREA_HA_VEREDA": 718.18, "AREA_EQUIP_M2": 5000, "N_EQUIP_TIPO": 3}}, {"type": "Feature", "geometry": {"x": -75.34823436999994, "y": 3.8228781580000373}, "properties": {"OBJECTID": 528, "VEREDA": "OLAYA HERRERA", "MUNICIPIO": "73504", "ESCENARIO": "E2", "CULTIVO": "Aguacate Hass", "TIPO_INFRA": "Tipo II - Transformacion", "NOMBRE_EQUIP": "Cuarto frio", "TON_VEREDA": 8618.1, "AREA_HA_VEREDA": 718.18, "AREA_EQUIP_M2": 5000, "N_EQUIP_TIPO": 3}}, {"type": "Feature", "geometry": {"x": -75.34766615899997, "y": 3.822540712000034}, "properties": {"OBJECTID": 529, "VEREDA": "OLAYA HERRERA", "MUNICIPIO": "73504", "ESCENARIO": "E2", "CULTIVO": "Aguacate Hass", "TIPO_INFRA": "Tipo II - Transformacion", "NOMBRE_EQUIP": "Laboratorio maduracion", "TON_VEREDA": 8618.1, "AREA_HA_VEREDA": 718.18, "AREA_EQUIP_M2": 5000, "N_EQUIP_TIPO": 3}}, {"type": "Feature", "geometry": {"x": -75.06092579199998, "y": 3.821204243000068}, "properties": {"OBJECTID": 530, "VEREDA": "OLAYA HERRERA", "MUNICIPIO": "73504", "ESCENARIO": "E2", "CULTIVO": "Aguacate Hass", "TIPO_INFRA": "Tipo III - Servicios", "NOMBRE_EQUIP": "Escuela aguacateros", "TON_VEREDA": 8618.1, "AREA_HA_VEREDA": 718.18, "AREA_EQUIP_M2": 1500, "N_EQUIP_TIPO": 2}}, {"type": "Feature", "geometry": {"x": -75.60577892599997, "y": 4.01293537600003}, "properties": {"OBJECTID": 531, "VEREDA": "OLAYA HERRERA", "MUNICIPIO": "73504", "ESCENARIO": "E2", "CULTIVO": "Aguacate Hass", "TIPO_INFRA": "Tipo III - Servicios", "NOMBRE_EQUIP": "Centro certificacion exportacion", "TON_VEREDA": 8618.1, "AREA_HA_VEREDA": 718.18, "AREA_EQUIP_M2": 1500, "N_EQUIP_TIPO": 2}}, {"type": "Feature", "geometry": {"x": -75.06349800299995, "y": 3.5906778260000465}, "properties": {"OBJECTID": 532, "VEREDA": "BOCA DE PERALONSO", "MUNICIPIO": "73504", "ESCENARIO": "E2", "CULTIVO": "Caucho", "TIPO_INFRA": "Tipo I - Produccion", "NOMBRE_EQUIP": "Vivero caucho", "TON_VEREDA": 3278.68, "AREA_HA_VEREDA": 273.58, "AREA_EQUIP_M2": 2000, "N_EQUIP_TIPO": 5}}, {"type": "Feature", "geometry": {"x": -75.34436876799998, "y": 3.8077970930000333}, "properties": {"OBJECTID": 533, "VEREDA": "BOCA DE PERALONSO", "MUNICIPIO": "73504", "ESCENARIO": "E2", "CULTIVO": "Caucho", "TIPO_INFRA": "Tipo I - Produccion", "NOMBRE_EQUIP": "Sistema pica latex", "TON_VEREDA": 3278.68, "AREA_HA_VEREDA": 273.58, "AREA_EQUIP_M2": 2000, "N_EQUIP_TIPO": 5}}, {"type": "Feature", "geometry": {"x": -75.11569854999993, "y": 3.6943196390000708}, "properties": {"OBJECTID": 534, "VEREDA": "BOCA DE PERALONSO", "MUNICIPIO": "73504", "ESCENARIO": "E2", "CULTIVO": "Caucho", "TIPO_INFRA": "Tipo I - Produccion", "NOMBRE_EQUIP": "Tanques coagulacion", "TON_VEREDA": 3278.68, "AREA_HA_VEREDA": 273.58, "AREA_EQUIP_M2": 2000, "N_EQUIP_TIPO": 5}}, {"type": "Feature", "geometry": {"x": -75.15333469799998, "y": 3.473423490000073}, "properties": {"OBJECTID": 535, "VEREDA": "BOCA DE PERALONSO", "MUNICIPIO": "73504", "ESCENARIO": "E2", "CULTIVO": "Caucho", "TIPO_INFRA": "Tipo I - Produccion", "NOMBRE_EQUIP": "Bodega coagulo", "TON_VEREDA": 3278.68, "AREA_HA_VEREDA": 273.58, "AREA_EQUIP_M2": 2000, "N_EQUIP_TIPO": 5}}, {"type": "Feature", "geometry": {"x": -75.24000998199995, "y": 3.996801577000042}, "properties": {"OBJECTID": 536, "VEREDA": "BOCA DE PERALONSO", "MUNICIPIO": "73504", "ESCENARIO": "E2", "CULTIVO": "Caucho", "TIPO_INFRA": "Tipo I - Produccion", "NOMBRE_EQUIP": "Centro campo", "TON_VEREDA": 3278.68, "AREA_HA_VEREDA": 273.58, "AREA_EQUIP_M2": 2000, "N_EQUIP_TIPO": 5}}, {"type": "Feature", "geometry": {"x": -75.28824870299997, "y": 3.854439576000061}, "properties": {"OBJECTID": 537, "VEREDA": "BOCA DE PERALONSO", "MUNICIPIO": "73504", "ESCENARIO": "E2", "CULTIVO": "Caucho", "TIPO_INFRA": "Tipo II - Transformacion", "NOMBRE_EQUIP": "Planta latex RSS", "TON_VEREDA": 3278.68, "AREA_HA_VEREDA": 273.58, "AREA_EQUIP_M2": 2467.2, "N_EQUIP_TIPO": 2}}, {"type": "Feature", "geometry": {"x": -75.29031003099993, "y": 3.8592956380000487}, "properties": {"OBJECTID": 538, "VEREDA": "BOCA DE PERALONSO", "MUNICIPIO": "73504", "ESCENARIO": "E2", "CULTIVO": "Caucho", "TIPO_INFRA": "Tipo II - Transformacion", "NOMBRE_EQUIP": "Planta caucho tecnico", "TON_VEREDA": 3278.68, "AREA_HA_VEREDA": 273.58, "AREA_EQUIP_M2": 2467.2, "N_EQUIP_TIPO": 2}}, {"type": "Feature", "geometry": {"x": -75.19415395499993, "y": 3.801822689000062}, "properties": {"OBJECTID": 539, "VEREDA": "BOCA DE PERALONSO", "MUNICIPIO": "73504", "ESCENARIO": "E2", "CULTIVO": "Caucho", "TIPO_INFRA": "Tipo III - Servicios", "NOMBRE_EQUIP": "Escuela caucheros", "TON_VEREDA": 3278.68, "AREA_HA_VEREDA": 273.58, "AREA_EQUIP_M2": 846.4, "N_EQUIP_TIPO": 2}}, {"type": "Feature", "geometry": {"x": -75.08635864599995, "y": 3.648631445000035}, "properties": {"OBJECTID": 540, "VEREDA": "BOCA DE PERALONSO", "MUNICIPIO": "73504", "ESCENARIO": "E2", "CULTIVO": "Caucho", "TIPO_INFRA": "Tipo III - Servicios", "NOMBRE_EQUIP": "Punto comercializacion", "TON_VEREDA": 3278.68, "AREA_HA_VEREDA": 273.58, "AREA_EQUIP_M2": 846.4, "N_EQUIP_TIPO": 2}}, {"type": "Feature", "geometry": {"x": -75.07189029999995, "y": 3.818347450000033}, "properties": {"OBJECTID": 541, "VEREDA": "NUEVA ESPERANZA - PLAYA VERDE", "MUNICIPIO": "73504", "ESCENARIO": "E2", "CULTIVO": "Caucho", "TIPO_INFRA": "Tipo I - Produccion", "NOMBRE_EQUIP": "Vivero caucho", "TON_VEREDA": 51.62, "AREA_HA_VEREDA": 32.93, "AREA_EQUIP_M2": 282.6, "N_EQUIP_TIPO": 1}}, {"type": "Feature", "geometry": {"x": -75.30947712299997, "y": 3.878979245000039}, "properties": {"OBJECTID": 542, "VEREDA": "NUEVA ESPERANZA - PLAYA VERDE", "MUNICIPIO": "73504", "ESCENARIO": "E2", "CULTIVO": "Caucho", "TIPO_INFRA": "Tipo II - Transformacion", "NOMBRE_EQUIP": "Planta latex RSS", "TON_VEREDA": 51.62, "AREA_HA_VEREDA": 32.93, "AREA_EQUIP_M2": 531, "N_EQUIP_TIPO": 1}}, {"type": "Feature", "geometry": {"x": -75.22567802199995, "y": 3.934162213000036}, "properties": {"OBJECTID": 543, "VEREDA": "NUEVA ESPERANZA - PLAYA VERDE", "MUNICIPIO": "73504", "ESCENARIO": "E2", "CULTIVO": "Caucho", "TIPO_INFRA": "Tipo III - Servicios", "NOMBRE_EQUIP": "Escuela caucheros", "TON_VEREDA": 51.62, "AREA_HA_VEREDA": 32.93, "AREA_EQUIP_M2": 308.6, "N_EQUIP_TIPO": 2}}, {"type": "Feature", "geometry": {"x": -75.27305512099997, "y": 4.000882086000047}, "properties": {"OBJECTID": 544, "VEREDA": "NUEVA ESPERANZA - PLAYA VERDE", "MUNICIPIO": "73504", "ESCENARIO": "E2", "CULTIVO": "Caucho", "TIPO_INFRA": "Tipo III - Servicios", "NOMBRE_EQUIP": "Punto comercializacion", "TON_VEREDA": 51.62, "AREA_HA_VEREDA": 32.93, "AREA_EQUIP_M2": 308.6, "N_EQUIP_TIPO": 2}}, {"type": "Feature", "geometry": {"x": -74.97557973399995, "y": 3.7091900360000523}, "properties": {"OBJECTID": 545, "VEREDA": "PALOMA", "MUNICIPIO": "73504", "ESCENARIO": "E2", "CULTIVO": "Caucho", "TIPO_INFRA": "Tipo I - Produccion", "NOMBRE_EQUIP": "Vivero caucho", "TON_VEREDA": 432.48, "AREA_HA_VEREDA": 288.32, "AREA_EQUIP_M2": 892, "N_EQUIP_TIPO": 1}}, {"type": "Feature", "geometry": {"x": -75.31114422099995, "y": 3.9011336620000634}, "properties": {"OBJECTID": 546, "VEREDA": "PALOMA", "MUNICIPIO": "73504", "ESCENARIO": "E2", "CULTIVO": "Caucho", "TIPO_INFRA": "Tipo II - Transformacion", "NOMBRE_EQUIP": "Planta latex RSS", "TON_VEREDA": 432.48, "AREA_HA_VEREDA": 288.32, "AREA_EQUIP_M2": 759.5, "N_EQUIP_TIPO": 1}}, {"type": "Feature", "geometry": {"x": -75.09264174899994, "y": 3.636835718000043}, "properties": {"OBJECTID": 547, "VEREDA": "PALOMA", "MUNICIPIO": "73504", "ESCENARIO": "E2", "CULTIVO": "Caucho", "TIPO_INFRA": "Tipo III - Servicios", "NOMBRE_EQUIP": "Escuela caucheros", "TON_VEREDA": 432.48, "AREA_HA_VEREDA": 288.32, "AREA_EQUIP_M2": 372.1, "N_EQUIP_TIPO": 2}}, {"type": "Feature", "geometry": {"x": -75.22034347099998, "y": 3.931094255000062}, "properties": {"OBJECTID": 548, "VEREDA": "PALOMA", "MUNICIPIO": "73504", "ESCENARIO": "E2", "CULTIVO": "Caucho", "TIPO_INFRA": "Tipo III - Servicios", "NOMBRE_EQUIP": "Punto comercializacion", "TON_VEREDA": 432.48, "AREA_HA_VEREDA": 288.32, "AREA_EQUIP_M2": 372.1, "N_EQUIP_TIPO": 2}}, {"type": "Feature", "geometry": {"x": -75.06598789399999, "y": 3.813086892000058}, "properties": {"OBJECTID": 549, "VEREDA": "VUELTA DEL RIO", "MUNICIPIO": "73504", "ESCENARIO": "E2", "CULTIVO": "Caucho", "TIPO_INFRA": "Tipo I - Produccion", "NOMBRE_EQUIP": "Vivero caucho", "TON_VEREDA": 4313.57, "AREA_HA_VEREDA": 609.98, "AREA_EQUIP_M2": 2000, "N_EQUIP_TIPO": 5}}, {"type": "Feature", "geometry": {"x": -74.99082556199994, "y": 3.747881016000065}, "properties": {"OBJECTID": 550, "VEREDA": "VUELTA DEL RIO", "MUNICIPIO": "73504", "ESCENARIO": "E2", "CULTIVO": "Caucho", "TIPO_INFRA": "Tipo I - Produccion", "NOMBRE_EQUIP": "Sistema pica latex", "TON_VEREDA": 4313.57, "AREA_HA_VEREDA": 609.98, "AREA_EQUIP_M2": 2000, "N_EQUIP_TIPO": 5}}, {"type": "Feature", "geometry": {"x": -74.99276951899998, "y": 3.6751221850000206}, "properties": {"OBJECTID": 551, "VEREDA": "VUELTA DEL RIO", "MUNICIPIO": "73504", "ESCENARIO": "E2", "CULTIVO": "Caucho", "TIPO_INFRA": "Tipo I - Produccion", "NOMBRE_EQUIP": "Tanques coagulacion", "TON_VEREDA": 4313.57, "AREA_HA_VEREDA": 609.98, "AREA_EQUIP_M2": 2000, "N_EQUIP_TIPO": 5}}, {"type": "Feature", "geometry": {"x": -75.13971635499996, "y": 3.4415473780000525}, "properties": {"OBJECTID": 552, "VEREDA": "VUELTA DEL RIO", "MUNICIPIO": "73504", "ESCENARIO": "E2", "CULTIVO": "Caucho", "TIPO_INFRA": "Tipo I - Produccion", "NOMBRE_EQUIP": "Bodega coagulo", "TON_VEREDA": 4313.57, "AREA_HA_VEREDA": 609.98, "AREA_EQUIP_M2": 2000, "N_EQUIP_TIPO": 5}}, {"type": "Feature", "geometry": {"x": -74.96893755499997, "y": 3.7284382220000225}, "properties": {"OBJECTID": 553, "VEREDA": "VUELTA DEL RIO", "MUNICIPIO": "73504", "ESCENARIO": "E2", "CULTIVO": "Caucho", "TIPO_INFRA": "Tipo I - Produccion", "NOMBRE_EQUIP": "Centro campo", "TON_VEREDA": 4313.57, "AREA_HA_VEREDA": 609.98, "AREA_EQUIP_M2": 2000, "N_EQUIP_TIPO": 5}}, {"type": "Feature", "geometry": {"x": -75.19338714399998, "y": 3.860580485000071}, "properties": {"OBJECTID": 554, "VEREDA": "VUELTA DEL RIO", "MUNICIPIO": "73504", "ESCENARIO": "E2", "CULTIVO": "Caucho", "TIPO_INFRA": "Tipo II - Transformacion", "NOMBRE_EQUIP": "Planta latex RSS", "TON_VEREDA": 4313.57, "AREA_HA_VEREDA": 609.98, "AREA_EQUIP_M2": 3088.1, "N_EQUIP_TIPO": 2}}, {"type": "Feature", "geometry": {"x": -75.19193386799998, "y": 3.8601099030000228}, "properties": {"OBJECTID": 555, "VEREDA": "VUELTA DEL RIO", "MUNICIPIO": "73504", "ESCENARIO": "E2", "CULTIVO": "Caucho", "TIPO_INFRA": "Tipo II - Transformacion", "NOMBRE_EQUIP": "Planta caucho tecnico", "TON_VEREDA": 4313.57, "AREA_HA_VEREDA": 609.98, "AREA_EQUIP_M2": 3088.1, "N_EQUIP_TIPO": 2}}, {"type": "Feature", "geometry": {"x": -75.33259394999999, "y": 3.8110808010000596}, "properties": {"OBJECTID": 556, "VEREDA": "VUELTA DEL RIO", "MUNICIPIO": "73504", "ESCENARIO": "E2", "CULTIVO": "Caucho", "TIPO_INFRA": "Tipo III - Servicios", "NOMBRE_EQUIP": "Escuela caucheros", "TON_VEREDA": 4313.57, "AREA_HA_VEREDA": 609.98, "AREA_EQUIP_M2": 1018.9, "N_EQUIP_TIPO": 2}}, {"type": "Feature", "geometry": {"x": -75.25703607399998, "y": 3.8180886190000365}, "properties": {"OBJECTID": 557, "VEREDA": "VUELTA DEL RIO", "MUNICIPIO": "73504", "ESCENARIO": "E2", "CULTIVO": "Caucho", "TIPO_INFRA": "Tipo III - Servicios", "NOMBRE_EQUIP": "Punto comercializacion", "TON_VEREDA": 4313.57, "AREA_HA_VEREDA": 609.98, "AREA_EQUIP_M2": 1018.9, "N_EQUIP_TIPO": 2}}, {"type": "Feature", "geometry": {"x": -75.25063210199994, "y": 3.8539249540000355}, "properties": {"OBJECTID": 558, "VEREDA": "AHICO", "MUNICIPIO": "73504", "ESCENARIO": "E2", "CULTIVO": "Aguacate Hass", "TIPO_INFRA": "Tipo I - Produccion", "NOMBRE_EQUIP": "Vivero aguacate", "TON_VEREDA": 1962.83, "AREA_HA_VEREDA": 163.57, "AREA_EQUIP_M2": 2000, "N_EQUIP_TIPO": 4}}, {"type": "Feature", "geometry": {"x": -75.17222467199997, "y": 3.8556267890000413}, "properties": {"OBJECTID": 559, "VEREDA": "AHICO", "MUNICIPIO": "73504", "ESCENARIO": "E2", "CULTIVO": "Aguacate Hass", "TIPO_INFRA": "Tipo I - Produccion", "NOMBRE_EQUIP": "Sistema riego goteo", "TON_VEREDA": 1962.83, "AREA_HA_VEREDA": 163.57, "AREA_EQUIP_M2": 2000, "N_EQUIP_TIPO": 4}}, {"type": "Feature", "geometry": {"x": -75.09476048899995, "y": 3.6171478950000733}, "properties": {"OBJECTID": 560, "VEREDA": "AHICO", "MUNICIPIO": "73504", "ESCENARIO": "E2", "CULTIVO": "Aguacate Hass", "TIPO_INFRA": "Tipo I - Produccion", "NOMBRE_EQUIP": "Estacion meteo", "TON_VEREDA": 1962.83, "AREA_HA_VEREDA": 163.57, "AREA_EQUIP_M2": 2000, "N_EQUIP_TIPO": 4}}, {"type": "Feature", "geometry": {"x": -75.23707554199996, "y": 3.7289563350000208}, "properties": {"OBJECTID": 561, "VEREDA": "AHICO", "MUNICIPIO": "73504", "ESCENARIO": "E2", "CULTIVO": "Aguacate Hass", "TIPO_INFRA": "Tipo I - Produccion", "NOMBRE_EQUIP": "Bodega cosecha", "TON_VEREDA": 1962.83, "AREA_HA_VEREDA": 163.57, "AREA_EQUIP_M2": 2000, "N_EQUIP_TIPO": 4}}, {"type": "Feature", "geometry": {"x": -75.20180579699996, "y": 3.8343468680000683}, "properties": {"OBJECTID": 562, "VEREDA": "AHICO", "MUNICIPIO": "73504", "ESCENARIO": "E2", "CULTIVO": "Aguacate Hass", "TIPO_INFRA": "Tipo II - Transformacion", "NOMBRE_EQUIP": "Planta empaque exportacion", "TON_VEREDA": 1962.83, "AREA_HA_VEREDA": 163.57, "AREA_EQUIP_M2": 1677.7, "N_EQUIP_TIPO": 1}}, {"type": "Feature", "geometry": {"x": -75.11083139399994, "y": 3.970841606000022}, "properties": {"OBJECTID": 563, "VEREDA": "AHICO", "MUNICIPIO": "73504", "ESCENARIO": "E2", "CULTIVO": "Aguacate Hass", "TIPO_INFRA": "Tipo III - Servicios", "NOMBRE_EQUIP": "Escuela aguacateros", "TON_VEREDA": 1962.83, "AREA_HA_VEREDA": 163.57, "AREA_EQUIP_M2": 627.1, "N_EQUIP_TIPO": 2}}, {"type": "Feature", "geometry": {"x": -75.04410670699997, "y": 3.6940438080000604}, "properties": {"OBJECTID": 564, "VEREDA": "AHICO", "MUNICIPIO": "73504", "ESCENARIO": "E2", "CULTIVO": "Aguacate Hass", "TIPO_INFRA": "Tipo III - Servicios", "NOMBRE_EQUIP": "Centro certificacion exportacion", "TON_VEREDA": 1962.83, "AREA_HA_VEREDA": 163.57, "AREA_EQUIP_M2": 627.1, "N_EQUIP_TIPO": 2}}, {"type": "Feature", "geometry": {"x": -75.15871761099999, "y": 3.4793388000000505}, "properties": {"OBJECTID": 565, "VEREDA": "LA CALERA", "MUNICIPIO": "73504", "ESCENARIO": "E2", "CULTIVO": "Caucho", "TIPO_INFRA": "Tipo I - Produccion", "NOMBRE_EQUIP": "Vivero caucho", "TON_VEREDA": 1553.49, "AREA_HA_VEREDA": 337.98, "AREA_EQUIP_M2": 2000, "N_EQUIP_TIPO": 3}}, {"type": "Feature", "geometry": {"x": -75.09439726899996, "y": 3.9712775780000698}, "properties": {"OBJECTID": 566, "VEREDA": "LA CALERA", "MUNICIPIO": "73504", "ESCENARIO": "E2", "CULTIVO": "Caucho", "TIPO_INFRA": "Tipo I - Produccion", "NOMBRE_EQUIP": "Sistema pica latex", "TON_VEREDA": 1553.49, "AREA_HA_VEREDA": 337.98, "AREA_EQUIP_M2": 2000, "N_EQUIP_TIPO": 3}}, {"type": "Feature", "geometry": {"x": -75.08901276599994, "y": 3.814135924000027}, "properties": {"OBJECTID": 567, "VEREDA": "LA CALERA", "MUNICIPIO": "73504", "ESCENARIO": "E2", "CULTIVO": "Caucho", "TIPO_INFRA": "Tipo I - Produccion", "NOMBRE_EQUIP": "Tanques coagulacion", "TON_VEREDA": 1553.49, "AREA_HA_VEREDA": 337.98, "AREA_EQUIP_M2": 2000, "N_EQUIP_TIPO": 3}}, {"type": "Feature", "geometry": {"x": -75.29508116699998, "y": 3.7849603040000375}, "properties": {"OBJECTID": 568, "VEREDA": "LA CALERA", "MUNICIPIO": "73504", "ESCENARIO": "E2", "CULTIVO": "Caucho", "TIPO_INFRA": "Tipo II - Transformacion", "NOMBRE_EQUIP": "Planta latex RSS", "TON_VEREDA": 1553.49, "AREA_HA_VEREDA": 337.98, "AREA_EQUIP_M2": 1432.1, "N_EQUIP_TIPO": 1}}, {"type": "Feature", "geometry": {"x": -75.09941323799995, "y": 3.6338401520000616}, "properties": {"OBJECTID": 569, "VEREDA": "LA CALERA", "MUNICIPIO": "73504", "ESCENARIO": "E2", "CULTIVO": "Caucho", "TIPO_INFRA": "Tipo III - Servicios", "NOMBRE_EQUIP": "Escuela caucheros", "TON_VEREDA": 1553.49, "AREA_HA_VEREDA": 337.98, "AREA_EQUIP_M2": 558.9, "N_EQUIP_TIPO": 2}}, {"type": "Feature", "geometry": {"x": -75.60674710699999, "y": 4.013378803000023}, "properties": {"OBJECTID": 570, "VEREDA": "LA CALERA", "MUNICIPIO": "73504", "ESCENARIO": "E2", "CULTIVO": "Caucho", "TIPO_INFRA": "Tipo III - Servicios", "NOMBRE_EQUIP": "Punto comercializacion", "TON_VEREDA": 1553.49, "AREA_HA_VEREDA": 337.98, "AREA_EQUIP_M2": 558.9, "N_EQUIP_TIPO": 2}}, {"type": "Feature", "geometry": {"x": -75.27904987599999, "y": 4.042356450000057}, "properties": {"OBJECTID": 571, "VEREDA": "CANALI", "MUNICIPIO": "73504", "ESCENARIO": "E2", "CULTIVO": "Caucho", "TIPO_INFRA": "Tipo I - Produccion", "NOMBRE_EQUIP": "Vivero caucho", "TON_VEREDA": 4170.97, "AREA_HA_VEREDA": 671.72, "AREA_EQUIP_M2": 2000, "N_EQUIP_TIPO": 5}}, {"type": "Feature", "geometry": {"x": -75.11215811799997, "y": 3.7982690000000616}, "properties": {"OBJECTID": 572, "VEREDA": "CANALI", "MUNICIPIO": "73504", "ESCENARIO": "E2", "CULTIVO": "Caucho", "TIPO_INFRA": "Tipo I - Produccion", "NOMBRE_EQUIP": "Sistema pica latex", "TON_VEREDA": 4170.97, "AREA_HA_VEREDA": 671.72, "AREA_EQUIP_M2": 2000, "N_EQUIP_TIPO": 5}}, {"type": "Feature", "geometry": {"x": -75.09941468199997, "y": 3.974364468000033}, "properties": {"OBJECTID": 573, "VEREDA": "CANALI", "MUNICIPIO": "73504", "ESCENARIO": "E2", "CULTIVO": "Caucho", "TIPO_INFRA": "Tipo I - Produccion", "NOMBRE_EQUIP": "Tanques coagulacion", "TON_VEREDA": 4170.97, "AREA_HA_VEREDA": 671.72, "AREA_EQUIP_M2": 2000, "N_EQUIP_TIPO": 5}}, {"type": "Feature", "geometry": {"x": -75.14586021899999, "y": 4.009098557000073}, "properties": {"OBJECTID": 574, "VEREDA": "CANALI", "MUNICIPIO": "73504", "ESCENARIO": "E2", "CULTIVO": "Caucho", "TIPO_INFRA": "Tipo I - Produccion", "NOMBRE_EQUIP": "Bodega coagulo", "TON_VEREDA": 4170.97, "AREA_HA_VEREDA": 671.72, "AREA_EQUIP_M2": 2000, "N_EQUIP_TIPO": 5}}, {"type": "Feature", "geometry": {"x": -75.29072939499997, "y": 3.939144757000065}, "properties": {"OBJECTID": 575, "VEREDA": "CANALI", "MUNICIPIO": "73504", "ESCENARIO": "E2", "CULTIVO": "Caucho", "TIPO_INFRA": "Tipo I - Produccion", "NOMBRE_EQUIP": "Centro campo", "TON_VEREDA": 4170.97, "AREA_HA_VEREDA": 671.72, "AREA_EQUIP_M2": 2000, "N_EQUIP_TIPO": 5}}, {"type": "Feature", "geometry": {"x": -75.29949066099994, "y": 3.814166925000052}, "properties": {"OBJECTID": 576, "VEREDA": "CANALI", "MUNICIPIO": "73504", "ESCENARIO": "E2", "CULTIVO": "Caucho", "TIPO_INFRA": "Tipo II - Transformacion", "NOMBRE_EQUIP": "Planta latex RSS", "TON_VEREDA": 4170.97, "AREA_HA_VEREDA": 671.72, "AREA_EQUIP_M2": 3002.6, "N_EQUIP_TIPO": 2}}, {"type": "Feature", "geometry": {"x": -75.30159272099996, "y": 3.8183004060000485}, "properties": {"OBJECTID": 577, "VEREDA": "CANALI", "MUNICIPIO": "73504", "ESCENARIO": "E2", "CULTIVO": "Caucho", "TIPO_INFRA": "Tipo II - Transformacion", "NOMBRE_EQUIP": "Planta caucho tecnico", "TON_VEREDA": 4170.97, "AREA_HA_VEREDA": 671.72, "AREA_EQUIP_M2": 3002.6, "N_EQUIP_TIPO": 2}}, {"type": "Feature", "geometry": {"x": -75.19376619099995, "y": 3.794084939000072}, "properties": {"OBJECTID": 578, "VEREDA": "CANALI", "MUNICIPIO": "73504", "ESCENARIO": "E2", "CULTIVO": "Caucho", "TIPO_INFRA": "Tipo III - Servicios", "NOMBRE_EQUIP": "Escuela caucheros", "TON_VEREDA": 4170.97, "AREA_HA_VEREDA": 671.72, "AREA_EQUIP_M2": 995.2, "N_EQUIP_TIPO": 2}}, {"type": "Feature", "geometry": {"x": -75.09267868999996, "y": 3.624104399000032}, "properties": {"OBJECTID": 579, "VEREDA": "CANALI", "MUNICIPIO": "73504", "ESCENARIO": "E2", "CULTIVO": "Caucho", "TIPO_INFRA": "Tipo III - Servicios", "NOMBRE_EQUIP": "Punto comercializacion", "TON_VEREDA": 4170.97, "AREA_HA_VEREDA": 671.72, "AREA_EQUIP_M2": 995.2, "N_EQUIP_TIPO": 2}}, {"type": "Feature", "geometry": {"x": -75.05484599999994, "y": 3.8046898000000624}, "properties": {"OBJECTID": 580, "VEREDA": "RINCON DE CANALI", "MUNICIPIO": "73504", "ESCENARIO": "E2", "CULTIVO": "Caucho", "TIPO_INFRA": "Tipo I - Produccion", "NOMBRE_EQUIP": "Vivero caucho", "TON_VEREDA": 720.33, "AREA_HA_VEREDA": 186.59, "AREA_EQUIP_M2": 1352.5, "N_EQUIP_TIPO": 1}}, {"type": "Feature", "geometry": {"x": -75.27488700899994, "y": 3.8432140090000644}, "properties": {"OBJECTID": 581, "VEREDA": "RINCON DE CANALI", "MUNICIPIO": "73504", "ESCENARIO": "E2", "CULTIVO": "Caucho", "TIPO_INFRA": "Tipo II - Transformacion", "NOMBRE_EQUIP": "Planta latex RSS", "TON_VEREDA": 720.33, "AREA_HA_VEREDA": 186.59, "AREA_EQUIP_M2": 932.2, "N_EQUIP_TIPO": 1}}, {"type": "Feature", "geometry": {"x": -75.14515907499998, "y": 3.862910202000023}, "properties": {"OBJECTID": 582, "VEREDA": "RINCON DE CANALI", "MUNICIPIO": "73504", "ESCENARIO": "E2", "CULTIVO": "Caucho", "TIPO_INFRA": "Tipo III - Servicios", "NOMBRE_EQUIP": "Escuela caucheros", "TON_VEREDA": 720.33, "AREA_HA_VEREDA": 186.59, "AREA_EQUIP_M2": 420.1, "N_EQUIP_TIPO": 2}}, {"type": "Feature", "geometry": {"x": -75.21633328799999, "y": 3.9254853520000665}, "properties": {"OBJECTID": 583, "VEREDA": "RINCON DE CANALI", "MUNICIPIO": "73504", "ESCENARIO": "E2", "CULTIVO": "Caucho", "TIPO_INFRA": "Tipo III - Servicios", "NOMBRE_EQUIP": "Punto comercializacion", "TON_VEREDA": 720.33, "AREA_HA_VEREDA": 186.59, "AREA_EQUIP_M2": 420.1, "N_EQUIP_TIPO": 2}}, {"type": "Feature", "geometry": {"x": -75.14853123499995, "y": 3.45163872400002}, "properties": {"OBJECTID": 584, "VEREDA": "POTOSI", "MUNICIPIO": "73504", "ESCENARIO": "E2", "CULTIVO": "Caucho", "TIPO_INFRA": "Tipo I - Produccion", "NOMBRE_EQUIP": "Vivero caucho", "TON_VEREDA": 2591.55, "AREA_HA_VEREDA": 396.92, "AREA_EQUIP_M2": 2000, "N_EQUIP_TIPO": 5}}, {"type": "Feature", "geometry": {"x": -75.64113154399996, "y": 4.031129039000064}, "properties": {"OBJECTID": 585, "VEREDA": "POTOSI", "MUNICIPIO": "73504", "ESCENARIO": "E2", "CULTIVO": "Caucho", "TIPO_INFRA": "Tipo I - Produccion", "NOMBRE_EQUIP": "Sistema pica latex", "TON_VEREDA": 2591.55, "AREA_HA_VEREDA": 396.92, "AREA_EQUIP_M2": 2000, "N_EQUIP_TIPO": 5}}, {"type": "Feature", "geometry": {"x": -75.16613836399995, "y": 3.7834471080000753}, "properties": {"OBJECTID": 586, "VEREDA": "POTOSI", "MUNICIPIO": "73504", "ESCENARIO": "E2", "CULTIVO": "Caucho", "TIPO_INFRA": "Tipo I - Produccion", "NOMBRE_EQUIP": "Tanques coagulacion", "TON_VEREDA": 2591.55, "AREA_HA_VEREDA": 396.92, "AREA_EQUIP_M2": 2000, "N_EQUIP_TIPO": 5}}, {"type": "Feature", "geometry": {"x": -75.25275371399994, "y": 4.056775833000074}, "properties": {"OBJECTID": 587, "VEREDA": "POTOSI", "MUNICIPIO": "73504", "ESCENARIO": "E2", "CULTIVO": "Caucho", "TIPO_INFRA": "Tipo I - Produccion", "NOMBRE_EQUIP": "Bodega coagulo", "TON_VEREDA": 2591.55, "AREA_HA_VEREDA": 396.92, "AREA_EQUIP_M2": 2000, "N_EQUIP_TIPO": 5}}, {"type": "Feature", "geometry": {"x": -75.14274838099993, "y": 3.912730469000053}, "properties": {"OBJECTID": 588, "VEREDA": "POTOSI", "MUNICIPIO": "73504", "ESCENARIO": "E2", "CULTIVO": "Caucho", "TIPO_INFRA": "Tipo I - Produccion", "NOMBRE_EQUIP": "Centro campo", "TON_VEREDA": 2591.55, "AREA_HA_VEREDA": 396.92, "AREA_EQUIP_M2": 2000, "N_EQUIP_TIPO": 5}}, {"type": "Feature", "geometry": {"x": -75.24292625599998, "y": 3.8649282860000653}, "properties": {"OBJECTID": 589, "VEREDA": "POTOSI", "MUNICIPIO": "73504", "ESCENARIO": "E2", "CULTIVO": "Caucho", "TIPO_INFRA": "Tipo II - Transformacion", "NOMBRE_EQUIP": "Planta latex RSS", "TON_VEREDA": 2591.55, "AREA_HA_VEREDA": 396.92, "AREA_EQUIP_M2": 2054.9, "N_EQUIP_TIPO": 1}}, {"type": "Feature", "geometry": {"x": -75.06715654999994, "y": 3.8220379500000377}, "properties": {"OBJECTID": 590, "VEREDA": "POTOSI", "MUNICIPIO": "73504", "ESCENARIO": "E2", "CULTIVO": "Caucho", "TIPO_INFRA": "Tipo III - Servicios", "NOMBRE_EQUIP": "Escuela caucheros", "TON_VEREDA": 2591.55, "AREA_HA_VEREDA": 396.92, "AREA_EQUIP_M2": 731.9, "N_EQUIP_TIPO": 2}}, {"type": "Feature", "geometry": {"x": -75.11334875599994, "y": 3.780395985000041}, "properties": {"OBJECTID": 591, "VEREDA": "POTOSI", "MUNICIPIO": "73504", "ESCENARIO": "E2", "CULTIVO": "Caucho", "TIPO_INFRA": "Tipo III - Servicios", "NOMBRE_EQUIP": "Punto comercializacion", "TON_VEREDA": 2591.55, "AREA_HA_VEREDA": 396.92, "AREA_EQUIP_M2": 731.9, "N_EQUIP_TIPO": 2}}, {"type": "Feature", "geometry": {"x": -75.03143143299997, "y": 3.820473595000067}, "properties": {"OBJECTID": 592, "VEREDA": "CALLEJON DE CANALI", "MUNICIPIO": "73504", "ESCENARIO": "E2", "CULTIVO": "Caucho", "TIPO_INFRA": "Tipo I - Produccion", "NOMBRE_EQUIP": "Vivero caucho", "TON_VEREDA": 211.63, "AREA_HA_VEREDA": 141.09, "AREA_EQUIP_M2": 538.6, "N_EQUIP_TIPO": 1}}, {"type": "Feature", "geometry": {"x": -75.26396183399999, "y": 3.844358214000067}, "properties": {"OBJECTID": 593, "VEREDA": "CALLEJON DE CANALI", "MUNICIPIO": "73504", "ESCENARIO": "E2", "CULTIVO": "Caucho", "TIPO_INFRA": "Tipo II - Transformacion", "NOMBRE_EQUIP": "Planta latex RSS", "TON_VEREDA": 211.63, "AREA_HA_VEREDA": 141.09, "AREA_EQUIP_M2": 627, "N_EQUIP_TIPO": 1}}, {"type": "Feature", "geometry": {"x": -75.10095753099995, "y": 3.535801784000057}, "properties": {"OBJECTID": 594, "VEREDA": "CALLEJON DE CANALI", "MUNICIPIO": "73504", "ESCENARIO": "E2", "CULTIVO": "Caucho", "TIPO_INFRA": "Tipo III - Servicios", "NOMBRE_EQUIP": "Escuela caucheros", "TON_VEREDA": 211.63, "AREA_HA_VEREDA": 141.09, "AREA_EQUIP_M2": 335.3, "N_EQUIP_TIPO": 2}}, {"type": "Feature", "geometry": {"x": -75.09885921999995, "y": 3.5452907580000215}, "properties": {"OBJECTID": 595, "VEREDA": "CALLEJON DE CANALI", "MUNICIPIO": "73504", "ESCENARIO": "E2", "CULTIVO": "Caucho", "TIPO_INFRA": "Tipo III - Servicios", "NOMBRE_EQUIP": "Punto comercializacion", "TON_VEREDA": 211.63, "AREA_HA_VEREDA": 141.09, "AREA_EQUIP_M2": 335.3, "N_EQUIP_TIPO": 2}}, {"type": "Feature", "geometry": {"x": -75.06576376299995, "y": 3.5606563870000514}, "properties": {"OBJECTID": 596, "VEREDA": "ALTO DE ORTEGA", "MUNICIPIO": "73504", "ESCENARIO": "E2", "CULTIVO": "Caucho", "TIPO_INFRA": "Tipo I - Produccion", "NOMBRE_EQUIP": "Vivero caucho", "TON_VEREDA": 362.59, "AREA_HA_VEREDA": 206.66, "AREA_EQUIP_M2": 780.1, "N_EQUIP_TIPO": 1}}, {"type": "Feature", "geometry": {"x": -75.28536577299997, "y": 3.984050732000071}, "properties": {"OBJECTID": 597, "VEREDA": "ALTO DE ORTEGA", "MUNICIPIO": "73504", "ESCENARIO": "E2", "CULTIVO": "Caucho", "TIPO_INFRA": "Tipo II - Transformacion", "NOMBRE_EQUIP": "Planta latex RSS", "TON_VEREDA": 362.59, "AREA_HA_VEREDA": 206.66, "AREA_EQUIP_M2": 717.6, "N_EQUIP_TIPO": 1}}, {"type": "Feature", "geometry": {"x": -75.09708309999996, "y": 3.6190970500000503}, "properties": {"OBJECTID": 598, "VEREDA": "ALTO DE ORTEGA", "MUNICIPIO": "73504", "ESCENARIO": "E2", "CULTIVO": "Caucho", "TIPO_INFRA": "Tipo III - Servicios", "NOMBRE_EQUIP": "Escuela caucheros", "TON_VEREDA": 362.59, "AREA_HA_VEREDA": 206.66, "AREA_EQUIP_M2": 360.4, "N_EQUIP_TIPO": 2}}, {"type": "Feature", "geometry": {"x": -75.20078749999993, "y": 3.7475336500000367}, "properties": {"OBJECTID": 599, "VEREDA": "ALTO DE ORTEGA", "MUNICIPIO": "73504", "ESCENARIO": "E2", "CULTIVO": "Caucho", "TIPO_INFRA": "Tipo III - Servicios", "NOMBRE_EQUIP": "Punto comercializacion", "TON_VEREDA": 362.59, "AREA_HA_VEREDA": 206.66, "AREA_EQUIP_M2": 360.4, "N_EQUIP_TIPO": 2}}, {"type": "Feature", "geometry": {"x": -75.13778311099998, "y": 3.4339850320000664}, "properties": {"OBJECTID": 600, "VEREDA": "CALARMA", "MUNICIPIO": "73504", "ESCENARIO": "E2", "CULTIVO": "Caucho", "TIPO_INFRA": "Tipo I - Produccion", "NOMBRE_EQUIP": "Vivero caucho", "TON_VEREDA": 1728.51, "AREA_HA_VEREDA": 764.25, "AREA_EQUIP_M2": 2000, "N_EQUIP_TIPO": 3}}, {"type": "Feature", "geometry": {"x": -75.20252021999994, "y": 4.088425570000027}, "properties": {"OBJECTID": 601, "VEREDA": "CALARMA", "MUNICIPIO": "73504", "ESCENARIO": "E2", "CULTIVO": "Caucho", "TIPO_INFRA": "Tipo I - Produccion", "NOMBRE_EQUIP": "Sistema pica latex", "TON_VEREDA": 1728.51, "AREA_HA_VEREDA": 764.25, "AREA_EQUIP_M2": 2000, "N_EQUIP_TIPO": 3}}, {"type": "Feature", "geometry": {"x": -75.11890722299995, "y": 3.747511915000075}, "properties": {"OBJECTID": 602, "VEREDA": "CALARMA", "MUNICIPIO": "73504", "ESCENARIO": "E2", "CULTIVO": "Caucho", "TIPO_INFRA": "Tipo I - Produccion", "NOMBRE_EQUIP": "Tanques coagulacion", "TON_VEREDA": 1728.51, "AREA_HA_VEREDA": 764.25, "AREA_EQUIP_M2": 2000, "N_EQUIP_TIPO": 3}}, {"type": "Feature", "geometry": {"x": -75.30020782199995, "y": 3.9651198670000554}, "properties": {"OBJECTID": 603, "VEREDA": "CALARMA", "MUNICIPIO": "73504", "ESCENARIO": "E2", "CULTIVO": "Caucho", "TIPO_INFRA": "Tipo II - Transformacion", "NOMBRE_EQUIP": "Planta latex RSS", "TON_VEREDA": 1728.51, "AREA_HA_VEREDA": 764.25, "AREA_EQUIP_M2": 1537.1, "N_EQUIP_TIPO": 1}}, {"type": "Feature", "geometry": {"x": -75.10053532999996, "y": 3.5335674190000645}, "properties": {"OBJECTID": 604, "VEREDA": "CALARMA", "MUNICIPIO": "73504", "ESCENARIO": "E2", "CULTIVO": "Caucho", "TIPO_INFRA": "Tipo III - Servicios", "NOMBRE_EQUIP": "Escuela caucheros", "TON_VEREDA": 1728.51, "AREA_HA_VEREDA": 764.25, "AREA_EQUIP_M2": 588.1, "N_EQUIP_TIPO": 2}}, {"type": "Feature", "geometry": {"x": -75.15387839999994, "y": 3.939508851000028}, "properties": {"OBJECTID": 605, "VEREDA": "CALARMA", "MUNICIPIO": "73504", "ESCENARIO": "E2", "CULTIVO": "Caucho", "TIPO_INFRA": "Tipo III - Servicios", "NOMBRE_EQUIP": "Punto comercializacion", "TON_VEREDA": 1728.51, "AREA_HA_VEREDA": 764.25, "AREA_EQUIP_M2": 588.1, "N_EQUIP_TIPO": 2}}, {"type": "Feature", "geometry": {"x": -75.13235126199999, "y": 3.9964282140000478}, "properties": {"OBJECTID": 606, "VEREDA": "ALTOZANO", "MUNICIPIO": "73504", "ESCENARIO": "E2", "CULTIVO": "Caucho", "TIPO_INFRA": "Tipo I - Produccion", "NOMBRE_EQUIP": "Vivero caucho", "TON_VEREDA": 1782.08, "AREA_HA_VEREDA": 505.58, "AREA_EQUIP_M2": 2000, "N_EQUIP_TIPO": 4}}, {"type": "Feature", "geometry": {"x": -75.06013702599995, "y": 3.8067750850000266}, "properties": {"OBJECTID": 607, "VEREDA": "ALTOZANO", "MUNICIPIO": "73504", "ESCENARIO": "E2", "CULTIVO": "Caucho", "TIPO_INFRA": "Tipo I - Produccion", "NOMBRE_EQUIP": "Sistema pica latex", "TON_VEREDA": 1782.08, "AREA_HA_VEREDA": 505.58, "AREA_EQUIP_M2": 2000, "N_EQUIP_TIPO": 4}}, {"type": "Feature", "geometry": {"x": -75.32550141399997, "y": 3.908166417000075}, "properties": {"OBJECTID": 608, "VEREDA": "ALTOZANO", "MUNICIPIO": "73504", "ESCENARIO": "E2", "CULTIVO": "Caucho", "TIPO_INFRA": "Tipo I - Produccion", "NOMBRE_EQUIP": "Tanques coagulacion", "TON_VEREDA": 1782.08, "AREA_HA_VEREDA": 505.58, "AREA_EQUIP_M2": 2000, "N_EQUIP_TIPO": 4}}, {"type": "Feature", "geometry": {"x": -75.05061562099996, "y": 3.650374103000047}, "properties": {"OBJECTID": 609, "VEREDA": "ALTOZANO", "MUNICIPIO": "73504", "ESCENARIO": "E2", "CULTIVO": "Caucho", "TIPO_INFRA": "Tipo I - Produccion", "NOMBRE_EQUIP": "Bodega coagulo", "TON_VEREDA": 1782.08, "AREA_HA_VEREDA": 505.58, "AREA_EQUIP_M2": 2000, "N_EQUIP_TIPO": 4}}, {"type": "Feature", "geometry": {"x": -75.27383744899998, "y": 3.972819442000059}, "properties": {"OBJECTID": 610, "VEREDA": "ALTOZANO", "MUNICIPIO": "73504", "ESCENARIO": "E2", "CULTIVO": "Caucho", "TIPO_INFRA": "Tipo II - Transformacion", "NOMBRE_EQUIP": "Planta latex RSS", "TON_VEREDA": 1782.08, "AREA_HA_VEREDA": 505.58, "AREA_EQUIP_M2": 1569.3, "N_EQUIP_TIPO": 1}}, {"type": "Feature", "geometry": {"x": -75.13024844999995, "y": 3.9019020150000756}, "properties": {"OBJECTID": 611, "VEREDA": "ALTOZANO", "MUNICIPIO": "73504", "ESCENARIO": "E2", "CULTIVO": "Caucho", "TIPO_INFRA": "Tipo III - Servicios", "NOMBRE_EQUIP": "Escuela caucheros", "TON_VEREDA": 1782.08, "AREA_HA_VEREDA": 505.58, "AREA_EQUIP_M2": 597, "N_EQUIP_TIPO": 2}}, {"type": "Feature", "geometry": {"x": -75.11836250399995, "y": 3.528632766000044}, "properties": {"OBJECTID": 612, "VEREDA": "ALTOZANO", "MUNICIPIO": "73504", "ESCENARIO": "E2", "CULTIVO": "Caucho", "TIPO_INFRA": "Tipo III - Servicios", "NOMBRE_EQUIP": "Punto comercializacion", "TON_VEREDA": 1782.08, "AREA_HA_VEREDA": 505.58, "AREA_EQUIP_M2": 597, "N_EQUIP_TIPO": 2}}, {"type": "Feature", "geometry": {"x": -75.08559478399997, "y": 3.9542904020000265}, "properties": {"OBJECTID": 613, "VEREDA": "CHIQUINIMA", "MUNICIPIO": "73504", "ESCENARIO": "E2", "CULTIVO": "Caucho", "TIPO_INFRA": "Tipo I - Produccion", "NOMBRE_EQUIP": "Vivero caucho", "TON_VEREDA": 4349.73, "AREA_HA_VEREDA": 844.24, "AREA_EQUIP_M2": 2000, "N_EQUIP_TIPO": 5}}, {"type": "Feature", "geometry": {"x": -75.15395532899998, "y": 3.4225676490000296}, "properties": {"OBJECTID": 614, "VEREDA": "CHIQUINIMA", "MUNICIPIO": "73504", "ESCENARIO": "E2", "CULTIVO": "Caucho", "TIPO_INFRA": "Tipo I - Produccion", "NOMBRE_EQUIP": "Sistema pica latex", "TON_VEREDA": 4349.73, "AREA_HA_VEREDA": 844.24, "AREA_EQUIP_M2": 2000, "N_EQUIP_TIPO": 5}}, {"type": "Feature", "geometry": {"x": -74.98813665099993, "y": 3.6464674470000205}, "properties": {"OBJECTID": 615, "VEREDA": "CHIQUINIMA", "MUNICIPIO": "73504", "ESCENARIO": "E2", "CULTIVO": "Caucho", "TIPO_INFRA": "Tipo I - Produccion", "NOMBRE_EQUIP": "Tanques coagulacion", "TON_VEREDA": 4349.73, "AREA_HA_VEREDA": 844.24, "AREA_EQUIP_M2": 2000, "N_EQUIP_TIPO": 5}}, {"type": "Feature", "geometry": {"x": -75.20214131699998, "y": 3.4023725380000656}, "properties": {"OBJECTID": 616, "VEREDA": "CHIQUINIMA", "MUNICIPIO": "73504", "ESCENARIO": "E2", "CULTIVO": "Caucho", "TIPO_INFRA": "Tipo I - Produccion", "NOMBRE_EQUIP": "Bodega coagulo", "TON_VEREDA": 4349.73, "AREA_HA_VEREDA": 844.24, "AREA_EQUIP_M2": 2000, "N_EQUIP_TIPO": 5}}, {"type": "Feature", "geometry": {"x": -74.99394913199995, "y": 3.7488937260000625}, "properties": {"OBJECTID": 617, "VEREDA": "CHIQUINIMA", "MUNICIPIO": "73504", "ESCENARIO": "E2", "CULTIVO": "Caucho", "TIPO_INFRA": "Tipo I - Produccion", "NOMBRE_EQUIP": "Centro campo", "TON_VEREDA": 4349.73, "AREA_HA_VEREDA": 844.24, "AREA_EQUIP_M2": 2000, "N_EQUIP_TIPO": 5}}, {"type": "Feature", "geometry": {"x": -75.23230168099997, "y": 3.976442210000073}, "properties": {"OBJECTID": 618, "VEREDA": "CHIQUINIMA", "MUNICIPIO": "73504", "ESCENARIO": "E2", "CULTIVO": "Caucho", "TIPO_INFRA": "Tipo II - Transformacion", "NOMBRE_EQUIP": "Planta latex RSS", "TON_VEREDA": 4349.73, "AREA_HA_VEREDA": 844.24, "AREA_EQUIP_M2": 3109.8, "N_EQUIP_TIPO": 2}}, {"type": "Feature", "geometry": {"x": -75.23108874199994, "y": 3.9814070570000695}, "properties": {"OBJECTID": 619, "VEREDA": "CHIQUINIMA", "MUNICIPIO": "73504", "ESCENARIO": "E2", "CULTIVO": "Caucho", "TIPO_INFRA": "Tipo II - Transformacion", "NOMBRE_EQUIP": "Planta caucho tecnico", "TON_VEREDA": 4349.73, "AREA_HA_VEREDA": 844.24, "AREA_EQUIP_M2": 3109.8, "N_EQUIP_TIPO": 2}}, {"type": "Feature", "geometry": {"x": -75.16912889999998, "y": 3.911782350000067}, "properties": {"OBJECTID": 620, "VEREDA": "CHIQUINIMA", "MUNICIPIO": "73504", "ESCENARIO": "E2", "CULTIVO": "Caucho", "TIPO_INFRA": "Tipo III - Servicios", "NOMBRE_EQUIP": "Escuela caucheros", "TON_VEREDA": 4349.73, "AREA_HA_VEREDA": 844.24, "AREA_EQUIP_M2": 1025, "N_EQUIP_TIPO": 2}}, {"type": "Feature", "geometry": {"x": -75.22003256299996, "y": 3.9364583180000636}, "properties": {"OBJECTID": 621, "VEREDA": "CHIQUINIMA", "MUNICIPIO": "73504", "ESCENARIO": "E2", "CULTIVO": "Caucho", "TIPO_INFRA": "Tipo III - Servicios", "NOMBRE_EQUIP": "Punto comercializacion", "TON_VEREDA": 4349.73, "AREA_HA_VEREDA": 844.24, "AREA_EQUIP_M2": 1025, "N_EQUIP_TIPO": 2}}, {"type": "Feature", "geometry": {"x": -75.16569725899996, "y": 3.700795431000074}, "properties": {"OBJECTID": 622, "VEREDA": "GUAVIO", "MUNICIPIO": "73504", "ESCENARIO": "E2", "CULTIVO": "Caucho", "TIPO_INFRA": "Tipo I - Produccion", "NOMBRE_EQUIP": "Vivero caucho", "TON_VEREDA": 2244.16, "AREA_HA_VEREDA": 521.03, "AREA_EQUIP_M2": 2000, "N_EQUIP_TIPO": 4}}, {"type": "Feature", "geometry": {"x": -75.18365503299998, "y": 3.704175684000063}, "properties": {"OBJECTID": 623, "VEREDA": "GUAVIO", "MUNICIPIO": "73504", "ESCENARIO": "E2", "CULTIVO": "Caucho", "TIPO_INFRA": "Tipo I - Produccion", "NOMBRE_EQUIP": "Sistema pica latex", "TON_VEREDA": 2244.16, "AREA_HA_VEREDA": 521.03, "AREA_EQUIP_M2": 2000, "N_EQUIP_TIPO": 4}}, {"type": "Feature", "geometry": {"x": -75.34051954999995, "y": 3.820257869000045}, "properties": {"OBJECTID": 624, "VEREDA": "GUAVIO", "MUNICIPIO": "73504", "ESCENARIO": "E2", "CULTIVO": "Caucho", "TIPO_INFRA": "Tipo I - Produccion", "NOMBRE_EQUIP": "Tanques coagulacion", "TON_VEREDA": 2244.16, "AREA_HA_VEREDA": 521.03, "AREA_EQUIP_M2": 2000, "N_EQUIP_TIPO": 4}}, {"type": "Feature", "geometry": {"x": -75.26779692199995, "y": 3.9801705100000504}, "properties": {"OBJECTID": 625, "VEREDA": "GUAVIO", "MUNICIPIO": "73504", "ESCENARIO": "E2", "CULTIVO": "Caucho", "TIPO_INFRA": "Tipo I - Produccion", "NOMBRE_EQUIP": "Bodega coagulo", "TON_VEREDA": 2244.16, "AREA_HA_VEREDA": 521.03, "AREA_EQUIP_M2": 2000, "N_EQUIP_TIPO": 4}}, {"type": "Feature", "geometry": {"x": -75.23445434899998, "y": 4.029350935000025}, "properties": {"OBJECTID": 626, "VEREDA": "GUAVIO", "MUNICIPIO": "73504", "ESCENARIO": "E2", "CULTIVO": "Caucho", "TIPO_INFRA": "Tipo II - Transformacion", "NOMBRE_EQUIP": "Planta latex RSS", "TON_VEREDA": 2244.16, "AREA_HA_VEREDA": 521.03, "AREA_EQUIP_M2": 1846.5, "N_EQUIP_TIPO": 1}}, {"type": "Feature", "geometry": {"x": -75.14984213599996, "y": 3.928685127000051}, "properties": {"OBJECTID": 627, "VEREDA": "GUAVIO", "MUNICIPIO": "73504", "ESCENARIO": "E2", "CULTIVO": "Caucho", "TIPO_INFRA": "Tipo III - Servicios", "NOMBRE_EQUIP": "Escuela caucheros", "TON_VEREDA": 2244.16, "AREA_HA_VEREDA": 521.03, "AREA_EQUIP_M2": 674, "N_EQUIP_TIPO": 2}}, {"type": "Feature", "geometry": {"x": -75.33035681499996, "y": 3.904737929000021}, "properties": {"OBJECTID": 628, "VEREDA": "GUAVIO", "MUNICIPIO": "73504", "ESCENARIO": "E2", "CULTIVO": "Caucho", "TIPO_INFRA": "Tipo III - Servicios", "NOMBRE_EQUIP": "Punto comercializacion", "TON_VEREDA": 2244.16, "AREA_HA_VEREDA": 521.03, "AREA_EQUIP_M2": 674, "N_EQUIP_TIPO": 2}}, {"type": "Feature", "geometry": {"x": -75.00724072699995, "y": 3.6880479920000653}, "properties": {"OBJECTID": 629, "VEREDA": "HATO DE IGLESIA", "MUNICIPIO": "73504", "ESCENARIO": "E2", "CULTIVO": "Caucho", "TIPO_INFRA": "Tipo I - Produccion", "NOMBRE_EQUIP": "Vivero caucho", "TON_VEREDA": 4935.75, "AREA_HA_VEREDA": 1803.94, "AREA_EQUIP_M2": 2000, "N_EQUIP_TIPO": 5}}, {"type": "Feature", "geometry": {"x": -75.05670472799994, "y": 3.6608575920000703}, "properties": {"OBJECTID": 630, "VEREDA": "HATO DE IGLESIA", "MUNICIPIO": "73504", "ESCENARIO": "E2", "CULTIVO": "Caucho", "TIPO_INFRA": "Tipo I - Produccion", "NOMBRE_EQUIP": "Sistema pica latex", "TON_VEREDA": 4935.75, "AREA_HA_VEREDA": 1803.94, "AREA_EQUIP_M2": 2000, "N_EQUIP_TIPO": 5}}, {"type": "Feature", "geometry": {"x": -75.16252573999998, "y": 3.6813040010000577}, "properties": {"OBJECTID": 631, "VEREDA": "HATO DE IGLESIA", "MUNICIPIO": "73504", "ESCENARIO": "E2", "CULTIVO": "Caucho", "TIPO_INFRA": "Tipo I - Produccion", "NOMBRE_EQUIP": "Tanques coagulacion", "TON_VEREDA": 4935.75, "AREA_HA_VEREDA": 1803.94, "AREA_EQUIP_M2": 2000, "N_EQUIP_TIPO": 5}}, {"type": "Feature", "geometry": {"x": -75.55330466399994, "y": 3.9870979170000282}, "properties": {"OBJECTID": 632, "VEREDA": "HATO DE IGLESIA", "MUNICIPIO": "73504", "ESCENARIO": "E2", "CULTIVO": "Caucho", "TIPO_INFRA": "Tipo I - Produccion", "NOMBRE_EQUIP": "Bodega coagulo", "TON_VEREDA": 4935.75, "AREA_HA_VEREDA": 1803.94, "AREA_EQUIP_M2": 2000, "N_EQUIP_TIPO": 5}}, {"type": "Feature", "geometry": {"x": -75.15034223299995, "y": 3.4578855350000595}, "properties": {"OBJECTID": 633, "VEREDA": "HATO DE IGLESIA", "MUNICIPIO": "73504", "ESCENARIO": "E2", "CULTIVO": "Caucho", "TIPO_INFRA": "Tipo I - Produccion", "NOMBRE_EQUIP": "Centro campo", "TON_VEREDA": 4935.75, "AREA_HA_VEREDA": 1803.94, "AREA_EQUIP_M2": 2000, "N_EQUIP_TIPO": 5}}, {"type": "Feature", "geometry": {"x": -75.13639991999997, "y": 3.9585636320000503}, "properties": {"OBJECTID": 634, "VEREDA": "HATO DE IGLESIA", "MUNICIPIO": "73504", "ESCENARIO": "E2", "CULTIVO": "Caucho", "TIPO_INFRA": "Tipo II - Transformacion", "NOMBRE_EQUIP": "Planta latex RSS", "TON_VEREDA": 4935.75, "AREA_HA_VEREDA": 1803.94, "AREA_EQUIP_M2": 3461.4, "N_EQUIP_TIPO": 2}}, {"type": "Feature", "geometry": {"x": -75.13576710099994, "y": 3.966251606000071}, "properties": {"OBJECTID": 635, "VEREDA": "HATO DE IGLESIA", "MUNICIPIO": "73504", "ESCENARIO": "E2", "CULTIVO": "Caucho", "TIPO_INFRA": "Tipo II - Transformacion", "NOMBRE_EQUIP": "Planta caucho tecnico", "TON_VEREDA": 4935.75, "AREA_HA_VEREDA": 1803.94, "AREA_EQUIP_M2": 3461.4, "N_EQUIP_TIPO": 2}}, {"type": "Feature", "geometry": {"x": -75.33738271899995, "y": 3.8193448290000447}, "properties": {"OBJECTID": 636, "VEREDA": "HATO DE IGLESIA", "MUNICIPIO": "73504", "ESCENARIO": "E2", "CULTIVO": "Caucho", "TIPO_INFRA": "Tipo III - Servicios", "NOMBRE_EQUIP": "Escuela caucheros", "TON_VEREDA": 4935.75, "AREA_HA_VEREDA": 1803.94, "AREA_EQUIP_M2": 1122.6, "N_EQUIP_TIPO": 2}}, {"type": "Feature", "geometry": {"x": -75.16544383499996, "y": 3.6989133670000456}, "properties": {"OBJECTID": 637, "VEREDA": "HATO DE IGLESIA", "MUNICIPIO": "73504", "ESCENARIO": "E2", "CULTIVO": "Caucho", "TIPO_INFRA": "Tipo III - Servicios", "NOMBRE_EQUIP": "Punto comercializacion", "TON_VEREDA": 4935.75, "AREA_HA_VEREDA": 1803.94, "AREA_EQUIP_M2": 1122.6, "N_EQUIP_TIPO": 2}}, {"type": "Feature", "geometry": {"x": -75.15901020599995, "y": 3.6792830090000734}, "properties": {"OBJECTID": 638, "VEREDA": "BOCAS DE TETUAN", "MUNICIPIO": "73504", "ESCENARIO": "E2", "CULTIVO": "Aguacate Hass", "TIPO_INFRA": "Tipo I - Produccion", "NOMBRE_EQUIP": "Vivero aguacate", "TON_VEREDA": 825.34, "AREA_HA_VEREDA": 68.78, "AREA_EQUIP_M2": 1520.5, "N_EQUIP_TIPO": 2}}, {"type": "Feature", "geometry": {"x": -75.16196772899997, "y": 4.001891745000023}, "properties": {"OBJECTID": 639, "VEREDA": "BOCAS DE TETUAN", "MUNICIPIO": "73504", "ESCENARIO": "E2", "CULTIVO": "Aguacate Hass", "TIPO_INFRA": "Tipo I - Produccion", "NOMBRE_EQUIP": "Sistema riego goteo", "TON_VEREDA": 825.34, "AREA_HA_VEREDA": 68.78, "AREA_EQUIP_M2": 1520.5, "N_EQUIP_TIPO": 2}}, {"type": "Feature", "geometry": {"x": -75.17931780099997, "y": 3.863248545000033}, "properties": {"OBJECTID": 640, "VEREDA": "BOCAS DE TETUAN", "MUNICIPIO": "73504", "ESCENARIO": "E2", "CULTIVO": "Aguacate Hass", "TIPO_INFRA": "Tipo II - Transformacion", "NOMBRE_EQUIP": "Planta empaque exportacion", "TON_VEREDA": 825.34, "AREA_HA_VEREDA": 68.78, "AREA_EQUIP_M2": 995.2, "N_EQUIP_TIPO": 1}}, {"type": "Feature", "geometry": {"x": -75.09804359999998, "y": 3.6259114500000464}, "properties": {"OBJECTID": 641, "VEREDA": "BOCAS DE TETUAN", "MUNICIPIO": "73504", "ESCENARIO": "E2", "CULTIVO": "Aguacate Hass", "TIPO_INFRA": "Tipo III - Servicios", "NOMBRE_EQUIP": "Escuela aguacateros", "TON_VEREDA": 825.34, "AREA_HA_VEREDA": 68.78, "AREA_EQUIP_M2": 437.6, "N_EQUIP_TIPO": 2}}, {"type": "Feature", "geometry": {"x": -75.04626068699997, "y": 3.7673591060000717}, "properties": {"OBJECTID": 642, "VEREDA": "BOCAS DE TETUAN", "MUNICIPIO": "73504", "ESCENARIO": "E2", "CULTIVO": "Aguacate Hass", "TIPO_INFRA": "Tipo III - Servicios", "NOMBRE_EQUIP": "Centro certificacion exportacion", "TON_VEREDA": 825.34, "AREA_HA_VEREDA": 68.78, "AREA_EQUIP_M2": 437.6, "N_EQUIP_TIPO": 2}}, {"type": "Feature", "geometry": {"x": -75.17616298699994, "y": 3.8596042390000207}, "properties": {"OBJECTID": 643, "VEREDA": "EL SALADO", "MUNICIPIO": "73504", "ESCENARIO": "E2", "CULTIVO": "Caucho", "TIPO_INFRA": "Tipo I - Produccion", "NOMBRE_EQUIP": "Vivero caucho", "TON_VEREDA": 1352.8, "AREA_HA_VEREDA": 391.57, "AREA_EQUIP_M2": 2000, "N_EQUIP_TIPO": 3}}, {"type": "Feature", "geometry": {"x": -75.16316683299993, "y": 3.6759153790000596}, "properties": {"OBJECTID": 644, "VEREDA": "EL SALADO", "MUNICIPIO": "73504", "ESCENARIO": "E2", "CULTIVO": "Caucho", "TIPO_INFRA": "Tipo I - Produccion", "NOMBRE_EQUIP": "Sistema pica latex", "TON_VEREDA": 1352.8, "AREA_HA_VEREDA": 391.57, "AREA_EQUIP_M2": 2000, "N_EQUIP_TIPO": 3}}, {"type": "Feature", "geometry": {"x": -75.23657129399999, "y": 3.9901478190000716}, "properties": {"OBJECTID": 645, "VEREDA": "EL SALADO", "MUNICIPIO": "73504", "ESCENARIO": "E2", "CULTIVO": "Caucho", "TIPO_INFRA": "Tipo I - Produccion", "NOMBRE_EQUIP": "Tanques coagulacion", "TON_VEREDA": 1352.8, "AREA_HA_VEREDA": 391.57, "AREA_EQUIP_M2": 2000, "N_EQUIP_TIPO": 3}}, {"type": "Feature", "geometry": {"x": -75.24426220599997, "y": 3.836190542000054}, "properties": {"OBJECTID": 646, "VEREDA": "EL SALADO", "MUNICIPIO": "73504", "ESCENARIO": "E2", "CULTIVO": "Caucho", "TIPO_INFRA": "Tipo II - Transformacion", "NOMBRE_EQUIP": "Planta latex RSS", "TON_VEREDA": 1352.8, "AREA_HA_VEREDA": 391.57, "AREA_EQUIP_M2": 1311.7, "N_EQUIP_TIPO": 1}}, {"type": "Feature", "geometry": {"x": -75.22020999199998, "y": 3.9308322990000306}, "properties": {"OBJECTID": 647, "VEREDA": "EL SALADO", "MUNICIPIO": "73504", "ESCENARIO": "E2", "CULTIVO": "Caucho", "TIPO_INFRA": "Tipo III - Servicios", "NOMBRE_EQUIP": "Escuela caucheros", "TON_VEREDA": 1352.8, "AREA_HA_VEREDA": 391.57, "AREA_EQUIP_M2": 525.5, "N_EQUIP_TIPO": 2}}, {"type": "Feature", "geometry": {"x": -75.06296885199998, "y": 3.8217438070000753}, "properties": {"OBJECTID": 648, "VEREDA": "EL SALADO", "MUNICIPIO": "73504", "ESCENARIO": "E2", "CULTIVO": "Caucho", "TIPO_INFRA": "Tipo III - Servicios", "NOMBRE_EQUIP": "Punto comercializacion", "TON_VEREDA": 1352.8, "AREA_HA_VEREDA": 391.57, "AREA_EQUIP_M2": 525.5, "N_EQUIP_TIPO": 2}}, {"type": "Feature", "geometry": {"x": -75.07755526699998, "y": 3.6668472740000198}, "properties": {"OBJECTID": 649, "VEREDA": "MANGALES", "MUNICIPIO": "73504", "ESCENARIO": "E2", "CULTIVO": "Caucho", "TIPO_INFRA": "Tipo I - Produccion", "NOMBRE_EQUIP": "Vivero caucho", "TON_VEREDA": 84.12, "AREA_HA_VEREDA": 56.08, "AREA_EQUIP_M2": 334.6, "N_EQUIP_TIPO": 1}}, {"type": "Feature", "geometry": {"x": -75.32510557999996, "y": 3.897469675000025}, "properties": {"OBJECTID": 650, "VEREDA": "MANGALES", "MUNICIPIO": "73504", "ESCENARIO": "E2", "CULTIVO": "Caucho", "TIPO_INFRA": "Tipo II - Transformacion", "NOMBRE_EQUIP": "Planta latex RSS", "TON_VEREDA": 84.12, "AREA_HA_VEREDA": 56.08, "AREA_EQUIP_M2": 550.5, "N_EQUIP_TIPO": 1}}, {"type": "Feature", "geometry": {"x": -75.16642654999998, "y": 3.7464882000000443}, "properties": {"OBJECTID": 651, "VEREDA": "MANGALES", "MUNICIPIO": "73504", "ESCENARIO": "E2", "CULTIVO": "Caucho", "TIPO_INFRA": "Tipo III - Servicios", "NOMBRE_EQUIP": "Escuela caucheros", "TON_VEREDA": 84.12, "AREA_HA_VEREDA": 56.08, "AREA_EQUIP_M2": 314, "N_EQUIP_TIPO": 2}}, {"type": "Feature", "geometry": {"x": -75.07184392299996, "y": 3.822417377000022}, "properties": {"OBJECTID": 652, "VEREDA": "MANGALES", "MUNICIPIO": "73504", "ESCENARIO": "E2", "CULTIVO": "Caucho", "TIPO_INFRA": "Tipo III - Servicios", "NOMBRE_EQUIP": "Punto comercializacion", "TON_VEREDA": 84.12, "AREA_HA_VEREDA": 56.08, "AREA_EQUIP_M2": 314, "N_EQUIP_TIPO": 2}}, {"type": "Feature", "geometry": {"x": -75.16212723999996, "y": 3.67886971300004}, "properties": {"OBJECTID": 653, "VEREDA": "SAN NICOLAS", "MUNICIPIO": "73504", "ESCENARIO": "E2", "CULTIVO": "Caucho", "TIPO_INFRA": "Tipo I - Produccion", "NOMBRE_EQUIP": "Vivero caucho", "TON_VEREDA": 30.62, "AREA_HA_VEREDA": 20.41, "AREA_EQUIP_M2": 249, "N_EQUIP_TIPO": 1}}, {"type": "Feature", "geometry": {"x": -75.35405197999995, "y": 3.8978605300000595}, "properties": {"OBJECTID": 654, "VEREDA": "SAN NICOLAS", "MUNICIPIO": "73504", "ESCENARIO": "E2", "CULTIVO": "Caucho", "TIPO_INFRA": "Tipo II - Transformacion", "NOMBRE_EQUIP": "Planta latex RSS", "TON_VEREDA": 30.62, "AREA_HA_VEREDA": 20.41, "AREA_EQUIP_M2": 518.4, "N_EQUIP_TIPO": 1}}, {"type": "Feature", "geometry": {"x": -75.10428554799995, "y": 3.8072913410000524}, "properties": {"OBJECTID": 655, "VEREDA": "SAN NICOLAS", "MUNICIPIO": "73504", "ESCENARIO": "E2", "CULTIVO": "Caucho", "TIPO_INFRA": "Tipo III - Servicios", "NOMBRE_EQUIP": "Escuela caucheros", "TON_VEREDA": 30.62, "AREA_HA_VEREDA": 20.41, "AREA_EQUIP_M2": 305.1, "N_EQUIP_TIPO": 2}}, {"type": "Feature", "geometry": {"x": -75.13859779799998, "y": 3.499939938000068}, "properties": {"OBJECTID": 656, "VEREDA": "SAN NICOLAS", "MUNICIPIO": "73504", "ESCENARIO": "E2", "CULTIVO": "Caucho", "TIPO_INFRA": "Tipo III - Servicios", "NOMBRE_EQUIP": "Punto comercializacion", "TON_VEREDA": 30.62, "AREA_HA_VEREDA": 20.41, "AREA_EQUIP_M2": 305.1, "N_EQUIP_TIPO": 2}}, {"type": "Feature", "geometry": {"x": -75.14615996199996, "y": 3.6954893320000224}, "properties": {"OBJECTID": 657, "VEREDA": "CHICUAMBE", "MUNICIPIO": "73504", "ESCENARIO": "E2", "CULTIVO": "Caucho", "TIPO_INFRA": "Tipo I - Produccion", "NOMBRE_EQUIP": "Vivero caucho", "TON_VEREDA": 3498.04, "AREA_HA_VEREDA": 999.21, "AREA_EQUIP_M2": 2000, "N_EQUIP_TIPO": 5}}, {"type": "Feature", "geometry": {"x": -75.13975580499994, "y": 4.010020121000025}, "properties": {"OBJECTID": 658, "VEREDA": "CHICUAMBE", "MUNICIPIO": "73504", "ESCENARIO": "E2", "CULTIVO": "Caucho", "TIPO_INFRA": "Tipo I - Produccion", "NOMBRE_EQUIP": "Sistema pica latex", "TON_VEREDA": 3498.04, "AREA_HA_VEREDA": 999.21, "AREA_EQUIP_M2": 2000, "N_EQUIP_TIPO": 5}}, {"type": "Feature", "geometry": {"x": -75.12798904899995, "y": 3.579652696000039}, "properties": {"OBJECTID": 659, "VEREDA": "CHICUAMBE", "MUNICIPIO": "73504", "ESCENARIO": "E2", "CULTIVO": "Caucho", "TIPO_INFRA": "Tipo I - Produccion", "NOMBRE_EQUIP": "Tanques coagulacion", "TON_VEREDA": 3498.04, "AREA_HA_VEREDA": 999.21, "AREA_EQUIP_M2": 2000, "N_EQUIP_TIPO": 5}}, {"type": "Feature", "geometry": {"x": -75.12875343599995, "y": 3.694667485000025}, "properties": {"OBJECTID": 660, "VEREDA": "CHICUAMBE", "MUNICIPIO": "73504", "ESCENARIO": "E2", "CULTIVO": "Caucho", "TIPO_INFRA": "Tipo I - Produccion", "NOMBRE_EQUIP": "Bodega coagulo", "TON_VEREDA": 3498.04, "AREA_HA_VEREDA": 999.21, "AREA_EQUIP_M2": 2000, "N_EQUIP_TIPO": 5}}, {"type": "Feature", "geometry": {"x": -75.25125223899994, "y": 4.039297286000021}, "properties": {"OBJECTID": 661, "VEREDA": "CHICUAMBE", "MUNICIPIO": "73504", "ESCENARIO": "E2", "CULTIVO": "Caucho", "TIPO_INFRA": "Tipo I - Produccion", "NOMBRE_EQUIP": "Centro campo", "TON_VEREDA": 3498.04, "AREA_HA_VEREDA": 999.21, "AREA_EQUIP_M2": 2000, "N_EQUIP_TIPO": 5}}, {"type": "Feature", "geometry": {"x": -75.14119536199996, "y": 3.931769963000022}, "properties": {"OBJECTID": 662, "VEREDA": "CHICUAMBE", "MUNICIPIO": "73504", "ESCENARIO": "E2", "CULTIVO": "Caucho", "TIPO_INFRA": "Tipo II - Transformacion", "NOMBRE_EQUIP": "Planta latex RSS", "TON_VEREDA": 3498.04, "AREA_HA_VEREDA": 999.21, "AREA_EQUIP_M2": 2598.8, "N_EQUIP_TIPO": 2}}, {"type": "Feature", "geometry": {"x": -75.14649700399997, "y": 3.9330763700000375}, "properties": {"OBJECTID": 663, "VEREDA": "CHICUAMBE", "MUNICIPIO": "73504", "ESCENARIO": "E2", "CULTIVO": "Caucho", "TIPO_INFRA": "Tipo II - Transformacion", "NOMBRE_EQUIP": "Planta caucho tecnico", "TON_VEREDA": 3498.04, "AREA_HA_VEREDA": 999.21, "AREA_EQUIP_M2": 2598.8, "N_EQUIP_TIPO": 2}}, {"type": "Feature", "geometry": {"x": -75.22798871899994, "y": 3.781239102000029}, "properties": {"OBJECTID": 664, "VEREDA": "CHICUAMBE", "MUNICIPIO": "73504", "ESCENARIO": "E2", "CULTIVO": "Caucho", "TIPO_INFRA": "Tipo III - Servicios", "NOMBRE_EQUIP": "Escuela caucheros", "TON_VEREDA": 3498.04, "AREA_HA_VEREDA": 999.21, "AREA_EQUIP_M2": 883, "N_EQUIP_TIPO": 2}}, {"type": "Feature", "geometry": {"x": -75.09971046099997, "y": 3.58135235900005}, "properties": {"OBJECTID": 665, "VEREDA": "CHICUAMBE", "MUNICIPIO": "73504", "ESCENARIO": "E2", "CULTIVO": "Caucho", "TIPO_INFRA": "Tipo III - Servicios", "NOMBRE_EQUIP": "Punto comercializacion", "TON_VEREDA": 3498.04, "AREA_HA_VEREDA": 999.21, "AREA_EQUIP_M2": 883, "N_EQUIP_TIPO": 2}}, {"type": "Feature", "geometry": {"x": -75.24620805399996, "y": 4.09915182900005}, "properties": {"OBJECTID": 666, "VEREDA": "TOPORCO", "MUNICIPIO": "73504", "ESCENARIO": "E2", "CULTIVO": "Caucho", "TIPO_INFRA": "Tipo I - Produccion", "NOMBRE_EQUIP": "Vivero caucho", "TON_VEREDA": 68.58, "AREA_HA_VEREDA": 43.89, "AREA_EQUIP_M2": 309.7, "N_EQUIP_TIPO": 1}}, {"type": "Feature", "geometry": {"x": -75.17530716599998, "y": 3.938503795000031}, "properties": {"OBJECTID": 667, "VEREDA": "TOPORCO", "MUNICIPIO": "73504", "ESCENARIO": "E2", "CULTIVO": "Caucho", "TIPO_INFRA": "Tipo II - Transformacion", "NOMBRE_EQUIP": "Planta latex RSS", "TON_VEREDA": 68.58, "AREA_HA_VEREDA": 43.89, "AREA_EQUIP_M2": 541.1, "N_EQUIP_TIPO": 1}}, {"type": "Feature", "geometry": {"x": -75.06070244999995, "y": 3.8205453500000317}, "properties": {"OBJECTID": 668, "VEREDA": "TOPORCO", "MUNICIPIO": "73504", "ESCENARIO": "E2", "CULTIVO": "Caucho", "TIPO_INFRA": "Tipo III - Servicios", "NOMBRE_EQUIP": "Escuela caucheros", "TON_VEREDA": 68.58, "AREA_HA_VEREDA": 43.89, "AREA_EQUIP_M2": 311.4, "N_EQUIP_TIPO": 2}}, {"type": "Feature", "geometry": {"x": -75.17614720099994, "y": 3.76537915800003}, "properties": {"OBJECTID": 669, "VEREDA": "TOPORCO", "MUNICIPIO": "73504", "ESCENARIO": "E2", "CULTIVO": "Caucho", "TIPO_INFRA": "Tipo III - Servicios", "NOMBRE_EQUIP": "Punto comercializacion", "TON_VEREDA": 68.58, "AREA_HA_VEREDA": 43.89, "AREA_EQUIP_M2": 311.4, "N_EQUIP_TIPO": 2}}, {"type": "Feature", "geometry": {"x": -75.12077409899996, "y": 3.6944291060000296}, "properties": {"OBJECTID": 670, "VEREDA": "TORTUGAS", "MUNICIPIO": "73563", "ESCENARIO": "E2", "CULTIVO": "Platano", "TIPO_INFRA": "Tipo I - Produccion", "NOMBRE_EQUIP": "Vivero platano", "TON_VEREDA": 260.6, "AREA_HA_VEREDA": 10.42, "AREA_EQUIP_M2": 617, "N_EQUIP_TIPO": 1}}, {"type": "Feature", "geometry": {"x": -74.99515833299995, "y": 3.6977304350000395}, "properties": {"OBJECTID": 671, "VEREDA": "TORTUGAS", "MUNICIPIO": "73563", "ESCENARIO": "E2", "CULTIVO": "Platano", "TIPO_INFRA": "Tipo II - Transformacion", "NOMBRE_EQUIP": "Planta clasificacion", "TON_VEREDA": 260.6, "AREA_HA_VEREDA": 10.42, "AREA_EQUIP_M2": 656.4, "N_EQUIP_TIPO": 1}}, {"type": "Feature", "geometry": {"x": -75.09219087099996, "y": 3.6390123970000445}, "properties": {"OBJECTID": 672, "VEREDA": "TORTUGAS", "MUNICIPIO": "73563", "ESCENARIO": "E2", "CULTIVO": "Platano", "TIPO_INFRA": "Tipo III - Servicios", "NOMBRE_EQUIP": "Escuela plataneros", "TON_VEREDA": 260.6, "AREA_HA_VEREDA": 10.42, "AREA_EQUIP_M2": 343.4, "N_EQUIP_TIPO": 2}}, {"type": "Feature", "geometry": {"x": -75.06229976699996, "y": 3.8191520490000244}, "properties": {"OBJECTID": 673, "VEREDA": "TORTUGAS", "MUNICIPIO": "73563", "ESCENARIO": "E2", "CULTIVO": "Platano", "TIPO_INFRA": "Tipo III - Servicios", "NOMBRE_EQUIP": "Centro logistica", "TON_VEREDA": 260.6, "AREA_HA_VEREDA": 10.42, "AREA_EQUIP_M2": 343.4, "N_EQUIP_TIPO": 2}}, {"type": "Feature", "geometry": {"x": -75.19093628799999, "y": 3.8251642010000637}, "properties": {"OBJECTID": 674, "VEREDA": "PEÑON ALTO", "MUNICIPIO": "73563", "ESCENARIO": "E2", "CULTIVO": "Aguacate Hass", "TIPO_INFRA": "Tipo I - Produccion", "NOMBRE_EQUIP": "Vivero aguacate", "TON_VEREDA": 603.37, "AREA_HA_VEREDA": 35.52, "AREA_EQUIP_M2": 1165.4, "N_EQUIP_TIPO": 1}}, {"type": "Feature", "geometry": {"x": -74.96588454999994, "y": 3.72197391800006}, "properties": {"OBJECTID": 675, "VEREDA": "PEÑON ALTO", "MUNICIPIO": "73563", "ESCENARIO": "E2", "CULTIVO": "Aguacate Hass", "TIPO_INFRA": "Tipo II - Transformacion", "NOMBRE_EQUIP": "Planta empaque exportacion", "TON_VEREDA": 603.37, "AREA_HA_VEREDA": 35.52, "AREA_EQUIP_M2": 862, "N_EQUIP_TIPO": 1}}, {"type": "Feature", "geometry": {"x": -75.11086436299996, "y": 3.5989721020000616}, "properties": {"OBJECTID": 676, "VEREDA": "PEÑON ALTO", "MUNICIPIO": "73563", "ESCENARIO": "E2", "CULTIVO": "Aguacate Hass", "TIPO_INFRA": "Tipo III - Servicios", "NOMBRE_EQUIP": "Escuela aguacateros", "TON_VEREDA": 603.37, "AREA_HA_VEREDA": 35.52, "AREA_EQUIP_M2": 400.6, "N_EQUIP_TIPO": 2}}, {"type": "Feature", "geometry": {"x": -75.09759205099994, "y": 3.619166850000056}, "properties": {"OBJECTID": 677, "VEREDA": "PEÑON ALTO", "MUNICIPIO": "73563", "ESCENARIO": "E2", "CULTIVO": "Aguacate Hass", "TIPO_INFRA": "Tipo III - Servicios", "NOMBRE_EQUIP": "Centro certificacion exportacion", "TON_VEREDA": 603.37, "AREA_HA_VEREDA": 35.52, "AREA_EQUIP_M2": 400.6, "N_EQUIP_TIPO": 2}}, {"type": "Feature", "geometry": {"x": -75.04828689399994, "y": 3.565329082000062}, "properties": {"OBJECTID": 678, "VEREDA": "HILARCO", "MUNICIPIO": "73585", "ESCENARIO": "E2", "CULTIVO": "Aguacate Hass", "TIPO_INFRA": "Tipo I - Produccion", "NOMBRE_EQUIP": "Vivero aguacate", "TON_VEREDA": 222.56, "AREA_HA_VEREDA": 30.63, "AREA_EQUIP_M2": 556.1, "N_EQUIP_TIPO": 1}}, {"type": "Feature", "geometry": {"x": -74.99308028399997, "y": 3.7654597540000623}, "properties": {"OBJECTID": 679, "VEREDA": "HILARCO", "MUNICIPIO": "73585", "ESCENARIO": "E2", "CULTIVO": "Aguacate Hass", "TIPO_INFRA": "Tipo II - Transformacion", "NOMBRE_EQUIP": "Planta empaque exportacion", "TON_VEREDA": 222.56, "AREA_HA_VEREDA": 30.63, "AREA_EQUIP_M2": 633.5, "N_EQUIP_TIPO": 1}}, {"type": "Feature", "geometry": {"x": -75.09790888299995, "y": 3.625751643000058}, "properties": {"OBJECTID": 680, "VEREDA": "HILARCO", "MUNICIPIO": "73585", "ESCENARIO": "E2", "CULTIVO": "Aguacate Hass", "TIPO_INFRA": "Tipo III - Servicios", "NOMBRE_EQUIP": "Escuela aguacateros", "TON_VEREDA": 222.56, "AREA_HA_VEREDA": 30.63, "AREA_EQUIP_M2": 337.1, "N_EQUIP_TIPO": 2}}, {"type": "Feature", "geometry": {"x": -75.22282109999998, "y": 3.9359532500000682}, "properties": {"OBJECTID": 681, "VEREDA": "HILARCO", "MUNICIPIO": "73585", "ESCENARIO": "E2", "CULTIVO": "Aguacate Hass", "TIPO_INFRA": "Tipo III - Servicios", "NOMBRE_EQUIP": "Centro certificacion exportacion", "TON_VEREDA": 222.56, "AREA_HA_VEREDA": 30.63, "AREA_EQUIP_M2": 337.1, "N_EQUIP_TIPO": 2}}, {"type": "Feature", "geometry": {"x": -75.17537384399998, "y": 3.702353136000056}, "properties": {"OBJECTID": 682, "VEREDA": "CHENCHE ASOLEADO", "MUNICIPIO": "73585", "ESCENARIO": "E2", "CULTIVO": "Caucho", "TIPO_INFRA": "Tipo I - Produccion", "NOMBRE_EQUIP": "Vivero caucho", "TON_VEREDA": 87.66, "AREA_HA_VEREDA": 18.29, "AREA_EQUIP_M2": 340.3, "N_EQUIP_TIPO": 1}}, {"type": "Feature", "geometry": {"x": -75.01290849699996, "y": 3.792525281000053}, "properties": {"OBJECTID": 683, "VEREDA": "CHENCHE ASOLEADO", "MUNICIPIO": "73585", "ESCENARIO": "E2", "CULTIVO": "Caucho", "TIPO_INFRA": "Tipo II - Transformacion", "NOMBRE_EQUIP": "Planta latex RSS", "TON_VEREDA": 87.66, "AREA_HA_VEREDA": 18.29, "AREA_EQUIP_M2": 552.6, "N_EQUIP_TIPO": 1}}, {"type": "Feature", "geometry": {"x": -75.12387245799994, "y": 3.971042250000039}, "properties": {"OBJECTID": 684, "VEREDA": "CHENCHE ASOLEADO", "MUNICIPIO": "73585", "ESCENARIO": "E2", "CULTIVO": "Caucho", "TIPO_INFRA": "Tipo III - Servicios", "NOMBRE_EQUIP": "Escuela caucheros", "TON_VEREDA": 87.66, "AREA_HA_VEREDA": 18.29, "AREA_EQUIP_M2": 314.6, "N_EQUIP_TIPO": 2}}, {"type": "Feature", "geometry": {"x": -75.03444044999998, "y": 3.7052173510000443}, "properties": {"OBJECTID": 685, "VEREDA": "CHENCHE ASOLEADO", "MUNICIPIO": "73585", "ESCENARIO": "E2", "CULTIVO": "Caucho", "TIPO_INFRA": "Tipo III - Servicios", "NOMBRE_EQUIP": "Punto comercializacion", "TON_VEREDA": 87.66, "AREA_HA_VEREDA": 18.29, "AREA_EQUIP_M2": 314.6, "N_EQUIP_TIPO": 2}}, {"type": "Feature", "geometry": {"x": -75.22498220199998, "y": 3.945211898000025}, "properties": {"OBJECTID": 686, "VEREDA": "COYA", "MUNICIPIO": "73585", "ESCENARIO": "E2", "CULTIVO": "Aguacate Hass", "TIPO_INFRA": "Tipo I - Produccion", "NOMBRE_EQUIP": "Vivero aguacate", "TON_VEREDA": 11.94, "AREA_HA_VEREDA": 0.99, "AREA_EQUIP_M2": 219.1, "N_EQUIP_TIPO": 1}}, {"type": "Feature", "geometry": {"x": -75.02422444399997, "y": 3.8161512600000265}, "properties": {"OBJECTID": 687, "VEREDA": "COYA", "MUNICIPIO": "73585", "ESCENARIO": "E2", "CULTIVO": "Aguacate Hass", "TIPO_INFRA": "Tipo II - Transformacion", "NOMBRE_EQUIP": "Planta empaque exportacion", "TON_VEREDA": 11.94, "AREA_HA_VEREDA": 0.99, "AREA_EQUIP_M2": 507.2, "N_EQUIP_TIPO": 1}}, {"type": "Feature", "geometry": {"x": -75.08786846299995, "y": 3.6064376620000758}, "properties": {"OBJECTID": 688, "VEREDA": "COYA", "MUNICIPIO": "73585", "ESCENARIO": "E2", "CULTIVO": "Aguacate Hass", "TIPO_INFRA": "Tipo III - Servicios", "NOMBRE_EQUIP": "Escuela aguacateros", "TON_VEREDA": 11.94, "AREA_HA_VEREDA": 0.99, "AREA_EQUIP_M2": 302, "N_EQUIP_TIPO": 2}}, {"type": "Feature", "geometry": {"x": -75.18330663999996, "y": 3.992357524000056}, "properties": {"OBJECTID": 689, "VEREDA": "COYA", "MUNICIPIO": "73585", "ESCENARIO": "E2", "CULTIVO": "Aguacate Hass", "TIPO_INFRA": "Tipo III - Servicios", "NOMBRE_EQUIP": "Centro certificacion exportacion", "TON_VEREDA": 11.94, "AREA_HA_VEREDA": 0.99, "AREA_EQUIP_M2": 302, "N_EQUIP_TIPO": 2}}, {"type": "Feature", "geometry": {"x": -75.17554456299996, "y": 3.8595552260000545}, "properties": {"OBJECTID": 690, "VEREDA": "EL REDIL-JABALCON", "MUNICIPIO": "73671", "ESCENARIO": "E2", "CULTIVO": "Aguacate Hass", "TIPO_INFRA": "Tipo I - Produccion", "NOMBRE_EQUIP": "Vivero aguacate", "TON_VEREDA": 19.89, "AREA_HA_VEREDA": 1.66, "AREA_EQUIP_M2": 231.8, "N_EQUIP_TIPO": 1}}, {"type": "Feature", "geometry": {"x": -75.05817523599995, "y": 3.843525874000022}, "properties": {"OBJECTID": 691, "VEREDA": "EL REDIL-JABALCON", "MUNICIPIO": "73671", "ESCENARIO": "E2", "CULTIVO": "Aguacate Hass", "TIPO_INFRA": "Tipo II - Transformacion", "NOMBRE_EQUIP": "Planta empaque exportacion", "TON_VEREDA": 19.89, "AREA_HA_VEREDA": 1.66, "AREA_EQUIP_M2": 511.9, "N_EQUIP_TIPO": 1}}, {"type": "Feature", "geometry": {"x": -75.09540764099995, "y": 3.8266832830000226}, "properties": {"OBJECTID": 692, "VEREDA": "EL REDIL-JABALCON", "MUNICIPIO": "73671", "ESCENARIO": "E2", "CULTIVO": "Aguacate Hass", "TIPO_INFRA": "Tipo III - Servicios", "NOMBRE_EQUIP": "Escuela aguacateros", "TON_VEREDA": 19.89, "AREA_HA_VEREDA": 1.66, "AREA_EQUIP_M2": 303.3, "N_EQUIP_TIPO": 2}}, {"type": "Feature", "geometry": {"x": -75.22060155099996, "y": 3.9366719500000613}, "properties": {"OBJECTID": 693, "VEREDA": "EL REDIL-JABALCON", "MUNICIPIO": "73671", "ESCENARIO": "E2", "CULTIVO": "Aguacate Hass", "TIPO_INFRA": "Tipo III - Servicios", "NOMBRE_EQUIP": "Centro certificacion exportacion", "TON_VEREDA": 19.89, "AREA_HA_VEREDA": 1.66, "AREA_EQUIP_M2": 303.3, "N_EQUIP_TIPO": 2}}, {"type": "Feature", "geometry": {"x": -75.16782631999996, "y": 3.8640472120000595}, "properties": {"OBJECTID": 694, "VEREDA": "TONOGO", "MUNICIPIO": "73678", "ESCENARIO": "E2", "CULTIVO": "Aguacate Hass", "TIPO_INFRA": "Tipo I - Produccion", "NOMBRE_EQUIP": "Vivero aguacate", "TON_VEREDA": 0.48, "AREA_HA_VEREDA": 0.04, "AREA_EQUIP_M2": 200.8, "N_EQUIP_TIPO": 1}}, {"type": "Feature", "geometry": {"x": -75.19678792699995, "y": 4.093378825000059}, "properties": {"OBJECTID": 695, "VEREDA": "TONOGO", "MUNICIPIO": "73678", "ESCENARIO": "E2", "CULTIVO": "Aguacate Hass", "TIPO_INFRA": "Tipo II - Transformacion", "NOMBRE_EQUIP": "Planta empaque exportacion", "TON_VEREDA": 0.48, "AREA_HA_VEREDA": 0.04, "AREA_EQUIP_M2": 500.3, "N_EQUIP_TIPO": 1}}, {"type": "Feature", "geometry": {"x": -75.05839853099997, "y": 3.820092614000032}, "properties": {"OBJECTID": 696, "VEREDA": "TONOGO", "MUNICIPIO": "73678", "ESCENARIO": "E2", "CULTIVO": "Aguacate Hass", "TIPO_INFRA": "Tipo III - Servicios", "NOMBRE_EQUIP": "Escuela aguacateros", "TON_VEREDA": 0.48, "AREA_HA_VEREDA": 0.04, "AREA_EQUIP_M2": 300.1, "N_EQUIP_TIPO": 2}}, {"type": "Feature", "geometry": {"x": -75.15891152299997, "y": 3.926880640000036}, "properties": {"OBJECTID": 697, "VEREDA": "TONOGO", "MUNICIPIO": "73678", "ESCENARIO": "E2", "CULTIVO": "Aguacate Hass", "TIPO_INFRA": "Tipo III - Servicios", "NOMBRE_EQUIP": "Centro certificacion exportacion", "TON_VEREDA": 0.48, "AREA_HA_VEREDA": 0.04, "AREA_EQUIP_M2": 300.1, "N_EQUIP_TIPO": 2}}, {"type": "Feature", "geometry": {"x": -75.23633627699996, "y": 3.7545029190000605}, "properties": {"OBJECTID": 698, "VEREDA": "SANTA LUCIA", "MUNICIPIO": "73678", "ESCENARIO": "E2", "CULTIVO": "Aguacate Hass", "TIPO_INFRA": "Tipo I - Produccion", "NOMBRE_EQUIP": "Vivero aguacate", "TON_VEREDA": 384.06, "AREA_HA_VEREDA": 29.49, "AREA_EQUIP_M2": 814.5, "N_EQUIP_TIPO": 1}}, {"type": "Feature", "geometry": {"x": -75.15499421999994, "y": 4.00389599600004}, "properties": {"OBJECTID": 699, "VEREDA": "SANTA LUCIA", "MUNICIPIO": "73678", "ESCENARIO": "E2", "CULTIVO": "Aguacate Hass", "TIPO_INFRA": "Tipo II - Transformacion", "NOMBRE_EQUIP": "Planta empaque exportacion", "TON_VEREDA": 384.06, "AREA_HA_VEREDA": 29.49, "AREA_EQUIP_M2": 730.4, "N_EQUIP_TIPO": 1}}, {"type": "Feature", "geometry": {"x": -75.23990882699997, "y": 3.7726689980000288}, "properties": {"OBJECTID": 700, "VEREDA": "SANTA LUCIA", "MUNICIPIO": "73678", "ESCENARIO": "E2", "CULTIVO": "Aguacate Hass", "TIPO_INFRA": "Tipo III - Servicios", "NOMBRE_EQUIP": "Escuela aguacateros", "TON_VEREDA": 384.06, "AREA_HA_VEREDA": 29.49, "AREA_EQUIP_M2": 364, "N_EQUIP_TIPO": 2}}, {"type": "Feature", "geometry": {"x": -75.09533331399996, "y": 3.6333299710000233}, "properties": {"OBJECTID": 701, "VEREDA": "SANTA LUCIA", "MUNICIPIO": "73678", "ESCENARIO": "E2", "CULTIVO": "Aguacate Hass", "TIPO_INFRA": "Tipo III - Servicios", "NOMBRE_EQUIP": "Centro certificacion exportacion", "TON_VEREDA": 384.06, "AREA_HA_VEREDA": 29.49, "AREA_EQUIP_M2": 364, "N_EQUIP_TIPO": 2}}, {"type": "Feature", "geometry": {"x": -75.10210046599997, "y": 3.7984408590000385}, "properties": {"OBJECTID": 702, "VEREDA": "CAÑADA", "MUNICIPIO": "73678", "ESCENARIO": "E2", "CULTIVO": "Aguacate Hass", "TIPO_INFRA": "Tipo I - Produccion", "NOMBRE_EQUIP": "Vivero aguacate", "TON_VEREDA": 39.49, "AREA_HA_VEREDA": 3.29, "AREA_EQUIP_M2": 263.2, "N_EQUIP_TIPO": 1}}, {"type": "Feature", "geometry": {"x": -75.20290334699996, "y": 4.043330977000039}, "properties": {"OBJECTID": 703, "VEREDA": "CAÑADA", "MUNICIPIO": "73678", "ESCENARIO": "E2", "CULTIVO": "Aguacate Hass", "TIPO_INFRA": "Tipo II - Transformacion", "NOMBRE_EQUIP": "Planta empaque exportacion", "TON_VEREDA": 39.49, "AREA_HA_VEREDA": 3.29, "AREA_EQUIP_M2": 523.7, "N_EQUIP_TIPO": 1}}, {"type": "Feature", "geometry": {"x": -75.10015971299998, "y": 3.9744208150000304}, "properties": {"OBJECTID": 704, "VEREDA": "CAÑADA", "MUNICIPIO": "73678", "ESCENARIO": "E2", "CULTIVO": "Aguacate Hass", "TIPO_INFRA": "Tipo III - Servicios", "NOMBRE_EQUIP": "Escuela aguacateros", "TON_VEREDA": 39.49, "AREA_HA_VEREDA": 3.29, "AREA_EQUIP_M2": 306.6, "N_EQUIP_TIPO": 2}}, {"type": "Feature", "geometry": {"x": -75.10810294899994, "y": 3.5233857300000295}, "properties": {"OBJECTID": 705, "VEREDA": "CAÑADA", "MUNICIPIO": "73678", "ESCENARIO": "E2", "CULTIVO": "Aguacate Hass", "TIPO_INFRA": "Tipo III - Servicios", "NOMBRE_EQUIP": "Centro certificacion exportacion", "TON_VEREDA": 39.49, "AREA_HA_VEREDA": 3.29, "AREA_EQUIP_M2": 306.6, "N_EQUIP_TIPO": 2}}, {"type": "Feature", "geometry": {"x": -75.16946349999995, "y": 3.7014125630000763}, "properties": {"OBJECTID": 706, "VEREDA": "Neme", "MUNICIPIO": "73854", "ESCENARIO": "E2", "CULTIVO": "Aguacate Hass", "TIPO_INFRA": "Tipo I - Produccion", "NOMBRE_EQUIP": "Vivero aguacate", "TON_VEREDA": 195.86, "AREA_HA_VEREDA": 16.32, "AREA_EQUIP_M2": 513.4, "N_EQUIP_TIPO": 1}}, {"type": "Feature", "geometry": {"x": -75.22106762899995, "y": 4.107155075000037}, "properties": {"OBJECTID": 707, "VEREDA": "Neme", "MUNICIPIO": "73854", "ESCENARIO": "E2", "CULTIVO": "Aguacate Hass", "TIPO_INFRA": "Tipo II - Transformacion", "NOMBRE_EQUIP": "Planta empaque exportacion", "TON_VEREDA": 195.86, "AREA_HA_VEREDA": 16.32, "AREA_EQUIP_M2": 617.5, "N_EQUIP_TIPO": 1}}, {"type": "Feature", "geometry": {"x": -75.19469939999993, "y": 3.795094900000038}, "properties": {"OBJECTID": 708, "VEREDA": "Neme", "MUNICIPIO": "73854", "ESCENARIO": "E2", "CULTIVO": "Aguacate Hass", "TIPO_INFRA": "Tipo III - Servicios", "NOMBRE_EQUIP": "Escuela aguacateros", "TON_VEREDA": 195.86, "AREA_HA_VEREDA": 16.32, "AREA_EQUIP_M2": 332.6, "N_EQUIP_TIPO": 1}}, {"type": "Feature", "geometry": {"x": -75.68098934599993, "y": 4.067069907000075}, "properties": {"OBJECTID": 709, "VEREDA": "MERCADILLO", "MUNICIPIO": "73483", "ESCENARIO": "E2", "CULTIVO": "Caucho", "TIPO_INFRA": "Tipo I - Produccion", "NOMBRE_EQUIP": "Vivero caucho", "TON_VEREDA": 6249.18, "AREA_HA_VEREDA": 1058.15, "AREA_EQUIP_M2": 2000, "N_EQUIP_TIPO": 5}}, {"type": "Feature", "geometry": {"x": -75.28114984799998, "y": 3.8773303200000555}, "properties": {"OBJECTID": 710, "VEREDA": "MERCADILLO", "MUNICIPIO": "73483", "ESCENARIO": "E2", "CULTIVO": "Caucho", "TIPO_INFRA": "Tipo I - Produccion", "NOMBRE_EQUIP": "Sistema pica latex", "TON_VEREDA": 6249.18, "AREA_HA_VEREDA": 1058.15, "AREA_EQUIP_M2": 2000, "N_EQUIP_TIPO": 5}}, {"type": "Feature", "geometry": {"x": -75.09692125699996, "y": 3.578124613000057}, "properties": {"OBJECTID": 711, "VEREDA": "MERCADILLO", "MUNICIPIO": "73483", "ESCENARIO": "E2", "CULTIVO": "Caucho", "TIPO_INFRA": "Tipo I - Produccion", "NOMBRE_EQUIP": "Tanques coagulacion", "TON_VEREDA": 6249.18, "AREA_HA_VEREDA": 1058.15, "AREA_EQUIP_M2": 2000, "N_EQUIP_TIPO": 5}}, {"type": "Feature", "geometry": {"x": -75.12239202199999, "y": 3.7903797800000234}, "properties": {"OBJECTID": 712, "VEREDA": "MERCADILLO", "MUNICIPIO": "73483", "ESCENARIO": "E2", "CULTIVO": "Caucho", "TIPO_INFRA": "Tipo I - Produccion", "NOMBRE_EQUIP": "Bodega coagulo", "TON_VEREDA": 6249.18, "AREA_HA_VEREDA": 1058.15, "AREA_EQUIP_M2": 2000, "N_EQUIP_TIPO": 5}}, {"type": "Feature", "geometry": {"x": -75.10811634499998, "y": 3.7952693830000612}, "properties": {"OBJECTID": 713, "VEREDA": "MERCADILLO", "MUNICIPIO": "73483", "ESCENARIO": "E2", "CULTIVO": "Caucho", "TIPO_INFRA": "Tipo I - Produccion", "NOMBRE_EQUIP": "Centro campo", "TON_VEREDA": 6249.18, "AREA_HA_VEREDA": 1058.15, "AREA_EQUIP_M2": 2000, "N_EQUIP_TIPO": 5}}, {"type": "Feature", "geometry": {"x": -75.09053898299999, "y": 3.480281433000073}, "properties": {"OBJECTID": 714, "VEREDA": "MERCADILLO", "MUNICIPIO": "73483", "ESCENARIO": "E2", "CULTIVO": "Caucho", "TIPO_INFRA": "Tipo II - Transformacion", "NOMBRE_EQUIP": "Planta latex RSS", "TON_VEREDA": 6249.18, "AREA_HA_VEREDA": 1058.15, "AREA_EQUIP_M2": 4249.5, "N_EQUIP_TIPO": 3}}, {"type": "Feature", "geometry": {"x": -75.09146457999998, "y": 3.4825185750000287}, "properties": {"OBJECTID": 715, "VEREDA": "MERCADILLO", "MUNICIPIO": "73483", "ESCENARIO": "E2", "CULTIVO": "Caucho", "TIPO_INFRA": "Tipo II - Transformacion", "NOMBRE_EQUIP": "Planta caucho tecnico", "TON_VEREDA": 6249.18, "AREA_HA_VEREDA": 1058.15, "AREA_EQUIP_M2": 4249.5, "N_EQUIP_TIPO": 3}}, {"type": "Feature", "geometry": {"x": -75.09297006699995, "y": 3.4836081920000197}, "properties": {"OBJECTID": 716, "VEREDA": "MERCADILLO", "MUNICIPIO": "73483", "ESCENARIO": "E2", "CULTIVO": "Caucho", "TIPO_INFRA": "Tipo II - Transformacion", "NOMBRE_EQUIP": "Laboratorio calidad", "TON_VEREDA": 6249.18, "AREA_HA_VEREDA": 1058.15, "AREA_EQUIP_M2": 4249.5, "N_EQUIP_TIPO": 3}}, {"type": "Feature", "geometry": {"x": -75.15234569099994, "y": 3.942233976000068}, "properties": {"OBJECTID": 717, "VEREDA": "MERCADILLO", "MUNICIPIO": "73483", "ESCENARIO": "E2", "CULTIVO": "Caucho", "TIPO_INFRA": "Tipo III - Servicios", "NOMBRE_EQUIP": "Escuela caucheros", "TON_VEREDA": 6249.18, "AREA_HA_VEREDA": 1058.15, "AREA_EQUIP_M2": 1341.5, "N_EQUIP_TIPO": 2}}, {"type": "Feature", "geometry": {"x": -75.05907686799998, "y": 3.6783231190000265}, "properties": {"OBJECTID": 718, "VEREDA": "MERCADILLO", "MUNICIPIO": "73483", "ESCENARIO": "E2", "CULTIVO": "Caucho", "TIPO_INFRA": "Tipo III - Servicios", "NOMBRE_EQUIP": "Punto comercializacion", "TON_VEREDA": 6249.18, "AREA_HA_VEREDA": 1058.15, "AREA_EQUIP_M2": 1341.5, "N_EQUIP_TIPO": 2}}, {"type": "Feature", "geometry": {"x": -75.08156705899995, "y": 3.621067551000067}, "properties": {"OBJECTID": 719, "VEREDA": "TINAJA", "MUNICIPIO": "73483", "ESCENARIO": "E2", "CULTIVO": "Caucho", "TIPO_INFRA": "Tipo I - Produccion", "NOMBRE_EQUIP": "Vivero caucho", "TON_VEREDA": 6908.19, "AREA_HA_VEREDA": 1509.11, "AREA_EQUIP_M2": 2000, "N_EQUIP_TIPO": 5}}, {"type": "Feature", "geometry": {"x": -75.19001879499996, "y": 4.0140037670000766}, "properties": {"OBJECTID": 720, "VEREDA": "TINAJA", "MUNICIPIO": "73483", "ESCENARIO": "E2", "CULTIVO": "Caucho", "TIPO_INFRA": "Tipo I - Produccion", "NOMBRE_EQUIP": "Sistema pica latex", "TON_VEREDA": 6908.19, "AREA_HA_VEREDA": 1509.11, "AREA_EQUIP_M2": 2000, "N_EQUIP_TIPO": 5}}, {"type": "Feature", "geometry": {"x": -75.24366982399994, "y": 3.732835120000061}, "properties": {"OBJECTID": 721, "VEREDA": "TINAJA", "MUNICIPIO": "73483", "ESCENARIO": "E2", "CULTIVO": "Caucho", "TIPO_INFRA": "Tipo I - Produccion", "NOMBRE_EQUIP": "Tanques coagulacion", "TON_VEREDA": 6908.19, "AREA_HA_VEREDA": 1509.11, "AREA_EQUIP_M2": 2000, "N_EQUIP_TIPO": 5}}, {"type": "Feature", "geometry": {"x": -75.24742385299999, "y": 4.068765155000051}, "properties": {"OBJECTID": 722, "VEREDA": "TINAJA", "MUNICIPIO": "73483", "ESCENARIO": "E2", "CULTIVO": "Caucho", "TIPO_INFRA": "Tipo I - Produccion", "NOMBRE_EQUIP": "Bodega coagulo", "TON_VEREDA": 6908.19, "AREA_HA_VEREDA": 1509.11, "AREA_EQUIP_M2": 2000, "N_EQUIP_TIPO": 5}}, {"type": "Feature", "geometry": {"x": -75.09554361499994, "y": 3.971602032000021}, "properties": {"OBJECTID": 723, "VEREDA": "TINAJA", "MUNICIPIO": "73483", "ESCENARIO": "E2", "CULTIVO": "Caucho", "TIPO_INFRA": "Tipo I - Produccion", "NOMBRE_EQUIP": "Centro campo", "TON_VEREDA": 6908.19, "AREA_HA_VEREDA": 1509.11, "AREA_EQUIP_M2": 2000, "N_EQUIP_TIPO": 5}}, {"type": "Feature", "geometry": {"x": -75.05297173699995, "y": 3.53189117200003}, "properties": {"OBJECTID": 724, "VEREDA": "TINAJA", "MUNICIPIO": "73483", "ESCENARIO": "E2", "CULTIVO": "Caucho", "TIPO_INFRA": "Tipo II - Transformacion", "NOMBRE_EQUIP": "Planta latex RSS", "TON_VEREDA": 6908.19, "AREA_HA_VEREDA": 1509.11, "AREA_EQUIP_M2": 4644.9, "N_EQUIP_TIPO": 3}}, {"type": "Feature", "geometry": {"x": -75.05251517899995, "y": 3.533313066000062}, "properties": {"OBJECTID": 725, "VEREDA": "TINAJA", "MUNICIPIO": "73483", "ESCENARIO": "E2", "CULTIVO": "Caucho", "TIPO_INFRA": "Tipo II - Transformacion", "NOMBRE_EQUIP": "Planta caucho tecnico", "TON_VEREDA": 6908.19, "AREA_HA_VEREDA": 1509.11, "AREA_EQUIP_M2": 4644.9, "N_EQUIP_TIPO": 3}}, {"type": "Feature", "geometry": {"x": -75.05627046899997, "y": 3.536622719000036}, "properties": {"OBJECTID": 726, "VEREDA": "TINAJA", "MUNICIPIO": "73483", "ESCENARIO": "E2", "CULTIVO": "Caucho", "TIPO_INFRA": "Tipo II - Transformacion", "NOMBRE_EQUIP": "Laboratorio calidad", "TON_VEREDA": 6908.19, "AREA_HA_VEREDA": 1509.11, "AREA_EQUIP_M2": 4644.9, "N_EQUIP_TIPO": 3}}, {"type": "Feature", "geometry": {"x": -75.10217768999996, "y": 3.58198397700005}, "properties": {"OBJECTID": 727, "VEREDA": "TINAJA", "MUNICIPIO": "73483", "ESCENARIO": "E2", "CULTIVO": "Caucho", "TIPO_INFRA": "Tipo III - Servicios", "NOMBRE_EQUIP": "Escuela caucheros", "TON_VEREDA": 6908.19, "AREA_HA_VEREDA": 1509.11, "AREA_EQUIP_M2": 1451.4, "N_EQUIP_TIPO": 2}}, {"type": "Feature", "geometry": {"x": -75.12897287199996, "y": 3.86020669800007}, "properties": {"OBJECTID": 728, "VEREDA": "TINAJA", "MUNICIPIO": "73483", "ESCENARIO": "E2", "CULTIVO": "Caucho", "TIPO_INFRA": "Tipo III - Servicios", "NOMBRE_EQUIP": "Punto comercializacion", "TON_VEREDA": 6908.19, "AREA_HA_VEREDA": 1509.11, "AREA_EQUIP_M2": 1451.4, "N_EQUIP_TIPO": 2}}, {"type": "Feature", "geometry": {"x": -75.09995228399998, "y": 3.7396191310000404}, "properties": {"OBJECTID": 729, "VEREDA": "YACO", "MUNICIPIO": "73483", "ESCENARIO": "E2", "CULTIVO": "Aguacate Hass", "TIPO_INFRA": "Tipo I - Produccion", "NOMBRE_EQUIP": "Vivero aguacate", "TON_VEREDA": 3563.53, "AREA_HA_VEREDA": 296.96, "AREA_EQUIP_M2": 2000, "N_EQUIP_TIPO": 5}}, {"type": "Feature", "geometry": {"x": -75.09350965799996, "y": 3.9676333430000454}, "properties": {"OBJECTID": 730, "VEREDA": "YACO", "MUNICIPIO": "73483", "ESCENARIO": "E2", "CULTIVO": "Aguacate Hass", "TIPO_INFRA": "Tipo I - Produccion", "NOMBRE_EQUIP": "Sistema riego goteo", "TON_VEREDA": 3563.53, "AREA_HA_VEREDA": 296.96, "AREA_EQUIP_M2": 2000, "N_EQUIP_TIPO": 5}}, {"type": "Feature", "geometry": {"x": -75.13044272899998, "y": 3.9926130050000666}, "properties": {"OBJECTID": 731, "VEREDA": "YACO", "MUNICIPIO": "73483", "ESCENARIO": "E2", "CULTIVO": "Aguacate Hass", "TIPO_INFRA": "Tipo I - Produccion", "NOMBRE_EQUIP": "Estacion meteo", "TON_VEREDA": 3563.53, "AREA_HA_VEREDA": 296.96, "AREA_EQUIP_M2": 2000, "N_EQUIP_TIPO": 5}}, {"type": "Feature", "geometry": {"x": -75.09064636999994, "y": 3.91839516400006}, "properties": {"OBJECTID": 732, "VEREDA": "YACO", "MUNICIPIO": "73483", "ESCENARIO": "E2", "CULTIVO": "Aguacate Hass", "TIPO_INFRA": "Tipo I - Produccion", "NOMBRE_EQUIP": "Bodega cosecha", "TON_VEREDA": 3563.53, "AREA_HA_VEREDA": 296.96, "AREA_EQUIP_M2": 2000, "N_EQUIP_TIPO": 5}}, {"type": "Feature", "geometry": {"x": -74.99688043599997, "y": 3.700225696000075}, "properties": {"OBJECTID": 733, "VEREDA": "YACO", "MUNICIPIO": "73483", "ESCENARIO": "E2", "CULTIVO": "Aguacate Hass", "TIPO_INFRA": "Tipo I - Produccion", "NOMBRE_EQUIP": "Zona empaque campo", "TON_VEREDA": 3563.53, "AREA_HA_VEREDA": 296.96, "AREA_EQUIP_M2": 2000, "N_EQUIP_TIPO": 5}}, {"type": "Feature", "geometry": {"x": -75.14964020099995, "y": 3.476442362000057}, "properties": {"OBJECTID": 734, "VEREDA": "YACO", "MUNICIPIO": "73483", "ESCENARIO": "E2", "CULTIVO": "Aguacate Hass", "TIPO_INFRA": "Tipo II - Transformacion", "NOMBRE_EQUIP": "Planta empaque exportacion", "TON_VEREDA": 3563.53, "AREA_HA_VEREDA": 296.96, "AREA_EQUIP_M2": 2638.1, "N_EQUIP_TIPO": 2}}, {"type": "Feature", "geometry": {"x": -75.14539501999997, "y": 3.4778318520000653}, "properties": {"OBJECTID": 735, "VEREDA": "YACO", "MUNICIPIO": "73483", "ESCENARIO": "E2", "CULTIVO": "Aguacate Hass", "TIPO_INFRA": "Tipo II - Transformacion", "NOMBRE_EQUIP": "Cuarto frio", "TON_VEREDA": 3563.53, "AREA_HA_VEREDA": 296.96, "AREA_EQUIP_M2": 2638.1, "N_EQUIP_TIPO": 2}}, {"type": "Feature", "geometry": {"x": -75.09553764999998, "y": 3.6284636010000213}, "properties": {"OBJECTID": 736, "VEREDA": "YACO", "MUNICIPIO": "73483", "ESCENARIO": "E2", "CULTIVO": "Aguacate Hass", "TIPO_INFRA": "Tipo III - Servicios", "NOMBRE_EQUIP": "Escuela aguacateros", "TON_VEREDA": 3563.53, "AREA_HA_VEREDA": 296.96, "AREA_EQUIP_M2": 893.9, "N_EQUIP_TIPO": 2}}, {"type": "Feature", "geometry": {"x": -75.11337908799999, "y": 3.8909514400000376}, "properties": {"OBJECTID": 737, "VEREDA": "YACO", "MUNICIPIO": "73483", "ESCENARIO": "E2", "CULTIVO": "Aguacate Hass", "TIPO_INFRA": "Tipo III - Servicios", "NOMBRE_EQUIP": "Centro certificacion exportacion", "TON_VEREDA": 3563.53, "AREA_HA_VEREDA": 296.96, "AREA_EQUIP_M2": 893.9, "N_EQUIP_TIPO": 2}}, {"type": "Feature", "geometry": {"x": -75.13870637499997, "y": 3.4401658460000704}, "properties": {"OBJECTID": 738, "VEREDA": "LA MOLANA", "MUNICIPIO": "73483", "ESCENARIO": "E2", "CULTIVO": "Aguacate Hass", "TIPO_INFRA": "Tipo I - Produccion", "NOMBRE_EQUIP": "Vivero aguacate", "TON_VEREDA": 2989.1, "AREA_HA_VEREDA": 249.09, "AREA_EQUIP_M2": 2000, "N_EQUIP_TIPO": 5}}, {"type": "Feature", "geometry": {"x": -75.24847681599994, "y": 3.742499738000049}, "properties": {"OBJECTID": 739, "VEREDA": "LA MOLANA", "MUNICIPIO": "73483", "ESCENARIO": "E2", "CULTIVO": "Aguacate Hass", "TIPO_INFRA": "Tipo I - Produccion", "NOMBRE_EQUIP": "Sistema riego goteo", "TON_VEREDA": 2989.1, "AREA_HA_VEREDA": 249.09, "AREA_EQUIP_M2": 2000, "N_EQUIP_TIPO": 5}}, {"type": "Feature", "geometry": {"x": -75.22384514899994, "y": 4.0758603750000475}, "properties": {"OBJECTID": 740, "VEREDA": "LA MOLANA", "MUNICIPIO": "73483", "ESCENARIO": "E2", "CULTIVO": "Aguacate Hass", "TIPO_INFRA": "Tipo I - Produccion", "NOMBRE_EQUIP": "Estacion meteo", "TON_VEREDA": 2989.1, "AREA_HA_VEREDA": 249.09, "AREA_EQUIP_M2": 2000, "N_EQUIP_TIPO": 5}}, {"type": "Feature", "geometry": {"x": -75.09862759399994, "y": 3.8003684040000394}, "properties": {"OBJECTID": 741, "VEREDA": "LA MOLANA", "MUNICIPIO": "73483", "ESCENARIO": "E2", "CULTIVO": "Aguacate Hass", "TIPO_INFRA": "Tipo I - Produccion", "NOMBRE_EQUIP": "Bodega cosecha", "TON_VEREDA": 2989.1, "AREA_HA_VEREDA": 249.09, "AREA_EQUIP_M2": 2000, "N_EQUIP_TIPO": 5}}, {"type": "Feature", "geometry": {"x": -75.16892838899997, "y": 3.7033176770000296}, "properties": {"OBJECTID": 742, "VEREDA": "LA MOLANA", "MUNICIPIO": "73483", "ESCENARIO": "E2", "CULTIVO": "Aguacate Hass", "TIPO_INFRA": "Tipo I - Produccion", "NOMBRE_EQUIP": "Zona empaque campo", "TON_VEREDA": 2989.1, "AREA_HA_VEREDA": 249.09, "AREA_EQUIP_M2": 2000, "N_EQUIP_TIPO": 5}}, {"type": "Feature", "geometry": {"x": -75.14791222199995, "y": 3.4999381760000574}, "properties": {"OBJECTID": 743, "VEREDA": "LA MOLANA", "MUNICIPIO": "73483", "ESCENARIO": "E2", "CULTIVO": "Aguacate Hass", "TIPO_INFRA": "Tipo II - Transformacion", "NOMBRE_EQUIP": "Planta empaque exportacion", "TON_VEREDA": 2989.1, "AREA_HA_VEREDA": 249.09, "AREA_EQUIP_M2": 2293.5, "N_EQUIP_TIPO": 1}}, {"type": "Feature", "geometry": {"x": -75.19428558499999, "y": 3.7918947160000585}, "properties": {"OBJECTID": 744, "VEREDA": "LA MOLANA", "MUNICIPIO": "73483", "ESCENARIO": "E2", "CULTIVO": "Aguacate Hass", "TIPO_INFRA": "Tipo III - Servicios", "NOMBRE_EQUIP": "Escuela aguacateros", "TON_VEREDA": 2989.1, "AREA_HA_VEREDA": 249.09, "AREA_EQUIP_M2": 798.2, "N_EQUIP_TIPO": 2}}, {"type": "Feature", "geometry": {"x": -75.13456735199998, "y": 3.7907600990000674}, "properties": {"OBJECTID": 745, "VEREDA": "LA MOLANA", "MUNICIPIO": "73483", "ESCENARIO": "E2", "CULTIVO": "Aguacate Hass", "TIPO_INFRA": "Tipo III - Servicios", "NOMBRE_EQUIP": "Centro certificacion exportacion", "TON_VEREDA": 2989.1, "AREA_HA_VEREDA": 249.09, "AREA_EQUIP_M2": 798.2, "N_EQUIP_TIPO": 2}}, {"type": "Feature", "geometry": {"x": -75.24729005999995, "y": 3.737578676000055}, "properties": {"OBJECTID": 746, "VEREDA": "EL COCO", "MUNICIPIO": "73622", "ESCENARIO": "E2", "CULTIVO": "Caucho", "TIPO_INFRA": "Tipo I - Produccion", "NOMBRE_EQUIP": "Vivero caucho", "TON_VEREDA": 4910.11, "AREA_HA_VEREDA": 3273.41, "AREA_EQUIP_M2": 2000, "N_EQUIP_TIPO": 5}}, {"type": "Feature", "geometry": {"x": -74.96762255599998, "y": 3.7362499330000674}, "properties": {"OBJECTID": 747, "VEREDA": "EL COCO", "MUNICIPIO": "73622", "ESCENARIO": "E2", "CULTIVO": "Caucho", "TIPO_INFRA": "Tipo I - Produccion", "NOMBRE_EQUIP": "Sistema pica latex", "TON_VEREDA": 4910.11, "AREA_HA_VEREDA": 3273.41, "AREA_EQUIP_M2": 2000, "N_EQUIP_TIPO": 5}}, {"type": "Feature", "geometry": {"x": -75.07476811699996, "y": 3.818081705000054}, "properties": {"OBJECTID": 748, "VEREDA": "EL COCO", "MUNICIPIO": "73622", "ESCENARIO": "E2", "CULTIVO": "Caucho", "TIPO_INFRA": "Tipo I - Produccion", "NOMBRE_EQUIP": "Tanques coagulacion", "TON_VEREDA": 4910.11, "AREA_HA_VEREDA": 3273.41, "AREA_EQUIP_M2": 2000, "N_EQUIP_TIPO": 5}}, {"type": "Feature", "geometry": {"x": -74.98247244499998, "y": 3.7486288650000574}, "properties": {"OBJECTID": 749, "VEREDA": "EL COCO", "MUNICIPIO": "73622", "ESCENARIO": "E2", "CULTIVO": "Caucho", "TIPO_INFRA": "Tipo I - Produccion", "NOMBRE_EQUIP": "Bodega coagulo", "TON_VEREDA": 4910.11, "AREA_HA_VEREDA": 3273.41, "AREA_EQUIP_M2": 2000, "N_EQUIP_TIPO": 5}}, {"type": "Feature", "geometry": {"x": -75.12559382199998, "y": 3.747629213000039}, "properties": {"OBJECTID": 750, "VEREDA": "EL COCO", "MUNICIPIO": "73622", "ESCENARIO": "E2", "CULTIVO": "Caucho", "TIPO_INFRA": "Tipo I - Produccion", "NOMBRE_EQUIP": "Centro campo", "TON_VEREDA": 4910.11, "AREA_HA_VEREDA": 3273.41, "AREA_EQUIP_M2": 2000, "N_EQUIP_TIPO": 5}}, {"type": "Feature", "geometry": {"x": -75.66186322999994, "y": 4.050462552000056}, "properties": {"OBJECTID": 751, "VEREDA": "EL COCO", "MUNICIPIO": "73622", "ESCENARIO": "E2", "CULTIVO": "Caucho", "TIPO_INFRA": "Tipo II - Transformacion", "NOMBRE_EQUIP": "Planta latex RSS", "TON_VEREDA": 4910.11, "AREA_HA_VEREDA": 3273.41, "AREA_EQUIP_M2": 3446.1, "N_EQUIP_TIPO": 2}}, {"type": "Feature", "geometry": {"x": -75.65860429599996, "y": 4.045008429000063}, "properties": {"OBJECTID": 752, "VEREDA": "EL COCO", "MUNICIPIO": "73622", "ESCENARIO": "E2", "CULTIVO": "Caucho", "TIPO_INFRA": "Tipo II - Transformacion", "NOMBRE_EQUIP": "Planta caucho tecnico", "TON_VEREDA": 4910.11, "AREA_HA_VEREDA": 3273.41, "AREA_EQUIP_M2": 3446.1, "N_EQUIP_TIPO": 2}}, {"type": "Feature", "geometry": {"x": -75.22299394899994, "y": 3.9284085500000288}, "properties": {"OBJECTID": 753, "VEREDA": "EL COCO", "MUNICIPIO": "73622", "ESCENARIO": "E2", "CULTIVO": "Caucho", "TIPO_INFRA": "Tipo III - Servicios", "NOMBRE_EQUIP": "Escuela caucheros", "TON_VEREDA": 4910.11, "AREA_HA_VEREDA": 3273.41, "AREA_EQUIP_M2": 1118.4, "N_EQUIP_TIPO": 2}}, {"type": "Feature", "geometry": {"x": -75.17200824899999, "y": 3.853333350000071}, "properties": {"OBJECTID": 754, "VEREDA": "EL COCO", "MUNICIPIO": "73622", "ESCENARIO": "E2", "CULTIVO": "Caucho", "TIPO_INFRA": "Tipo III - Servicios", "NOMBRE_EQUIP": "Punto comercializacion", "TON_VEREDA": 4910.11, "AREA_HA_VEREDA": 3273.41, "AREA_EQUIP_M2": 1118.4, "N_EQUIP_TIPO": 2}}, {"type": "Feature", "geometry": {"x": -74.97379818399997, "y": 3.740086318000067}, "properties": {"OBJECTID": 755, "VEREDA": "YERBA BUENA", "MUNICIPIO": "73622", "ESCENARIO": "E2", "CULTIVO": "Caucho", "TIPO_INFRA": "Tipo I - Produccion", "NOMBRE_EQUIP": "Vivero caucho", "TON_VEREDA": 52.05, "AREA_HA_VEREDA": 34.7, "AREA_EQUIP_M2": 283.3, "N_EQUIP_TIPO": 1}}, {"type": "Feature", "geometry": {"x": -75.69711641799995, "y": 4.078207804000044}, "properties": {"OBJECTID": 756, "VEREDA": "YERBA BUENA", "MUNICIPIO": "73622", "ESCENARIO": "E2", "CULTIVO": "Caucho", "TIPO_INFRA": "Tipo II - Transformacion", "NOMBRE_EQUIP": "Planta latex RSS", "TON_VEREDA": 52.05, "AREA_HA_VEREDA": 34.7, "AREA_EQUIP_M2": 531.2, "N_EQUIP_TIPO": 1}}, {"type": "Feature", "geometry": {"x": -75.29273130099995, "y": 3.9479380750000246}, "properties": {"OBJECTID": 757, "VEREDA": "YERBA BUENA", "MUNICIPIO": "73622", "ESCENARIO": "E2", "CULTIVO": "Caucho", "TIPO_INFRA": "Tipo III - Servicios", "NOMBRE_EQUIP": "Escuela caucheros", "TON_VEREDA": 52.05, "AREA_HA_VEREDA": 34.7, "AREA_EQUIP_M2": 308.7, "N_EQUIP_TIPO": 2}}, {"type": "Feature", "geometry": {"x": -75.07775401899994, "y": 3.694122830000026}, "properties": {"OBJECTID": 758, "VEREDA": "YERBA BUENA", "MUNICIPIO": "73622", "ESCENARIO": "E2", "CULTIVO": "Caucho", "TIPO_INFRA": "Tipo III - Servicios", "NOMBRE_EQUIP": "Punto comercializacion", "TON_VEREDA": 52.05, "AREA_HA_VEREDA": 34.7, "AREA_EQUIP_M2": 308.7, "N_EQUIP_TIPO": 2}}, {"type": "Feature", "geometry": {"x": -75.08881942999994, "y": 3.664154040000028}, "properties": {"OBJECTID": 759, "VEREDA": "SAN MARCOS", "MUNICIPIO": "73622", "ESCENARIO": "E2", "CULTIVO": "Caucho", "TIPO_INFRA": "Tipo I - Produccion", "NOMBRE_EQUIP": "Vivero caucho", "TON_VEREDA": 2.43, "AREA_HA_VEREDA": 1.62, "AREA_EQUIP_M2": 203.9, "N_EQUIP_TIPO": 1}}, {"type": "Feature", "geometry": {"x": -75.64030679999996, "y": 4.077877621000027}, "properties": {"OBJECTID": 760, "VEREDA": "SAN MARCOS", "MUNICIPIO": "73622", "ESCENARIO": "E2", "CULTIVO": "Caucho", "TIPO_INFRA": "Tipo II - Transformacion", "NOMBRE_EQUIP": "Planta latex RSS", "TON_VEREDA": 2.43, "AREA_HA_VEREDA": 1.62, "AREA_EQUIP_M2": 501.5, "N_EQUIP_TIPO": 1}}, {"type": "Feature", "geometry": {"x": -75.09823859899996, "y": 3.627893850000021}, "properties": {"OBJECTID": 761, "VEREDA": "SAN MARCOS", "MUNICIPIO": "73622", "ESCENARIO": "E2", "CULTIVO": "Caucho", "TIPO_INFRA": "Tipo III - Servicios", "NOMBRE_EQUIP": "Escuela caucheros", "TON_VEREDA": 2.43, "AREA_HA_VEREDA": 1.62, "AREA_EQUIP_M2": 300.4, "N_EQUIP_TIPO": 2}}, {"type": "Feature", "geometry": {"x": -75.02532535899996, "y": 3.7114134690000355}, "properties": {"OBJECTID": 762, "VEREDA": "SAN MARCOS", "MUNICIPIO": "73622", "ESCENARIO": "E2", "CULTIVO": "Caucho", "TIPO_INFRA": "Tipo III - Servicios", "NOMBRE_EQUIP": "Punto comercializacion", "TON_VEREDA": 2.43, "AREA_HA_VEREDA": 1.62, "AREA_EQUIP_M2": 300.4, "N_EQUIP_TIPO": 2}}, {"type": "Feature", "geometry": {"x": -75.09499178799996, "y": 3.6785095660000593}, "properties": {"OBJECTID": 763, "VEREDA": "LA LEGIA", "MUNICIPIO": "73675", "ESCENARIO": "E2", "CULTIVO": "Caucho", "TIPO_INFRA": "Tipo I - Produccion", "NOMBRE_EQUIP": "Vivero caucho", "TON_VEREDA": 117.72, "AREA_HA_VEREDA": 78.48, "AREA_EQUIP_M2": 388.4, "N_EQUIP_TIPO": 1}}, {"type": "Feature", "geometry": {"x": -75.57383892399997, "y": 3.9848154770000406}, "properties": {"OBJECTID": 764, "VEREDA": "LA LEGIA", "MUNICIPIO": "73675", "ESCENARIO": "E2", "CULTIVO": "Caucho", "TIPO_INFRA": "Tipo II - Transformacion", "NOMBRE_EQUIP": "Planta latex RSS", "TON_VEREDA": 117.72, "AREA_HA_VEREDA": 78.48, "AREA_EQUIP_M2": 570.6, "N_EQUIP_TIPO": 1}}, {"type": "Feature", "geometry": {"x": -75.09788504999995, "y": 3.7717942500000277}, "properties": {"OBJECTID": 765, "VEREDA": "LA LEGIA", "MUNICIPIO": "73675", "ESCENARIO": "E2", "CULTIVO": "Caucho", "TIPO_INFRA": "Tipo III - Servicios", "NOMBRE_EQUIP": "Escuela caucheros", "TON_VEREDA": 117.72, "AREA_HA_VEREDA": 78.48, "AREA_EQUIP_M2": 319.6, "N_EQUIP_TIPO": 2}}, {"type": "Feature", "geometry": {"x": -75.65130160099994, "y": 4.029172449000043}, "properties": {"OBJECTID": 766, "VEREDA": "LA LEGIA", "MUNICIPIO": "73675", "ESCENARIO": "E2", "CULTIVO": "Caucho", "TIPO_INFRA": "Tipo III - Servicios", "NOMBRE_EQUIP": "Punto comercializacion", "TON_VEREDA": 117.72, "AREA_HA_VEREDA": 78.48, "AREA_EQUIP_M2": 319.6, "N_EQUIP_TIPO": 2}}, {"type": "Feature", "geometry": {"x": -75.28868657599998, "y": 3.932746942000051}, "properties": {"OBJECTID": 767, "VEREDA": "EL PATA", "MUNICIPIO": "41016", "ESCENARIO": "E2", "CULTIVO": "Aguacate Hass", "TIPO_INFRA": "Tipo I - Produccion", "NOMBRE_EQUIP": "Vivero aguacate", "TON_VEREDA": 64.71, "AREA_HA_VEREDA": 5.39, "AREA_EQUIP_M2": 303.5, "N_EQUIP_TIPO": 1}}, {"type": "Feature", "geometry": {"x": -75.20287373999997, "y": 3.410908093000046}, "properties": {"OBJECTID": 768, "VEREDA": "EL PATA", "MUNICIPIO": "41016", "ESCENARIO": "E2", "CULTIVO": "Aguacate Hass", "TIPO_INFRA": "Tipo II - Transformacion", "NOMBRE_EQUIP": "Planta empaque exportacion", "TON_VEREDA": 64.71, "AREA_HA_VEREDA": 5.39, "AREA_EQUIP_M2": 538.8, "N_EQUIP_TIPO": 1}}, {"type": "Feature", "geometry": {"x": -75.24516437099999, "y": 3.9346125060000645}, "properties": {"OBJECTID": 769, "VEREDA": "EL PATA", "MUNICIPIO": "41016", "ESCENARIO": "E2", "CULTIVO": "Aguacate Hass", "TIPO_INFRA": "Tipo III - Servicios", "NOMBRE_EQUIP": "Escuela aguacateros", "TON_VEREDA": 64.71, "AREA_HA_VEREDA": 5.39, "AREA_EQUIP_M2": 310.8, "N_EQUIP_TIPO": 1}}, {"type": "Feature", "geometry": {"x": -75.19898780799997, "y": 4.02373992400004}, "properties": {"OBJECTID": 770, "VEREDA": "LA GUTIERREZ", "MUNICIPIO": "41872", "ESCENARIO": "E2", "CULTIVO": "Caucho", "TIPO_INFRA": "Tipo I - Produccion", "NOMBRE_EQUIP": "Vivero caucho", "TON_VEREDA": 16.78, "AREA_HA_VEREDA": 2.4, "AREA_EQUIP_M2": 226.8, "N_EQUIP_TIPO": 1}}, {"type": "Feature", "geometry": {"x": -75.09871845399994, "y": 3.435530437000068}, "properties": {"OBJECTID": 771, "VEREDA": "LA GUTIERREZ", "MUNICIPIO": "41872", "ESCENARIO": "E2", "CULTIVO": "Caucho", "TIPO_INFRA": "Tipo II - Transformacion", "NOMBRE_EQUIP": "Planta latex RSS", "TON_VEREDA": 16.78, "AREA_HA_VEREDA": 2.4, "AREA_EQUIP_M2": 510.1, "N_EQUIP_TIPO": 1}}, {"type": "Feature", "geometry": {"x": -75.12463456199998, "y": 3.951138783000033}, "properties": {"OBJECTID": 772, "VEREDA": "LA GUTIERREZ", "MUNICIPIO": "41872", "ESCENARIO": "E2", "CULTIVO": "Caucho", "TIPO_INFRA": "Tipo III - Servicios", "NOMBRE_EQUIP": "Escuela caucheros", "TON_VEREDA": 16.78, "AREA_HA_VEREDA": 2.4, "AREA_EQUIP_M2": 302.8, "N_EQUIP_TIPO": 1}}, {"type": "Feature", "geometry": {"x": -75.20047936199995, "y": 3.8123910300000716}, "properties": {"OBJECTID": 773, "VEREDA": "SAN JERONIMO", "MUNICIPIO": "73675", "ESCENARIO": "E2", "CULTIVO": "Caucho", "TIPO_INFRA": "Tipo I - Produccion", "NOMBRE_EQUIP": "Vivero caucho", "TON_VEREDA": 0.19, "AREA_HA_VEREDA": 0.13, "AREA_EQUIP_M2": 200.3, "N_EQUIP_TIPO": 1}}, {"type": "Feature", "geometry": {"x": -75.55316187999995, "y": 3.979837220000036}, "properties": {"OBJECTID": 774, "VEREDA": "SAN JERONIMO", "MUNICIPIO": "73675", "ESCENARIO": "E2", "CULTIVO": "Caucho", "TIPO_INFRA": "Tipo II - Transformacion", "NOMBRE_EQUIP": "Planta latex RSS", "TON_VEREDA": 0.19, "AREA_HA_VEREDA": 0.13, "AREA_EQUIP_M2": 500.1, "N_EQUIP_TIPO": 1}}, {"type": "Feature", "geometry": {"x": -75.09519349999994, "y": 3.6219481510000264}, "properties": {"OBJECTID": 775, "VEREDA": "SAN JERONIMO", "MUNICIPIO": "73675", "ESCENARIO": "E2", "CULTIVO": "Caucho", "TIPO_INFRA": "Tipo III - Servicios", "NOMBRE_EQUIP": "Escuela caucheros", "TON_VEREDA": 0.19, "AREA_HA_VEREDA": 0.13, "AREA_EQUIP_M2": 300, "N_EQUIP_TIPO": 2}}, {"type": "Feature", "geometry": {"x": -75.13495412599997, "y": 3.4643670230000225}, "properties": {"OBJECTID": 776, "VEREDA": "SAN JERONIMO", "MUNICIPIO": "73675", "ESCENARIO": "E2", "CULTIVO": "Caucho", "TIPO_INFRA": "Tipo III - Servicios", "NOMBRE_EQUIP": "Punto comercializacion", "TON_VEREDA": 0.19, "AREA_HA_VEREDA": 0.13, "AREA_EQUIP_M2": 300, "N_EQUIP_TIPO": 2}}, {"type": "Feature", "geometry": {"x": -75.21314528799996, "y": 4.047689040000023}, "properties": {"OBJECTID": 777, "VEREDA": "GUAIPA", "MUNICIPIO": "73504", "ESCENARIO": "E2", "CULTIVO": "Caucho", "TIPO_INFRA": "Tipo I - Produccion", "NOMBRE_EQUIP": "Vivero caucho", "TON_VEREDA": 28670.97, "AREA_HA_VEREDA": 2726.96, "AREA_EQUIP_M2": 2000, "N_EQUIP_TIPO": 5}}, {"type": "Feature", "geometry": {"x": -75.15140972199998, "y": 3.465328538000051}, "properties": {"OBJECTID": 778, "VEREDA": "GUAIPA", "MUNICIPIO": "73504", "ESCENARIO": "E2", "CULTIVO": "Caucho", "TIPO_INFRA": "Tipo I - Produccion", "NOMBRE_EQUIP": "Sistema pica latex", "TON_VEREDA": 28670.97, "AREA_HA_VEREDA": 2726.96, "AREA_EQUIP_M2": 2000, "N_EQUIP_TIPO": 5}}, {"type": "Feature", "geometry": {"x": -75.24178878099997, "y": 3.7306026080000265}, "properties": {"OBJECTID": 779, "VEREDA": "GUAIPA", "MUNICIPIO": "73504", "ESCENARIO": "E2", "CULTIVO": "Caucho", "TIPO_INFRA": "Tipo I - Produccion", "NOMBRE_EQUIP": "Tanques coagulacion", "TON_VEREDA": 28670.97, "AREA_HA_VEREDA": 2726.96, "AREA_EQUIP_M2": 2000, "N_EQUIP_TIPO": 5}}, {"type": "Feature", "geometry": {"x": -75.17733817699997, "y": 3.8590341470000453}, "properties": {"OBJECTID": 780, "VEREDA": "GUAIPA", "MUNICIPIO": "73504", "ESCENARIO": "E2", "CULTIVO": "Caucho", "TIPO_INFRA": "Tipo I - Produccion", "NOMBRE_EQUIP": "Bodega coagulo", "TON_VEREDA": 28670.97, "AREA_HA_VEREDA": 2726.96, "AREA_EQUIP_M2": 2000, "N_EQUIP_TIPO": 5}}, {"type": "Feature", "geometry": {"x": -75.66316244999996, "y": 4.062330072000066}, "properties": {"OBJECTID": 781, "VEREDA": "GUAIPA", "MUNICIPIO": "73504", "ESCENARIO": "E2", "CULTIVO": "Caucho", "TIPO_INFRA": "Tipo I - Produccion", "NOMBRE_EQUIP": "Centro campo", "TON_VEREDA": 28670.97, "AREA_HA_VEREDA": 2726.96, "AREA_EQUIP_M2": 2000, "N_EQUIP_TIPO": 5}}, {"type": "Feature", "geometry": {"x": -75.21668528999999, "y": 3.801864708000039}, "properties": {"OBJECTID": 782, "VEREDA": "GUAIPA", "MUNICIPIO": "73504", "ESCENARIO": "E2", "CULTIVO": "Caucho", "TIPO_INFRA": "Tipo II - Transformacion", "NOMBRE_EQUIP": "Planta latex RSS", "TON_VEREDA": 28670.97, "AREA_HA_VEREDA": 2726.96, "AREA_EQUIP_M2": 5000, "N_EQUIP_TIPO": 3}}, {"type": "Feature", "geometry": {"x": -75.21767947299998, "y": 3.803373815000043}, "properties": {"OBJECTID": 783, "VEREDA": "GUAIPA", "MUNICIPIO": "73504", "ESCENARIO": "E2", "CULTIVO": "Caucho", "TIPO_INFRA": "Tipo II - Transformacion", "NOMBRE_EQUIP": "Planta caucho tecnico", "TON_VEREDA": 28670.97, "AREA_HA_VEREDA": 2726.96, "AREA_EQUIP_M2": 5000, "N_EQUIP_TIPO": 3}}, {"type": "Feature", "geometry": {"x": -75.21813466199995, "y": 3.802941418000046}, "properties": {"OBJECTID": 784, "VEREDA": "GUAIPA", "MUNICIPIO": "73504", "ESCENARIO": "E2", "CULTIVO": "Caucho", "TIPO_INFRA": "Tipo II - Transformacion", "NOMBRE_EQUIP": "Laboratorio calidad", "TON_VEREDA": 28670.97, "AREA_HA_VEREDA": 2726.96, "AREA_EQUIP_M2": 5000, "N_EQUIP_TIPO": 3}}, {"type": "Feature", "geometry": {"x": -75.19365764999998, "y": 3.7988587720000737}, "properties": {"OBJECTID": 785, "VEREDA": "GUAIPA", "MUNICIPIO": "73504", "ESCENARIO": "E2", "CULTIVO": "Caucho", "TIPO_INFRA": "Tipo III - Servicios", "NOMBRE_EQUIP": "Escuela caucheros", "TON_VEREDA": 28670.97, "AREA_HA_VEREDA": 2726.96, "AREA_EQUIP_M2": 1500, "N_EQUIP_TIPO": 2}}, {"type": "Feature", "geometry": {"x": -75.06288111199996, "y": 3.8216472590000308}, "properties": {"OBJECTID": 786, "VEREDA": "GUAIPA", "MUNICIPIO": "73504", "ESCENARIO": "E2", "CULTIVO": "Caucho", "TIPO_INFRA": "Tipo III - Servicios", "NOMBRE_EQUIP": "Punto comercializacion", "TON_VEREDA": 28670.97, "AREA_HA_VEREDA": 2726.96, "AREA_EQUIP_M2": 1500, "N_EQUIP_TIPO": 2}}, {"type": "Feature", "geometry": {"x": -75.05287352299996, "y": 3.735738561000062}, "properties": {"OBJECTID": 787, "VEREDA": "PAPAGALA", "MUNICIPIO": "73671", "ESCENARIO": "E2", "CULTIVO": "Caucho", "TIPO_INFRA": "Tipo I - Produccion", "NOMBRE_EQUIP": "Vivero caucho", "TON_VEREDA": 24.9, "AREA_HA_VEREDA": 6.65, "AREA_EQUIP_M2": 239.8, "N_EQUIP_TIPO": 1}}, {"type": "Feature", "geometry": {"x": -75.08929882299998, "y": 3.895223197000064}, "properties": {"OBJECTID": 788, "VEREDA": "PAPAGALA", "MUNICIPIO": "73671", "ESCENARIO": "E2", "CULTIVO": "Caucho", "TIPO_INFRA": "Tipo II - Transformacion", "NOMBRE_EQUIP": "Planta latex RSS", "TON_VEREDA": 24.9, "AREA_HA_VEREDA": 6.65, "AREA_EQUIP_M2": 514.9, "N_EQUIP_TIPO": 1}}, {"type": "Feature", "geometry": {"x": -75.19415968899995, "y": 3.7928985160000366}, "properties": {"OBJECTID": 789, "VEREDA": "PAPAGALA", "MUNICIPIO": "73671", "ESCENARIO": "E2", "CULTIVO": "Caucho", "TIPO_INFRA": "Tipo III - Servicios", "NOMBRE_EQUIP": "Escuela caucheros", "TON_VEREDA": 24.9, "AREA_HA_VEREDA": 6.65, "AREA_EQUIP_M2": 304.2, "N_EQUIP_TIPO": 2}}, {"type": "Feature", "geometry": {"x": -75.05936340299996, "y": 3.8170417460000294}, "properties": {"OBJECTID": 790, "VEREDA": "PAPAGALA", "MUNICIPIO": "73671", "ESCENARIO": "E2", "CULTIVO": "Caucho", "TIPO_INFRA": "Tipo III - Servicios", "NOMBRE_EQUIP": "Punto comercializacion", "TON_VEREDA": 24.9, "AREA_HA_VEREDA": 6.65, "AREA_EQUIP_M2": 304.2, "N_EQUIP_TIPO": 2}}, {"type": "Feature", "geometry": {"x": -75.27126519399997, "y": 3.9513132840000367}, "properties": {"OBJECTID": 791, "VEREDA": "MECHE - GUADUALITO", "MUNICIPIO": "73217", "ESCENARIO": "E2", "CULTIVO": "Aguacate Hass", "TIPO_INFRA": "Tipo I - Produccion", "NOMBRE_EQUIP": "Vivero aguacate", "TON_VEREDA": 22146.63, "AREA_HA_VEREDA": 3060.25, "AREA_EQUIP_M2": 2000, "N_EQUIP_TIPO": 5}}, {"type": "Feature", "geometry": {"x": -75.21967569999998, "y": 3.9451931010000294}, "properties": {"OBJECTID": 792, "VEREDA": "MECHE - GUADUALITO", "MUNICIPIO": "73217", "ESCENARIO": "E2", "CULTIVO": "Aguacate Hass", "TIPO_INFRA": "Tipo I - Produccion", "NOMBRE_EQUIP": "Sistema riego goteo", "TON_VEREDA": 22146.63, "AREA_HA_VEREDA": 3060.25, "AREA_EQUIP_M2": 2000, "N_EQUIP_TIPO": 5}}, {"type": "Feature", "geometry": {"x": -75.16077565799998, "y": 3.6799538030000463}, "properties": {"OBJECTID": 793, "VEREDA": "MECHE - GUADUALITO", "MUNICIPIO": "73217", "ESCENARIO": "E2", "CULTIVO": "Aguacate Hass", "TIPO_INFRA": "Tipo I - Produccion", "NOMBRE_EQUIP": "Estacion meteo", "TON_VEREDA": 22146.63, "AREA_HA_VEREDA": 3060.25, "AREA_EQUIP_M2": 2000, "N_EQUIP_TIPO": 5}}, {"type": "Feature", "geometry": {"x": -75.15793838199994, "y": 3.6953556270000263}, "properties": {"OBJECTID": 794, "VEREDA": "MECHE - GUADUALITO", "MUNICIPIO": "73217", "ESCENARIO": "E2", "CULTIVO": "Aguacate Hass", "TIPO_INFRA": "Tipo I - Produccion", "NOMBRE_EQUIP": "Bodega cosecha", "TON_VEREDA": 22146.63, "AREA_HA_VEREDA": 3060.25, "AREA_EQUIP_M2": 2000, "N_EQUIP_TIPO": 5}}, {"type": "Feature", "geometry": {"x": -75.09052095099997, "y": 3.914425627000071}, "properties": {"OBJECTID": 795, "VEREDA": "MECHE - GUADUALITO", "MUNICIPIO": "73217", "ESCENARIO": "E2", "CULTIVO": "Aguacate Hass", "TIPO_INFRA": "Tipo I - Produccion", "NOMBRE_EQUIP": "Zona empaque campo", "TON_VEREDA": 22146.63, "AREA_HA_VEREDA": 3060.25, "AREA_EQUIP_M2": 2000, "N_EQUIP_TIPO": 5}}, {"type": "Feature", "geometry": {"x": -75.25892933099993, "y": 3.7373496340000543}, "properties": {"OBJECTID": 796, "VEREDA": "MECHE - GUADUALITO", "MUNICIPIO": "73217", "ESCENARIO": "E2", "CULTIVO": "Aguacate Hass", "TIPO_INFRA": "Tipo II - Transformacion", "NOMBRE_EQUIP": "Planta empaque exportacion", "TON_VEREDA": 22146.63, "AREA_HA_VEREDA": 3060.25, "AREA_EQUIP_M2": 5000, "N_EQUIP_TIPO": 3}}, {"type": "Feature", "geometry": {"x": -75.26299067499997, "y": 3.7359855780000544}, "properties": {"OBJECTID": 797, "VEREDA": "MECHE - GUADUALITO", "MUNICIPIO": "73217", "ESCENARIO": "E2", "CULTIVO": "Aguacate Hass", "TIPO_INFRA": "Tipo II - Transformacion", "NOMBRE_EQUIP": "Cuarto frio", "TON_VEREDA": 22146.63, "AREA_HA_VEREDA": 3060.25, "AREA_EQUIP_M2": 5000, "N_EQUIP_TIPO": 3}}, {"type": "Feature", "geometry": {"x": -75.26352004799998, "y": 3.7359749050000346}, "properties": {"OBJECTID": 798, "VEREDA": "MECHE - GUADUALITO", "MUNICIPIO": "73217", "ESCENARIO": "E2", "CULTIVO": "Aguacate Hass", "TIPO_INFRA": "Tipo II - Transformacion", "NOMBRE_EQUIP": "Laboratorio maduracion", "TON_VEREDA": 22146.63, "AREA_HA_VEREDA": 3060.25, "AREA_EQUIP_M2": 5000, "N_EQUIP_TIPO": 3}}, {"type": "Feature", "geometry": {"x": -75.20073424999998, "y": 3.7907052000000476}, "properties": {"OBJECTID": 799, "VEREDA": "MECHE - GUADUALITO", "MUNICIPIO": "73217", "ESCENARIO": "E2", "CULTIVO": "Aguacate Hass", "TIPO_INFRA": "Tipo III - Servicios", "NOMBRE_EQUIP": "Escuela aguacateros", "TON_VEREDA": 22146.63, "AREA_HA_VEREDA": 3060.25, "AREA_EQUIP_M2": 1500, "N_EQUIP_TIPO": 2}}, {"type": "Feature", "geometry": {"x": -75.05773324699999, "y": 3.6199677800000245}, "properties": {"OBJECTID": 800, "VEREDA": "MECHE - GUADUALITO", "MUNICIPIO": "73217", "ESCENARIO": "E2", "CULTIVO": "Aguacate Hass", "TIPO_INFRA": "Tipo III - Servicios", "NOMBRE_EQUIP": "Centro certificacion exportacion", "TON_VEREDA": 22146.63, "AREA_HA_VEREDA": 3060.25, "AREA_EQUIP_M2": 1500, "N_EQUIP_TIPO": 2}}]}