{"type": "FeatureCollection", "features": [{"type": "Feature", "geometry": {"x": -75.03442269699997, "y": 3.563247009000065}, "properties": {"OBJECTID": 1, "VEREDA": "COCANA", "MUNICIPIO": "73483", "ESCENARIO": "E3", "CULTIVO": "Agroforestal", "TIPO_INFRA": "Tipo I - Produccion", "NOMBRE_EQUIP": "Vivero forestal", "TON_VEREDA": 1111.33, "AREA_HA_VEREDA": 140.38, "AREA_EQUIP_M2": 1978.1, "N_EQUIP_TIPO": 2}}, {"type": "Feature", "geometry": {"x": -75.08288105299994, "y": 3.6205677320000405}, "properties": {"OBJECTID": 2, "VEREDA": "COCANA", "MUNICIPIO": "73483", "ESCENARIO": "E3", "CULTIVO": "Agroforestal", "TIPO_INFRA": "Tipo I - Produccion", "NOMBRE_EQUIP": "Sistema silvopastoril", "TON_VEREDA": 1111.33, "AREA_HA_VEREDA": 140.38, "AREA_EQUIP_M2": 1978.1, "N_EQUIP_TIPO": 2}}, {"type": "Feature", "geometry": {"x": -75.11899166399996, "y": 3.4658192660000395}, "properties": {"OBJECTID": 3, "VEREDA": "COCANA", "MUNICIPIO": "73483", "ESCENARIO": "E3", "CULTIVO": "Agroforestal", "TIPO_INFRA": "Tipo II - Transformacion", "NOMBRE_EQUIP": "Aserradero comunitario", "TON_VEREDA": 1111.33, "AREA_HA_VEREDA": 140.38, "AREA_EQUIP_M2": 1166.8, "N_EQUIP_TIPO": 1}}, {"type": "Feature", "geometry": {"x": -75.22103502699997, "y": 3.9366238780000344}, "properties": {"OBJECTID": 4, "VEREDA": "COCANA", "MUNICIPIO": "73483", "ESCENARIO": "E3", "CULTIVO": "Agroforestal", "TIPO_INFRA": "Tipo III - Servicios", "NOMBRE_EQUIP": "Centro formacion ambiental", "TON_VEREDA": 1111.33, "AREA_HA_VEREDA": 140.38, "AREA_EQUIP_M2": 485.2, "N_EQUIP_TIPO": 2}}, {"type": "Feature", "geometry": {"x": -75.11413279999994, "y": 3.885644500000069}, "properties": {"OBJECTID": 5, "VEREDA": "COCANA", "MUNICIPIO": "73483", "ESCENARIO": "E3", "CULTIVO": "Agroforestal", "TIPO_INFRA": "Tipo III - Servicios", "NOMBRE_EQUIP": "Ecoturismo rural", "TON_VEREDA": 1111.33, "AREA_HA_VEREDA": 140.38, "AREA_EQUIP_M2": 485.2, "N_EQUIP_TIPO": 2}}, {"type": "Feature", "geometry": {"x": -75.14291193199995, "y": 3.44494105900003}, "properties": {"OBJECTID": 6, "VEREDA": "LA PALMITA", "MUNICIPIO": "73483", "ESCENARIO": "E3", "CULTIVO": "Cana panelera", "TIPO_INFRA": "Tipo I - Produccion", "NOMBRE_EQUIP": "Vivero cana", "TON_VEREDA": 4987.94, "AREA_HA_VEREDA": 498.79, "AREA_EQUIP_M2": 2000, "N_EQUIP_TIPO": 5}}, {"type": "Feature", "geometry": {"x": -75.16810387499999, "y": 3.692400906000046}, "properties": {"OBJECTID": 7, "VEREDA": "LA PALMITA", "MUNICIPIO": "73483", "ESCENARIO": "E3", "CULTIVO": "Cana panelera", "TIPO_INFRA": "Tipo I - Produccion", "NOMBRE_EQUIP": "Trapiche movil", "TON_VEREDA": 4987.94, "AREA_HA_VEREDA": 498.79, "AREA_EQUIP_M2": 2000, "N_EQUIP_TIPO": 5}}, {"type": "Feature", "geometry": {"x": -75.65230369499994, "y": 4.049911269000063}, "properties": {"OBJECTID": 8, "VEREDA": "LA PALMITA", "MUNICIPIO": "73483", "ESCENARIO": "E3", "CULTIVO": "Cana panelera", "TIPO_INFRA": "Tipo I - Produccion", "NOMBRE_EQUIP": "Bodega panela campo", "TON_VEREDA": 4987.94, "AREA_HA_VEREDA": 498.79, "AREA_EQUIP_M2": 2000, "N_EQUIP_TIPO": 5}}, {"type": "Feature", "geometry": {"x": -75.03425879599996, "y": 3.8172189440000466}, "properties": {"OBJECTID": 9, "VEREDA": "LA PALMITA", "MUNICIPIO": "73483", "ESCENARIO": "E3", "CULTIVO": "Cana panelera", "TIPO_INFRA": "Tipo I - Produccion", "NOMBRE_EQUIP": "Sistema riego", "TON_VEREDA": 4987.94, "AREA_HA_VEREDA": 498.79, "AREA_EQUIP_M2": 2000, "N_EQUIP_TIPO": 5}}, {"type": "Feature", "geometry": {"x": -75.16842910699995, "y": 3.686187420000067}, "properties": {"OBJECTID": 10, "VEREDA": "LA PALMITA", "MUNICIPIO": "73483", "ESCENARIO": "E3", "CULTIVO": "Cana panelera", "TIPO_INFRA": "Tipo I - Produccion", "NOMBRE_EQUIP": "Centro campo", "TON_VEREDA": 4987.94, "AREA_HA_VEREDA": 498.79, "AREA_EQUIP_M2": 2000, "N_EQUIP_TIPO": 5}}, {"type": "Feature", "geometry": {"x": -75.19121259299999, "y": 3.4012597960000335}, "properties": {"OBJECTID": 11, "VEREDA": "LA PALMITA", "MUNICIPIO": "73483", "ESCENARIO": "E3", "CULTIVO": "Cana panelera", "TIPO_INFRA": "Tipo II - Transformacion", "NOMBRE_EQUIP": "Trapiche tecnificado", "TON_VEREDA": 4987.94, "AREA_HA_VEREDA": 498.79, "AREA_EQUIP_M2": 3492.8, "N_EQUIP_TIPO": 2}}, {"type": "Feature", "geometry": {"x": -75.18852725799997, "y": 3.4058578870000247}, "properties": {"OBJECTID": 12, "VEREDA": "LA PALMITA", "MUNICIPIO": "73483", "ESCENARIO": "E3", "CULTIVO": "Cana panelera", "TIPO_INFRA": "Tipo II - Transformacion", "NOMBRE_EQUIP": "Planta panela granulada", "TON_VEREDA": 4987.94, "AREA_HA_VEREDA": 498.79, "AREA_EQUIP_M2": 3492.8, "N_EQUIP_TIPO": 2}}, {"type": "Feature", "geometry": {"x": -75.10047899999995, "y": 3.6146918500000425}, "properties": {"OBJECTID": 13, "VEREDA": "LA PALMITA", "MUNICIPIO": "73483", "ESCENARIO": "E3", "CULTIVO": "Cana panelera", "TIPO_INFRA": "Tipo III - Servicios", "NOMBRE_EQUIP": "Escuela paneleros", "TON_VEREDA": 4987.94, "AREA_HA_VEREDA": 498.79, "AREA_EQUIP_M2": 1131.3, "N_EQUIP_TIPO": 2}}, {"type": "Feature", "geometry": {"x": -75.10121004999996, "y": 3.583196100000066}, "properties": {"OBJECTID": 14, "VEREDA": "LA PALMITA", "MUNICIPIO": "73483", "ESCENARIO": "E3", "CULTIVO": "Cana panelera", "TIPO_INFRA": "Tipo III - Servicios", "NOMBRE_EQUIP": "Punto acopio panela", "TON_VEREDA": 4987.94, "AREA_HA_VEREDA": 498.79, "AREA_EQUIP_M2": 1131.3, "N_EQUIP_TIPO": 2}}, {"type": "Feature", "geometry": {"x": -75.14756968699999, "y": 3.448367757000028}, "properties": {"OBJECTID": 15, "VEREDA": "ANACARCO", "MUNICIPIO": "73483", "ESCENARIO": "E3", "CULTIVO": "Agroforestal", "TIPO_INFRA": "Tipo I - Produccion", "NOMBRE_EQUIP": "Vivero forestal", "TON_VEREDA": 1592.2, "AREA_HA_VEREDA": 258.4, "AREA_EQUIP_M2": 2000, "N_EQUIP_TIPO": 3}}, {"type": "Feature", "geometry": {"x": -75.24787317899995, "y": 4.094118170000058}, "properties": {"OBJECTID": 16, "VEREDA": "ANACARCO", "MUNICIPIO": "73483", "ESCENARIO": "E3", "CULTIVO": "Agroforestal", "TIPO_INFRA": "Tipo I - Produccion", "NOMBRE_EQUIP": "Sistema silvopastoril", "TON_VEREDA": 1592.2, "AREA_HA_VEREDA": 258.4, "AREA_EQUIP_M2": 2000, "N_EQUIP_TIPO": 3}}, {"type": "Feature", "geometry": {"x": -75.01137662399998, "y": 3.6689604140000256}, "properties": {"OBJECTID": 17, "VEREDA": "ANACARCO", "MUNICIPIO": "73483", "ESCENARIO": "E3", "CULTIVO": "Agroforestal", "TIPO_INFRA": "Tipo I - Produccion", "NOMBRE_EQUIP": "Banco germoplasma", "TON_VEREDA": 1592.2, "AREA_HA_VEREDA": 258.4, "AREA_EQUIP_M2": 2000, "N_EQUIP_TIPO": 3}}, {"type": "Feature", "geometry": {"x": -75.08580734099996, "y": 3.439958534000027}, "properties": {"OBJECTID": 18, "VEREDA": "ANACARCO", "MUNICIPIO": "73483", "ESCENARIO": "E3", "CULTIVO": "Agroforestal", "TIPO_INFRA": "Tipo II - Transformacion", "NOMBRE_EQUIP": "Aserradero comunitario", "TON_VEREDA": 1592.2, "AREA_HA_VEREDA": 258.4, "AREA_EQUIP_M2": 1455.3, "N_EQUIP_TIPO": 1}}, {"type": "Feature", "geometry": {"x": -75.12690632499994, "y": 3.503699132000065}, "properties": {"OBJECTID": 19, "VEREDA": "ANACARCO", "MUNICIPIO": "73483", "ESCENARIO": "E3", "CULTIVO": "Agroforestal", "TIPO_INFRA": "Tipo III - Servicios", "NOMBRE_EQUIP": "Centro formacion ambiental", "TON_VEREDA": 1592.2, "AREA_HA_VEREDA": 258.4, "AREA_EQUIP_M2": 565.4, "N_EQUIP_TIPO": 2}}, {"type": "Feature", "geometry": {"x": -75.08978504899994, "y": 3.61771260200004}, "properties": {"OBJECTID": 20, "VEREDA": "ANACARCO", "MUNICIPIO": "73483", "ESCENARIO": "E3", "CULTIVO": "Agroforestal", "TIPO_INFRA": "Tipo III - Servicios", "NOMBRE_EQUIP": "Ecoturismo rural", "TON_VEREDA": 1592.2, "AREA_HA_VEREDA": 258.4, "AREA_EQUIP_M2": 565.4, "N_EQUIP_TIPO": 2}}, {"type": "Feature", "geometry": {"x": -75.66771442199996, "y": 4.067583594000041}, "properties": {"OBJECTID": 21, "VEREDA": "PUEBLO NUEVO", "MUNICIPIO": "73483", "ESCENARIO": "E3", "CULTIVO": "Agroforestal", "TIPO_INFRA": "Tipo I - Produccion", "NOMBRE_EQUIP": "Vivero forestal", "TON_VEREDA": 1900.61, "AREA_HA_VEREDA": 333.63, "AREA_EQUIP_M2": 2000, "N_EQUIP_TIPO": 4}}, {"type": "Feature", "geometry": {"x": -75.16811622399996, "y": 3.483991599000035}, "properties": {"OBJECTID": 22, "VEREDA": "PUEBLO NUEVO", "MUNICIPIO": "73483", "ESCENARIO": "E3", "CULTIVO": "Agroforestal", "TIPO_INFRA": "Tipo I - Produccion", "NOMBRE_EQUIP": "Sistema silvopastoril", "TON_VEREDA": 1900.61, "AREA_HA_VEREDA": 333.63, "AREA_EQUIP_M2": 2000, "N_EQUIP_TIPO": 4}}, {"type": "Feature", "geometry": {"x": -75.08167645699996, "y": 3.4455713190000665}, "properties": {"OBJECTID": 23, "VEREDA": "PUEBLO NUEVO", "MUNICIPIO": "73483", "ESCENARIO": "E3", "CULTIVO": "Agroforestal", "TIPO_INFRA": "Tipo I - Produccion", "NOMBRE_EQUIP": "Banco germoplasma", "TON_VEREDA": 1900.61, "AREA_HA_VEREDA": 333.63, "AREA_EQUIP_M2": 2000, "N_EQUIP_TIPO": 4}}, {"type": "Feature", "geometry": {"x": -75.20373718099995, "y": 3.9296810740000296}, "properties": {"OBJECTID": 24, "VEREDA": "PUEBLO NUEVO", "MUNICIPIO": "73483", "ESCENARIO": "E3", "CULTIVO": "Agroforestal", "TIPO_INFRA": "Tipo I - Produccion", "NOMBRE_EQUIP": "Compostaje", "TON_VEREDA": 1900.61, "AREA_HA_VEREDA": 333.63, "AREA_EQUIP_M2": 2000, "N_EQUIP_TIPO": 4}}, {"type": "Feature", "geometry": {"x": -75.13486003899999, "y": 3.4467469730000744}, "properties": {"OBJECTID": 25, "VEREDA": "PUEBLO NUEVO", "MUNICIPIO": "73483", "ESCENARIO": "E3", "CULTIVO": "Agroforestal", "TIPO_INFRA": "Tipo II - Transformacion", "NOMBRE_EQUIP": "Aserradero comunitario", "TON_VEREDA": 1900.61, "AREA_HA_VEREDA": 333.63, "AREA_EQUIP_M2": 1640.4, "N_EQUIP_TIPO": 1}}, {"type": "Feature", "geometry": {"x": -75.12999504599998, "y": 3.8686085710000384}, "properties": {"OBJECTID": 26, "VEREDA": "PUEBLO NUEVO", "MUNICIPIO": "73483", "ESCENARIO": "E3", "CULTIVO": "Agroforestal", "TIPO_INFRA": "Tipo III - Servicios", "NOMBRE_EQUIP": "Centro formacion ambiental", "TON_VEREDA": 1900.61, "AREA_HA_VEREDA": 333.63, "AREA_EQUIP_M2": 616.8, "N_EQUIP_TIPO": 2}}, {"type": "Feature", "geometry": {"x": -75.08838045399995, "y": 3.62149925500006}, "properties": {"OBJECTID": 27, "VEREDA": "PUEBLO NUEVO", "MUNICIPIO": "73483", "ESCENARIO": "E3", "CULTIVO": "Agroforestal", "TIPO_INFRA": "Tipo III - Servicios", "NOMBRE_EQUIP": "Ecoturismo rural", "TON_VEREDA": 1900.61, "AREA_HA_VEREDA": 333.63, "AREA_EQUIP_M2": 616.8, "N_EQUIP_TIPO": 2}}, {"type": "Feature", "geometry": {"x": -75.07091887099995, "y": 3.666225771000029}, "properties": {"OBJECTID": 28, "VEREDA": "CUCUANO", "MUNICIPIO": "73622", "ESCENARIO": "E3", "CULTIVO": "Agroforestal", "TIPO_INFRA": "Tipo I - Produccion", "NOMBRE_EQUIP": "Vivero forestal", "TON_VEREDA": 2583.66, "AREA_HA_VEREDA": 516.73, "AREA_EQUIP_M2": 2000, "N_EQUIP_TIPO": 5}}, {"type": "Feature", "geometry": {"x": -75.13814878899996, "y": 3.436299211000062}, "properties": {"OBJECTID": 29, "VEREDA": "CUCUANO", "MUNICIPIO": "73622", "ESCENARIO": "E3", "CULTIVO": "Agroforestal", "TIPO_INFRA": "Tipo I - Produccion", "NOMBRE_EQUIP": "Sistema silvopastoril", "TON_VEREDA": 2583.66, "AREA_HA_VEREDA": 516.73, "AREA_EQUIP_M2": 2000, "N_EQUIP_TIPO": 5}}, {"type": "Feature", "geometry": {"x": -75.15251100099994, "y": 3.666209482000056}, "properties": {"OBJECTID": 30, "VEREDA": "CUCUANO", "MUNICIPIO": "73622", "ESCENARIO": "E3", "CULTIVO": "Agroforestal", "TIPO_INFRA": "Tipo I - Produccion", "NOMBRE_EQUIP": "Banco germoplasma", "TON_VEREDA": 2583.66, "AREA_HA_VEREDA": 516.73, "AREA_EQUIP_M2": 2000, "N_EQUIP_TIPO": 5}}, {"type": "Feature", "geometry": {"x": -75.21823998599996, "y": 4.10268601100006}, "properties": {"OBJECTID": 31, "VEREDA": "CUCUANO", "MUNICIPIO": "73622", "ESCENARIO": "E3", "CULTIVO": "Agroforestal", "TIPO_INFRA": "Tipo I - Produccion", "NOMBRE_EQUIP": "Compostaje", "TON_VEREDA": 2583.66, "AREA_HA_VEREDA": 516.73, "AREA_EQUIP_M2": 2000, "N_EQUIP_TIPO": 5}}, {"type": "Feature", "geometry": {"x": -75.25087760299994, "y": 4.06367091900006}, "properties": {"OBJECTID": 32, "VEREDA": "CUCUANO", "MUNICIPIO": "73622", "ESCENARIO": "E3", "CULTIVO": "Agroforestal", "TIPO_INFRA": "Tipo I - Produccion", "NOMBRE_EQUIP": "Centro campo", "TON_VEREDA": 2583.66, "AREA_HA_VEREDA": 516.73, "AREA_EQUIP_M2": 2000, "N_EQUIP_TIPO": 5}}, {"type": "Feature", "geometry": {"x": -75.62580863399995, "y": 4.010302132000049}, "properties": {"OBJECTID": 33, "VEREDA": "CUCUANO", "MUNICIPIO": "73622", "ESCENARIO": "E3", "CULTIVO": "Agroforestal", "TIPO_INFRA": "Tipo II - Transformacion", "NOMBRE_EQUIP": "Aserradero comunitario", "TON_VEREDA": 2583.66, "AREA_HA_VEREDA": 516.73, "AREA_EQUIP_M2": 2050.2, "N_EQUIP_TIPO": 1}}, {"type": "Feature", "geometry": {"x": -75.12771676399996, "y": 3.8987085350000257}, "properties": {"OBJECTID": 34, "VEREDA": "CUCUANO", "MUNICIPIO": "73622", "ESCENARIO": "E3", "CULTIVO": "Agroforestal", "TIPO_INFRA": "Tipo III - Servicios", "NOMBRE_EQUIP": "Centro formacion ambiental", "TON_VEREDA": 2583.66, "AREA_HA_VEREDA": 516.73, "AREA_EQUIP_M2": 730.6, "N_EQUIP_TIPO": 2}}, {"type": "Feature", "geometry": {"x": -75.13330416999997, "y": 3.7105809240000553}, "properties": {"OBJECTID": 35, "VEREDA": "CUCUANO", "MUNICIPIO": "73622", "ESCENARIO": "E3", "CULTIVO": "Agroforestal", "TIPO_INFRA": "Tipo III - Servicios", "NOMBRE_EQUIP": "Ecoturismo rural", "TON_VEREDA": 2583.66, "AREA_HA_VEREDA": 516.73, "AREA_EQUIP_M2": 730.6, "N_EQUIP_TIPO": 2}}, {"type": "Feature", "geometry": {"x": -75.61627124799998, "y": 3.993650065000054}, "properties": {"OBJECTID": 36, "VEREDA": "EL DIAMANTE", "MUNICIPIO": "73622", "ESCENARIO": "E3", "CULTIVO": "Agroforestal", "TIPO_INFRA": "Tipo I - Produccion", "NOMBRE_EQUIP": "Vivero forestal", "TON_VEREDA": 368.49, "AREA_HA_VEREDA": 73.7, "AREA_EQUIP_M2": 789.6, "N_EQUIP_TIPO": 1}}, {"type": "Feature", "geometry": {"x": -75.57282621199994, "y": 3.9872697070000527}, "properties": {"OBJECTID": 37, "VEREDA": "EL DIAMANTE", "MUNICIPIO": "73622", "ESCENARIO": "E3", "CULTIVO": "Agroforestal", "TIPO_INFRA": "Tipo II - Transformacion", "NOMBRE_EQUIP": "Aserradero comunitario", "TON_VEREDA": 368.49, "AREA_HA_VEREDA": 73.7, "AREA_EQUIP_M2": 721.1, "N_EQUIP_TIPO": 1}}, {"type": "Feature", "geometry": {"x": -75.61560900199999, "y": 4.00787518900006}, "properties": {"OBJECTID": 38, "VEREDA": "EL DIAMANTE", "MUNICIPIO": "73622", "ESCENARIO": "E3", "CULTIVO": "Agroforestal", "TIPO_INFRA": "Tipo III - Servicios", "NOMBRE_EQUIP": "Centro formacion ambiental", "TON_VEREDA": 368.49, "AREA_HA_VEREDA": 73.7, "AREA_EQUIP_M2": 361.4, "N_EQUIP_TIPO": 2}}, {"type": "Feature", "geometry": {"x": -75.09430735399997, "y": 3.6314340140000354}, "properties": {"OBJECTID": 39, "VEREDA": "EL DIAMANTE", "MUNICIPIO": "73622", "ESCENARIO": "E3", "CULTIVO": "Agroforestal", "TIPO_INFRA": "Tipo III - Servicios", "NOMBRE_EQUIP": "Ecoturismo rural", "TON_VEREDA": 368.49, "AREA_HA_VEREDA": 73.7, "AREA_EQUIP_M2": 361.4, "N_EQUIP_TIPO": 2}}, {"type": "Feature", "geometry": {"x": -75.67752804499997, "y": 4.05217355000002}, "properties": {"OBJECTID": 40, "VEREDA": "CUCUANITO", "MUNICIPIO": "73622", "ESCENARIO": "E3", "CULTIVO": "Agroforestal", "TIPO_INFRA": "Tipo I - Produccion", "NOMBRE_EQUIP": "Vivero forestal", "TON_VEREDA": 2506.57, "AREA_HA_VEREDA": 501.31, "AREA_EQUIP_M2": 2000, "N_EQUIP_TIPO": 5}}, {"type": "Feature", "geometry": {"x": -75.22740361099994, "y": 3.970482860000061}, "properties": {"OBJECTID": 41, "VEREDA": "CUCUANITO", "MUNICIPIO": "73622", "ESCENARIO": "E3", "CULTIVO": "Agroforestal", "TIPO_INFRA": "Tipo I - Produccion", "NOMBRE_EQUIP": "Sistema silvopastoril", "TON_VEREDA": 2506.57, "AREA_HA_VEREDA": 501.31, "AREA_EQUIP_M2": 2000, "N_EQUIP_TIPO": 5}}, {"type": "Feature", "geometry": {"x": -75.06265612199996, "y": 3.6406196060000298}, "properties": {"OBJECTID": 42, "VEREDA": "CUCUANITO", "MUNICIPIO": "73622", "ESCENARIO": "E3", "CULTIVO": "Agroforestal", "TIPO_INFRA": "Tipo I - Produccion", "NOMBRE_EQUIP": "Banco germoplasma", "TON_VEREDA": 2506.57, "AREA_HA_VEREDA": 501.31, "AREA_EQUIP_M2": 2000, "N_EQUIP_TIPO": 5}}, {"type": "Feature", "geometry": {"x": -75.07776211299995, "y": 3.817771612000058}, "properties": {"OBJECTID": 43, "VEREDA": "CUCUANITO", "MUNICIPIO": "73622", "ESCENARIO": "E3", "CULTIVO": "Agroforestal", "TIPO_INFRA": "Tipo I - Produccion", "NOMBRE_EQUIP": "Compostaje", "TON_VEREDA": 2506.57, "AREA_HA_VEREDA": 501.31, "AREA_EQUIP_M2": 2000, "N_EQUIP_TIPO": 5}}, {"type": "Feature", "geometry": {"x": -75.17249447899997, "y": 3.705933812000069}, "properties": {"OBJECTID": 44, "VEREDA": "CUCUANITO", "MUNICIPIO": "73622", "ESCENARIO": "E3", "CULTIVO": "Agroforestal", "TIPO_INFRA": "Tipo I - Produccion", "NOMBRE_EQUIP": "Centro campo", "TON_VEREDA": 2506.57, "AREA_HA_VEREDA": 501.31, "AREA_EQUIP_M2": 2000, "N_EQUIP_TIPO": 5}}, {"type": "Feature", "geometry": {"x": -75.61550292699997, "y": 3.984192078000035}, "properties": {"OBJECTID": 45, "VEREDA": "CUCUANITO", "MUNICIPIO": "73622", "ESCENARIO": "E3", "CULTIVO": "Agroforestal", "TIPO_INFRA": "Tipo II - Transformacion", "NOMBRE_EQUIP": "Aserradero comunitario", "TON_VEREDA": 2506.57, "AREA_HA_VEREDA": 501.31, "AREA_EQUIP_M2": 2003.9, "N_EQUIP_TIPO": 1}}, {"type": "Feature", "geometry": {"x": -75.06531926599996, "y": 3.8192034470000635}, "properties": {"OBJECTID": 46, "VEREDA": "CUCUANITO", "MUNICIPIO": "73622", "ESCENARIO": "E3", "CULTIVO": "Agroforestal", "TIPO_INFRA": "Tipo III - Servicios", "NOMBRE_EQUIP": "Centro formacion ambiental", "TON_VEREDA": 2506.57, "AREA_HA_VEREDA": 501.31, "AREA_EQUIP_M2": 717.8, "N_EQUIP_TIPO": 2}}, {"type": "Feature", "geometry": {"x": -75.29200494999998, "y": 3.8134953000000564}, "properties": {"OBJECTID": 47, "VEREDA": "CUCUANITO", "MUNICIPIO": "73622", "ESCENARIO": "E3", "CULTIVO": "Agroforestal", "TIPO_INFRA": "Tipo III - Servicios", "NOMBRE_EQUIP": "Ecoturismo rural", "TON_VEREDA": 2506.57, "AREA_HA_VEREDA": 501.31, "AREA_EQUIP_M2": 717.8, "N_EQUIP_TIPO": 2}}, {"type": "Feature", "geometry": {"x": -74.97491959499996, "y": 3.7147066710000445}, "properties": {"OBJECTID": 48, "VEREDA": "LA CEIBA", "MUNICIPIO": "73168", "ESCENARIO": "E3", "CULTIVO": "Agroforestal", "TIPO_INFRA": "Tipo I - Produccion", "NOMBRE_EQUIP": "Vivero forestal", "TON_VEREDA": 979.22, "AREA_HA_VEREDA": 170.57, "AREA_EQUIP_M2": 1766.8, "N_EQUIP_TIPO": 2}}, {"type": "Feature", "geometry": {"x": -75.05748183599997, "y": 3.804931399000054}, "properties": {"OBJECTID": 49, "VEREDA": "LA CEIBA", "MUNICIPIO": "73168", "ESCENARIO": "E3", "CULTIVO": "Agroforestal", "TIPO_INFRA": "Tipo I - Produccion", "NOMBRE_EQUIP": "Sistema silvopastoril", "TON_VEREDA": 979.22, "AREA_HA_VEREDA": 170.57, "AREA_EQUIP_M2": 1766.8, "N_EQUIP_TIPO": 2}}, {"type": "Feature", "geometry": {"x": -75.28684511899996, "y": 3.7541126980000286}, "properties": {"OBJECTID": 50, "VEREDA": "LA CEIBA", "MUNICIPIO": "73168", "ESCENARIO": "E3", "CULTIVO": "Agroforestal", "TIPO_INFRA": "Tipo II - Transformacion", "NOMBRE_EQUIP": "Aserradero comunitario", "TON_VEREDA": 979.22, "AREA_HA_VEREDA": 170.57, "AREA_EQUIP_M2": 1087.5, "N_EQUIP_TIPO": 1}}, {"type": "Feature", "geometry": {"x": -75.08858884999995, "y": 3.6177935000000616}, "properties": {"OBJECTID": 51, "VEREDA": "LA CEIBA", "MUNICIPIO": "73168", "ESCENARIO": "E3", "CULTIVO": "Agroforestal", "TIPO_INFRA": "Tipo III - Servicios", "NOMBRE_EQUIP": "Centro formacion ambiental", "TON_VEREDA": 979.22, "AREA_HA_VEREDA": 170.57, "AREA_EQUIP_M2": 463.2, "N_EQUIP_TIPO": 1}}, {"type": "Feature", "geometry": {"x": -75.30084626099995, "y": 3.9642503230000443}, "properties": {"OBJECTID": 52, "VEREDA": "CASTILLA", "MUNICIPIO": "73217", "ESCENARIO": "E3", "CULTIVO": "Agroforestal", "TIPO_INFRA": "Tipo I - Produccion", "NOMBRE_EQUIP": "Vivero forestal", "TON_VEREDA": 8736.77, "AREA_HA_VEREDA": 891.34, "AREA_EQUIP_M2": 2000, "N_EQUIP_TIPO": 5}}, {"type": "Feature", "geometry": {"x": -75.07661174799995, "y": 3.55762375300003}, "properties": {"OBJECTID": 53, "VEREDA": "CASTILLA", "MUNICIPIO": "73217", "ESCENARIO": "E3", "CULTIVO": "Agroforestal", "TIPO_INFRA": "Tipo I - Produccion", "NOMBRE_EQUIP": "Sistema silvopastoril", "TON_VEREDA": 8736.77, "AREA_HA_VEREDA": 891.34, "AREA_EQUIP_M2": 2000, "N_EQUIP_TIPO": 5}}, {"type": "Feature", "geometry": {"x": -75.21983399499999, "y": 4.104845491000049}, "properties": {"OBJECTID": 54, "VEREDA": "CASTILLA", "MUNICIPIO": "73217", "ESCENARIO": "E3", "CULTIVO": "Agroforestal", "TIPO_INFRA": "Tipo I - Produccion", "NOMBRE_EQUIP": "Banco germoplasma", "TON_VEREDA": 8736.77, "AREA_HA_VEREDA": 891.34, "AREA_EQUIP_M2": 2000, "N_EQUIP_TIPO": 5}}, {"type": "Feature", "geometry": {"x": -75.04616233799999, "y": 3.657062751000069}, "properties": {"OBJECTID": 55, "VEREDA": "CASTILLA", "MUNICIPIO": "73217", "ESCENARIO": "E3", "CULTIVO": "Agroforestal", "TIPO_INFRA": "Tipo I - Produccion", "NOMBRE_EQUIP": "Compostaje", "TON_VEREDA": 8736.77, "AREA_HA_VEREDA": 891.34, "AREA_EQUIP_M2": 2000, "N_EQUIP_TIPO": 5}}, {"type": "Feature", "geometry": {"x": -75.63453252199997, "y": 4.022864543000026}, "properties": {"OBJECTID": 56, "VEREDA": "CASTILLA", "MUNICIPIO": "73217", "ESCENARIO": "E3", "CULTIVO": "Agroforestal", "TIPO_INFRA": "Tipo I - Produccion", "NOMBRE_EQUIP": "Centro campo", "TON_VEREDA": 8736.77, "AREA_HA_VEREDA": 891.34, "AREA_EQUIP_M2": 2000, "N_EQUIP_TIPO": 5}}, {"type": "Feature", "geometry": {"x": -75.07630169199996, "y": 3.8385909310000557}, "properties": {"OBJECTID": 57, "VEREDA": "CASTILLA", "MUNICIPIO": "73217", "ESCENARIO": "E3", "CULTIVO": "Agroforestal", "TIPO_INFRA": "Tipo II - Transformacion", "NOMBRE_EQUIP": "Aserradero comunitario", "TON_VEREDA": 8736.77, "AREA_HA_VEREDA": 891.34, "AREA_EQUIP_M2": 5000, "N_EQUIP_TIPO": 3}}, {"type": "Feature", "geometry": {"x": -75.07476580899998, "y": 3.8418894070000533}, "properties": {"OBJECTID": 58, "VEREDA": "CASTILLA", "MUNICIPIO": "73217", "ESCENARIO": "E3", "CULTIVO": "Agroforestal", "TIPO_INFRA": "Tipo II - Transformacion", "NOMBRE_EQUIP": "Planta no maderables", "TON_VEREDA": 8736.77, "AREA_HA_VEREDA": 891.34, "AREA_EQUIP_M2": 5000, "N_EQUIP_TIPO": 3}}, {"type": "Feature", "geometry": {"x": -75.07472834799995, "y": 3.842641608000065}, "properties": {"OBJECTID": 59, "VEREDA": "CASTILLA", "MUNICIPIO": "73217", "ESCENARIO": "E3", "CULTIVO": "Agroforestal", "TIPO_INFRA": "Tipo II - Transformacion", "NOMBRE_EQUIP": "Centro carbon vegetal", "TON_VEREDA": 8736.77, "AREA_HA_VEREDA": 891.34, "AREA_EQUIP_M2": 5000, "N_EQUIP_TIPO": 3}}, {"type": "Feature", "geometry": {"x": -75.17987199199996, "y": 3.770286615000032}, "properties": {"OBJECTID": 60, "VEREDA": "CASTILLA", "MUNICIPIO": "73217", "ESCENARIO": "E3", "CULTIVO": "Agroforestal", "TIPO_INFRA": "Tipo III - Servicios", "NOMBRE_EQUIP": "Centro formacion ambiental", "TON_VEREDA": 8736.77, "AREA_HA_VEREDA": 891.34, "AREA_EQUIP_M2": 1500, "N_EQUIP_TIPO": 2}}, {"type": "Feature", "geometry": {"x": -75.09428534999995, "y": 3.91196565000007}, "properties": {"OBJECTID": 61, "VEREDA": "CASTILLA", "MUNICIPIO": "73217", "ESCENARIO": "E3", "CULTIVO": "Agroforestal", "TIPO_INFRA": "Tipo III - Servicios", "NOMBRE_EQUIP": "Ecoturismo rural", "TON_VEREDA": 8736.77, "AREA_HA_VEREDA": 891.34, "AREA_EQUIP_M2": 1500, "N_EQUIP_TIPO": 2}}, {"type": "Feature", "geometry": {"x": -75.14836723999997, "y": 3.7820676520000234}, "properties": {"OBJECTID": 62, "VEREDA": "BOCA DE GUAGUARCO", "MUNICIPIO": "73217", "ESCENARIO": "E3", "CULTIVO": "Cana panelera", "TIPO_INFRA": "Tipo I - Produccion", "NOMBRE_EQUIP": "Vivero cana", "TON_VEREDA": 4597.19, "AREA_HA_VEREDA": 740.91, "AREA_EQUIP_M2": 2000, "N_EQUIP_TIPO": 5}}, {"type": "Feature", "geometry": {"x": -75.13703231199997, "y": 4.006684104000044}, "properties": {"OBJECTID": 63, "VEREDA": "BOCA DE GUAGUARCO", "MUNICIPIO": "73217", "ESCENARIO": "E3", "CULTIVO": "Cana panelera", "TIPO_INFRA": "Tipo I - Produccion", "NOMBRE_EQUIP": "Trapiche movil", "TON_VEREDA": 4597.19, "AREA_HA_VEREDA": 740.91, "AREA_EQUIP_M2": 2000, "N_EQUIP_TIPO": 5}}, {"type": "Feature", "geometry": {"x": -75.27547553599999, "y": 4.042775623000068}, "properties": {"OBJECTID": 64, "VEREDA": "BOCA DE GUAGUARCO", "MUNICIPIO": "73217", "ESCENARIO": "E3", "CULTIVO": "Cana panelera", "TIPO_INFRA": "Tipo I - Produccion", "NOMBRE_EQUIP": "Bodega panela campo", "TON_VEREDA": 4597.19, "AREA_HA_VEREDA": 740.91, "AREA_EQUIP_M2": 2000, "N_EQUIP_TIPO": 5}}, {"type": "Feature", "geometry": {"x": -75.32723773199996, "y": 3.8086843790000557}, "properties": {"OBJECTID": 65, "VEREDA": "BOCA DE GUAGUARCO", "MUNICIPIO": "73217", "ESCENARIO": "E3", "CULTIVO": "Cana panelera", "TIPO_INFRA": "Tipo I - Produccion", "NOMBRE_EQUIP": "Sistema riego", "TON_VEREDA": 4597.19, "AREA_HA_VEREDA": 740.91, "AREA_EQUIP_M2": 2000, "N_EQUIP_TIPO": 5}}, {"type": "Feature", "geometry": {"x": -75.12076847299994, "y": 3.9846942540000327}, "properties": {"OBJECTID": 66, "VEREDA": "BOCA DE GUAGUARCO", "MUNICIPIO": "73217", "ESCENARIO": "E3", "CULTIVO": "Cana panelera", "TIPO_INFRA": "Tipo I - Produccion", "NOMBRE_EQUIP": "Centro campo", "TON_VEREDA": 4597.19, "AREA_HA_VEREDA": 740.91, "AREA_EQUIP_M2": 2000, "N_EQUIP_TIPO": 5}}, {"type": "Feature", "geometry": {"x": -75.06328302799994, "y": 3.6801396080000472}, "properties": {"OBJECTID": 67, "VEREDA": "BOCA DE GUAGUARCO", "MUNICIPIO": "73217", "ESCENARIO": "E3", "CULTIVO": "Cana panelera", "TIPO_INFRA": "Tipo II - Transformacion", "NOMBRE_EQUIP": "Trapiche tecnificado", "TON_VEREDA": 4597.19, "AREA_HA_VEREDA": 740.91, "AREA_EQUIP_M2": 3258.3, "N_EQUIP_TIPO": 2}}, {"type": "Feature", "geometry": {"x": -75.06584452099997, "y": 3.6766186000000403}, "properties": {"OBJECTID": 68, "VEREDA": "BOCA DE GUAGUARCO", "MUNICIPIO": "73217", "ESCENARIO": "E3", "CULTIVO": "Cana panelera", "TIPO_INFRA": "Tipo II - Transformacion", "NOMBRE_EQUIP": "Planta panela granulada", "TON_VEREDA": 4597.19, "AREA_HA_VEREDA": 740.91, "AREA_EQUIP_M2": 3258.3, "N_EQUIP_TIPO": 2}}, {"type": "Feature", "geometry": {"x": -75.21578296099995, "y": 3.787325383000052}, "properties": {"OBJECTID": 69, "VEREDA": "BOCA DE GUAGUARCO", "MUNICIPIO": "73217", "ESCENARIO": "E3", "CULTIVO": "Cana panelera", "TIPO_INFRA": "Tipo III - Servicios", "NOMBRE_EQUIP": "Escuela paneleros", "TON_VEREDA": 4597.19, "AREA_HA_VEREDA": 740.91, "AREA_EQUIP_M2": 1066.2, "N_EQUIP_TIPO": 2}}, {"type": "Feature", "geometry": {"x": -75.10323374999996, "y": 3.7021607010000253}, "properties": {"OBJECTID": 70, "VEREDA": "BOCA DE GUAGUARCO", "MUNICIPIO": "73217", "ESCENARIO": "E3", "CULTIVO": "Cana panelera", "TIPO_INFRA": "Tipo III - Servicios", "NOMBRE_EQUIP": "Punto acopio panela", "TON_VEREDA": 4597.19, "AREA_HA_VEREDA": 740.91, "AREA_EQUIP_M2": 1066.2, "N_EQUIP_TIPO": 2}}, {"type": "Feature", "geometry": {"x": -75.32700240799994, "y": 3.7988721530000475}, "properties": {"OBJECTID": 71, "VEREDA": "GUAYAQUIL", "MUNICIPIO": "73217", "ESCENARIO": "E3", "CULTIVO": "Agroforestal", "TIPO_INFRA": "Tipo I - Produccion", "NOMBRE_EQUIP": "Vivero forestal", "TON_VEREDA": 10710.33, "AREA_HA_VEREDA": 1499.64, "AREA_EQUIP_M2": 2000, "N_EQUIP_TIPO": 5}}, {"type": "Feature", "geometry": {"x": -75.04421114299998, "y": 3.8103680510000686}, "properties": {"OBJECTID": 72, "VEREDA": "GUAYAQUIL", "MUNICIPIO": "73217", "ESCENARIO": "E3", "CULTIVO": "Agroforestal", "TIPO_INFRA": "Tipo I - Produccion", "NOMBRE_EQUIP": "Sistema silvopastoril", "TON_VEREDA": 10710.33, "AREA_HA_VEREDA": 1499.64, "AREA_EQUIP_M2": 2000, "N_EQUIP_TIPO": 5}}, {"type": "Feature", "geometry": {"x": -75.15702737499998, "y": 3.470634136000058}, "properties": {"OBJECTID": 73, "VEREDA": "GUAYAQUIL", "MUNICIPIO": "73217", "ESCENARIO": "E3", "CULTIVO": "Agroforestal", "TIPO_INFRA": "Tipo I - Produccion", "NOMBRE_EQUIP": "Banco germoplasma", "TON_VEREDA": 10710.33, "AREA_HA_VEREDA": 1499.64, "AREA_EQUIP_M2": 2000, "N_EQUIP_TIPO": 5}}, {"type": "Feature", "geometry": {"x": -75.26726814699998, "y": 4.044631142000071}, "properties": {"OBJECTID": 74, "VEREDA": "GUAYAQUIL", "MUNICIPIO": "73217", "ESCENARIO": "E3", "CULTIVO": "Agroforestal", "TIPO_INFRA": "Tipo I - Produccion", "NOMBRE_EQUIP": "Compostaje", "TON_VEREDA": 10710.33, "AREA_HA_VEREDA": 1499.64, "AREA_EQUIP_M2": 2000, "N_EQUIP_TIPO": 5}}, {"type": "Feature", "geometry": {"x": -75.06447706799997, "y": 3.6611880260000476}, "properties": {"OBJECTID": 75, "VEREDA": "GUAYAQUIL", "MUNICIPIO": "73217", "ESCENARIO": "E3", "CULTIVO": "Agroforestal", "TIPO_INFRA": "Tipo I - Produccion", "NOMBRE_EQUIP": "Centro campo", "TON_VEREDA": 10710.33, "AREA_HA_VEREDA": 1499.64, "AREA_EQUIP_M2": 2000, "N_EQUIP_TIPO": 5}}, {"type": "Feature", "geometry": {"x": -75.03724277299995, "y": 3.7146550110000476}, "properties": {"OBJECTID": 76, "VEREDA": "GUAYAQUIL", "MUNICIPIO": "73217", "ESCENARIO": "E3", "CULTIVO": "Agroforestal", "TIPO_INFRA": "Tipo II - Transformacion", "NOMBRE_EQUIP": "Aserradero comunitario", "TON_VEREDA": 10710.33, "AREA_HA_VEREDA": 1499.64, "AREA_EQUIP_M2": 5000, "N_EQUIP_TIPO": 3}}, {"type": "Feature", "geometry": {"x": -75.03831262999995, "y": 3.7139574100000345}, "properties": {"OBJECTID": 77, "VEREDA": "GUAYAQUIL", "MUNICIPIO": "73217", "ESCENARIO": "E3", "CULTIVO": "Agroforestal", "TIPO_INFRA": "Tipo II - Transformacion", "NOMBRE_EQUIP": "Planta no maderables", "TON_VEREDA": 10710.33, "AREA_HA_VEREDA": 1499.64, "AREA_EQUIP_M2": 5000, "N_EQUIP_TIPO": 3}}, {"type": "Feature", "geometry": {"x": -75.04504766999997, "y": 3.7160182910000685}, "properties": {"OBJECTID": 78, "VEREDA": "GUAYAQUIL", "MUNICIPIO": "73217", "ESCENARIO": "E3", "CULTIVO": "Agroforestal", "TIPO_INFRA": "Tipo II - Transformacion", "NOMBRE_EQUIP": "Centro carbon vegetal", "TON_VEREDA": 10710.33, "AREA_HA_VEREDA": 1499.64, "AREA_EQUIP_M2": 5000, "N_EQUIP_TIPO": 3}}, {"type": "Feature", "geometry": {"x": -75.09138313999995, "y": 3.622448646000066}, "properties": {"OBJECTID": 79, "VEREDA": "GUAYAQUIL", "MUNICIPIO": "73217", "ESCENARIO": "E3", "CULTIVO": "Agroforestal", "TIPO_INFRA": "Tipo III - Servicios", "NOMBRE_EQUIP": "Centro formacion ambiental", "TON_VEREDA": 10710.33, "AREA_HA_VEREDA": 1499.64, "AREA_EQUIP_M2": 1500, "N_EQUIP_TIPO": 2}}, {"type": "Feature", "geometry": {"x": -75.24959326899994, "y": 3.7446276140000236}, "properties": {"OBJECTID": 80, "VEREDA": "GUAYAQUIL", "MUNICIPIO": "73217", "ESCENARIO": "E3", "CULTIVO": "Agroforestal", "TIPO_INFRA": "Tipo III - Servicios", "NOMBRE_EQUIP": "Ecoturismo rural", "TON_VEREDA": 10710.33, "AREA_HA_VEREDA": 1499.64, "AREA_EQUIP_M2": 1500, "N_EQUIP_TIPO": 2}}, {"type": "Feature", "geometry": {"x": -75.24921123299998, "y": 4.042635226000073}, "properties": {"OBJECTID": 81, "VEREDA": "ANGOSTURA", "MUNICIPIO": "73217", "ESCENARIO": "E3", "CULTIVO": "Cana panelera", "TIPO_INFRA": "Tipo I - Produccion", "NOMBRE_EQUIP": "Vivero cana", "TON_VEREDA": 5405.51, "AREA_HA_VEREDA": 618.78, "AREA_EQUIP_M2": 2000, "N_EQUIP_TIPO": 5}}, {"type": "Feature", "geometry": {"x": -75.31516345599994, "y": 3.965535720000048}, "properties": {"OBJECTID": 82, "VEREDA": "ANGOSTURA", "MUNICIPIO": "73217", "ESCENARIO": "E3", "CULTIVO": "Cana panelera", "TIPO_INFRA": "Tipo I - Produccion", "NOMBRE_EQUIP": "Trapiche movil", "TON_VEREDA": 5405.51, "AREA_HA_VEREDA": 618.78, "AREA_EQUIP_M2": 2000, "N_EQUIP_TIPO": 5}}, {"type": "Feature", "geometry": {"x": -75.05384357299994, "y": 3.6586757560000365}, "properties": {"OBJECTID": 83, "VEREDA": "ANGOSTURA", "MUNICIPIO": "73217", "ESCENARIO": "E3", "CULTIVO": "Cana panelera", "TIPO_INFRA": "Tipo I - Produccion", "NOMBRE_EQUIP": "Bodega panela campo", "TON_VEREDA": 5405.51, "AREA_HA_VEREDA": 618.78, "AREA_EQUIP_M2": 2000, "N_EQUIP_TIPO": 5}}, {"type": "Feature", "geometry": {"x": -75.13842186599999, "y": 3.438088144000062}, "properties": {"OBJECTID": 84, "VEREDA": "ANGOSTURA", "MUNICIPIO": "73217", "ESCENARIO": "E3", "CULTIVO": "Cana panelera", "TIPO_INFRA": "Tipo I - Produccion", "NOMBRE_EQUIP": "Sistema riego", "TON_VEREDA": 5405.51, "AREA_HA_VEREDA": 618.78, "AREA_EQUIP_M2": 2000, "N_EQUIP_TIPO": 5}}, {"type": "Feature", "geometry": {"x": -75.17023305399994, "y": 3.784500597000033}, "properties": {"OBJECTID": 85, "VEREDA": "ANGOSTURA", "MUNICIPIO": "73217", "ESCENARIO": "E3", "CULTIVO": "Cana panelera", "TIPO_INFRA": "Tipo I - Produccion", "NOMBRE_EQUIP": "Centro campo", "TON_VEREDA": 5405.51, "AREA_HA_VEREDA": 618.78, "AREA_EQUIP_M2": 2000, "N_EQUIP_TIPO": 5}}, {"type": "Feature", "geometry": {"x": -75.08288349499998, "y": 3.7998361570000725}, "properties": {"OBJECTID": 86, "VEREDA": "ANGOSTURA", "MUNICIPIO": "73217", "ESCENARIO": "E3", "CULTIVO": "Cana panelera", "TIPO_INFRA": "Tipo II - Transformacion", "NOMBRE_EQUIP": "Trapiche tecnificado", "TON_VEREDA": 5405.51, "AREA_HA_VEREDA": 618.78, "AREA_EQUIP_M2": 3743.3, "N_EQUIP_TIPO": 3}}, {"type": "Feature", "geometry": {"x": -75.07830130799994, "y": 3.8012397210000586}, "properties": {"OBJECTID": 87, "VEREDA": "ANGOSTURA", "MUNICIPIO": "73217", "ESCENARIO": "E3", "CULTIVO": "Cana panelera", "TIPO_INFRA": "Tipo II - Transformacion", "NOMBRE_EQUIP": "Planta panela granulada", "TON_VEREDA": 5405.51, "AREA_HA_VEREDA": 618.78, "AREA_EQUIP_M2": 3743.3, "N_EQUIP_TIPO": 3}}, {"type": "Feature", "geometry": {"x": -75.07441905199994, "y": 3.799568000000022}, "properties": {"OBJECTID": 88, "VEREDA": "ANGOSTURA", "MUNICIPIO": "73217", "ESCENARIO": "E3", "CULTIVO": "Cana panelera", "TIPO_INFRA": "Tipo II - Transformacion", "NOMBRE_EQUIP": "Laboratorio panelero", "TON_VEREDA": 5405.51, "AREA_HA_VEREDA": 618.78, "AREA_EQUIP_M2": 3743.3, "N_EQUIP_TIPO": 3}}, {"type": "Feature", "geometry": {"x": -75.22133195599997, "y": 3.9294985390000647}, "properties": {"OBJECTID": 89, "VEREDA": "ANGOSTURA", "MUNICIPIO": "73217", "ESCENARIO": "E3", "CULTIVO": "Cana panelera", "TIPO_INFRA": "Tipo III - Servicios", "NOMBRE_EQUIP": "Escuela paneleros", "TON_VEREDA": 5405.51, "AREA_HA_VEREDA": 618.78, "AREA_EQUIP_M2": 1200.9, "N_EQUIP_TIPO": 2}}, {"type": "Feature", "geometry": {"x": -75.14399850599995, "y": 3.4609125230000473}, "properties": {"OBJECTID": 90, "VEREDA": "ANGOSTURA", "MUNICIPIO": "73217", "ESCENARIO": "E3", "CULTIVO": "Cana panelera", "TIPO_INFRA": "Tipo III - Servicios", "NOMBRE_EQUIP": "Punto acopio panela", "TON_VEREDA": 5405.51, "AREA_HA_VEREDA": 618.78, "AREA_EQUIP_M2": 1200.9, "N_EQUIP_TIPO": 2}}, {"type": "Feature", "geometry": {"x": -75.20276293199998, "y": 3.8092146580000303}, "properties": {"OBJECTID": 91, "VEREDA": "SAN MIGUEL", "MUNICIPIO": "73217", "ESCENARIO": "E3", "CULTIVO": "Agroforestal", "TIPO_INFRA": "Tipo I - Produccion", "NOMBRE_EQUIP": "Vivero forestal", "TON_VEREDA": 5709.55, "AREA_HA_VEREDA": 951.53, "AREA_EQUIP_M2": 2000, "N_EQUIP_TIPO": 5}}, {"type": "Feature", "geometry": {"x": -75.14011079899996, "y": 3.693763936000039}, "properties": {"OBJECTID": 92, "VEREDA": "SAN MIGUEL", "MUNICIPIO": "73217", "ESCENARIO": "E3", "CULTIVO": "Agroforestal", "TIPO_INFRA": "Tipo I - Produccion", "NOMBRE_EQUIP": "Sistema silvopastoril", "TON_VEREDA": 5709.55, "AREA_HA_VEREDA": 951.53, "AREA_EQUIP_M2": 2000, "N_EQUIP_TIPO": 5}}, {"type": "Feature", "geometry": {"x": -75.25795654699994, "y": 4.05846959400003}, "properties": {"OBJECTID": 93, "VEREDA": "SAN MIGUEL", "MUNICIPIO": "73217", "ESCENARIO": "E3", "CULTIVO": "Agroforestal", "TIPO_INFRA": "Tipo I - Produccion", "NOMBRE_EQUIP": "Banco germoplasma", "TON_VEREDA": 5709.55, "AREA_HA_VEREDA": 951.53, "AREA_EQUIP_M2": 2000, "N_EQUIP_TIPO": 5}}, {"type": "Feature", "geometry": {"x": -75.14076303299998, "y": 4.007481320000068}, "properties": {"OBJECTID": 94, "VEREDA": "SAN MIGUEL", "MUNICIPIO": "73217", "ESCENARIO": "E3", "CULTIVO": "Agroforestal", "TIPO_INFRA": "Tipo I - Produccion", "NOMBRE_EQUIP": "Compostaje", "TON_VEREDA": 5709.55, "AREA_HA_VEREDA": 951.53, "AREA_EQUIP_M2": 2000, "N_EQUIP_TIPO": 5}}, {"type": "Feature", "geometry": {"x": -75.28857241599997, "y": 3.708876235000048}, "properties": {"OBJECTID": 95, "VEREDA": "SAN MIGUEL", "MUNICIPIO": "73217", "ESCENARIO": "E3", "CULTIVO": "Agroforestal", "TIPO_INFRA": "Tipo I - Produccion", "NOMBRE_EQUIP": "Centro campo", "TON_VEREDA": 5709.55, "AREA_HA_VEREDA": 951.53, "AREA_EQUIP_M2": 2000, "N_EQUIP_TIPO": 5}}, {"type": "Feature", "geometry": {"x": -75.61811924499995, "y": 4.038659063000068}, "properties": {"OBJECTID": 96, "VEREDA": "SAN MIGUEL", "MUNICIPIO": "73217", "ESCENARIO": "E3", "CULTIVO": "Agroforestal", "TIPO_INFRA": "Tipo II - Transformacion", "NOMBRE_EQUIP": "Aserradero comunitario", "TON_VEREDA": 5709.55, "AREA_HA_VEREDA": 951.53, "AREA_EQUIP_M2": 3925.7, "N_EQUIP_TIPO": 3}}, {"type": "Feature", "geometry": {"x": -75.61787602599998, "y": 4.035218631000021}, "properties": {"OBJECTID": 97, "VEREDA": "SAN MIGUEL", "MUNICIPIO": "73217", "ESCENARIO": "E3", "CULTIVO": "Agroforestal", "TIPO_INFRA": "Tipo II - Transformacion", "NOMBRE_EQUIP": "Planta no maderables", "TON_VEREDA": 5709.55, "AREA_HA_VEREDA": 951.53, "AREA_EQUIP_M2": 3925.7, "N_EQUIP_TIPO": 3}}, {"type": "Feature", "geometry": {"x": -75.62029392699998, "y": 4.037246466000056}, "properties": {"OBJECTID": 98, "VEREDA": "SAN MIGUEL", "MUNICIPIO": "73217", "ESCENARIO": "E3", "CULTIVO": "Agroforestal", "TIPO_INFRA": "Tipo II - Transformacion", "NOMBRE_EQUIP": "Centro carbon vegetal", "TON_VEREDA": 5709.55, "AREA_HA_VEREDA": 951.53, "AREA_EQUIP_M2": 3925.7, "N_EQUIP_TIPO": 3}}, {"type": "Feature", "geometry": {"x": -75.11945919799996, "y": 3.8814980800000285}, "properties": {"OBJECTID": 99, "VEREDA": "SAN MIGUEL", "MUNICIPIO": "73217", "ESCENARIO": "E3", "CULTIVO": "Agroforestal", "TIPO_INFRA": "Tipo III - Servicios", "NOMBRE_EQUIP": "Centro formacion ambiental", "TON_VEREDA": 5709.55, "AREA_HA_VEREDA": 951.53, "AREA_EQUIP_M2": 1251.6, "N_EQUIP_TIPO": 2}}, {"type": "Feature", "geometry": {"x": -75.32791236599996, "y": 3.8118481970000744}, "properties": {"OBJECTID": 100, "VEREDA": "SAN MIGUEL", "MUNICIPIO": "73217", "ESCENARIO": "E3", "CULTIVO": "Agroforestal", "TIPO_INFRA": "Tipo III - Servicios", "NOMBRE_EQUIP": "Ecoturismo rural", "TON_VEREDA": 5709.55, "AREA_HA_VEREDA": 951.53, "AREA_EQUIP_M2": 1251.6, "N_EQUIP_TIPO": 2}}, {"type": "Feature", "geometry": {"x": -75.10918708699995, "y": 3.690135471000076}, "properties": {"OBJECTID": 101, "VEREDA": "LA ARENOSA", "MUNICIPIO": "73217", "ESCENARIO": "E3", "CULTIVO": "Agroforestal", "TIPO_INFRA": "Tipo I - Produccion", "NOMBRE_EQUIP": "Vivero forestal", "TON_VEREDA": 7028.11, "AREA_HA_VEREDA": 892.26, "AREA_EQUIP_M2": 2000, "N_EQUIP_TIPO": 5}}, {"type": "Feature", "geometry": {"x": -75.15355074399997, "y": 3.467760156000054}, "properties": {"OBJECTID": 102, "VEREDA": "LA ARENOSA", "MUNICIPIO": "73217", "ESCENARIO": "E3", "CULTIVO": "Agroforestal", "TIPO_INFRA": "Tipo I - Produccion", "NOMBRE_EQUIP": "Sistema silvopastoril", "TON_VEREDA": 7028.11, "AREA_HA_VEREDA": 892.26, "AREA_EQUIP_M2": 2000, "N_EQUIP_TIPO": 5}}, {"type": "Feature", "geometry": {"x": -75.06349800299995, "y": 3.5906778260000465}, "properties": {"OBJECTID": 103, "VEREDA": "LA ARENOSA", "MUNICIPIO": "73217", "ESCENARIO": "E3", "CULTIVO": "Agroforestal", "TIPO_INFRA": "Tipo I - Produccion", "NOMBRE_EQUIP": "Banco germoplasma", "TON_VEREDA": 7028.11, "AREA_HA_VEREDA": 892.26, "AREA_EQUIP_M2": 2000, "N_EQUIP_TIPO": 5}}, {"type": "Feature", "geometry": {"x": -75.34436876799998, "y": 3.8077970930000333}, "properties": {"OBJECTID": 104, "VEREDA": "LA ARENOSA", "MUNICIPIO": "73217", "ESCENARIO": "E3", "CULTIVO": "Agroforestal", "TIPO_INFRA": "Tipo I - Produccion", "NOMBRE_EQUIP": "Compostaje", "TON_VEREDA": 7028.11, "AREA_HA_VEREDA": 892.26, "AREA_EQUIP_M2": 2000, "N_EQUIP_TIPO": 5}}, {"type": "Feature", "geometry": {"x": -75.11569854999993, "y": 3.6943196390000708}, "properties": {"OBJECTID": 105, "VEREDA": "LA ARENOSA", "MUNICIPIO": "73217", "ESCENARIO": "E3", "CULTIVO": "Agroforestal", "TIPO_INFRA": "Tipo I - Produccion", "NOMBRE_EQUIP": "Centro campo", "TON_VEREDA": 7028.11, "AREA_HA_VEREDA": 892.26, "AREA_EQUIP_M2": 2000, "N_EQUIP_TIPO": 5}}, {"type": "Feature", "geometry": {"x": -75.04267735599996, "y": 3.7599742120000315}, "properties": {"OBJECTID": 106, "VEREDA": "LA ARENOSA", "MUNICIPIO": "73217", "ESCENARIO": "E3", "CULTIVO": "Agroforestal", "TIPO_INFRA": "Tipo II - Transformacion", "NOMBRE_EQUIP": "Aserradero comunitario", "TON_VEREDA": 7028.11, "AREA_HA_VEREDA": 892.26, "AREA_EQUIP_M2": 4716.9, "N_EQUIP_TIPO": 3}}, {"type": "Feature", "geometry": {"x": -75.03774546499994, "y": 3.754963271000065}, "properties": {"OBJECTID": 107, "VEREDA": "LA ARENOSA", "MUNICIPIO": "73217", "ESCENARIO": "E3", "CULTIVO": "Agroforestal", "TIPO_INFRA": "Tipo II - Transformacion", "NOMBRE_EQUIP": "Planta no maderables", "TON_VEREDA": 7028.11, "AREA_HA_VEREDA": 892.26, "AREA_EQUIP_M2": 4716.9, "N_EQUIP_TIPO": 3}}, {"type": "Feature", "geometry": {"x": -75.04106991399993, "y": 3.7577106430000526}, "properties": {"OBJECTID": 108, "VEREDA": "LA ARENOSA", "MUNICIPIO": "73217", "ESCENARIO": "E3", "CULTIVO": "Agroforestal", "TIPO_INFRA": "Tipo II - Transformacion", "NOMBRE_EQUIP": "Centro carbon vegetal", "TON_VEREDA": 7028.11, "AREA_HA_VEREDA": 892.26, "AREA_EQUIP_M2": 4716.9, "N_EQUIP_TIPO": 3}}, {"type": "Feature", "geometry": {"x": -75.28826986899998, "y": 3.828470067000069}, "properties": {"OBJECTID": 109, "VEREDA": "LA ARENOSA", "MUNICIPIO": "73217", "ESCENARIO": "E3", "CULTIVO": "Agroforestal", "TIPO_INFRA": "Tipo III - Servicios", "NOMBRE_EQUIP": "Centro formacion ambiental", "TON_VEREDA": 7028.11, "AREA_HA_VEREDA": 892.26, "AREA_EQUIP_M2": 1471.4, "N_EQUIP_TIPO": 2}}, {"type": "Feature", "geometry": {"x": -75.20921817899995, "y": 3.897400269000059}, "properties": {"OBJECTID": 110, "VEREDA": "LA ARENOSA", "MUNICIPIO": "73217", "ESCENARIO": "E3", "CULTIVO": "Agroforestal", "TIPO_INFRA": "Tipo III - Servicios", "NOMBRE_EQUIP": "Ecoturismo rural", "TON_VEREDA": 7028.11, "AREA_HA_VEREDA": 892.26, "AREA_EQUIP_M2": 1471.4, "N_EQUIP_TIPO": 2}}, {"type": "Feature", "geometry": {"x": -75.15333469799998, "y": 3.473423490000073}, "properties": {"OBJECTID": 111, "VEREDA": "NUEVA ESPERANZA", "MUNICIPIO": "73217", "ESCENARIO": "E3", "CULTIVO": "Agroforestal", "TIPO_INFRA": "Tipo I - Produccion", "NOMBRE_EQUIP": "Vivero forestal", "TON_VEREDA": 5240.38, "AREA_HA_VEREDA": 651.26, "AREA_EQUIP_M2": 2000, "N_EQUIP_TIPO": 5}}, {"type": "Feature", "geometry": {"x": -75.24000998199995, "y": 3.996801577000042}, "properties": {"OBJECTID": 112, "VEREDA": "NUEVA ESPERANZA", "MUNICIPIO": "73217", "ESCENARIO": "E3", "CULTIVO": "Agroforestal", "TIPO_INFRA": "Tipo I - Produccion", "NOMBRE_EQUIP": "Sistema silvopastoril", "TON_VEREDA": 5240.38, "AREA_HA_VEREDA": 651.26, "AREA_EQUIP_M2": 2000, "N_EQUIP_TIPO": 5}}, {"type": "Feature", "geometry": {"x": -75.07189029999995, "y": 3.818347450000033}, "properties": {"OBJECTID": 113, "VEREDA": "NUEVA ESPERANZA", "MUNICIPIO": "73217", "ESCENARIO": "E3", "CULTIVO": "Agroforestal", "TIPO_INFRA": "Tipo I - Produccion", "NOMBRE_EQUIP": "Banco germoplasma", "TON_VEREDA": 5240.38, "AREA_HA_VEREDA": 651.26, "AREA_EQUIP_M2": 2000, "N_EQUIP_TIPO": 5}}, {"type": "Feature", "geometry": {"x": -74.97557973399995, "y": 3.7091900360000523}, "properties": {"OBJECTID": 114, "VEREDA": "NUEVA ESPERANZA", "MUNICIPIO": "73217", "ESCENARIO": "E3", "CULTIVO": "Agroforestal", "TIPO_INFRA": "Tipo I - Produccion", "NOMBRE_EQUIP": "Compostaje", "TON_VEREDA": 5240.38, "AREA_HA_VEREDA": 651.26, "AREA_EQUIP_M2": 2000, "N_EQUIP_TIPO": 5}}, {"type": "Feature", "geometry": {"x": -75.06598789399999, "y": 3.813086892000058}, "properties": {"OBJECTID": 115, "VEREDA": "NUEVA ESPERANZA", "MUNICIPIO": "73217", "ESCENARIO": "E3", "CULTIVO": "Agroforestal", "TIPO_INFRA": "Tipo I - Produccion", "NOMBRE_EQUIP": "Centro campo", "TON_VEREDA": 5240.38, "AREA_HA_VEREDA": 651.26, "AREA_EQUIP_M2": 2000, "N_EQUIP_TIPO": 5}}, {"type": "Feature", "geometry": {"x": -75.08587009399997, "y": 3.7496752250000327}, "properties": {"OBJECTID": 116, "VEREDA": "NUEVA ESPERANZA", "MUNICIPIO": "73217", "ESCENARIO": "E3", "CULTIVO": "Agroforestal", "TIPO_INFRA": "Tipo II - Transformacion", "NOMBRE_EQUIP": "Aserradero comunitario", "TON_VEREDA": 5240.38, "AREA_HA_VEREDA": 651.26, "AREA_EQUIP_M2": 3644.2, "N_EQUIP_TIPO": 3}}, {"type": "Feature", "geometry": {"x": -75.09065361699999, "y": 3.743009736000033}, "properties": {"OBJECTID": 117, "VEREDA": "NUEVA ESPERANZA", "MUNICIPIO": "73217", "ESCENARIO": "E3", "CULTIVO": "Agroforestal", "TIPO_INFRA": "Tipo II - Transformacion", "NOMBRE_EQUIP": "Planta no maderables", "TON_VEREDA": 5240.38, "AREA_HA_VEREDA": 651.26, "AREA_EQUIP_M2": 3644.2, "N_EQUIP_TIPO": 3}}, {"type": "Feature", "geometry": {"x": -75.08657892699995, "y": 3.742526478000059}, "properties": {"OBJECTID": 118, "VEREDA": "NUEVA ESPERANZA", "MUNICIPIO": "73217", "ESCENARIO": "E3", "CULTIVO": "Agroforestal", "TIPO_INFRA": "Tipo II - Transformacion", "NOMBRE_EQUIP": "Centro carbon vegetal", "TON_VEREDA": 5240.38, "AREA_HA_VEREDA": 651.26, "AREA_EQUIP_M2": 3644.2, "N_EQUIP_TIPO": 3}}, {"type": "Feature", "geometry": {"x": -75.25165424599999, "y": 3.938338780000038}, "properties": {"OBJECTID": 119, "VEREDA": "NUEVA ESPERANZA", "MUNICIPIO": "73217", "ESCENARIO": "E3", "CULTIVO": "Agroforestal", "TIPO_INFRA": "Tipo III - Servicios", "NOMBRE_EQUIP": "Centro formacion ambiental", "TON_VEREDA": 5240.38, "AREA_HA_VEREDA": 651.26, "AREA_EQUIP_M2": 1173.4, "N_EQUIP_TIPO": 2}}, {"type": "Feature", "geometry": {"x": -75.10066693799996, "y": 3.621707984000068}, "properties": {"OBJECTID": 120, "VEREDA": "NUEVA ESPERANZA", "MUNICIPIO": "73217", "ESCENARIO": "E3", "CULTIVO": "Agroforestal", "TIPO_INFRA": "Tipo III - Servicios", "NOMBRE_EQUIP": "Ecoturismo rural", "TON_VEREDA": 5240.38, "AREA_HA_VEREDA": 651.26, "AREA_EQUIP_M2": 1173.4, "N_EQUIP_TIPO": 2}}, {"type": "Feature", "geometry": {"x": -74.99082556199994, "y": 3.747881016000065}, "properties": {"OBJECTID": 121, "VEREDA": "DOYARE", "MUNICIPIO": "73217", "ESCENARIO": "E3", "CULTIVO": "Cana panelera", "TIPO_INFRA": "Tipo I - Produccion", "NOMBRE_EQUIP": "Vivero cana", "TON_VEREDA": 6115.9, "AREA_HA_VEREDA": 879.43, "AREA_EQUIP_M2": 2000, "N_EQUIP_TIPO": 5}}, {"type": "Feature", "geometry": {"x": -74.99276951899998, "y": 3.6751221850000206}, "properties": {"OBJECTID": 122, "VEREDA": "DOYARE", "MUNICIPIO": "73217", "ESCENARIO": "E3", "CULTIVO": "Cana panelera", "TIPO_INFRA": "Tipo I - Produccion", "NOMBRE_EQUIP": "Trapiche movil", "TON_VEREDA": 6115.9, "AREA_HA_VEREDA": 879.43, "AREA_EQUIP_M2": 2000, "N_EQUIP_TIPO": 5}}, {"type": "Feature", "geometry": {"x": -75.13971635499996, "y": 3.4415473780000525}, "properties": {"OBJECTID": 123, "VEREDA": "DOYARE", "MUNICIPIO": "73217", "ESCENARIO": "E3", "CULTIVO": "Cana panelera", "TIPO_INFRA": "Tipo I - Produccion", "NOMBRE_EQUIP": "Bodega panela campo", "TON_VEREDA": 6115.9, "AREA_HA_VEREDA": 879.43, "AREA_EQUIP_M2": 2000, "N_EQUIP_TIPO": 5}}, {"type": "Feature", "geometry": {"x": -74.96893755499997, "y": 3.7284382220000225}, "properties": {"OBJECTID": 124, "VEREDA": "DOYARE", "MUNICIPIO": "73217", "ESCENARIO": "E3", "CULTIVO": "Cana panelera", "TIPO_INFRA": "Tipo I - Produccion", "NOMBRE_EQUIP": "Sistema riego", "TON_VEREDA": 6115.9, "AREA_HA_VEREDA": 879.43, "AREA_EQUIP_M2": 2000, "N_EQUIP_TIPO": 5}}, {"type": "Feature", "geometry": {"x": -75.25063210199994, "y": 3.8539249540000355}, "properties": {"OBJECTID": 125, "VEREDA": "DOYARE", "MUNICIPIO": "73217", "ESCENARIO": "E3", "CULTIVO": "Cana panelera", "TIPO_INFRA": "Tipo I - Produccion", "NOMBRE_EQUIP": "Centro campo", "TON_VEREDA": 6115.9, "AREA_HA_VEREDA": 879.43, "AREA_EQUIP_M2": 2000, "N_EQUIP_TIPO": 5}}, {"type": "Feature", "geometry": {"x": -75.16543521599993, "y": 3.8286484170000676}, "properties": {"OBJECTID": 126, "VEREDA": "DOYARE", "MUNICIPIO": "73217", "ESCENARIO": "E3", "CULTIVO": "Cana panelera", "TIPO_INFRA": "Tipo II - Transformacion", "NOMBRE_EQUIP": "Trapiche tecnificado", "TON_VEREDA": 6115.9, "AREA_HA_VEREDA": 879.43, "AREA_EQUIP_M2": 4169.5, "N_EQUIP_TIPO": 3}}, {"type": "Feature", "geometry": {"x": -75.16698000299994, "y": 3.8320410370000673}, "properties": {"OBJECTID": 127, "VEREDA": "DOYARE", "MUNICIPIO": "73217", "ESCENARIO": "E3", "CULTIVO": "Cana panelera", "TIPO_INFRA": "Tipo II - Transformacion", "NOMBRE_EQUIP": "Planta panela granulada", "TON_VEREDA": 6115.9, "AREA_HA_VEREDA": 879.43, "AREA_EQUIP_M2": 4169.5, "N_EQUIP_TIPO": 3}}, {"type": "Feature", "geometry": {"x": -75.16165707399995, "y": 3.830607980000025}, "properties": {"OBJECTID": 128, "VEREDA": "DOYARE", "MUNICIPIO": "73217", "ESCENARIO": "E3", "CULTIVO": "Cana panelera", "TIPO_INFRA": "Tipo II - Transformacion", "NOMBRE_EQUIP": "Laboratorio panelero", "TON_VEREDA": 6115.9, "AREA_HA_VEREDA": 879.43, "AREA_EQUIP_M2": 4169.5, "N_EQUIP_TIPO": 3}}, {"type": "Feature", "geometry": {"x": -75.05934274999998, "y": 3.8198955000000296}, "properties": {"OBJECTID": 129, "VEREDA": "DOYARE", "MUNICIPIO": "73217", "ESCENARIO": "E3", "CULTIVO": "Cana panelera", "TIPO_INFRA": "Tipo III - Servicios", "NOMBRE_EQUIP": "Escuela paneleros", "TON_VEREDA": 6115.9, "AREA_HA_VEREDA": 879.43, "AREA_EQUIP_M2": 1319.3, "N_EQUIP_TIPO": 2}}, {"type": "Feature", "geometry": {"x": -75.11687250999995, "y": 3.922646139000051}, "properties": {"OBJECTID": 130, "VEREDA": "DOYARE", "MUNICIPIO": "73217", "ESCENARIO": "E3", "CULTIVO": "Cana panelera", "TIPO_INFRA": "Tipo III - Servicios", "NOMBRE_EQUIP": "Punto acopio panela", "TON_VEREDA": 6115.9, "AREA_HA_VEREDA": 879.43, "AREA_EQUIP_M2": 1319.3, "N_EQUIP_TIPO": 2}}, {"type": "Feature", "geometry": {"x": -75.17222467199997, "y": 3.8556267890000413}, "properties": {"OBJECTID": 131, "VEREDA": "MEDIA LUNA", "MUNICIPIO": "73217", "ESCENARIO": "E3", "CULTIVO": "Agroforestal", "TIPO_INFRA": "Tipo I - Produccion", "NOMBRE_EQUIP": "Vivero forestal", "TON_VEREDA": 9649.31, "AREA_HA_VEREDA": 1417.78, "AREA_EQUIP_M2": 2000, "N_EQUIP_TIPO": 5}}, {"type": "Feature", "geometry": {"x": -75.09476048899995, "y": 3.6171478950000733}, "properties": {"OBJECTID": 132, "VEREDA": "MEDIA LUNA", "MUNICIPIO": "73217", "ESCENARIO": "E3", "CULTIVO": "Agroforestal", "TIPO_INFRA": "Tipo I - Produccion", "NOMBRE_EQUIP": "Sistema silvopastoril", "TON_VEREDA": 9649.31, "AREA_HA_VEREDA": 1417.78, "AREA_EQUIP_M2": 2000, "N_EQUIP_TIPO": 5}}, {"type": "Feature", "geometry": {"x": -75.23707554199996, "y": 3.7289563350000208}, "properties": {"OBJECTID": 133, "VEREDA": "MEDIA LUNA", "MUNICIPIO": "73217", "ESCENARIO": "E3", "CULTIVO": "Agroforestal", "TIPO_INFRA": "Tipo I - Produccion", "NOMBRE_EQUIP": "Banco germoplasma", "TON_VEREDA": 9649.31, "AREA_HA_VEREDA": 1417.78, "AREA_EQUIP_M2": 2000, "N_EQUIP_TIPO": 5}}, {"type": "Feature", "geometry": {"x": -75.15871761099999, "y": 3.4793388000000505}, "properties": {"OBJECTID": 134, "VEREDA": "MEDIA LUNA", "MUNICIPIO": "73217", "ESCENARIO": "E3", "CULTIVO": "Agroforestal", "TIPO_INFRA": "Tipo I - Produccion", "NOMBRE_EQUIP": "Compostaje", "TON_VEREDA": 9649.31, "AREA_HA_VEREDA": 1417.78, "AREA_EQUIP_M2": 2000, "N_EQUIP_TIPO": 5}}, {"type": "Feature", "geometry": {"x": -75.09439726899996, "y": 3.9712775780000698}, "properties": {"OBJECTID": 135, "VEREDA": "MEDIA LUNA", "MUNICIPIO": "73217", "ESCENARIO": "E3", "CULTIVO": "Agroforestal", "TIPO_INFRA": "Tipo I - Produccion", "NOMBRE_EQUIP": "Centro campo", "TON_VEREDA": 9649.31, "AREA_HA_VEREDA": 1417.78, "AREA_EQUIP_M2": 2000, "N_EQUIP_TIPO": 5}}, {"type": "Feature", "geometry": {"x": -75.11532005699996, "y": 3.77217521700004}, "properties": {"OBJECTID": 136, "VEREDA": "MEDIA LUNA", "MUNICIPIO": "73217", "ESCENARIO": "E3", "CULTIVO": "Agroforestal", "TIPO_INFRA": "Tipo II - Transformacion", "NOMBRE_EQUIP": "Aserradero comunitario", "TON_VEREDA": 9649.31, "AREA_HA_VEREDA": 1417.78, "AREA_EQUIP_M2": 5000, "N_EQUIP_TIPO": 3}}, {"type": "Feature", "geometry": {"x": -75.11107326099994, "y": 3.7698933890000603}, "properties": {"OBJECTID": 137, "VEREDA": "MEDIA LUNA", "MUNICIPIO": "73217", "ESCENARIO": "E3", "CULTIVO": "Agroforestal", "TIPO_INFRA": "Tipo II - Transformacion", "NOMBRE_EQUIP": "Planta no maderables", "TON_VEREDA": 9649.31, "AREA_HA_VEREDA": 1417.78, "AREA_EQUIP_M2": 5000, "N_EQUIP_TIPO": 3}}, {"type": "Feature", "geometry": {"x": -75.11121872099994, "y": 3.7741417900000442}, "properties": {"OBJECTID": 138, "VEREDA": "MEDIA LUNA", "MUNICIPIO": "73217", "ESCENARIO": "E3", "CULTIVO": "Agroforestal", "TIPO_INFRA": "Tipo II - Transformacion", "NOMBRE_EQUIP": "Centro carbon vegetal", "TON_VEREDA": 9649.31, "AREA_HA_VEREDA": 1417.78, "AREA_EQUIP_M2": 5000, "N_EQUIP_TIPO": 3}}, {"type": "Feature", "geometry": {"x": -75.09050488199995, "y": 3.7971195750000675}, "properties": {"OBJECTID": 139, "VEREDA": "MEDIA LUNA", "MUNICIPIO": "73217", "ESCENARIO": "E3", "CULTIVO": "Agroforestal", "TIPO_INFRA": "Tipo III - Servicios", "NOMBRE_EQUIP": "Centro formacion ambiental", "TON_VEREDA": 9649.31, "AREA_HA_VEREDA": 1417.78, "AREA_EQUIP_M2": 1500, "N_EQUIP_TIPO": 2}}, {"type": "Feature", "geometry": {"x": -75.16469349199997, "y": 3.938104370000076}, "properties": {"OBJECTID": 140, "VEREDA": "MEDIA LUNA", "MUNICIPIO": "73217", "ESCENARIO": "E3", "CULTIVO": "Agroforestal", "TIPO_INFRA": "Tipo III - Servicios", "NOMBRE_EQUIP": "Ecoturismo rural", "TON_VEREDA": 9649.31, "AREA_HA_VEREDA": 1417.78, "AREA_EQUIP_M2": 1500, "N_EQUIP_TIPO": 2}}, {"type": "Feature", "geometry": {"x": -75.08901276599994, "y": 3.814135924000027}, "properties": {"OBJECTID": 141, "VEREDA": "HILARQUITO", "MUNICIPIO": "73217", "ESCENARIO": "E3", "CULTIVO": "Agroforestal", "TIPO_INFRA": "Tipo I - Produccion", "NOMBRE_EQUIP": "Vivero forestal", "TON_VEREDA": 6296.59, "AREA_HA_VEREDA": 887.18, "AREA_EQUIP_M2": 2000, "N_EQUIP_TIPO": 5}}, {"type": "Feature", "geometry": {"x": -75.27904987599999, "y": 4.042356450000057}, "properties": {"OBJECTID": 142, "VEREDA": "HILARQUITO", "MUNICIPIO": "73217", "ESCENARIO": "E3", "CULTIVO": "Agroforestal", "TIPO_INFRA": "Tipo I - Produccion", "NOMBRE_EQUIP": "Sistema silvopastoril", "TON_VEREDA": 6296.59, "AREA_HA_VEREDA": 887.18, "AREA_EQUIP_M2": 2000, "N_EQUIP_TIPO": 5}}, {"type": "Feature", "geometry": {"x": -75.11215811799997, "y": 3.7982690000000616}, "properties": {"OBJECTID": 143, "VEREDA": "HILARQUITO", "MUNICIPIO": "73217", "ESCENARIO": "E3", "CULTIVO": "Agroforestal", "TIPO_INFRA": "Tipo I - Produccion", "NOMBRE_EQUIP": "Banco germoplasma", "TON_VEREDA": 6296.59, "AREA_HA_VEREDA": 887.18, "AREA_EQUIP_M2": 2000, "N_EQUIP_TIPO": 5}}, {"type": "Feature", "geometry": {"x": -75.09941468199997, "y": 3.974364468000033}, "properties": {"OBJECTID": 144, "VEREDA": "HILARQUITO", "MUNICIPIO": "73217", "ESCENARIO": "E3", "CULTIVO": "Agroforestal", "TIPO_INFRA": "Tipo I - Produccion", "NOMBRE_EQUIP": "Compostaje", "TON_VEREDA": 6296.59, "AREA_HA_VEREDA": 887.18, "AREA_EQUIP_M2": 2000, "N_EQUIP_TIPO": 5}}, {"type": "Feature", "geometry": {"x": -75.14586021899999, "y": 4.009098557000073}, "properties": {"OBJECTID": 145, "VEREDA": "HILARQUITO", "MUNICIPIO": "73217", "ESCENARIO": "E3", "CULTIVO": "Agroforestal", "TIPO_INFRA": "Tipo I - Produccion", "NOMBRE_EQUIP": "Centro campo", "TON_VEREDA": 6296.59, "AREA_HA_VEREDA": 887.18, "AREA_EQUIP_M2": 2000, "N_EQUIP_TIPO": 5}}, {"type": "Feature", "geometry": {"x": -75.10149337799999, "y": 3.727980161000062}, "properties": {"OBJECTID": 146, "VEREDA": "HILARQUITO", "MUNICIPIO": "73217", "ESCENARIO": "E3", "CULTIVO": "Agroforestal", "TIPO_INFRA": "Tipo II - Transformacion", "NOMBRE_EQUIP": "Aserradero comunitario", "TON_VEREDA": 6296.59, "AREA_HA_VEREDA": 887.18, "AREA_EQUIP_M2": 4278, "N_EQUIP_TIPO": 3}}, {"type": "Feature", "geometry": {"x": -75.10263649499996, "y": 3.7307692410000755}, "properties": {"OBJECTID": 147, "VEREDA": "HILARQUITO", "MUNICIPIO": "73217", "ESCENARIO": "E3", "CULTIVO": "Agroforestal", "TIPO_INFRA": "Tipo II - Transformacion", "NOMBRE_EQUIP": "Planta no maderables", "TON_VEREDA": 6296.59, "AREA_HA_VEREDA": 887.18, "AREA_EQUIP_M2": 4278, "N_EQUIP_TIPO": 3}}, {"type": "Feature", "geometry": {"x": -75.10475696099996, "y": 3.727248515000042}, "properties": {"OBJECTID": 148, "VEREDA": "HILARQUITO", "MUNICIPIO": "73217", "ESCENARIO": "E3", "CULTIVO": "Agroforestal", "TIPO_INFRA": "Tipo II - Transformacion", "NOMBRE_EQUIP": "Centro carbon vegetal", "TON_VEREDA": 6296.59, "AREA_HA_VEREDA": 887.18, "AREA_EQUIP_M2": 4278, "N_EQUIP_TIPO": 3}}, {"type": "Feature", "geometry": {"x": -75.17481040599995, "y": 3.4246080450000704}, "properties": {"OBJECTID": 149, "VEREDA": "HILARQUITO", "MUNICIPIO": "73217", "ESCENARIO": "E3", "CULTIVO": "Agroforestal", "TIPO_INFRA": "Tipo III - Servicios", "NOMBRE_EQUIP": "Centro formacion ambiental", "TON_VEREDA": 6296.59, "AREA_HA_VEREDA": 887.18, "AREA_EQUIP_M2": 1349.4, "N_EQUIP_TIPO": 2}}, {"type": "Feature", "geometry": {"x": -75.19835113199997, "y": 3.918136258000061}, "properties": {"OBJECTID": 150, "VEREDA": "HILARQUITO", "MUNICIPIO": "73217", "ESCENARIO": "E3", "CULTIVO": "Agroforestal", "TIPO_INFRA": "Tipo III - Servicios", "NOMBRE_EQUIP": "Ecoturismo rural", "TON_VEREDA": 6296.59, "AREA_HA_VEREDA": 887.18, "AREA_EQUIP_M2": 1349.4, "N_EQUIP_TIPO": 2}}, {"type": "Feature", "geometry": {"x": -75.29072939499997, "y": 3.939144757000065}, "properties": {"OBJECTID": 151, "VEREDA": "AGUA FRIA", "MUNICIPIO": "73217", "ESCENARIO": "E3", "CULTIVO": "Agroforestal", "TIPO_INFRA": "Tipo I - Produccion", "NOMBRE_EQUIP": "Vivero forestal", "TON_VEREDA": 1157.83, "AREA_HA_VEREDA": 138.41, "AREA_EQUIP_M2": 2000, "N_EQUIP_TIPO": 2}}, {"type": "Feature", "geometry": {"x": -75.05484599999994, "y": 3.8046898000000624}, "properties": {"OBJECTID": 152, "VEREDA": "AGUA FRIA", "MUNICIPIO": "73217", "ESCENARIO": "E3", "CULTIVO": "Agroforestal", "TIPO_INFRA": "Tipo I - Produccion", "NOMBRE_EQUIP": "Sistema silvopastoril", "TON_VEREDA": 1157.83, "AREA_HA_VEREDA": 138.41, "AREA_EQUIP_M2": 2000, "N_EQUIP_TIPO": 2}}, {"type": "Feature", "geometry": {"x": -75.14869528499997, "y": 3.7463647220000666}, "properties": {"OBJECTID": 153, "VEREDA": "AGUA FRIA", "MUNICIPIO": "73217", "ESCENARIO": "E3", "CULTIVO": "Agroforestal", "TIPO_INFRA": "Tipo II - Transformacion", "NOMBRE_EQUIP": "Aserradero comunitario", "TON_VEREDA": 1157.83, "AREA_HA_VEREDA": 138.41, "AREA_EQUIP_M2": 1194.7, "N_EQUIP_TIPO": 1}}, {"type": "Feature", "geometry": {"x": -75.06674616499998, "y": 3.796861358000058}, "properties": {"OBJECTID": 154, "VEREDA": "AGUA FRIA", "MUNICIPIO": "73217", "ESCENARIO": "E3", "CULTIVO": "Agroforestal", "TIPO_INFRA": "Tipo III - Servicios", "NOMBRE_EQUIP": "Centro formacion ambiental", "TON_VEREDA": 1157.83, "AREA_HA_VEREDA": 138.41, "AREA_EQUIP_M2": 493, "N_EQUIP_TIPO": 2}}, {"type": "Feature", "geometry": {"x": -75.22468738799995, "y": 4.099860721000027}, "properties": {"OBJECTID": 155, "VEREDA": "AGUA FRIA", "MUNICIPIO": "73217", "ESCENARIO": "E3", "CULTIVO": "Agroforestal", "TIPO_INFRA": "Tipo III - Servicios", "NOMBRE_EQUIP": "Ecoturismo rural", "TON_VEREDA": 1157.83, "AREA_HA_VEREDA": 138.41, "AREA_EQUIP_M2": 493, "N_EQUIP_TIPO": 2}}, {"type": "Feature", "geometry": {"x": -75.14853123499995, "y": 3.45163872400002}, "properties": {"OBJECTID": 156, "VEREDA": "BALSILLAS", "MUNICIPIO": "73217", "ESCENARIO": "E3", "CULTIVO": "Agroforestal", "TIPO_INFRA": "Tipo I - Produccion", "NOMBRE_EQUIP": "Vivero forestal", "TON_VEREDA": 15033.4, "AREA_HA_VEREDA": 1923.42, "AREA_EQUIP_M2": 2000, "N_EQUIP_TIPO": 5}}, {"type": "Feature", "geometry": {"x": -75.64113154399996, "y": 4.031129039000064}, "properties": {"OBJECTID": 157, "VEREDA": "BALSILLAS", "MUNICIPIO": "73217", "ESCENARIO": "E3", "CULTIVO": "Agroforestal", "TIPO_INFRA": "Tipo I - Produccion", "NOMBRE_EQUIP": "Sistema silvopastoril", "TON_VEREDA": 15033.4, "AREA_HA_VEREDA": 1923.42, "AREA_EQUIP_M2": 2000, "N_EQUIP_TIPO": 5}}, {"type": "Feature", "geometry": {"x": -75.16613836399995, "y": 3.7834471080000753}, "properties": {"OBJECTID": 158, "VEREDA": "BALSILLAS", "MUNICIPIO": "73217", "ESCENARIO": "E3", "CULTIVO": "Agroforestal", "TIPO_INFRA": "Tipo I - Produccion", "NOMBRE_EQUIP": "Banco germoplasma", "TON_VEREDA": 15033.4, "AREA_HA_VEREDA": 1923.42, "AREA_EQUIP_M2": 2000, "N_EQUIP_TIPO": 5}}, {"type": "Feature", "geometry": {"x": -75.25275371399994, "y": 4.056775833000074}, "properties": {"OBJECTID": 159, "VEREDA": "BALSILLAS", "MUNICIPIO": "73217", "ESCENARIO": "E3", "CULTIVO": "Agroforestal", "TIPO_INFRA": "Tipo I - Produccion", "NOMBRE_EQUIP": "Compostaje", "TON_VEREDA": 15033.4, "AREA_HA_VEREDA": 1923.42, "AREA_EQUIP_M2": 2000, "N_EQUIP_TIPO": 5}}, {"type": "Feature", "geometry": {"x": -75.14274838099993, "y": 3.912730469000053}, "properties": {"OBJECTID": 160, "VEREDA": "BALSILLAS", "MUNICIPIO": "73217", "ESCENARIO": "E3", "CULTIVO": "Agroforestal", "TIPO_INFRA": "Tipo I - Produccion", "NOMBRE_EQUIP": "Centro campo", "TON_VEREDA": 15033.4, "AREA_HA_VEREDA": 1923.42, "AREA_EQUIP_M2": 2000, "N_EQUIP_TIPO": 5}}, {"type": "Feature", "geometry": {"x": -75.16348759799996, "y": 3.442880538000054}, "properties": {"OBJECTID": 161, "VEREDA": "BALSILLAS", "MUNICIPIO": "73217", "ESCENARIO": "E3", "CULTIVO": "Agroforestal", "TIPO_INFRA": "Tipo II - Transformacion", "NOMBRE_EQUIP": "Aserradero comunitario", "TON_VEREDA": 15033.4, "AREA_HA_VEREDA": 1923.42, "AREA_EQUIP_M2": 5000, "N_EQUIP_TIPO": 3}}, {"type": "Feature", "geometry": {"x": -75.16943485499996, "y": 3.445009389000063}, "properties": {"OBJECTID": 162, "VEREDA": "BALSILLAS", "MUNICIPIO": "73217", "ESCENARIO": "E3", "CULTIVO": "Agroforestal", "TIPO_INFRA": "Tipo II - Transformacion", "NOMBRE_EQUIP": "Planta no maderables", "TON_VEREDA": 15033.4, "AREA_HA_VEREDA": 1923.42, "AREA_EQUIP_M2": 5000, "N_EQUIP_TIPO": 3}}, {"type": "Feature", "geometry": {"x": -75.16419158199994, "y": 3.447380686000031}, "properties": {"OBJECTID": 163, "VEREDA": "BALSILLAS", "MUNICIPIO": "73217", "ESCENARIO": "E3", "CULTIVO": "Agroforestal", "TIPO_INFRA": "Tipo II - Transformacion", "NOMBRE_EQUIP": "Centro carbon vegetal", "TON_VEREDA": 15033.4, "AREA_HA_VEREDA": 1923.42, "AREA_EQUIP_M2": 5000, "N_EQUIP_TIPO": 3}}, {"type": "Feature", "geometry": {"x": -75.10002157799994, "y": 3.545155528000066}, "properties": {"OBJECTID": 164, "VEREDA": "BALSILLAS", "MUNICIPIO": "73217", "ESCENARIO": "E3", "CULTIVO": "Agroforestal", "TIPO_INFRA": "Tipo III - Servicios", "NOMBRE_EQUIP": "Centro formacion ambiental", "TON_VEREDA": 15033.4, "AREA_HA_VEREDA": 1923.42, "AREA_EQUIP_M2": 1500, "N_EQUIP_TIPO": 2}}, {"type": "Feature", "geometry": {"x": -75.10546236799996, "y": 3.9707371220000596}, "properties": {"OBJECTID": 165, "VEREDA": "BALSILLAS", "MUNICIPIO": "73217", "ESCENARIO": "E3", "CULTIVO": "Agroforestal", "TIPO_INFRA": "Tipo III - Servicios", "NOMBRE_EQUIP": "Ecoturismo rural", "TON_VEREDA": 15033.4, "AREA_HA_VEREDA": 1923.42, "AREA_EQUIP_M2": 1500, "N_EQUIP_TIPO": 2}}, {"type": "Feature", "geometry": {"x": -75.03143143299997, "y": 3.820473595000067}, "properties": {"OBJECTID": 166, "VEREDA": "ZARAGOZA - TAMARINDO", "MUNICIPIO": "73217", "ESCENARIO": "E3", "CULTIVO": "Agroforestal", "TIPO_INFRA": "Tipo I - Produccion", "NOMBRE_EQUIP": "Vivero forestal", "TON_VEREDA": 1483.09, "AREA_HA_VEREDA": 255.83, "AREA_EQUIP_M2": 2000, "N_EQUIP_TIPO": 3}}, {"type": "Feature", "geometry": {"x": -75.06576376299995, "y": 3.5606563870000514}, "properties": {"OBJECTID": 167, "VEREDA": "ZARAGOZA - TAMARINDO", "MUNICIPIO": "73217", "ESCENARIO": "E3", "CULTIVO": "Agroforestal", "TIPO_INFRA": "Tipo I - Produccion", "NOMBRE_EQUIP": "Sistema silvopastoril", "TON_VEREDA": 1483.09, "AREA_HA_VEREDA": 255.83, "AREA_EQUIP_M2": 2000, "N_EQUIP_TIPO": 3}}, {"type": "Feature", "geometry": {"x": -75.13778311099998, "y": 3.4339850320000664}, "properties": {"OBJECTID": 168, "VEREDA": "ZARAGOZA - TAMARINDO", "MUNICIPIO": "73217", "ESCENARIO": "E3", "CULTIVO": "Agroforestal", "TIPO_INFRA": "Tipo I - Produccion", "NOMBRE_EQUIP": "Banco germoplasma", "TON_VEREDA": 1483.09, "AREA_HA_VEREDA": 255.83, "AREA_EQUIP_M2": 2000, "N_EQUIP_TIPO": 3}}, {"type": "Feature", "geometry": {"x": -75.15162313899998, "y": 3.7890960340000674}, "properties": {"OBJECTID": 169, "VEREDA": "ZARAGOZA - TAMARINDO", "MUNICIPIO": "73217", "ESCENARIO": "E3", "CULTIVO": "Agroforestal", "TIPO_INFRA": "Tipo II - Transformacion", "NOMBRE_EQUIP": "Aserradero comunitario", "TON_VEREDA": 1483.09, "AREA_HA_VEREDA": 255.83, "AREA_EQUIP_M2": 1389.9, "N_EQUIP_TIPO": 1}}, {"type": "Feature", "geometry": {"x": -75.09693948999995, "y": 3.9672849820000238}, "properties": {"OBJECTID": 170, "VEREDA": "ZARAGOZA - TAMARINDO", "MUNICIPIO": "73217", "ESCENARIO": "E3", "CULTIVO": "Agroforestal", "TIPO_INFRA": "Tipo III - Servicios", "NOMBRE_EQUIP": "Centro formacion ambiental", "TON_VEREDA": 1483.09, "AREA_HA_VEREDA": 255.83, "AREA_EQUIP_M2": 547.2, "N_EQUIP_TIPO": 2}}, {"type": "Feature", "geometry": {"x": -75.14108801299994, "y": 3.761034680000023}, "properties": {"OBJECTID": 171, "VEREDA": "ZARAGOZA - TAMARINDO", "MUNICIPIO": "73217", "ESCENARIO": "E3", "CULTIVO": "Agroforestal", "TIPO_INFRA": "Tipo III - Servicios", "NOMBRE_EQUIP": "Ecoturismo rural", "TON_VEREDA": 1483.09, "AREA_HA_VEREDA": 255.83, "AREA_EQUIP_M2": 547.2, "N_EQUIP_TIPO": 2}}, {"type": "Feature", "geometry": {"x": -75.20252021999994, "y": 4.088425570000027}, "properties": {"OBJECTID": 172, "VEREDA": "CHENCHE - ZARAGOZA", "MUNICIPIO": "73217", "ESCENARIO": "E3", "CULTIVO": "Cana panelera", "TIPO_INFRA": "Tipo I - Produccion", "NOMBRE_EQUIP": "Vivero cana", "TON_VEREDA": 2796.75, "AREA_HA_VEREDA": 279.68, "AREA_EQUIP_M2": 2000, "N_EQUIP_TIPO": 5}}, {"type": "Feature", "geometry": {"x": -75.11890722299995, "y": 3.747511915000075}, "properties": {"OBJECTID": 173, "VEREDA": "CHENCHE - ZARAGOZA", "MUNICIPIO": "73217", "ESCENARIO": "E3", "CULTIVO": "Cana panelera", "TIPO_INFRA": "Tipo I - Produccion", "NOMBRE_EQUIP": "Trapiche movil", "TON_VEREDA": 2796.75, "AREA_HA_VEREDA": 279.68, "AREA_EQUIP_M2": 2000, "N_EQUIP_TIPO": 5}}, {"type": "Feature", "geometry": {"x": -75.13235126199999, "y": 3.9964282140000478}, "properties": {"OBJECTID": 174, "VEREDA": "CHENCHE - ZARAGOZA", "MUNICIPIO": "73217", "ESCENARIO": "E3", "CULTIVO": "Cana panelera", "TIPO_INFRA": "Tipo I - Produccion", "NOMBRE_EQUIP": "Bodega panela campo", "TON_VEREDA": 2796.75, "AREA_HA_VEREDA": 279.68, "AREA_EQUIP_M2": 2000, "N_EQUIP_TIPO": 5}}, {"type": "Feature", "geometry": {"x": -75.06013702599995, "y": 3.8067750850000266}, "properties": {"OBJECTID": 175, "VEREDA": "CHENCHE - ZARAGOZA", "MUNICIPIO": "73217", "ESCENARIO": "E3", "CULTIVO": "Cana panelera", "TIPO_INFRA": "Tipo I - Produccion", "NOMBRE_EQUIP": "Sistema riego", "TON_VEREDA": 2796.75, "AREA_HA_VEREDA": 279.68, "AREA_EQUIP_M2": 2000, "N_EQUIP_TIPO": 5}}, {"type": "Feature", "geometry": {"x": -75.32550141399997, "y": 3.908166417000075}, "properties": {"OBJECTID": 176, "VEREDA": "CHENCHE - ZARAGOZA", "MUNICIPIO": "73217", "ESCENARIO": "E3", "CULTIVO": "Cana panelera", "TIPO_INFRA": "Tipo I - Produccion", "NOMBRE_EQUIP": "Centro campo", "TON_VEREDA": 2796.75, "AREA_HA_VEREDA": 279.68, "AREA_EQUIP_M2": 2000, "N_EQUIP_TIPO": 5}}, {"type": "Feature", "geometry": {"x": -75.15801241999998, "y": 3.7824082840000415}, "properties": {"OBJECTID": 177, "VEREDA": "CHENCHE - ZARAGOZA", "MUNICIPIO": "73217", "ESCENARIO": "E3", "CULTIVO": "Cana panelera", "TIPO_INFRA": "Tipo II - Transformacion", "NOMBRE_EQUIP": "Trapiche tecnificado", "TON_VEREDA": 2796.75, "AREA_HA_VEREDA": 279.68, "AREA_EQUIP_M2": 2178.1, "N_EQUIP_TIPO": 1}}, {"type": "Feature", "geometry": {"x": -75.09915235099999, "y": 3.974539650000054}, "properties": {"OBJECTID": 178, "VEREDA": "CHENCHE - ZARAGOZA", "MUNICIPIO": "73217", "ESCENARIO": "E3", "CULTIVO": "Cana panelera", "TIPO_INFRA": "Tipo III - Servicios", "NOMBRE_EQUIP": "Escuela paneleros", "TON_VEREDA": 2796.75, "AREA_HA_VEREDA": 279.68, "AREA_EQUIP_M2": 766.1, "N_EQUIP_TIPO": 2}}, {"type": "Feature", "geometry": {"x": -75.13473432399996, "y": 3.856407645000047}, "properties": {"OBJECTID": 179, "VEREDA": "CHENCHE - ZARAGOZA", "MUNICIPIO": "73217", "ESCENARIO": "E3", "CULTIVO": "Cana panelera", "TIPO_INFRA": "Tipo III - Servicios", "NOMBRE_EQUIP": "Punto acopio panela", "TON_VEREDA": 2796.75, "AREA_HA_VEREDA": 279.68, "AREA_EQUIP_M2": 766.1, "N_EQUIP_TIPO": 2}}, {"type": "Feature", "geometry": {"x": -75.05061562099996, "y": 3.650374103000047}, "properties": {"OBJECTID": 180, "VEREDA": "TOTARCO - BOGOTACITO", "MUNICIPIO": "73217", "ESCENARIO": "E3", "CULTIVO": "Agroforestal", "TIPO_INFRA": "Tipo I - Produccion", "NOMBRE_EQUIP": "Vivero forestal", "TON_VEREDA": 124.98, "AREA_HA_VEREDA": 25, "AREA_EQUIP_M2": 400, "N_EQUIP_TIPO": 1}}, {"type": "Feature", "geometry": {"x": -75.16386718699994, "y": 3.710757650000062}, "properties": {"OBJECTID": 181, "VEREDA": "TOTARCO - BOGOTACITO", "MUNICIPIO": "73217", "ESCENARIO": "E3", "CULTIVO": "Agroforestal", "TIPO_INFRA": "Tipo II - Transformacion", "NOMBRE_EQUIP": "Aserradero comunitario", "TON_VEREDA": 124.98, "AREA_HA_VEREDA": 25, "AREA_EQUIP_M2": 575, "N_EQUIP_TIPO": 1}}, {"type": "Feature", "geometry": {"x": -75.09409562199994, "y": 3.6236728360000257}, "properties": {"OBJECTID": 182, "VEREDA": "TOTARCO - BOGOTACITO", "MUNICIPIO": "73217", "ESCENARIO": "E3", "CULTIVO": "Agroforestal", "TIPO_INFRA": "Tipo III - Servicios", "NOMBRE_EQUIP": "Centro formacion ambiental", "TON_VEREDA": 124.98, "AREA_HA_VEREDA": 25, "AREA_EQUIP_M2": 320.8, "N_EQUIP_TIPO": 2}}, {"type": "Feature", "geometry": {"x": -75.12927934999993, "y": 3.709617700000024}, "properties": {"OBJECTID": 183, "VEREDA": "TOTARCO - BOGOTACITO", "MUNICIPIO": "73217", "ESCENARIO": "E3", "CULTIVO": "Agroforestal", "TIPO_INFRA": "Tipo III - Servicios", "NOMBRE_EQUIP": "Ecoturismo rural", "TON_VEREDA": 124.98, "AREA_HA_VEREDA": 25, "AREA_EQUIP_M2": 320.8, "N_EQUIP_TIPO": 2}}, {"type": "Feature", "geometry": {"x": -75.08559478399997, "y": 3.9542904020000265}, "properties": {"OBJECTID": 184, "VEREDA": "TOTARCO", "MUNICIPIO": "73217", "ESCENARIO": "E3", "CULTIVO": "Agroforestal", "TIPO_INFRA": "Tipo I - Produccion", "NOMBRE_EQUIP": "Vivero forestal", "TON_VEREDA": 6184.99, "AREA_HA_VEREDA": 1228.77, "AREA_EQUIP_M2": 2000, "N_EQUIP_TIPO": 5}}, {"type": "Feature", "geometry": {"x": -75.15395532899998, "y": 3.4225676490000296}, "properties": {"OBJECTID": 185, "VEREDA": "TOTARCO", "MUNICIPIO": "73217", "ESCENARIO": "E3", "CULTIVO": "Agroforestal", "TIPO_INFRA": "Tipo I - Produccion", "NOMBRE_EQUIP": "Sistema silvopastoril", "TON_VEREDA": 6184.99, "AREA_HA_VEREDA": 1228.77, "AREA_EQUIP_M2": 2000, "N_EQUIP_TIPO": 5}}, {"type": "Feature", "geometry": {"x": -74.98813665099993, "y": 3.6464674470000205}, "properties": {"OBJECTID": 186, "VEREDA": "TOTARCO", "MUNICIPIO": "73217", "ESCENARIO": "E3", "CULTIVO": "Agroforestal", "TIPO_INFRA": "Tipo I - Produccion", "NOMBRE_EQUIP": "Banco germoplasma", "TON_VEREDA": 6184.99, "AREA_HA_VEREDA": 1228.77, "AREA_EQUIP_M2": 2000, "N_EQUIP_TIPO": 5}}, {"type": "Feature", "geometry": {"x": -75.20214131699998, "y": 3.4023725380000656}, "properties": {"OBJECTID": 187, "VEREDA": "TOTARCO", "MUNICIPIO": "73217", "ESCENARIO": "E3", "CULTIVO": "Agroforestal", "TIPO_INFRA": "Tipo I - Produccion", "NOMBRE_EQUIP": "Compostaje", "TON_VEREDA": 6184.99, "AREA_HA_VEREDA": 1228.77, "AREA_EQUIP_M2": 2000, "N_EQUIP_TIPO": 5}}, {"type": "Feature", "geometry": {"x": -74.99394913199995, "y": 3.7488937260000625}, "properties": {"OBJECTID": 188, "VEREDA": "TOTARCO", "MUNICIPIO": "73217", "ESCENARIO": "E3", "CULTIVO": "Agroforestal", "TIPO_INFRA": "Tipo I - Produccion", "NOMBRE_EQUIP": "Centro campo", "TON_VEREDA": 6184.99, "AREA_HA_VEREDA": 1228.77, "AREA_EQUIP_M2": 2000, "N_EQUIP_TIPO": 5}}, {"type": "Feature", "geometry": {"x": -75.17808177499995, "y": 3.702015222000057}, "properties": {"OBJECTID": 189, "VEREDA": "TOTARCO", "MUNICIPIO": "73217", "ESCENARIO": "E3", "CULTIVO": "Agroforestal", "TIPO_INFRA": "Tipo II - Transformacion", "NOMBRE_EQUIP": "Aserradero comunitario", "TON_VEREDA": 6184.99, "AREA_HA_VEREDA": 1228.77, "AREA_EQUIP_M2": 4211, "N_EQUIP_TIPO": 3}}, {"type": "Feature", "geometry": {"x": -75.18217118799998, "y": 3.705189037000025}, "properties": {"OBJECTID": 190, "VEREDA": "TOTARCO", "MUNICIPIO": "73217", "ESCENARIO": "E3", "CULTIVO": "Agroforestal", "TIPO_INFRA": "Tipo II - Transformacion", "NOMBRE_EQUIP": "Planta no maderables", "TON_VEREDA": 6184.99, "AREA_HA_VEREDA": 1228.77, "AREA_EQUIP_M2": 4211, "N_EQUIP_TIPO": 3}}, {"type": "Feature", "geometry": {"x": -75.17962696199999, "y": 3.7035497060000466}, "properties": {"OBJECTID": 191, "VEREDA": "TOTARCO", "MUNICIPIO": "73217", "ESCENARIO": "E3", "CULTIVO": "Agroforestal", "TIPO_INFRA": "Tipo II - Transformacion", "NOMBRE_EQUIP": "Centro carbon vegetal", "TON_VEREDA": 6184.99, "AREA_HA_VEREDA": 1228.77, "AREA_EQUIP_M2": 4211, "N_EQUIP_TIPO": 3}}, {"type": "Feature", "geometry": {"x": -75.20357173699995, "y": 3.7588039280000203}, "properties": {"OBJECTID": 192, "VEREDA": "TOTARCO", "MUNICIPIO": "73217", "ESCENARIO": "E3", "CULTIVO": "Agroforestal", "TIPO_INFRA": "Tipo III - Servicios", "NOMBRE_EQUIP": "Centro formacion ambiental", "TON_VEREDA": 6184.99, "AREA_HA_VEREDA": 1228.77, "AREA_EQUIP_M2": 1330.8, "N_EQUIP_TIPO": 2}}, {"type": "Feature", "geometry": {"x": -75.16059694899997, "y": 3.9650205950000554}, "properties": {"OBJECTID": 193, "VEREDA": "TOTARCO", "MUNICIPIO": "73217", "ESCENARIO": "E3", "CULTIVO": "Agroforestal", "TIPO_INFRA": "Tipo III - Servicios", "NOMBRE_EQUIP": "Ecoturismo rural", "TON_VEREDA": 6184.99, "AREA_HA_VEREDA": 1228.77, "AREA_EQUIP_M2": 1330.8, "N_EQUIP_TIPO": 2}}, {"type": "Feature", "geometry": {"x": -75.16569725899996, "y": 3.700795431000074}, "properties": {"OBJECTID": 194, "VEREDA": "ZANJA HONDA", "MUNICIPIO": "73217", "ESCENARIO": "E3", "CULTIVO": "Agroforestal", "TIPO_INFRA": "Tipo I - Produccion", "NOMBRE_EQUIP": "Vivero forestal", "TON_VEREDA": 912.85, "AREA_HA_VEREDA": 165.62, "AREA_EQUIP_M2": 1660.6, "N_EQUIP_TIPO": 2}}, {"type": "Feature", "geometry": {"x": -75.18365503299998, "y": 3.704175684000063}, "properties": {"OBJECTID": 195, "VEREDA": "ZANJA HONDA", "MUNICIPIO": "73217", "ESCENARIO": "E3", "CULTIVO": "Agroforestal", "TIPO_INFRA": "Tipo I - Produccion", "NOMBRE_EQUIP": "Sistema silvopastoril", "TON_VEREDA": 912.85, "AREA_HA_VEREDA": 165.62, "AREA_EQUIP_M2": 1660.6, "N_EQUIP_TIPO": 2}}, {"type": "Feature", "geometry": {"x": -75.20050983099998, "y": 3.762174653000045}, "properties": {"OBJECTID": 196, "VEREDA": "ZANJA HONDA", "MUNICIPIO": "73217", "ESCENARIO": "E3", "CULTIVO": "Agroforestal", "TIPO_INFRA": "Tipo II - Transformacion", "NOMBRE_EQUIP": "Aserradero comunitario", "TON_VEREDA": 912.85, "AREA_HA_VEREDA": 165.62, "AREA_EQUIP_M2": 1047.7, "N_EQUIP_TIPO": 1}}, {"type": "Feature", "geometry": {"x": -75.60431219999998, "y": 4.009904350000056}, "properties": {"OBJECTID": 197, "VEREDA": "ZANJA HONDA", "MUNICIPIO": "73217", "ESCENARIO": "E3", "CULTIVO": "Agroforestal", "TIPO_INFRA": "Tipo III - Servicios", "NOMBRE_EQUIP": "Centro formacion ambiental", "TON_VEREDA": 912.85, "AREA_HA_VEREDA": 165.62, "AREA_EQUIP_M2": 452.1, "N_EQUIP_TIPO": 2}}, {"type": "Feature", "geometry": {"x": -75.17966903899998, "y": 3.4278592840000215}, "properties": {"OBJECTID": 198, "VEREDA": "ZANJA HONDA", "MUNICIPIO": "73217", "ESCENARIO": "E3", "CULTIVO": "Agroforestal", "TIPO_INFRA": "Tipo III - Servicios", "NOMBRE_EQUIP": "Ecoturismo rural", "TON_VEREDA": 912.85, "AREA_HA_VEREDA": 165.62, "AREA_EQUIP_M2": 452.1, "N_EQUIP_TIPO": 2}}, {"type": "Feature", "geometry": {"x": -75.34051954999995, "y": 3.820257869000045}, "properties": {"OBJECTID": 199, "VEREDA": "BUENA VISTA", "MUNICIPIO": "73217", "ESCENARIO": "E3", "CULTIVO": "Cana panelera", "TIPO_INFRA": "Tipo I - Produccion", "NOMBRE_EQUIP": "Vivero cana", "TON_VEREDA": 6255.61, "AREA_HA_VEREDA": 1101.99, "AREA_EQUIP_M2": 2000, "N_EQUIP_TIPO": 5}}, {"type": "Feature", "geometry": {"x": -75.26779692199995, "y": 3.9801705100000504}, "properties": {"OBJECTID": 200, "VEREDA": "BUENA VISTA", "MUNICIPIO": "73217", "ESCENARIO": "E3", "CULTIVO": "Cana panelera", "TIPO_INFRA": "Tipo I - Produccion", "NOMBRE_EQUIP": "Trapiche movil", "TON_VEREDA": 6255.61, "AREA_HA_VEREDA": 1101.99, "AREA_EQUIP_M2": 2000, "N_EQUIP_TIPO": 5}}, {"type": "Feature", "geometry": {"x": -75.00724072699995, "y": 3.6880479920000653}, "properties": {"OBJECTID": 201, "VEREDA": "BUENA VISTA", "MUNICIPIO": "73217", "ESCENARIO": "E3", "CULTIVO": "Cana panelera", "TIPO_INFRA": "Tipo I - Produccion", "NOMBRE_EQUIP": "Bodega panela campo", "TON_VEREDA": 6255.61, "AREA_HA_VEREDA": 1101.99, "AREA_EQUIP_M2": 2000, "N_EQUIP_TIPO": 5}}, {"type": "Feature", "geometry": {"x": -75.05670472799994, "y": 3.6608575920000703}, "properties": {"OBJECTID": 202, "VEREDA": "BUENA VISTA", "MUNICIPIO": "73217", "ESCENARIO": "E3", "CULTIVO": "Cana panelera", "TIPO_INFRA": "Tipo I - Produccion", "NOMBRE_EQUIP": "Sistema riego", "TON_VEREDA": 6255.61, "AREA_HA_VEREDA": 1101.99, "AREA_EQUIP_M2": 2000, "N_EQUIP_TIPO": 5}}, {"type": "Feature", "geometry": {"x": -75.16252573999998, "y": 3.6813040010000577}, "properties": {"OBJECTID": 203, "VEREDA": "BUENA VISTA", "MUNICIPIO": "73217", "ESCENARIO": "E3", "CULTIVO": "Cana panelera", "TIPO_INFRA": "Tipo I - Produccion", "NOMBRE_EQUIP": "Centro campo", "TON_VEREDA": 6255.61, "AREA_HA_VEREDA": 1101.99, "AREA_EQUIP_M2": 2000, "N_EQUIP_TIPO": 5}}, {"type": "Feature", "geometry": {"x": -75.21695844399994, "y": 3.7549409190000347}, "properties": {"OBJECTID": 204, "VEREDA": "BUENA VISTA", "MUNICIPIO": "73217", "ESCENARIO": "E3", "CULTIVO": "Cana panelera", "TIPO_INFRA": "Tipo II - Transformacion", "NOMBRE_EQUIP": "Trapiche tecnificado", "TON_VEREDA": 6255.61, "AREA_HA_VEREDA": 1101.99, "AREA_EQUIP_M2": 4253.4, "N_EQUIP_TIPO": 3}}, {"type": "Feature", "geometry": {"x": -75.21592990499994, "y": 3.758779246000074}, "properties": {"OBJECTID": 205, "VEREDA": "BUENA VISTA", "MUNICIPIO": "73217", "ESCENARIO": "E3", "CULTIVO": "Cana panelera", "TIPO_INFRA": "Tipo II - Transformacion", "NOMBRE_EQUIP": "Planta panela granulada", "TON_VEREDA": 6255.61, "AREA_HA_VEREDA": 1101.99, "AREA_EQUIP_M2": 4253.4, "N_EQUIP_TIPO": 3}}, {"type": "Feature", "geometry": {"x": -75.21842804199997, "y": 3.7521751110000423}, "properties": {"OBJECTID": 206, "VEREDA": "BUENA VISTA", "MUNICIPIO": "73217", "ESCENARIO": "E3", "CULTIVO": "Cana panelera", "TIPO_INFRA": "Tipo II - Transformacion", "NOMBRE_EQUIP": "Laboratorio panelero", "TON_VEREDA": 6255.61, "AREA_HA_VEREDA": 1101.99, "AREA_EQUIP_M2": 4253.4, "N_EQUIP_TIPO": 3}}, {"type": "Feature", "geometry": {"x": -75.19428177799995, "y": 3.80127770200005}, "properties": {"OBJECTID": 207, "VEREDA": "BUENA VISTA", "MUNICIPIO": "73217", "ESCENARIO": "E3", "CULTIVO": "Cana panelera", "TIPO_INFRA": "Tipo III - Servicios", "NOMBRE_EQUIP": "Escuela paneleros", "TON_VEREDA": 6255.61, "AREA_HA_VEREDA": 1101.99, "AREA_EQUIP_M2": 1342.6, "N_EQUIP_TIPO": 2}}, {"type": "Feature", "geometry": {"x": -75.03507933599997, "y": 3.775113478000037}, "properties": {"OBJECTID": 208, "VEREDA": "BUENA VISTA", "MUNICIPIO": "73217", "ESCENARIO": "E3", "CULTIVO": "Cana panelera", "TIPO_INFRA": "Tipo III - Servicios", "NOMBRE_EQUIP": "Punto acopio panela", "TON_VEREDA": 6255.61, "AREA_HA_VEREDA": 1101.99, "AREA_EQUIP_M2": 1342.6, "N_EQUIP_TIPO": 2}}, {"type": "Feature", "geometry": {"x": -75.55330466399994, "y": 3.9870979170000282}, "properties": {"OBJECTID": 209, "VEREDA": "MESAS DE INCA", "MUNICIPIO": "73217", "ESCENARIO": "E3", "CULTIVO": "Maiz", "TIPO_INFRA": "Tipo I - Produccion", "NOMBRE_EQUIP": "Almacen semillas", "TON_VEREDA": 742.59, "AREA_HA_VEREDA": 103.3, "AREA_EQUIP_M2": 1388.1, "N_EQUIP_TIPO": 1}}, {"type": "Feature", "geometry": {"x": -75.00373699899995, "y": 3.7160356150000666}, "properties": {"OBJECTID": 210, "VEREDA": "MESAS DE INCA", "MUNICIPIO": "73217", "ESCENARIO": "E3", "CULTIVO": "Maiz", "TIPO_INFRA": "Tipo II - Transformacion", "NOMBRE_EQUIP": "Planta secado maiz", "TON_VEREDA": 742.59, "AREA_HA_VEREDA": 103.3, "AREA_EQUIP_M2": 945.6, "N_EQUIP_TIPO": 1}}, {"type": "Feature", "geometry": {"x": -75.13925388699994, "y": 3.705021294000062}, "properties": {"OBJECTID": 211, "VEREDA": "MESAS DE INCA", "MUNICIPIO": "73217", "ESCENARIO": "E3", "CULTIVO": "Maiz", "TIPO_INFRA": "Tipo III - Servicios", "NOMBRE_EQUIP": "Escuela maiceros", "TON_VEREDA": 742.59, "AREA_HA_VEREDA": 103.3, "AREA_EQUIP_M2": 423.8, "N_EQUIP_TIPO": 2}}, {"type": "Feature", "geometry": {"x": -75.11806234099998, "y": 3.9362066080000204}, "properties": {"OBJECTID": 212, "VEREDA": "MESAS DE INCA", "MUNICIPIO": "73217", "ESCENARIO": "E3", "CULTIVO": "Maiz", "TIPO_INFRA": "Tipo III - Servicios", "NOMBRE_EQUIP": "Centro mecanizacion", "TON_VEREDA": 742.59, "AREA_HA_VEREDA": 103.3, "AREA_EQUIP_M2": 423.8, "N_EQUIP_TIPO": 2}}, {"type": "Feature", "geometry": {"x": -75.15034223299995, "y": 3.4578855350000595}, "properties": {"OBJECTID": 213, "VEREDA": "MESA DE SAN JUAN", "MUNICIPIO": "73217", "ESCENARIO": "E3", "CULTIVO": "Cana panelera", "TIPO_INFRA": "Tipo I - Produccion", "NOMBRE_EQUIP": "Vivero cana", "TON_VEREDA": 3618.01, "AREA_HA_VEREDA": 397.13, "AREA_EQUIP_M2": 2000, "N_EQUIP_TIPO": 5}}, {"type": "Feature", "geometry": {"x": -75.15901020599995, "y": 3.6792830090000734}, "properties": {"OBJECTID": 214, "VEREDA": "MESA DE SAN JUAN", "MUNICIPIO": "73217", "ESCENARIO": "E3", "CULTIVO": "Cana panelera", "TIPO_INFRA": "Tipo I - Produccion", "NOMBRE_EQUIP": "Trapiche movil", "TON_VEREDA": 3618.01, "AREA_HA_VEREDA": 397.13, "AREA_EQUIP_M2": 2000, "N_EQUIP_TIPO": 5}}, {"type": "Feature", "geometry": {"x": -75.16196772899997, "y": 4.001891745000023}, "properties": {"OBJECTID": 215, "VEREDA": "MESA DE SAN JUAN", "MUNICIPIO": "73217", "ESCENARIO": "E3", "CULTIVO": "Cana panelera", "TIPO_INFRA": "Tipo I - Produccion", "NOMBRE_EQUIP": "Bodega panela campo", "TON_VEREDA": 3618.01, "AREA_HA_VEREDA": 397.13, "AREA_EQUIP_M2": 2000, "N_EQUIP_TIPO": 5}}, {"type": "Feature", "geometry": {"x": -75.17616298699994, "y": 3.8596042390000207}, "properties": {"OBJECTID": 216, "VEREDA": "MESA DE SAN JUAN", "MUNICIPIO": "73217", "ESCENARIO": "E3", "CULTIVO": "Cana panelera", "TIPO_INFRA": "Tipo I - Produccion", "NOMBRE_EQUIP": "Sistema riego", "TON_VEREDA": 3618.01, "AREA_HA_VEREDA": 397.13, "AREA_EQUIP_M2": 2000, "N_EQUIP_TIPO": 5}}, {"type": "Feature", "geometry": {"x": -75.16316683299993, "y": 3.6759153790000596}, "properties": {"OBJECTID": 217, "VEREDA": "MESA DE SAN JUAN", "MUNICIPIO": "73217", "ESCENARIO": "E3", "CULTIVO": "Cana panelera", "TIPO_INFRA": "Tipo I - Produccion", "NOMBRE_EQUIP": "Centro campo", "TON_VEREDA": 3618.01, "AREA_HA_VEREDA": 397.13, "AREA_EQUIP_M2": 2000, "N_EQUIP_TIPO": 5}}, {"type": "Feature", "geometry": {"x": -74.99725143099994, "y": 3.735675069000024}, "properties": {"OBJECTID": 218, "VEREDA": "MESA DE SAN JUAN", "MUNICIPIO": "73217", "ESCENARIO": "E3", "CULTIVO": "Cana panelera", "TIPO_INFRA": "Tipo II - Transformacion", "NOMBRE_EQUIP": "Trapiche tecnificado", "TON_VEREDA": 3618.01, "AREA_HA_VEREDA": 397.13, "AREA_EQUIP_M2": 2670.8, "N_EQUIP_TIPO": 2}}, {"type": "Feature", "geometry": {"x": -74.99323643899999, "y": 3.7314292810000325}, "properties": {"OBJECTID": 219, "VEREDA": "MESA DE SAN JUAN", "MUNICIPIO": "73217", "ESCENARIO": "E3", "CULTIVO": "Cana panelera", "TIPO_INFRA": "Tipo II - Transformacion", "NOMBRE_EQUIP": "Planta panela granulada", "TON_VEREDA": 3618.01, "AREA_HA_VEREDA": 397.13, "AREA_EQUIP_M2": 2670.8, "N_EQUIP_TIPO": 2}}, {"type": "Feature", "geometry": {"x": -75.18689045499997, "y": 3.96771923700004}, "properties": {"OBJECTID": 220, "VEREDA": "MESA DE SAN JUAN", "MUNICIPIO": "73217", "ESCENARIO": "E3", "CULTIVO": "Cana panelera", "TIPO_INFRA": "Tipo III - Servicios", "NOMBRE_EQUIP": "Escuela paneleros", "TON_VEREDA": 3618.01, "AREA_HA_VEREDA": 397.13, "AREA_EQUIP_M2": 903, "N_EQUIP_TIPO": 2}}, {"type": "Feature", "geometry": {"x": -75.12646416399997, "y": 3.56220262100004}, "properties": {"OBJECTID": 221, "VEREDA": "MESA DE SAN JUAN", "MUNICIPIO": "73217", "ESCENARIO": "E3", "CULTIVO": "Cana panelera", "TIPO_INFRA": "Tipo III - Servicios", "NOMBRE_EQUIP": "Punto acopio panela", "TON_VEREDA": 3618.01, "AREA_HA_VEREDA": 397.13, "AREA_EQUIP_M2": 903, "N_EQUIP_TIPO": 2}}, {"type": "Feature", "geometry": {"x": -75.23657129399999, "y": 3.9901478190000716}, "properties": {"OBJECTID": 222, "VEREDA": "CHENCHE", "MUNICIPIO": "73217", "ESCENARIO": "E3", "CULTIVO": "Cana panelera", "TIPO_INFRA": "Tipo I - Produccion", "NOMBRE_EQUIP": "Vivero cana", "TON_VEREDA": 13440.68, "AREA_HA_VEREDA": 1798.09, "AREA_EQUIP_M2": 2000, "N_EQUIP_TIPO": 5}}, {"type": "Feature", "geometry": {"x": -75.07755526699998, "y": 3.6668472740000198}, "properties": {"OBJECTID": 223, "VEREDA": "CHENCHE", "MUNICIPIO": "73217", "ESCENARIO": "E3", "CULTIVO": "Cana panelera", "TIPO_INFRA": "Tipo I - Produccion", "NOMBRE_EQUIP": "Trapiche movil", "TON_VEREDA": 13440.68, "AREA_HA_VEREDA": 1798.09, "AREA_EQUIP_M2": 2000, "N_EQUIP_TIPO": 5}}, {"type": "Feature", "geometry": {"x": -75.16212723999996, "y": 3.67886971300004}, "properties": {"OBJECTID": 224, "VEREDA": "CHENCHE", "MUNICIPIO": "73217", "ESCENARIO": "E3", "CULTIVO": "Cana panelera", "TIPO_INFRA": "Tipo I - Produccion", "NOMBRE_EQUIP": "Bodega panela campo", "TON_VEREDA": 13440.68, "AREA_HA_VEREDA": 1798.09, "AREA_EQUIP_M2": 2000, "N_EQUIP_TIPO": 5}}, {"type": "Feature", "geometry": {"x": -75.14615996199996, "y": 3.6954893320000224}, "properties": {"OBJECTID": 225, "VEREDA": "CHENCHE", "MUNICIPIO": "73217", "ESCENARIO": "E3", "CULTIVO": "Cana panelera", "TIPO_INFRA": "Tipo I - Produccion", "NOMBRE_EQUIP": "Sistema riego", "TON_VEREDA": 13440.68, "AREA_HA_VEREDA": 1798.09, "AREA_EQUIP_M2": 2000, "N_EQUIP_TIPO": 5}}, {"type": "Feature", "geometry": {"x": -75.13975580499994, "y": 4.010020121000025}, "properties": {"OBJECTID": 226, "VEREDA": "CHENCHE", "MUNICIPIO": "73217", "ESCENARIO": "E3", "CULTIVO": "Cana panelera", "TIPO_INFRA": "Tipo I - Produccion", "NOMBRE_EQUIP": "Centro campo", "TON_VEREDA": 13440.68, "AREA_HA_VEREDA": 1798.09, "AREA_EQUIP_M2": 2000, "N_EQUIP_TIPO": 5}}, {"type": "Feature", "geometry": {"x": -75.11433139499997, "y": 3.8165902460000325}, "properties": {"OBJECTID": 227, "VEREDA": "CHENCHE", "MUNICIPIO": "73217", "ESCENARIO": "E3", "CULTIVO": "Cana panelera", "TIPO_INFRA": "Tipo II - Transformacion", "NOMBRE_EQUIP": "Trapiche tecnificado", "TON_VEREDA": 13440.68, "AREA_HA_VEREDA": 1798.09, "AREA_EQUIP_M2": 5000, "N_EQUIP_TIPO": 3}}, {"type": "Feature", "geometry": {"x": -75.11516807499999, "y": 3.811674624000034}, "properties": {"OBJECTID": 228, "VEREDA": "CHENCHE", "MUNICIPIO": "73217", "ESCENARIO": "E3", "CULTIVO": "Cana panelera", "TIPO_INFRA": "Tipo II - Transformacion", "NOMBRE_EQUIP": "Planta panela granulada", "TON_VEREDA": 13440.68, "AREA_HA_VEREDA": 1798.09, "AREA_EQUIP_M2": 5000, "N_EQUIP_TIPO": 3}}, {"type": "Feature", "geometry": {"x": -75.11646479399997, "y": 3.8138617690000274}, "properties": {"OBJECTID": 229, "VEREDA": "CHENCHE", "MUNICIPIO": "73217", "ESCENARIO": "E3", "CULTIVO": "Cana panelera", "TIPO_INFRA": "Tipo II - Transformacion", "NOMBRE_EQUIP": "Laboratorio panelero", "TON_VEREDA": 13440.68, "AREA_HA_VEREDA": 1798.09, "AREA_EQUIP_M2": 5000, "N_EQUIP_TIPO": 3}}, {"type": "Feature", "geometry": {"x": -75.12054852199998, "y": 3.5694767940000247}, "properties": {"OBJECTID": 230, "VEREDA": "CHENCHE", "MUNICIPIO": "73217", "ESCENARIO": "E3", "CULTIVO": "Cana panelera", "TIPO_INFRA": "Tipo III - Servicios", "NOMBRE_EQUIP": "Escuela paneleros", "TON_VEREDA": 13440.68, "AREA_HA_VEREDA": 1798.09, "AREA_EQUIP_M2": 1500, "N_EQUIP_TIPO": 2}}, {"type": "Feature", "geometry": {"x": -75.13629722999997, "y": 3.9285950070000695}, "properties": {"OBJECTID": 231, "VEREDA": "CHENCHE", "MUNICIPIO": "73217", "ESCENARIO": "E3", "CULTIVO": "Cana panelera", "TIPO_INFRA": "Tipo III - Servicios", "NOMBRE_EQUIP": "Punto acopio panela", "TON_VEREDA": 13440.68, "AREA_HA_VEREDA": 1798.09, "AREA_EQUIP_M2": 1500, "N_EQUIP_TIPO": 2}}, {"type": "Feature", "geometry": {"x": -75.12798904899995, "y": 3.579652696000039}, "properties": {"OBJECTID": 232, "VEREDA": "BOCA DE HILARCO", "MUNICIPIO": "73217", "ESCENARIO": "E3", "CULTIVO": "Agroforestal", "TIPO_INFRA": "Tipo I - Produccion", "NOMBRE_EQUIP": "Vivero forestal", "TON_VEREDA": 2162.99, "AREA_HA_VEREDA": 345.76, "AREA_EQUIP_M2": 2000, "N_EQUIP_TIPO": 4}}, {"type": "Feature", "geometry": {"x": -75.12875343599995, "y": 3.694667485000025}, "properties": {"OBJECTID": 233, "VEREDA": "BOCA DE HILARCO", "MUNICIPIO": "73217", "ESCENARIO": "E3", "CULTIVO": "Agroforestal", "TIPO_INFRA": "Tipo I - Produccion", "NOMBRE_EQUIP": "Sistema silvopastoril", "TON_VEREDA": 2162.99, "AREA_HA_VEREDA": 345.76, "AREA_EQUIP_M2": 2000, "N_EQUIP_TIPO": 4}}, {"type": "Feature", "geometry": {"x": -75.25125223899994, "y": 4.039297286000021}, "properties": {"OBJECTID": 234, "VEREDA": "BOCA DE HILARCO", "MUNICIPIO": "73217", "ESCENARIO": "E3", "CULTIVO": "Agroforestal", "TIPO_INFRA": "Tipo I - Produccion", "NOMBRE_EQUIP": "Banco germoplasma", "TON_VEREDA": 2162.99, "AREA_HA_VEREDA": 345.76, "AREA_EQUIP_M2": 2000, "N_EQUIP_TIPO": 4}}, {"type": "Feature", "geometry": {"x": -75.24620805399996, "y": 4.09915182900005}, "properties": {"OBJECTID": 235, "VEREDA": "BOCA DE HILARCO", "MUNICIPIO": "73217", "ESCENARIO": "E3", "CULTIVO": "Agroforestal", "TIPO_INFRA": "Tipo I - Produccion", "NOMBRE_EQUIP": "Compostaje", "TON_VEREDA": 2162.99, "AREA_HA_VEREDA": 345.76, "AREA_EQUIP_M2": 2000, "N_EQUIP_TIPO": 4}}, {"type": "Feature", "geometry": {"x": -75.00310406699998, "y": 3.7646596700000714}, "properties": {"OBJECTID": 236, "VEREDA": "BOCA DE HILARCO", "MUNICIPIO": "73217", "ESCENARIO": "E3", "CULTIVO": "Agroforestal", "TIPO_INFRA": "Tipo II - Transformacion", "NOMBRE_EQUIP": "Aserradero comunitario", "TON_VEREDA": 2162.99, "AREA_HA_VEREDA": 345.76, "AREA_EQUIP_M2": 1797.8, "N_EQUIP_TIPO": 1}}, {"type": "Feature", "geometry": {"x": -75.33202761899997, "y": 3.8112753190000603}, "properties": {"OBJECTID": 237, "VEREDA": "BOCA DE HILARCO", "MUNICIPIO": "73217", "ESCENARIO": "E3", "CULTIVO": "Agroforestal", "TIPO_INFRA": "Tipo III - Servicios", "NOMBRE_EQUIP": "Centro formacion ambiental", "TON_VEREDA": 2162.99, "AREA_HA_VEREDA": 345.76, "AREA_EQUIP_M2": 660.5, "N_EQUIP_TIPO": 2}}, {"type": "Feature", "geometry": {"x": -75.11891158799995, "y": 3.9362312380000617}, "properties": {"OBJECTID": 238, "VEREDA": "BOCA DE HILARCO", "MUNICIPIO": "73217", "ESCENARIO": "E3", "CULTIVO": "Agroforestal", "TIPO_INFRA": "Tipo III - Servicios", "NOMBRE_EQUIP": "Ecoturismo rural", "TON_VEREDA": 2162.99, "AREA_HA_VEREDA": 345.76, "AREA_EQUIP_M2": 660.5, "N_EQUIP_TIPO": 2}}, {"type": "Feature", "geometry": {"x": -75.12077409899996, "y": 3.6944291060000296}, "properties": {"OBJECTID": 239, "VEREDA": "YABERCO", "MUNICIPIO": "73217", "ESCENARIO": "E3", "CULTIVO": "Cana panelera", "TIPO_INFRA": "Tipo I - Produccion", "NOMBRE_EQUIP": "Vivero cana", "TON_VEREDA": 5801.08, "AREA_HA_VEREDA": 743.51, "AREA_EQUIP_M2": 2000, "N_EQUIP_TIPO": 5}}, {"type": "Feature", "geometry": {"x": -75.19093628799999, "y": 3.8251642010000637}, "properties": {"OBJECTID": 240, "VEREDA": "YABERCO", "MUNICIPIO": "73217", "ESCENARIO": "E3", "CULTIVO": "Cana panelera", "TIPO_INFRA": "Tipo I - Produccion", "NOMBRE_EQUIP": "Trapiche movil", "TON_VEREDA": 5801.08, "AREA_HA_VEREDA": 743.51, "AREA_EQUIP_M2": 2000, "N_EQUIP_TIPO": 5}}, {"type": "Feature", "geometry": {"x": -75.04828689399994, "y": 3.565329082000062}, "properties": {"OBJECTID": 241, "VEREDA": "YABERCO", "MUNICIPIO": "73217", "ESCENARIO": "E3", "CULTIVO": "Cana panelera", "TIPO_INFRA": "Tipo I - Produccion", "NOMBRE_EQUIP": "Bodega panela campo", "TON_VEREDA": 5801.08, "AREA_HA_VEREDA": 743.51, "AREA_EQUIP_M2": 2000, "N_EQUIP_TIPO": 5}}, {"type": "Feature", "geometry": {"x": -75.17537384399998, "y": 3.702353136000056}, "properties": {"OBJECTID": 242, "VEREDA": "YABERCO", "MUNICIPIO": "73217", "ESCENARIO": "E3", "CULTIVO": "Cana panelera", "TIPO_INFRA": "Tipo I - Produccion", "NOMBRE_EQUIP": "Sistema riego", "TON_VEREDA": 5801.08, "AREA_HA_VEREDA": 743.51, "AREA_EQUIP_M2": 2000, "N_EQUIP_TIPO": 5}}, {"type": "Feature", "geometry": {"x": -75.22498220199998, "y": 3.945211898000025}, "properties": {"OBJECTID": 243, "VEREDA": "YABERCO", "MUNICIPIO": "73217", "ESCENARIO": "E3", "CULTIVO": "Cana panelera", "TIPO_INFRA": "Tipo I - Produccion", "NOMBRE_EQUIP": "Centro campo", "TON_VEREDA": 5801.08, "AREA_HA_VEREDA": 743.51, "AREA_EQUIP_M2": 2000, "N_EQUIP_TIPO": 5}}, {"type": "Feature", "geometry": {"x": -75.04074599699999, "y": 3.7927905860000237}, "properties": {"OBJECTID": 244, "VEREDA": "YABERCO", "MUNICIPIO": "73217", "ESCENARIO": "E3", "CULTIVO": "Cana panelera", "TIPO_INFRA": "Tipo II - Transformacion", "NOMBRE_EQUIP": "Trapiche tecnificado", "TON_VEREDA": 5801.08, "AREA_HA_VEREDA": 743.51, "AREA_EQUIP_M2": 3980.6, "N_EQUIP_TIPO": 3}}, {"type": "Feature", "geometry": {"x": -75.04112284999997, "y": 3.795064413000034}, "properties": {"OBJECTID": 245, "VEREDA": "YABERCO", "MUNICIPIO": "73217", "ESCENARIO": "E3", "CULTIVO": "Cana panelera", "TIPO_INFRA": "Tipo II - Transformacion", "NOMBRE_EQUIP": "Planta panela granulada", "TON_VEREDA": 5801.08, "AREA_HA_VEREDA": 743.51, "AREA_EQUIP_M2": 3980.6, "N_EQUIP_TIPO": 3}}, {"type": "Feature", "geometry": {"x": -75.03638999699996, "y": 3.7914972130000706}, "properties": {"OBJECTID": 246, "VEREDA": "YABERCO", "MUNICIPIO": "73217", "ESCENARIO": "E3", "CULTIVO": "Cana panelera", "TIPO_INFRA": "Tipo II - Transformacion", "NOMBRE_EQUIP": "Laboratorio panelero", "TON_VEREDA": 5801.08, "AREA_HA_VEREDA": 743.51, "AREA_EQUIP_M2": 3980.6, "N_EQUIP_TIPO": 3}}, {"type": "Feature", "geometry": {"x": -75.06130823199999, "y": 3.832748373000072}, "properties": {"OBJECTID": 247, "VEREDA": "YABERCO", "MUNICIPIO": "73217", "ESCENARIO": "E3", "CULTIVO": "Cana panelera", "TIPO_INFRA": "Tipo III - Servicios", "NOMBRE_EQUIP": "Escuela paneleros", "TON_VEREDA": 5801.08, "AREA_HA_VEREDA": 743.51, "AREA_EQUIP_M2": 1266.8, "N_EQUIP_TIPO": 2}}, {"type": "Feature", "geometry": {"x": -75.33020252499995, "y": 3.8147653720000676}, "properties": {"OBJECTID": 248, "VEREDA": "YABERCO", "MUNICIPIO": "73217", "ESCENARIO": "E3", "CULTIVO": "Cana panelera", "TIPO_INFRA": "Tipo III - Servicios", "NOMBRE_EQUIP": "Punto acopio panela", "TON_VEREDA": 5801.08, "AREA_HA_VEREDA": 743.51, "AREA_EQUIP_M2": 1266.8, "N_EQUIP_TIPO": 2}}, {"type": "Feature", "geometry": {"x": -75.17554456299996, "y": 3.8595552260000545}, "properties": {"OBJECTID": 249, "VEREDA": "SANTA MARTA", "MUNICIPIO": "73217", "ESCENARIO": "E3", "CULTIVO": "Agroforestal", "TIPO_INFRA": "Tipo I - Produccion", "NOMBRE_EQUIP": "Vivero forestal", "TON_VEREDA": 8178.72, "AREA_HA_VEREDA": 1370.46, "AREA_EQUIP_M2": 2000, "N_EQUIP_TIPO": 5}}, {"type": "Feature", "geometry": {"x": -75.16782631999996, "y": 3.8640472120000595}, "properties": {"OBJECTID": 250, "VEREDA": "SANTA MARTA", "MUNICIPIO": "73217", "ESCENARIO": "E3", "CULTIVO": "Agroforestal", "TIPO_INFRA": "Tipo I - Produccion", "NOMBRE_EQUIP": "Sistema silvopastoril", "TON_VEREDA": 8178.72, "AREA_HA_VEREDA": 1370.46, "AREA_EQUIP_M2": 2000, "N_EQUIP_TIPO": 5}}, {"type": "Feature", "geometry": {"x": -75.23633627699996, "y": 3.7545029190000605}, "properties": {"OBJECTID": 251, "VEREDA": "SANTA MARTA", "MUNICIPIO": "73217", "ESCENARIO": "E3", "CULTIVO": "Agroforestal", "TIPO_INFRA": "Tipo I - Produccion", "NOMBRE_EQUIP": "Banco germoplasma", "TON_VEREDA": 8178.72, "AREA_HA_VEREDA": 1370.46, "AREA_EQUIP_M2": 2000, "N_EQUIP_TIPO": 5}}, {"type": "Feature", "geometry": {"x": -75.10210046599997, "y": 3.7984408590000385}, "properties": {"OBJECTID": 252, "VEREDA": "SANTA MARTA", "MUNICIPIO": "73217", "ESCENARIO": "E3", "CULTIVO": "Agroforestal", "TIPO_INFRA": "Tipo I - Produccion", "NOMBRE_EQUIP": "Compostaje", "TON_VEREDA": 8178.72, "AREA_HA_VEREDA": 1370.46, "AREA_EQUIP_M2": 2000, "N_EQUIP_TIPO": 5}}, {"type": "Feature", "geometry": {"x": -75.16946349999995, "y": 3.7014125630000763}, "properties": {"OBJECTID": 253, "VEREDA": "SANTA MARTA", "MUNICIPIO": "73217", "ESCENARIO": "E3", "CULTIVO": "Agroforestal", "TIPO_INFRA": "Tipo I - Produccion", "NOMBRE_EQUIP": "Centro campo", "TON_VEREDA": 8178.72, "AREA_HA_VEREDA": 1370.46, "AREA_EQUIP_M2": 2000, "N_EQUIP_TIPO": 5}}, {"type": "Feature", "geometry": {"x": -75.11870103099994, "y": 3.8672924280000416}, "properties": {"OBJECTID": 254, "VEREDA": "SANTA MARTA", "MUNICIPIO": "73217", "ESCENARIO": "E3", "CULTIVO": "Agroforestal", "TIPO_INFRA": "Tipo II - Transformacion", "NOMBRE_EQUIP": "Aserradero comunitario", "TON_VEREDA": 8178.72, "AREA_HA_VEREDA": 1370.46, "AREA_EQUIP_M2": 5000, "N_EQUIP_TIPO": 3}}, {"type": "Feature", "geometry": {"x": -75.11989251499995, "y": 3.8732193680000364}, "properties": {"OBJECTID": 255, "VEREDA": "SANTA MARTA", "MUNICIPIO": "73217", "ESCENARIO": "E3", "CULTIVO": "Agroforestal", "TIPO_INFRA": "Tipo II - Transformacion", "NOMBRE_EQUIP": "Planta no maderables", "TON_VEREDA": 8178.72, "AREA_HA_VEREDA": 1370.46, "AREA_EQUIP_M2": 5000, "N_EQUIP_TIPO": 3}}, {"type": "Feature", "geometry": {"x": -75.11915919999996, "y": 3.8691009370000415}, "properties": {"OBJECTID": 256, "VEREDA": "SANTA MARTA", "MUNICIPIO": "73217", "ESCENARIO": "E3", "CULTIVO": "Agroforestal", "TIPO_INFRA": "Tipo II - Transformacion", "NOMBRE_EQUIP": "Centro carbon vegetal", "TON_VEREDA": 8178.72, "AREA_HA_VEREDA": 1370.46, "AREA_EQUIP_M2": 5000, "N_EQUIP_TIPO": 3}}, {"type": "Feature", "geometry": {"x": -75.14761832599999, "y": 3.9486880320000637}, "properties": {"OBJECTID": 257, "VEREDA": "SANTA MARTA", "MUNICIPIO": "73217", "ESCENARIO": "E3", "CULTIVO": "Agroforestal", "TIPO_INFRA": "Tipo III - Servicios", "NOMBRE_EQUIP": "Centro formacion ambiental", "TON_VEREDA": 8178.72, "AREA_HA_VEREDA": 1370.46, "AREA_EQUIP_M2": 1500, "N_EQUIP_TIPO": 2}}, {"type": "Feature", "geometry": {"x": -75.33080110499998, "y": 3.8172270630000753}, "properties": {"OBJECTID": 258, "VEREDA": "SANTA MARTA", "MUNICIPIO": "73217", "ESCENARIO": "E3", "CULTIVO": "Agroforestal", "TIPO_INFRA": "Tipo III - Servicios", "NOMBRE_EQUIP": "Ecoturismo rural", "TON_VEREDA": 8178.72, "AREA_HA_VEREDA": 1370.46, "AREA_EQUIP_M2": 1500, "N_EQUIP_TIPO": 2}}, {"type": "Feature", "geometry": {"x": -75.68098934599993, "y": 4.067069907000075}, "properties": {"OBJECTID": 259, "VEREDA": "GUAGUARCO", "MUNICIPIO": "73217", "ESCENARIO": "E3", "CULTIVO": "Agroforestal", "TIPO_INFRA": "Tipo I - Produccion", "NOMBRE_EQUIP": "Vivero forestal", "TON_VEREDA": 2532.84, "AREA_HA_VEREDA": 465.15, "AREA_EQUIP_M2": 2000, "N_EQUIP_TIPO": 5}}, {"type": "Feature", "geometry": {"x": -75.28114984799998, "y": 3.8773303200000555}, "properties": {"OBJECTID": 260, "VEREDA": "GUAGUARCO", "MUNICIPIO": "73217", "ESCENARIO": "E3", "CULTIVO": "Agroforestal", "TIPO_INFRA": "Tipo I - Produccion", "NOMBRE_EQUIP": "Sistema silvopastoril", "TON_VEREDA": 2532.84, "AREA_HA_VEREDA": 465.15, "AREA_EQUIP_M2": 2000, "N_EQUIP_TIPO": 5}}, {"type": "Feature", "geometry": {"x": -75.09692125699996, "y": 3.578124613000057}, "properties": {"OBJECTID": 261, "VEREDA": "GUAGUARCO", "MUNICIPIO": "73217", "ESCENARIO": "E3", "CULTIVO": "Agroforestal", "TIPO_INFRA": "Tipo I - Produccion", "NOMBRE_EQUIP": "Banco germoplasma", "TON_VEREDA": 2532.84, "AREA_HA_VEREDA": 465.15, "AREA_EQUIP_M2": 2000, "N_EQUIP_TIPO": 5}}, {"type": "Feature", "geometry": {"x": -75.12239202199999, "y": 3.7903797800000234}, "properties": {"OBJECTID": 262, "VEREDA": "GUAGUARCO", "MUNICIPIO": "73217", "ESCENARIO": "E3", "CULTIVO": "Agroforestal", "TIPO_INFRA": "Tipo I - Produccion", "NOMBRE_EQUIP": "Compostaje", "TON_VEREDA": 2532.84, "AREA_HA_VEREDA": 465.15, "AREA_EQUIP_M2": 2000, "N_EQUIP_TIPO": 5}}, {"type": "Feature", "geometry": {"x": -75.10811634499998, "y": 3.7952693830000612}, "properties": {"OBJECTID": 263, "VEREDA": "GUAGUARCO", "MUNICIPIO": "73217", "ESCENARIO": "E3", "CULTIVO": "Agroforestal", "TIPO_INFRA": "Tipo I - Produccion", "NOMBRE_EQUIP": "Centro campo", "TON_VEREDA": 2532.84, "AREA_HA_VEREDA": 465.15, "AREA_EQUIP_M2": 2000, "N_EQUIP_TIPO": 5}}, {"type": "Feature", "geometry": {"x": -75.08610036199997, "y": 3.6968120910000266}, "properties": {"OBJECTID": 264, "VEREDA": "GUAGUARCO", "MUNICIPIO": "73217", "ESCENARIO": "E3", "CULTIVO": "Agroforestal", "TIPO_INFRA": "Tipo II - Transformacion", "NOMBRE_EQUIP": "Aserradero comunitario", "TON_VEREDA": 2532.84, "AREA_HA_VEREDA": 465.15, "AREA_EQUIP_M2": 2019.7, "N_EQUIP_TIPO": 1}}, {"type": "Feature", "geometry": {"x": -75.21352797999998, "y": 3.8439980140000216}, "properties": {"OBJECTID": 265, "VEREDA": "GUAGUARCO", "MUNICIPIO": "73217", "ESCENARIO": "E3", "CULTIVO": "Agroforestal", "TIPO_INFRA": "Tipo III - Servicios", "NOMBRE_EQUIP": "Centro formacion ambiental", "TON_VEREDA": 2532.84, "AREA_HA_VEREDA": 465.15, "AREA_EQUIP_M2": 722.1, "N_EQUIP_TIPO": 2}}, {"type": "Feature", "geometry": {"x": -75.16448578199999, "y": 3.786377188000074}, "properties": {"OBJECTID": 266, "VEREDA": "GUAGUARCO", "MUNICIPIO": "73217", "ESCENARIO": "E3", "CULTIVO": "Agroforestal", "TIPO_INFRA": "Tipo III - Servicios", "NOMBRE_EQUIP": "Ecoturismo rural", "TON_VEREDA": 2532.84, "AREA_HA_VEREDA": 465.15, "AREA_EQUIP_M2": 722.1, "N_EQUIP_TIPO": 2}}, {"type": "Feature", "geometry": {"x": -75.08156705899995, "y": 3.621067551000067}, "properties": {"OBJECTID": 267, "VEREDA": "CHENCHE - AMAYARCO", "MUNICIPIO": "73217", "ESCENARIO": "E3", "CULTIVO": "Cana panelera", "TIPO_INFRA": "Tipo I - Produccion", "NOMBRE_EQUIP": "Vivero cana", "TON_VEREDA": 1354.16, "AREA_HA_VEREDA": 135.42, "AREA_EQUIP_M2": 2000, "N_EQUIP_TIPO": 3}}, {"type": "Feature", "geometry": {"x": -75.19001879499996, "y": 4.0140037670000766}, "properties": {"OBJECTID": 268, "VEREDA": "CHENCHE - AMAYARCO", "MUNICIPIO": "73217", "ESCENARIO": "E3", "CULTIVO": "Cana panelera", "TIPO_INFRA": "Tipo I - Produccion", "NOMBRE_EQUIP": "Trapiche movil", "TON_VEREDA": 1354.16, "AREA_HA_VEREDA": 135.42, "AREA_EQUIP_M2": 2000, "N_EQUIP_TIPO": 3}}, {"type": "Feature", "geometry": {"x": -75.24366982399994, "y": 3.732835120000061}, "properties": {"OBJECTID": 269, "VEREDA": "CHENCHE - AMAYARCO", "MUNICIPIO": "73217", "ESCENARIO": "E3", "CULTIVO": "Cana panelera", "TIPO_INFRA": "Tipo I - Produccion", "NOMBRE_EQUIP": "Bodega panela campo", "TON_VEREDA": 1354.16, "AREA_HA_VEREDA": 135.42, "AREA_EQUIP_M2": 2000, "N_EQUIP_TIPO": 3}}, {"type": "Feature", "geometry": {"x": -75.18275389799999, "y": 3.77904879700003}, "properties": {"OBJECTID": 270, "VEREDA": "CHENCHE - AMAYARCO", "MUNICIPIO": "73217", "ESCENARIO": "E3", "CULTIVO": "Cana panelera", "TIPO_INFRA": "Tipo II - Transformacion", "NOMBRE_EQUIP": "Trapiche tecnificado", "TON_VEREDA": 1354.16, "AREA_HA_VEREDA": 135.42, "AREA_EQUIP_M2": 1312.5, "N_EQUIP_TIPO": 1}}, {"type": "Feature", "geometry": {"x": -75.09543639899994, "y": 3.624973801000067}, "properties": {"OBJECTID": 271, "VEREDA": "CHENCHE - AMAYARCO", "MUNICIPIO": "73217", "ESCENARIO": "E3", "CULTIVO": "Cana panelera", "TIPO_INFRA": "Tipo III - Servicios", "NOMBRE_EQUIP": "Escuela paneleros", "TON_VEREDA": 1354.16, "AREA_HA_VEREDA": 135.42, "AREA_EQUIP_M2": 525.7, "N_EQUIP_TIPO": 2}}, {"type": "Feature", "geometry": {"x": -75.25791519599994, "y": 4.064322961000073}, "properties": {"OBJECTID": 272, "VEREDA": "CHENCHE - AMAYARCO", "MUNICIPIO": "73217", "ESCENARIO": "E3", "CULTIVO": "Cana panelera", "TIPO_INFRA": "Tipo III - Servicios", "NOMBRE_EQUIP": "Punto acopio panela", "TON_VEREDA": 1354.16, "AREA_HA_VEREDA": 135.42, "AREA_EQUIP_M2": 525.7, "N_EQUIP_TIPO": 2}}, {"type": "Feature", "geometry": {"x": -75.24742385299999, "y": 4.068765155000051}, "properties": {"OBJECTID": 273, "VEREDA": "IMBA", "MUNICIPIO": "73483", "ESCENARIO": "E3", "CULTIVO": "Agroforestal", "TIPO_INFRA": "Tipo I - Produccion", "NOMBRE_EQUIP": "Vivero forestal", "TON_VEREDA": 1123.57, "AREA_HA_VEREDA": 194.17, "AREA_EQUIP_M2": 1997.7, "N_EQUIP_TIPO": 2}}, {"type": "Feature", "geometry": {"x": -75.09554361499994, "y": 3.971602032000021}, "properties": {"OBJECTID": 274, "VEREDA": "IMBA", "MUNICIPIO": "73483", "ESCENARIO": "E3", "CULTIVO": "Agroforestal", "TIPO_INFRA": "Tipo I - Produccion", "NOMBRE_EQUIP": "Sistema silvopastoril", "TON_VEREDA": 1123.57, "AREA_HA_VEREDA": 194.17, "AREA_EQUIP_M2": 1997.7, "N_EQUIP_TIPO": 2}}, {"type": "Feature", "geometry": {"x": -75.13905663599996, "y": 3.6239429160000327}, "properties": {"OBJECTID": 275, "VEREDA": "IMBA", "MUNICIPIO": "73483", "ESCENARIO": "E3", "CULTIVO": "Agroforestal", "TIPO_INFRA": "Tipo II - Transformacion", "NOMBRE_EQUIP": "Aserradero comunitario", "TON_VEREDA": 1123.57, "AREA_HA_VEREDA": 194.17, "AREA_EQUIP_M2": 1174.1, "N_EQUIP_TIPO": 1}}, {"type": "Feature", "geometry": {"x": -75.60633722699998, "y": 4.0134917990000645}, "properties": {"OBJECTID": 276, "VEREDA": "IMBA", "MUNICIPIO": "73483", "ESCENARIO": "E3", "CULTIVO": "Agroforestal", "TIPO_INFRA": "Tipo III - Servicios", "NOMBRE_EQUIP": "Centro formacion ambiental", "TON_VEREDA": 1123.57, "AREA_HA_VEREDA": 194.17, "AREA_EQUIP_M2": 487.3, "N_EQUIP_TIPO": 2}}, {"type": "Feature", "geometry": {"x": -75.05764944599997, "y": 3.62004866500007}, "properties": {"OBJECTID": 277, "VEREDA": "IMBA", "MUNICIPIO": "73483", "ESCENARIO": "E3", "CULTIVO": "Agroforestal", "TIPO_INFRA": "Tipo III - Servicios", "NOMBRE_EQUIP": "Ecoturismo rural", "TON_VEREDA": 1123.57, "AREA_HA_VEREDA": 194.17, "AREA_EQUIP_M2": 487.3, "N_EQUIP_TIPO": 2}}, {"type": "Feature", "geometry": {"x": -75.09995228399998, "y": 3.7396191310000404}, "properties": {"OBJECTID": 278, "VEREDA": "ANCHIQUE-RINCON", "MUNICIPIO": "73483", "ESCENARIO": "E3", "CULTIVO": "Agroforestal", "TIPO_INFRA": "Tipo I - Produccion", "NOMBRE_EQUIP": "Vivero forestal", "TON_VEREDA": 594.11, "AREA_HA_VEREDA": 93.97, "AREA_EQUIP_M2": 1150.6, "N_EQUIP_TIPO": 1}}, {"type": "Feature", "geometry": {"x": -75.09131374299994, "y": 3.5809818880000535}, "properties": {"OBJECTID": 279, "VEREDA": "ANCHIQUE-RINCON", "MUNICIPIO": "73483", "ESCENARIO": "E3", "CULTIVO": "Agroforestal", "TIPO_INFRA": "Tipo II - Transformacion", "NOMBRE_EQUIP": "Aserradero comunitario", "TON_VEREDA": 594.11, "AREA_HA_VEREDA": 93.97, "AREA_EQUIP_M2": 856.5, "N_EQUIP_TIPO": 1}}, {"type": "Feature", "geometry": {"x": -75.20199149899997, "y": 3.7701392930000566}, "properties": {"OBJECTID": 280, "VEREDA": "ANCHIQUE-RINCON", "MUNICIPIO": "73483", "ESCENARIO": "E3", "CULTIVO": "Agroforestal", "TIPO_INFRA": "Tipo III - Servicios", "NOMBRE_EQUIP": "Centro formacion ambiental", "TON_VEREDA": 594.11, "AREA_HA_VEREDA": 93.97, "AREA_EQUIP_M2": 399, "N_EQUIP_TIPO": 2}}, {"type": "Feature", "geometry": {"x": -74.99398377399996, "y": 3.753967429000056}, "properties": {"OBJECTID": 281, "VEREDA": "ANCHIQUE-RINCON", "MUNICIPIO": "73483", "ESCENARIO": "E3", "CULTIVO": "Agroforestal", "TIPO_INFRA": "Tipo III - Servicios", "NOMBRE_EQUIP": "Ecoturismo rural", "TON_VEREDA": 594.11, "AREA_HA_VEREDA": 93.97, "AREA_EQUIP_M2": 399, "N_EQUIP_TIPO": 2}}, {"type": "Feature", "geometry": {"x": -75.09350965799996, "y": 3.9676333430000454}, "properties": {"OBJECTID": 282, "VEREDA": "ANCHIQUE-CAMINO RURAL", "MUNICIPIO": "73483", "ESCENARIO": "E3", "CULTIVO": "Agroforestal", "TIPO_INFRA": "Tipo I - Produccion", "NOMBRE_EQUIP": "Vivero forestal", "TON_VEREDA": 2203.79, "AREA_HA_VEREDA": 398.15, "AREA_EQUIP_M2": 2000, "N_EQUIP_TIPO": 4}}, {"type": "Feature", "geometry": {"x": -75.13044272899998, "y": 3.9926130050000666}, "properties": {"OBJECTID": 283, "VEREDA": "ANCHIQUE-CAMINO RURAL", "MUNICIPIO": "73483", "ESCENARIO": "E3", "CULTIVO": "Agroforestal", "TIPO_INFRA": "Tipo I - Produccion", "NOMBRE_EQUIP": "Sistema silvopastoril", "TON_VEREDA": 2203.79, "AREA_HA_VEREDA": 398.15, "AREA_EQUIP_M2": 2000, "N_EQUIP_TIPO": 4}}, {"type": "Feature", "geometry": {"x": -75.09064636999994, "y": 3.91839516400006}, "properties": {"OBJECTID": 284, "VEREDA": "ANCHIQUE-CAMINO RURAL", "MUNICIPIO": "73483", "ESCENARIO": "E3", "CULTIVO": "Agroforestal", "TIPO_INFRA": "Tipo I - Produccion", "NOMBRE_EQUIP": "Banco germoplasma", "TON_VEREDA": 2203.79, "AREA_HA_VEREDA": 398.15, "AREA_EQUIP_M2": 2000, "N_EQUIP_TIPO": 4}}, {"type": "Feature", "geometry": {"x": -74.99688043599997, "y": 3.700225696000075}, "properties": {"OBJECTID": 285, "VEREDA": "ANCHIQUE-CAMINO RURAL", "MUNICIPIO": "73483", "ESCENARIO": "E3", "CULTIVO": "Agroforestal", "TIPO_INFRA": "Tipo I - Produccion", "NOMBRE_EQUIP": "Compostaje", "TON_VEREDA": 2203.79, "AREA_HA_VEREDA": 398.15, "AREA_EQUIP_M2": 2000, "N_EQUIP_TIPO": 4}}, {"type": "Feature", "geometry": {"x": -75.11378695099995, "y": 3.5838680870000417}, "properties": {"OBJECTID": 286, "VEREDA": "ANCHIQUE-CAMINO RURAL", "MUNICIPIO": "73483", "ESCENARIO": "E3", "CULTIVO": "Agroforestal", "TIPO_INFRA": "Tipo II - Transformacion", "NOMBRE_EQUIP": "Aserradero comunitario", "TON_VEREDA": 2203.79, "AREA_HA_VEREDA": 398.15, "AREA_EQUIP_M2": 1822.3, "N_EQUIP_TIPO": 1}}, {"type": "Feature", "geometry": {"x": -75.06062186399998, "y": 3.8220003790000305}, "properties": {"OBJECTID": 287, "VEREDA": "ANCHIQUE-CAMINO RURAL", "MUNICIPIO": "73483", "ESCENARIO": "E3", "CULTIVO": "Agroforestal", "TIPO_INFRA": "Tipo III - Servicios", "NOMBRE_EQUIP": "Centro formacion ambiental", "TON_VEREDA": 2203.79, "AREA_HA_VEREDA": 398.15, "AREA_EQUIP_M2": 667.3, "N_EQUIP_TIPO": 2}}, {"type": "Feature", "geometry": {"x": -74.99893164999997, "y": 3.719158650000054}, "properties": {"OBJECTID": 288, "VEREDA": "ANCHIQUE-CAMINO RURAL", "MUNICIPIO": "73483", "ESCENARIO": "E3", "CULTIVO": "Agroforestal", "TIPO_INFRA": "Tipo III - Servicios", "NOMBRE_EQUIP": "Ecoturismo rural", "TON_VEREDA": 2203.79, "AREA_HA_VEREDA": 398.15, "AREA_EQUIP_M2": 667.3, "N_EQUIP_TIPO": 2}}, {"type": "Feature", "geometry": {"x": -75.13870637499997, "y": 3.4401658460000704}, "properties": {"OBJECTID": 289, "VEREDA": "PALMALTA", "MUNICIPIO": "73483", "ESCENARIO": "E3", "CULTIVO": "Agroforestal", "TIPO_INFRA": "Tipo I - Produccion", "NOMBRE_EQUIP": "Vivero forestal", "TON_VEREDA": 2066.82, "AREA_HA_VEREDA": 366.56, "AREA_EQUIP_M2": 2000, "N_EQUIP_TIPO": 4}}, {"type": "Feature", "geometry": {"x": -75.24847681599994, "y": 3.742499738000049}, "properties": {"OBJECTID": 290, "VEREDA": "PALMALTA", "MUNICIPIO": "73483", "ESCENARIO": "E3", "CULTIVO": "Agroforestal", "TIPO_INFRA": "Tipo I - Produccion", "NOMBRE_EQUIP": "Sistema silvopastoril", "TON_VEREDA": 2066.82, "AREA_HA_VEREDA": 366.56, "AREA_EQUIP_M2": 2000, "N_EQUIP_TIPO": 4}}, {"type": "Feature", "geometry": {"x": -75.22384514899994, "y": 4.0758603750000475}, "properties": {"OBJECTID": 291, "VEREDA": "PALMALTA", "MUNICIPIO": "73483", "ESCENARIO": "E3", "CULTIVO": "Agroforestal", "TIPO_INFRA": "Tipo I - Produccion", "NOMBRE_EQUIP": "Banco germoplasma", "TON_VEREDA": 2066.82, "AREA_HA_VEREDA": 366.56, "AREA_EQUIP_M2": 2000, "N_EQUIP_TIPO": 4}}, {"type": "Feature", "geometry": {"x": -75.09862759399994, "y": 3.8003684040000394}, "properties": {"OBJECTID": 292, "VEREDA": "PALMALTA", "MUNICIPIO": "73483", "ESCENARIO": "E3", "CULTIVO": "Agroforestal", "TIPO_INFRA": "Tipo I - Produccion", "NOMBRE_EQUIP": "Compostaje", "TON_VEREDA": 2066.82, "AREA_HA_VEREDA": 366.56, "AREA_EQUIP_M2": 2000, "N_EQUIP_TIPO": 4}}, {"type": "Feature", "geometry": {"x": -75.12150959099995, "y": 3.677625160000048}, "properties": {"OBJECTID": 293, "VEREDA": "PALMALTA", "MUNICIPIO": "73483", "ESCENARIO": "E3", "CULTIVO": "Agroforestal", "TIPO_INFRA": "Tipo II - Transformacion", "NOMBRE_EQUIP": "Aserradero comunitario", "TON_VEREDA": 2066.82, "AREA_HA_VEREDA": 366.56, "AREA_EQUIP_M2": 1740.1, "N_EQUIP_TIPO": 1}}, {"type": "Feature", "geometry": {"x": -75.10823251699998, "y": 3.5585852560000717}, "properties": {"OBJECTID": 294, "VEREDA": "PALMALTA", "MUNICIPIO": "73483", "ESCENARIO": "E3", "CULTIVO": "Agroforestal", "TIPO_INFRA": "Tipo III - Servicios", "NOMBRE_EQUIP": "Centro formacion ambiental", "TON_VEREDA": 2066.82, "AREA_HA_VEREDA": 366.56, "AREA_EQUIP_M2": 644.5, "N_EQUIP_TIPO": 2}}, {"type": "Feature", "geometry": {"x": -75.01140822199994, "y": 3.75717307900004}, "properties": {"OBJECTID": 295, "VEREDA": "PALMALTA", "MUNICIPIO": "73483", "ESCENARIO": "E3", "CULTIVO": "Agroforestal", "TIPO_INFRA": "Tipo III - Servicios", "NOMBRE_EQUIP": "Ecoturismo rural", "TON_VEREDA": 2066.82, "AREA_HA_VEREDA": 366.56, "AREA_EQUIP_M2": 644.5, "N_EQUIP_TIPO": 2}}, {"type": "Feature", "geometry": {"x": -75.16892838899997, "y": 3.7033176770000296}, "properties": {"OBJECTID": 296, "VEREDA": "APARCO", "MUNICIPIO": "73483", "ESCENARIO": "E3", "CULTIVO": "Agroforestal", "TIPO_INFRA": "Tipo I - Produccion", "NOMBRE_EQUIP": "Vivero forestal", "TON_VEREDA": 6474.71, "AREA_HA_VEREDA": 846.49, "AREA_EQUIP_M2": 2000, "N_EQUIP_TIPO": 5}}, {"type": "Feature", "geometry": {"x": -75.24729005999995, "y": 3.737578676000055}, "properties": {"OBJECTID": 297, "VEREDA": "APARCO", "MUNICIPIO": "73483", "ESCENARIO": "E3", "CULTIVO": "Agroforestal", "TIPO_INFRA": "Tipo I - Produccion", "NOMBRE_EQUIP": "Sistema silvopastoril", "TON_VEREDA": 6474.71, "AREA_HA_VEREDA": 846.49, "AREA_EQUIP_M2": 2000, "N_EQUIP_TIPO": 5}}, {"type": "Feature", "geometry": {"x": -74.96762255599998, "y": 3.7362499330000674}, "properties": {"OBJECTID": 298, "VEREDA": "APARCO", "MUNICIPIO": "73483", "ESCENARIO": "E3", "CULTIVO": "Agroforestal", "TIPO_INFRA": "Tipo I - Produccion", "NOMBRE_EQUIP": "Banco germoplasma", "TON_VEREDA": 6474.71, "AREA_HA_VEREDA": 846.49, "AREA_EQUIP_M2": 2000, "N_EQUIP_TIPO": 5}}, {"type": "Feature", "geometry": {"x": -75.07476811699996, "y": 3.818081705000054}, "properties": {"OBJECTID": 299, "VEREDA": "APARCO", "MUNICIPIO": "73483", "ESCENARIO": "E3", "CULTIVO": "Agroforestal", "TIPO_INFRA": "Tipo I - Produccion", "NOMBRE_EQUIP": "Compostaje", "TON_VEREDA": 6474.71, "AREA_HA_VEREDA": 846.49, "AREA_EQUIP_M2": 2000, "N_EQUIP_TIPO": 5}}, {"type": "Feature", "geometry": {"x": -74.98247244499998, "y": 3.7486288650000574}, "properties": {"OBJECTID": 300, "VEREDA": "APARCO", "MUNICIPIO": "73483", "ESCENARIO": "E3", "CULTIVO": "Agroforestal", "TIPO_INFRA": "Tipo I - Produccion", "NOMBRE_EQUIP": "Centro campo", "TON_VEREDA": 6474.71, "AREA_HA_VEREDA": 846.49, "AREA_EQUIP_M2": 2000, "N_EQUIP_TIPO": 5}}, {"type": "Feature", "geometry": {"x": -75.09805057299997, "y": 3.604601149000075}, "properties": {"OBJECTID": 301, "VEREDA": "APARCO", "MUNICIPIO": "73483", "ESCENARIO": "E3", "CULTIVO": "Agroforestal", "TIPO_INFRA": "Tipo II - Transformacion", "NOMBRE_EQUIP": "Aserradero comunitario", "TON_VEREDA": 6474.71, "AREA_HA_VEREDA": 846.49, "AREA_EQUIP_M2": 4384.8, "N_EQUIP_TIPO": 3}}, {"type": "Feature", "geometry": {"x": -75.10090337299994, "y": 3.607083522000039}, "properties": {"OBJECTID": 302, "VEREDA": "APARCO", "MUNICIPIO": "73483", "ESCENARIO": "E3", "CULTIVO": "Agroforestal", "TIPO_INFRA": "Tipo II - Transformacion", "NOMBRE_EQUIP": "Planta no maderables", "TON_VEREDA": 6474.71, "AREA_HA_VEREDA": 846.49, "AREA_EQUIP_M2": 4384.8, "N_EQUIP_TIPO": 3}}, {"type": "Feature", "geometry": {"x": -75.09650925899996, "y": 3.6004530750000754}, "properties": {"OBJECTID": 303, "VEREDA": "APARCO", "MUNICIPIO": "73483", "ESCENARIO": "E3", "CULTIVO": "Agroforestal", "TIPO_INFRA": "Tipo II - Transformacion", "NOMBRE_EQUIP": "Centro carbon vegetal", "TON_VEREDA": 6474.71, "AREA_HA_VEREDA": 846.49, "AREA_EQUIP_M2": 4384.8, "N_EQUIP_TIPO": 3}}, {"type": "Feature", "geometry": {"x": -75.19425089399994, "y": 3.420735448000073}, "properties": {"OBJECTID": 304, "VEREDA": "APARCO", "MUNICIPIO": "73483", "ESCENARIO": "E3", "CULTIVO": "Agroforestal", "TIPO_INFRA": "Tipo III - Servicios", "NOMBRE_EQUIP": "Centro formacion ambiental", "TON_VEREDA": 6474.71, "AREA_HA_VEREDA": 846.49, "AREA_EQUIP_M2": 1379.1, "N_EQUIP_TIPO": 2}}, {"type": "Feature", "geometry": {"x": -75.11209929899996, "y": 3.9807141210000623}, "properties": {"OBJECTID": 305, "VEREDA": "APARCO", "MUNICIPIO": "73483", "ESCENARIO": "E3", "CULTIVO": "Agroforestal", "TIPO_INFRA": "Tipo III - Servicios", "NOMBRE_EQUIP": "Ecoturismo rural", "TON_VEREDA": 6474.71, "AREA_HA_VEREDA": 846.49, "AREA_EQUIP_M2": 1379.1, "N_EQUIP_TIPO": 2}}, {"type": "Feature", "geometry": {"x": -75.12559382199998, "y": 3.747629213000039}, "properties": {"OBJECTID": 306, "VEREDA": "EL POIRA", "MUNICIPIO": "73483", "ESCENARIO": "E3", "CULTIVO": "Agroforestal", "TIPO_INFRA": "Tipo I - Produccion", "NOMBRE_EQUIP": "Vivero forestal", "TON_VEREDA": 9497.83, "AREA_HA_VEREDA": 1128.93, "AREA_EQUIP_M2": 2000, "N_EQUIP_TIPO": 5}}, {"type": "Feature", "geometry": {"x": -74.97379818399997, "y": 3.740086318000067}, "properties": {"OBJECTID": 307, "VEREDA": "EL POIRA", "MUNICIPIO": "73483", "ESCENARIO": "E3", "CULTIVO": "Agroforestal", "TIPO_INFRA": "Tipo I - Produccion", "NOMBRE_EQUIP": "Sistema silvopastoril", "TON_VEREDA": 9497.83, "AREA_HA_VEREDA": 1128.93, "AREA_EQUIP_M2": 2000, "N_EQUIP_TIPO": 5}}, {"type": "Feature", "geometry": {"x": -75.08881942999994, "y": 3.664154040000028}, "properties": {"OBJECTID": 308, "VEREDA": "EL POIRA", "MUNICIPIO": "73483", "ESCENARIO": "E3", "CULTIVO": "Agroforestal", "TIPO_INFRA": "Tipo I - Produccion", "NOMBRE_EQUIP": "Banco germoplasma", "TON_VEREDA": 9497.83, "AREA_HA_VEREDA": 1128.93, "AREA_EQUIP_M2": 2000, "N_EQUIP_TIPO": 5}}, {"type": "Feature", "geometry": {"x": -75.09499178799996, "y": 3.6785095660000593}, "properties": {"OBJECTID": 309, "VEREDA": "EL POIRA", "MUNICIPIO": "73483", "ESCENARIO": "E3", "CULTIVO": "Agroforestal", "TIPO_INFRA": "Tipo I - Produccion", "NOMBRE_EQUIP": "Compostaje", "TON_VEREDA": 9497.83, "AREA_HA_VEREDA": 1128.93, "AREA_EQUIP_M2": 2000, "N_EQUIP_TIPO": 5}}, {"type": "Feature", "geometry": {"x": -75.28868657599998, "y": 3.932746942000051}, "properties": {"OBJECTID": 310, "VEREDA": "EL POIRA", "MUNICIPIO": "73483", "ESCENARIO": "E3", "CULTIVO": "Agroforestal", "TIPO_INFRA": "Tipo I - Produccion", "NOMBRE_EQUIP": "Centro campo", "TON_VEREDA": 9497.83, "AREA_HA_VEREDA": 1128.93, "AREA_EQUIP_M2": 2000, "N_EQUIP_TIPO": 5}}, {"type": "Feature", "geometry": {"x": -75.07639896199998, "y": 3.648117642000045}, "properties": {"OBJECTID": 311, "VEREDA": "EL POIRA", "MUNICIPIO": "73483", "ESCENARIO": "E3", "CULTIVO": "Agroforestal", "TIPO_INFRA": "Tipo II - Transformacion", "NOMBRE_EQUIP": "Aserradero comunitario", "TON_VEREDA": 9497.83, "AREA_HA_VEREDA": 1128.93, "AREA_EQUIP_M2": 5000, "N_EQUIP_TIPO": 3}}, {"type": "Feature", "geometry": {"x": -75.07284959099997, "y": 3.6439837190000617}, "properties": {"OBJECTID": 312, "VEREDA": "EL POIRA", "MUNICIPIO": "73483", "ESCENARIO": "E3", "CULTIVO": "Agroforestal", "TIPO_INFRA": "Tipo II - Transformacion", "NOMBRE_EQUIP": "Planta no maderables", "TON_VEREDA": 9497.83, "AREA_HA_VEREDA": 1128.93, "AREA_EQUIP_M2": 5000, "N_EQUIP_TIPO": 3}}, {"type": "Feature", "geometry": {"x": -75.06889771999994, "y": 3.651399988000037}, "properties": {"OBJECTID": 313, "VEREDA": "EL POIRA", "MUNICIPIO": "73483", "ESCENARIO": "E3", "CULTIVO": "Agroforestal", "TIPO_INFRA": "Tipo II - Transformacion", "NOMBRE_EQUIP": "Centro carbon vegetal", "TON_VEREDA": 9497.83, "AREA_HA_VEREDA": 1128.93, "AREA_EQUIP_M2": 5000, "N_EQUIP_TIPO": 3}}, {"type": "Feature", "geometry": {"x": -75.16663719999997, "y": 3.698793500000022}, "properties": {"OBJECTID": 314, "VEREDA": "EL POIRA", "MUNICIPIO": "73483", "ESCENARIO": "E3", "CULTIVO": "Agroforestal", "TIPO_INFRA": "Tipo III - Servicios", "NOMBRE_EQUIP": "Centro formacion ambiental", "TON_VEREDA": 9497.83, "AREA_HA_VEREDA": 1128.93, "AREA_EQUIP_M2": 1500, "N_EQUIP_TIPO": 2}}, {"type": "Feature", "geometry": {"x": -75.22295179999998, "y": 3.936612500000024}, "properties": {"OBJECTID": 315, "VEREDA": "EL POIRA", "MUNICIPIO": "73483", "ESCENARIO": "E3", "CULTIVO": "Agroforestal", "TIPO_INFRA": "Tipo III - Servicios", "NOMBRE_EQUIP": "Ecoturismo rural", "TON_VEREDA": 9497.83, "AREA_HA_VEREDA": 1128.93, "AREA_EQUIP_M2": 1500, "N_EQUIP_TIPO": 2}}, {"type": "Feature", "geometry": {"x": -75.19898780799997, "y": 4.02373992400004}, "properties": {"OBJECTID": 316, "VEREDA": "BALOCA", "MUNICIPIO": "73483", "ESCENARIO": "E3", "CULTIVO": "Agroforestal", "TIPO_INFRA": "Tipo I - Produccion", "NOMBRE_EQUIP": "Vivero forestal", "TON_VEREDA": 7363.24, "AREA_HA_VEREDA": 960.53, "AREA_EQUIP_M2": 2000, "N_EQUIP_TIPO": 5}}, {"type": "Feature", "geometry": {"x": -75.20047936199995, "y": 3.8123910300000716}, "properties": {"OBJECTID": 317, "VEREDA": "BALOCA", "MUNICIPIO": "73483", "ESCENARIO": "E3", "CULTIVO": "Agroforestal", "TIPO_INFRA": "Tipo I - Produccion", "NOMBRE_EQUIP": "Sistema silvopastoril", "TON_VEREDA": 7363.24, "AREA_HA_VEREDA": 960.53, "AREA_EQUIP_M2": 2000, "N_EQUIP_TIPO": 5}}, {"type": "Feature", "geometry": {"x": -75.21314528799996, "y": 4.047689040000023}, "properties": {"OBJECTID": 318, "VEREDA": "BALOCA", "MUNICIPIO": "73483", "ESCENARIO": "E3", "CULTIVO": "Agroforestal", "TIPO_INFRA": "Tipo I - Produccion", "NOMBRE_EQUIP": "Banco germoplasma", "TON_VEREDA": 7363.24, "AREA_HA_VEREDA": 960.53, "AREA_EQUIP_M2": 2000, "N_EQUIP_TIPO": 5}}, {"type": "Feature", "geometry": {"x": -75.15140972199998, "y": 3.465328538000051}, "properties": {"OBJECTID": 319, "VEREDA": "BALOCA", "MUNICIPIO": "73483", "ESCENARIO": "E3", "CULTIVO": "Agroforestal", "TIPO_INFRA": "Tipo I - Produccion", "NOMBRE_EQUIP": "Compostaje", "TON_VEREDA": 7363.24, "AREA_HA_VEREDA": 960.53, "AREA_EQUIP_M2": 2000, "N_EQUIP_TIPO": 5}}, {"type": "Feature", "geometry": {"x": -75.24178878099997, "y": 3.7306026080000265}, "properties": {"OBJECTID": 320, "VEREDA": "BALOCA", "MUNICIPIO": "73483", "ESCENARIO": "E3", "CULTIVO": "Agroforestal", "TIPO_INFRA": "Tipo I - Produccion", "NOMBRE_EQUIP": "Centro campo", "TON_VEREDA": 7363.24, "AREA_HA_VEREDA": 960.53, "AREA_EQUIP_M2": 2000, "N_EQUIP_TIPO": 5}}, {"type": "Feature", "geometry": {"x": -75.11181134299994, "y": 3.658775358000071}, "properties": {"OBJECTID": 321, "VEREDA": "BALOCA", "MUNICIPIO": "73483", "ESCENARIO": "E3", "CULTIVO": "Agroforestal", "TIPO_INFRA": "Tipo II - Transformacion", "NOMBRE_EQUIP": "Aserradero comunitario", "TON_VEREDA": 7363.24, "AREA_HA_VEREDA": 960.53, "AREA_EQUIP_M2": 4917.9, "N_EQUIP_TIPO": 3}}, {"type": "Feature", "geometry": {"x": -75.10847905899993, "y": 3.6622233380000466}, "properties": {"OBJECTID": 322, "VEREDA": "BALOCA", "MUNICIPIO": "73483", "ESCENARIO": "E3", "CULTIVO": "Agroforestal", "TIPO_INFRA": "Tipo II - Transformacion", "NOMBRE_EQUIP": "Planta no maderables", "TON_VEREDA": 7363.24, "AREA_HA_VEREDA": 960.53, "AREA_EQUIP_M2": 4917.9, "N_EQUIP_TIPO": 3}}, {"type": "Feature", "geometry": {"x": -75.10951901999994, "y": 3.6623170450000657}, "properties": {"OBJECTID": 323, "VEREDA": "BALOCA", "MUNICIPIO": "73483", "ESCENARIO": "E3", "CULTIVO": "Agroforestal", "TIPO_INFRA": "Tipo II - Transformacion", "NOMBRE_EQUIP": "Centro carbon vegetal", "TON_VEREDA": 7363.24, "AREA_HA_VEREDA": 960.53, "AREA_EQUIP_M2": 4917.9, "N_EQUIP_TIPO": 3}}, {"type": "Feature", "geometry": {"x": -75.06723159999996, "y": 3.821264400000075}, "properties": {"OBJECTID": 324, "VEREDA": "BALOCA", "MUNICIPIO": "73483", "ESCENARIO": "E3", "CULTIVO": "Agroforestal", "TIPO_INFRA": "Tipo III - Servicios", "NOMBRE_EQUIP": "Centro formacion ambiental", "TON_VEREDA": 7363.24, "AREA_HA_VEREDA": 960.53, "AREA_EQUIP_M2": 1500, "N_EQUIP_TIPO": 2}}, {"type": "Feature", "geometry": {"x": -75.16214778899996, "y": 3.7444322600000532}, "properties": {"OBJECTID": 325, "VEREDA": "BALOCA", "MUNICIPIO": "73483", "ESCENARIO": "E3", "CULTIVO": "Agroforestal", "TIPO_INFRA": "Tipo III - Servicios", "NOMBRE_EQUIP": "Ecoturismo rural", "TON_VEREDA": 7363.24, "AREA_HA_VEREDA": 960.53, "AREA_EQUIP_M2": 1500, "N_EQUIP_TIPO": 2}}, {"type": "Feature", "geometry": {"x": -75.17733817699997, "y": 3.8590341470000453}, "properties": {"OBJECTID": 326, "VEREDA": "LOS ANGELES", "MUNICIPIO": "73483", "ESCENARIO": "E3", "CULTIVO": "Agroforestal", "TIPO_INFRA": "Tipo I - Produccion", "NOMBRE_EQUIP": "Vivero forestal", "TON_VEREDA": 8825.13, "AREA_HA_VEREDA": 1314.06, "AREA_EQUIP_M2": 2000, "N_EQUIP_TIPO": 5}}, {"type": "Feature", "geometry": {"x": -75.66316244999996, "y": 4.062330072000066}, "properties": {"OBJECTID": 327, "VEREDA": "LOS ANGELES", "MUNICIPIO": "73483", "ESCENARIO": "E3", "CULTIVO": "Agroforestal", "TIPO_INFRA": "Tipo I - Produccion", "NOMBRE_EQUIP": "Sistema silvopastoril", "TON_VEREDA": 8825.13, "AREA_HA_VEREDA": 1314.06, "AREA_EQUIP_M2": 2000, "N_EQUIP_TIPO": 5}}, {"type": "Feature", "geometry": {"x": -75.05287352299996, "y": 3.735738561000062}, "properties": {"OBJECTID": 328, "VEREDA": "LOS ANGELES", "MUNICIPIO": "73483", "ESCENARIO": "E3", "CULTIVO": "Agroforestal", "TIPO_INFRA": "Tipo I - Produccion", "NOMBRE_EQUIP": "Banco germoplasma", "TON_VEREDA": 8825.13, "AREA_HA_VEREDA": 1314.06, "AREA_EQUIP_M2": 2000, "N_EQUIP_TIPO": 5}}, {"type": "Feature", "geometry": {"x": -75.27126519399997, "y": 3.9513132840000367}, "properties": {"OBJECTID": 329, "VEREDA": "LOS ANGELES", "MUNICIPIO": "73483", "ESCENARIO": "E3", "CULTIVO": "Agroforestal", "TIPO_INFRA": "Tipo I - Produccion", "NOMBRE_EQUIP": "Compostaje", "TON_VEREDA": 8825.13, "AREA_HA_VEREDA": 1314.06, "AREA_EQUIP_M2": 2000, "N_EQUIP_TIPO": 5}}, {"type": "Feature", "geometry": {"x": -75.21967569999998, "y": 3.9451931010000294}, "properties": {"OBJECTID": 330, "VEREDA": "LOS ANGELES", "MUNICIPIO": "73483", "ESCENARIO": "E3", "CULTIVO": "Agroforestal", "TIPO_INFRA": "Tipo I - Produccion", "NOMBRE_EQUIP": "Centro campo", "TON_VEREDA": 8825.13, "AREA_HA_VEREDA": 1314.06, "AREA_EQUIP_M2": 2000, "N_EQUIP_TIPO": 5}}, {"type": "Feature", "geometry": {"x": -75.07022347599997, "y": 3.5908913580000217}, "properties": {"OBJECTID": 331, "VEREDA": "LOS ANGELES", "MUNICIPIO": "73483", "ESCENARIO": "E3", "CULTIVO": "Agroforestal", "TIPO_INFRA": "Tipo II - Transformacion", "NOMBRE_EQUIP": "Aserradero comunitario", "TON_VEREDA": 8825.13, "AREA_HA_VEREDA": 1314.06, "AREA_EQUIP_M2": 5000, "N_EQUIP_TIPO": 3}}, {"type": "Feature", "geometry": {"x": -75.06385682399997, "y": 3.5855545180000377}, "properties": {"OBJECTID": 332, "VEREDA": "LOS ANGELES", "MUNICIPIO": "73483", "ESCENARIO": "E3", "CULTIVO": "Agroforestal", "TIPO_INFRA": "Tipo II - Transformacion", "NOMBRE_EQUIP": "Planta no maderables", "TON_VEREDA": 8825.13, "AREA_HA_VEREDA": 1314.06, "AREA_EQUIP_M2": 5000, "N_EQUIP_TIPO": 3}}, {"type": "Feature", "geometry": {"x": -75.06771870299997, "y": 3.5868149000000358}, "properties": {"OBJECTID": 333, "VEREDA": "LOS ANGELES", "MUNICIPIO": "73483", "ESCENARIO": "E3", "CULTIVO": "Agroforestal", "TIPO_INFRA": "Tipo II - Transformacion", "NOMBRE_EQUIP": "Centro carbon vegetal", "TON_VEREDA": 8825.13, "AREA_HA_VEREDA": 1314.06, "AREA_EQUIP_M2": 5000, "N_EQUIP_TIPO": 3}}, {"type": "Feature", "geometry": {"x": -75.22236048699995, "y": 3.9341468580000765}, "properties": {"OBJECTID": 334, "VEREDA": "LOS ANGELES", "MUNICIPIO": "73483", "ESCENARIO": "E3", "CULTIVO": "Agroforestal", "TIPO_INFRA": "Tipo III - Servicios", "NOMBRE_EQUIP": "Centro formacion ambiental", "TON_VEREDA": 8825.13, "AREA_HA_VEREDA": 1314.06, "AREA_EQUIP_M2": 1500, "N_EQUIP_TIPO": 2}}, {"type": "Feature", "geometry": {"x": -75.22124072499997, "y": 3.9397836860000552}, "properties": {"OBJECTID": 335, "VEREDA": "LOS ANGELES", "MUNICIPIO": "73483", "ESCENARIO": "E3", "CULTIVO": "Agroforestal", "TIPO_INFRA": "Tipo III - Servicios", "NOMBRE_EQUIP": "Ecoturismo rural", "TON_VEREDA": 8825.13, "AREA_HA_VEREDA": 1314.06, "AREA_EQUIP_M2": 1500, "N_EQUIP_TIPO": 2}}, {"type": "Feature", "geometry": {"x": -75.16077565799998, "y": 3.6799538030000463}, "properties": {"OBJECTID": 336, "VEREDA": "TAMIRCO", "MUNICIPIO": "73483", "ESCENARIO": "E3", "CULTIVO": "Agroforestal", "TIPO_INFRA": "Tipo I - Produccion", "NOMBRE_EQUIP": "Vivero forestal", "TON_VEREDA": 6859.32, "AREA_HA_VEREDA": 1167.88, "AREA_EQUIP_M2": 2000, "N_EQUIP_TIPO": 5}}, {"type": "Feature", "geometry": {"x": -75.15793838199994, "y": 3.6953556270000263}, "properties": {"OBJECTID": 337, "VEREDA": "TAMIRCO", "MUNICIPIO": "73483", "ESCENARIO": "E3", "CULTIVO": "Agroforestal", "TIPO_INFRA": "Tipo I - Produccion", "NOMBRE_EQUIP": "Sistema silvopastoril", "TON_VEREDA": 6859.32, "AREA_HA_VEREDA": 1167.88, "AREA_EQUIP_M2": 2000, "N_EQUIP_TIPO": 5}}, {"type": "Feature", "geometry": {"x": -75.09052095099997, "y": 3.914425627000071}, "properties": {"OBJECTID": 338, "VEREDA": "TAMIRCO", "MUNICIPIO": "73483", "ESCENARIO": "E3", "CULTIVO": "Agroforestal", "TIPO_INFRA": "Tipo I - Produccion", "NOMBRE_EQUIP": "Banco germoplasma", "TON_VEREDA": 6859.32, "AREA_HA_VEREDA": 1167.88, "AREA_EQUIP_M2": 2000, "N_EQUIP_TIPO": 5}}, {"type": "Feature", "geometry": {"x": -75.03442269699997, "y": 3.563247009000065}, "properties": {"OBJECTID": 339, "VEREDA": "TAMIRCO", "MUNICIPIO": "73483", "ESCENARIO": "E3", "CULTIVO": "Agroforestal", "TIPO_INFRA": "Tipo I - Produccion", "NOMBRE_EQUIP": "Compostaje", "TON_VEREDA": 6859.32, "AREA_HA_VEREDA": 1167.88, "AREA_EQUIP_M2": 2000, "N_EQUIP_TIPO": 5}}, {"type": "Feature", "geometry": {"x": -75.08288105299994, "y": 3.6205677320000405}, "properties": {"OBJECTID": 340, "VEREDA": "TAMIRCO", "MUNICIPIO": "73483", "ESCENARIO": "E3", "CULTIVO": "Agroforestal", "TIPO_INFRA": "Tipo I - Produccion", "NOMBRE_EQUIP": "Centro campo", "TON_VEREDA": 6859.32, "AREA_HA_VEREDA": 1167.88, "AREA_EQUIP_M2": 2000, "N_EQUIP_TIPO": 5}}, {"type": "Feature", "geometry": {"x": -75.04261532799995, "y": 3.610770774000059}, "properties": {"OBJECTID": 341, "VEREDA": "TAMIRCO", "MUNICIPIO": "73483", "ESCENARIO": "E3", "CULTIVO": "Agroforestal", "TIPO_INFRA": "Tipo II - Transformacion", "NOMBRE_EQUIP": "Aserradero comunitario", "TON_VEREDA": 6859.32, "AREA_HA_VEREDA": 1167.88, "AREA_EQUIP_M2": 4615.6, "N_EQUIP_TIPO": 3}}, {"type": "Feature", "geometry": {"x": -75.04300158799998, "y": 3.6139873970000735}, "properties": {"OBJECTID": 342, "VEREDA": "TAMIRCO", "MUNICIPIO": "73483", "ESCENARIO": "E3", "CULTIVO": "Agroforestal", "TIPO_INFRA": "Tipo II - Transformacion", "NOMBRE_EQUIP": "Planta no maderables", "TON_VEREDA": 6859.32, "AREA_HA_VEREDA": 1167.88, "AREA_EQUIP_M2": 4615.6, "N_EQUIP_TIPO": 3}}, {"type": "Feature", "geometry": {"x": -75.04842836899996, "y": 3.6133122910000566}, "properties": {"OBJECTID": 343, "VEREDA": "TAMIRCO", "MUNICIPIO": "73483", "ESCENARIO": "E3", "CULTIVO": "Agroforestal", "TIPO_INFRA": "Tipo II - Transformacion", "NOMBRE_EQUIP": "Centro carbon vegetal", "TON_VEREDA": 6859.32, "AREA_HA_VEREDA": 1167.88, "AREA_EQUIP_M2": 4615.6, "N_EQUIP_TIPO": 3}}, {"type": "Feature", "geometry": {"x": -75.23936362899997, "y": 3.8880232610000576}, "properties": {"OBJECTID": 344, "VEREDA": "TAMIRCO", "MUNICIPIO": "73483", "ESCENARIO": "E3", "CULTIVO": "Agroforestal", "TIPO_INFRA": "Tipo III - Servicios", "NOMBRE_EQUIP": "Centro formacion ambiental", "TON_VEREDA": 6859.32, "AREA_HA_VEREDA": 1167.88, "AREA_EQUIP_M2": 1443.2, "N_EQUIP_TIPO": 2}}, {"type": "Feature", "geometry": {"x": -75.19299082599997, "y": 3.796071138000059}, "properties": {"OBJECTID": 345, "VEREDA": "TAMIRCO", "MUNICIPIO": "73483", "ESCENARIO": "E3", "CULTIVO": "Agroforestal", "TIPO_INFRA": "Tipo III - Servicios", "NOMBRE_EQUIP": "Ecoturismo rural", "TON_VEREDA": 6859.32, "AREA_HA_VEREDA": 1167.88, "AREA_EQUIP_M2": 1443.2, "N_EQUIP_TIPO": 2}}, {"type": "Feature", "geometry": {"x": -75.14291193199995, "y": 3.44494105900003}, "properties": {"OBJECTID": 346, "VEREDA": "GUASIMAL", "MUNICIPIO": "73483", "ESCENARIO": "E3", "CULTIVO": "Agroforestal", "TIPO_INFRA": "Tipo I - Produccion", "NOMBRE_EQUIP": "Vivero forestal", "TON_VEREDA": 4120.3, "AREA_HA_VEREDA": 412.07, "AREA_EQUIP_M2": 2000, "N_EQUIP_TIPO": 5}}, {"type": "Feature", "geometry": {"x": -75.16810387499999, "y": 3.692400906000046}, "properties": {"OBJECTID": 347, "VEREDA": "GUASIMAL", "MUNICIPIO": "73483", "ESCENARIO": "E3", "CULTIVO": "Agroforestal", "TIPO_INFRA": "Tipo I - Produccion", "NOMBRE_EQUIP": "Sistema silvopastoril", "TON_VEREDA": 4120.3, "AREA_HA_VEREDA": 412.07, "AREA_EQUIP_M2": 2000, "N_EQUIP_TIPO": 5}}, {"type": "Feature", "geometry": {"x": -75.65230369499994, "y": 4.049911269000063}, "properties": {"OBJECTID": 348, "VEREDA": "GUASIMAL", "MUNICIPIO": "73483", "ESCENARIO": "E3", "CULTIVO": "Agroforestal", "TIPO_INFRA": "Tipo I - Produccion", "NOMBRE_EQUIP": "Banco germoplasma", "TON_VEREDA": 4120.3, "AREA_HA_VEREDA": 412.07, "AREA_EQUIP_M2": 2000, "N_EQUIP_TIPO": 5}}, {"type": "Feature", "geometry": {"x": -75.03425879599996, "y": 3.8172189440000466}, "properties": {"OBJECTID": 349, "VEREDA": "GUASIMAL", "MUNICIPIO": "73483", "ESCENARIO": "E3", "CULTIVO": "Agroforestal", "TIPO_INFRA": "Tipo I - Produccion", "NOMBRE_EQUIP": "Compostaje", "TON_VEREDA": 4120.3, "AREA_HA_VEREDA": 412.07, "AREA_EQUIP_M2": 2000, "N_EQUIP_TIPO": 5}}, {"type": "Feature", "geometry": {"x": -75.16842910699995, "y": 3.686187420000067}, "properties": {"OBJECTID": 350, "VEREDA": "GUASIMAL", "MUNICIPIO": "73483", "ESCENARIO": "E3", "CULTIVO": "Agroforestal", "TIPO_INFRA": "Tipo I - Produccion", "NOMBRE_EQUIP": "Centro campo", "TON_VEREDA": 4120.3, "AREA_HA_VEREDA": 412.07, "AREA_EQUIP_M2": 2000, "N_EQUIP_TIPO": 5}}, {"type": "Feature", "geometry": {"x": -75.11910110199995, "y": 3.568975195000064}, "properties": {"OBJECTID": 351, "VEREDA": "GUASIMAL", "MUNICIPIO": "73483", "ESCENARIO": "E3", "CULTIVO": "Agroforestal", "TIPO_INFRA": "Tipo II - Transformacion", "NOMBRE_EQUIP": "Aserradero comunitario", "TON_VEREDA": 4120.3, "AREA_HA_VEREDA": 412.07, "AREA_EQUIP_M2": 2972.2, "N_EQUIP_TIPO": 2}}, {"type": "Feature", "geometry": {"x": -75.11826488099996, "y": 3.5679480970000554}, "properties": {"OBJECTID": 352, "VEREDA": "GUASIMAL", "MUNICIPIO": "73483", "ESCENARIO": "E3", "CULTIVO": "Agroforestal", "TIPO_INFRA": "Tipo II - Transformacion", "NOMBRE_EQUIP": "Planta no maderables", "TON_VEREDA": 4120.3, "AREA_HA_VEREDA": 412.07, "AREA_EQUIP_M2": 2972.2, "N_EQUIP_TIPO": 2}}, {"type": "Feature", "geometry": {"x": -74.98842670799996, "y": 3.6982153490000655}, "properties": {"OBJECTID": 353, "VEREDA": "GUASIMAL", "MUNICIPIO": "73483", "ESCENARIO": "E3", "CULTIVO": "Agroforestal", "TIPO_INFRA": "Tipo III - Servicios", "NOMBRE_EQUIP": "Centro formacion ambiental", "TON_VEREDA": 4120.3, "AREA_HA_VEREDA": 412.07, "AREA_EQUIP_M2": 986.7, "N_EQUIP_TIPO": 2}}, {"type": "Feature", "geometry": {"x": -75.22033851699996, "y": 3.932572404000041}, "properties": {"OBJECTID": 354, "VEREDA": "GUASIMAL", "MUNICIPIO": "73483", "ESCENARIO": "E3", "CULTIVO": "Agroforestal", "TIPO_INFRA": "Tipo III - Servicios", "NOMBRE_EQUIP": "Ecoturismo rural", "TON_VEREDA": 4120.3, "AREA_HA_VEREDA": 412.07, "AREA_EQUIP_M2": 986.7, "N_EQUIP_TIPO": 2}}, {"type": "Feature", "geometry": {"x": -75.14756968699999, "y": 3.448367757000028}, "properties": {"OBJECTID": 355, "VEREDA": "LA VIRGINIA", "MUNICIPIO": "73483", "ESCENARIO": "E3", "CULTIVO": "Agroforestal", "TIPO_INFRA": "Tipo I - Produccion", "NOMBRE_EQUIP": "Vivero forestal", "TON_VEREDA": 1980.09, "AREA_HA_VEREDA": 205.32, "AREA_EQUIP_M2": 2000, "N_EQUIP_TIPO": 4}}, {"type": "Feature", "geometry": {"x": -75.24787317899995, "y": 4.094118170000058}, "properties": {"OBJECTID": 356, "VEREDA": "LA VIRGINIA", "MUNICIPIO": "73483", "ESCENARIO": "E3", "CULTIVO": "Agroforestal", "TIPO_INFRA": "Tipo I - Produccion", "NOMBRE_EQUIP": "Sistema silvopastoril", "TON_VEREDA": 1980.09, "AREA_HA_VEREDA": 205.32, "AREA_EQUIP_M2": 2000, "N_EQUIP_TIPO": 4}}, {"type": "Feature", "geometry": {"x": -75.01137662399998, "y": 3.6689604140000256}, "properties": {"OBJECTID": 357, "VEREDA": "LA VIRGINIA", "MUNICIPIO": "73483", "ESCENARIO": "E3", "CULTIVO": "Agroforestal", "TIPO_INFRA": "Tipo I - Produccion", "NOMBRE_EQUIP": "Banco germoplasma", "TON_VEREDA": 1980.09, "AREA_HA_VEREDA": 205.32, "AREA_EQUIP_M2": 2000, "N_EQUIP_TIPO": 4}}, {"type": "Feature", "geometry": {"x": -75.66771442199996, "y": 4.067583594000041}, "properties": {"OBJECTID": 358, "VEREDA": "LA VIRGINIA", "MUNICIPIO": "73483", "ESCENARIO": "E3", "CULTIVO": "Agroforestal", "TIPO_INFRA": "Tipo I - Produccion", "NOMBRE_EQUIP": "Compostaje", "TON_VEREDA": 1980.09, "AREA_HA_VEREDA": 205.32, "AREA_EQUIP_M2": 2000, "N_EQUIP_TIPO": 4}}, {"type": "Feature", "geometry": {"x": -75.13316076099994, "y": 3.51959676000007}, "properties": {"OBJECTID": 359, "VEREDA": "LA VIRGINIA", "MUNICIPIO": "73483", "ESCENARIO": "E3", "CULTIVO": "Agroforestal", "TIPO_INFRA": "Tipo II - Transformacion", "NOMBRE_EQUIP": "Aserradero comunitario", "TON_VEREDA": 1980.09, "AREA_HA_VEREDA": 205.32, "AREA_EQUIP_M2": 1688.1, "N_EQUIP_TIPO": 1}}, {"type": "Feature", "geometry": {"x": -75.15017396999997, "y": 3.4710613710000757}, "properties": {"OBJECTID": 360, "VEREDA": "LA VIRGINIA", "MUNICIPIO": "73483", "ESCENARIO": "E3", "CULTIVO": "Agroforestal", "TIPO_INFRA": "Tipo III - Servicios", "NOMBRE_EQUIP": "Centro formacion ambiental", "TON_VEREDA": 1980.09, "AREA_HA_VEREDA": 205.32, "AREA_EQUIP_M2": 630, "N_EQUIP_TIPO": 2}}, {"type": "Feature", "geometry": {"x": -75.14084750899997, "y": 3.9394307460000277}, "properties": {"OBJECTID": 361, "VEREDA": "LA VIRGINIA", "MUNICIPIO": "73483", "ESCENARIO": "E3", "CULTIVO": "Agroforestal", "TIPO_INFRA": "Tipo III - Servicios", "NOMBRE_EQUIP": "Ecoturismo rural", "TON_VEREDA": 1980.09, "AREA_HA_VEREDA": 205.32, "AREA_EQUIP_M2": 630, "N_EQUIP_TIPO": 2}}, {"type": "Feature", "geometry": {"x": -75.16811622399996, "y": 3.483991599000035}, "properties": {"OBJECTID": 362, "VEREDA": "VELU", "MUNICIPIO": "73483", "ESCENARIO": "E3", "CULTIVO": "Agroforestal", "TIPO_INFRA": "Tipo I - Produccion", "NOMBRE_EQUIP": "Vivero forestal", "TON_VEREDA": 8792.3, "AREA_HA_VEREDA": 1068.6, "AREA_EQUIP_M2": 2000, "N_EQUIP_TIPO": 5}}, {"type": "Feature", "geometry": {"x": -75.08167645699996, "y": 3.4455713190000665}, "properties": {"OBJECTID": 363, "VEREDA": "VELU", "MUNICIPIO": "73483", "ESCENARIO": "E3", "CULTIVO": "Agroforestal", "TIPO_INFRA": "Tipo I - Produccion", "NOMBRE_EQUIP": "Sistema silvopastoril", "TON_VEREDA": 8792.3, "AREA_HA_VEREDA": 1068.6, "AREA_EQUIP_M2": 2000, "N_EQUIP_TIPO": 5}}, {"type": "Feature", "geometry": {"x": -75.20373718099995, "y": 3.9296810740000296}, "properties": {"OBJECTID": 364, "VEREDA": "VELU", "MUNICIPIO": "73483", "ESCENARIO": "E3", "CULTIVO": "Agroforestal", "TIPO_INFRA": "Tipo I - Produccion", "NOMBRE_EQUIP": "Banco germoplasma", "TON_VEREDA": 8792.3, "AREA_HA_VEREDA": 1068.6, "AREA_EQUIP_M2": 2000, "N_EQUIP_TIPO": 5}}, {"type": "Feature", "geometry": {"x": -75.07091887099995, "y": 3.666225771000029}, "properties": {"OBJECTID": 365, "VEREDA": "VELU", "MUNICIPIO": "73483", "ESCENARIO": "E3", "CULTIVO": "Agroforestal", "TIPO_INFRA": "Tipo I - Produccion", "NOMBRE_EQUIP": "Compostaje", "TON_VEREDA": 8792.3, "AREA_HA_VEREDA": 1068.6, "AREA_EQUIP_M2": 2000, "N_EQUIP_TIPO": 5}}, {"type": "Feature", "geometry": {"x": -75.13814878899996, "y": 3.436299211000062}, "properties": {"OBJECTID": 366, "VEREDA": "VELU", "MUNICIPIO": "73483", "ESCENARIO": "E3", "CULTIVO": "Agroforestal", "TIPO_INFRA": "Tipo I - Produccion", "NOMBRE_EQUIP": "Centro campo", "TON_VEREDA": 8792.3, "AREA_HA_VEREDA": 1068.6, "AREA_EQUIP_M2": 2000, "N_EQUIP_TIPO": 5}}, {"type": "Feature", "geometry": {"x": -75.09443114699997, "y": 3.541368867000074}, "properties": {"OBJECTID": 367, "VEREDA": "VELU", "MUNICIPIO": "73483", "ESCENARIO": "E3", "CULTIVO": "Agroforestal", "TIPO_INFRA": "Tipo II - Transformacion", "NOMBRE_EQUIP": "Aserradero comunitario", "TON_VEREDA": 8792.3, "AREA_HA_VEREDA": 1068.6, "AREA_EQUIP_M2": 5000, "N_EQUIP_TIPO": 3}}, {"type": "Feature", "geometry": {"x": -75.09529831799995, "y": 3.5336795010000515}, "properties": {"OBJECTID": 368, "VEREDA": "VELU", "MUNICIPIO": "73483", "ESCENARIO": "E3", "CULTIVO": "Agroforestal", "TIPO_INFRA": "Tipo II - Transformacion", "NOMBRE_EQUIP": "Planta no maderables", "TON_VEREDA": 8792.3, "AREA_HA_VEREDA": 1068.6, "AREA_EQUIP_M2": 5000, "N_EQUIP_TIPO": 3}}, {"type": "Feature", "geometry": {"x": -75.09485985499998, "y": 3.535456980000049}, "properties": {"OBJECTID": 369, "VEREDA": "VELU", "MUNICIPIO": "73483", "ESCENARIO": "E3", "CULTIVO": "Agroforestal", "TIPO_INFRA": "Tipo II - Transformacion", "NOMBRE_EQUIP": "Centro carbon vegetal", "TON_VEREDA": 8792.3, "AREA_HA_VEREDA": 1068.6, "AREA_EQUIP_M2": 5000, "N_EQUIP_TIPO": 3}}, {"type": "Feature", "geometry": {"x": -75.19634477899996, "y": 3.796911201000057}, "properties": {"OBJECTID": 370, "VEREDA": "VELU", "MUNICIPIO": "73483", "ESCENARIO": "E3", "CULTIVO": "Agroforestal", "TIPO_INFRA": "Tipo III - Servicios", "NOMBRE_EQUIP": "Centro formacion ambiental", "TON_VEREDA": 8792.3, "AREA_HA_VEREDA": 1068.6, "AREA_EQUIP_M2": 1500, "N_EQUIP_TIPO": 2}}, {"type": "Feature", "geometry": {"x": -75.14010250899997, "y": 3.733712550000064}, "properties": {"OBJECTID": 371, "VEREDA": "VELU", "MUNICIPIO": "73483", "ESCENARIO": "E3", "CULTIVO": "Agroforestal", "TIPO_INFRA": "Tipo III - Servicios", "NOMBRE_EQUIP": "Ecoturismo rural", "TON_VEREDA": 8792.3, "AREA_HA_VEREDA": 1068.6, "AREA_EQUIP_M2": 1500, "N_EQUIP_TIPO": 2}}, {"type": "Feature", "geometry": {"x": -75.15251100099994, "y": 3.666209482000056}, "properties": {"OBJECTID": 372, "VEREDA": "POCHARCO", "MUNICIPIO": "73483", "ESCENARIO": "E3", "CULTIVO": "Agroforestal", "TIPO_INFRA": "Tipo I - Produccion", "NOMBRE_EQUIP": "Vivero forestal", "TON_VEREDA": 8686.7, "AREA_HA_VEREDA": 1704.36, "AREA_EQUIP_M2": 2000, "N_EQUIP_TIPO": 5}}, {"type": "Feature", "geometry": {"x": -75.21823998599996, "y": 4.10268601100006}, "properties": {"OBJECTID": 373, "VEREDA": "POCHARCO", "MUNICIPIO": "73483", "ESCENARIO": "E3", "CULTIVO": "Agroforestal", "TIPO_INFRA": "Tipo I - Produccion", "NOMBRE_EQUIP": "Sistema silvopastoril", "TON_VEREDA": 8686.7, "AREA_HA_VEREDA": 1704.36, "AREA_EQUIP_M2": 2000, "N_EQUIP_TIPO": 5}}, {"type": "Feature", "geometry": {"x": -75.25087760299994, "y": 4.06367091900006}, "properties": {"OBJECTID": 374, "VEREDA": "POCHARCO", "MUNICIPIO": "73483", "ESCENARIO": "E3", "CULTIVO": "Agroforestal", "TIPO_INFRA": "Tipo I - Produccion", "NOMBRE_EQUIP": "Banco germoplasma", "TON_VEREDA": 8686.7, "AREA_HA_VEREDA": 1704.36, "AREA_EQUIP_M2": 2000, "N_EQUIP_TIPO": 5}}, {"type": "Feature", "geometry": {"x": -75.61627124799998, "y": 3.993650065000054}, "properties": {"OBJECTID": 375, "VEREDA": "POCHARCO", "MUNICIPIO": "73483", "ESCENARIO": "E3", "CULTIVO": "Agroforestal", "TIPO_INFRA": "Tipo I - Produccion", "NOMBRE_EQUIP": "Compostaje", "TON_VEREDA": 8686.7, "AREA_HA_VEREDA": 1704.36, "AREA_EQUIP_M2": 2000, "N_EQUIP_TIPO": 5}}, {"type": "Feature", "geometry": {"x": -75.67752804499997, "y": 4.05217355000002}, "properties": {"OBJECTID": 376, "VEREDA": "POCHARCO", "MUNICIPIO": "73483", "ESCENARIO": "E3", "CULTIVO": "Agroforestal", "TIPO_INFRA": "Tipo I - Produccion", "NOMBRE_EQUIP": "Centro campo", "TON_VEREDA": 8686.7, "AREA_HA_VEREDA": 1704.36, "AREA_EQUIP_M2": 2000, "N_EQUIP_TIPO": 5}}, {"type": "Feature", "geometry": {"x": -75.02607823199997, "y": 3.63344612100002}, "properties": {"OBJECTID": 377, "VEREDA": "POCHARCO", "MUNICIPIO": "73483", "ESCENARIO": "E3", "CULTIVO": "Agroforestal", "TIPO_INFRA": "Tipo II - Transformacion", "NOMBRE_EQUIP": "Aserradero comunitario", "TON_VEREDA": 8686.7, "AREA_HA_VEREDA": 1704.36, "AREA_EQUIP_M2": 5000, "N_EQUIP_TIPO": 3}}, {"type": "Feature", "geometry": {"x": -75.02694528199999, "y": 3.631441002000031}, "properties": {"OBJECTID": 378, "VEREDA": "POCHARCO", "MUNICIPIO": "73483", "ESCENARIO": "E3", "CULTIVO": "Agroforestal", "TIPO_INFRA": "Tipo II - Transformacion", "NOMBRE_EQUIP": "Planta no maderables", "TON_VEREDA": 8686.7, "AREA_HA_VEREDA": 1704.36, "AREA_EQUIP_M2": 5000, "N_EQUIP_TIPO": 3}}, {"type": "Feature", "geometry": {"x": -75.02934903399995, "y": 3.6348357660000374}, "properties": {"OBJECTID": 379, "VEREDA": "POCHARCO", "MUNICIPIO": "73483", "ESCENARIO": "E3", "CULTIVO": "Agroforestal", "TIPO_INFRA": "Tipo II - Transformacion", "NOMBRE_EQUIP": "Centro carbon vegetal", "TON_VEREDA": 8686.7, "AREA_HA_VEREDA": 1704.36, "AREA_EQUIP_M2": 5000, "N_EQUIP_TIPO": 3}}, {"type": "Feature", "geometry": {"x": -75.22651464999996, "y": 3.7798284570000646}, "properties": {"OBJECTID": 380, "VEREDA": "POCHARCO", "MUNICIPIO": "73483", "ESCENARIO": "E3", "CULTIVO": "Agroforestal", "TIPO_INFRA": "Tipo III - Servicios", "NOMBRE_EQUIP": "Centro formacion ambiental", "TON_VEREDA": 8686.7, "AREA_HA_VEREDA": 1704.36, "AREA_EQUIP_M2": 1500, "N_EQUIP_TIPO": 2}}, {"type": "Feature", "geometry": {"x": -75.21869709999999, "y": 3.9386839000000577}, "properties": {"OBJECTID": 381, "VEREDA": "POCHARCO", "MUNICIPIO": "73483", "ESCENARIO": "E3", "CULTIVO": "Agroforestal", "TIPO_INFRA": "Tipo III - Servicios", "NOMBRE_EQUIP": "Ecoturismo rural", "TON_VEREDA": 8686.7, "AREA_HA_VEREDA": 1704.36, "AREA_EQUIP_M2": 1500, "N_EQUIP_TIPO": 2}}, {"type": "Feature", "geometry": {"x": -75.22740361099994, "y": 3.970482860000061}, "properties": {"OBJECTID": 382, "VEREDA": "BATEAS", "MUNICIPIO": "73483", "ESCENARIO": "E3", "CULTIVO": "Agroforestal", "TIPO_INFRA": "Tipo I - Produccion", "NOMBRE_EQUIP": "Vivero forestal", "TON_VEREDA": 5007.35, "AREA_HA_VEREDA": 818.02, "AREA_EQUIP_M2": 2000, "N_EQUIP_TIPO": 5}}, {"type": "Feature", "geometry": {"x": -75.06265612199996, "y": 3.6406196060000298}, "properties": {"OBJECTID": 383, "VEREDA": "BATEAS", "MUNICIPIO": "73483", "ESCENARIO": "E3", "CULTIVO": "Agroforestal", "TIPO_INFRA": "Tipo I - Produccion", "NOMBRE_EQUIP": "Sistema silvopastoril", "TON_VEREDA": 5007.35, "AREA_HA_VEREDA": 818.02, "AREA_EQUIP_M2": 2000, "N_EQUIP_TIPO": 5}}, {"type": "Feature", "geometry": {"x": -75.07776211299995, "y": 3.817771612000058}, "properties": {"OBJECTID": 384, "VEREDA": "BATEAS", "MUNICIPIO": "73483", "ESCENARIO": "E3", "CULTIVO": "Agroforestal", "TIPO_INFRA": "Tipo I - Produccion", "NOMBRE_EQUIP": "Banco germoplasma", "TON_VEREDA": 5007.35, "AREA_HA_VEREDA": 818.02, "AREA_EQUIP_M2": 2000, "N_EQUIP_TIPO": 5}}, {"type": "Feature", "geometry": {"x": -75.17249447899997, "y": 3.705933812000069}, "properties": {"OBJECTID": 385, "VEREDA": "BATEAS", "MUNICIPIO": "73483", "ESCENARIO": "E3", "CULTIVO": "Agroforestal", "TIPO_INFRA": "Tipo I - Produccion", "NOMBRE_EQUIP": "Compostaje", "TON_VEREDA": 5007.35, "AREA_HA_VEREDA": 818.02, "AREA_EQUIP_M2": 2000, "N_EQUIP_TIPO": 5}}, {"type": "Feature", "geometry": {"x": -74.97491959499996, "y": 3.7147066710000445}, "properties": {"OBJECTID": 386, "VEREDA": "BATEAS", "MUNICIPIO": "73483", "ESCENARIO": "E3", "CULTIVO": "Agroforestal", "TIPO_INFRA": "Tipo I - Produccion", "NOMBRE_EQUIP": "Centro campo", "TON_VEREDA": 5007.35, "AREA_HA_VEREDA": 818.02, "AREA_EQUIP_M2": 2000, "N_EQUIP_TIPO": 5}}, {"type": "Feature", "geometry": {"x": -75.03533617399995, "y": 3.5758635610000624}, "properties": {"OBJECTID": 387, "VEREDA": "BATEAS", "MUNICIPIO": "73483", "ESCENARIO": "E3", "CULTIVO": "Agroforestal", "TIPO_INFRA": "Tipo II - Transformacion", "NOMBRE_EQUIP": "Aserradero comunitario", "TON_VEREDA": 5007.35, "AREA_HA_VEREDA": 818.02, "AREA_EQUIP_M2": 3504.4, "N_EQUIP_TIPO": 3}}, {"type": "Feature", "geometry": {"x": -75.03350081799994, "y": 3.574148254000022}, "properties": {"OBJECTID": 388, "VEREDA": "BATEAS", "MUNICIPIO": "73483", "ESCENARIO": "E3", "CULTIVO": "Agroforestal", "TIPO_INFRA": "Tipo II - Transformacion", "NOMBRE_EQUIP": "Planta no maderables", "TON_VEREDA": 5007.35, "AREA_HA_VEREDA": 818.02, "AREA_EQUIP_M2": 3504.4, "N_EQUIP_TIPO": 3}}, {"type": "Feature", "geometry": {"x": -75.03378454999995, "y": 3.5801300240000273}, "properties": {"OBJECTID": 389, "VEREDA": "BATEAS", "MUNICIPIO": "73483", "ESCENARIO": "E3", "CULTIVO": "Agroforestal", "TIPO_INFRA": "Tipo II - Transformacion", "NOMBRE_EQUIP": "Centro carbon vegetal", "TON_VEREDA": 5007.35, "AREA_HA_VEREDA": 818.02, "AREA_EQUIP_M2": 3504.4, "N_EQUIP_TIPO": 3}}, {"type": "Feature", "geometry": {"x": -75.15205264699995, "y": 3.869612152000059}, "properties": {"OBJECTID": 390, "VEREDA": "BATEAS", "MUNICIPIO": "73483", "ESCENARIO": "E3", "CULTIVO": "Agroforestal", "TIPO_INFRA": "Tipo III - Servicios", "NOMBRE_EQUIP": "Centro formacion ambiental", "TON_VEREDA": 5007.35, "AREA_HA_VEREDA": 818.02, "AREA_EQUIP_M2": 1134.6, "N_EQUIP_TIPO": 2}}, {"type": "Feature", "geometry": {"x": -75.11501564899999, "y": 3.775562950000051}, "properties": {"OBJECTID": 391, "VEREDA": "BATEAS", "MUNICIPIO": "73483", "ESCENARIO": "E3", "CULTIVO": "Agroforestal", "TIPO_INFRA": "Tipo III - Servicios", "NOMBRE_EQUIP": "Ecoturismo rural", "TON_VEREDA": 5007.35, "AREA_HA_VEREDA": 818.02, "AREA_EQUIP_M2": 1134.6, "N_EQUIP_TIPO": 2}}, {"type": "Feature", "geometry": {"x": -75.05748183599997, "y": 3.804931399000054}, "properties": {"OBJECTID": 392, "VEREDA": "PLANES-POCHARCO", "MUNICIPIO": "73483", "ESCENARIO": "E3", "CULTIVO": "Maiz", "TIPO_INFRA": "Tipo I - Produccion", "NOMBRE_EQUIP": "Almacen semillas", "TON_VEREDA": 162.38, "AREA_HA_VEREDA": 32.46, "AREA_EQUIP_M2": 459.8, "N_EQUIP_TIPO": 1}}, {"type": "Feature", "geometry": {"x": -75.00882111099997, "y": 3.6044154510000226}, "properties": {"OBJECTID": 393, "VEREDA": "PLANES-POCHARCO", "MUNICIPIO": "73483", "ESCENARIO": "E3", "CULTIVO": "Maiz", "TIPO_INFRA": "Tipo II - Transformacion", "NOMBRE_EQUIP": "Planta secado maiz", "TON_VEREDA": 162.38, "AREA_HA_VEREDA": 32.46, "AREA_EQUIP_M2": 597.4, "N_EQUIP_TIPO": 1}}, {"type": "Feature", "geometry": {"x": -75.22267124799998, "y": 3.9337607810000463}, "properties": {"OBJECTID": 394, "VEREDA": "PLANES-POCHARCO", "MUNICIPIO": "73483", "ESCENARIO": "E3", "CULTIVO": "Maiz", "TIPO_INFRA": "Tipo III - Servicios", "NOMBRE_EQUIP": "Escuela maiceros", "TON_VEREDA": 162.38, "AREA_HA_VEREDA": 32.46, "AREA_EQUIP_M2": 327.1, "N_EQUIP_TIPO": 2}}, {"type": "Feature", "geometry": {"x": -75.10864432899996, "y": 3.5639833590000762}, "properties": {"OBJECTID": 395, "VEREDA": "PLANES-POCHARCO", "MUNICIPIO": "73483", "ESCENARIO": "E3", "CULTIVO": "Maiz", "TIPO_INFRA": "Tipo III - Servicios", "NOMBRE_EQUIP": "Centro mecanizacion", "TON_VEREDA": 162.38, "AREA_HA_VEREDA": 32.46, "AREA_EQUIP_M2": 327.1, "N_EQUIP_TIPO": 2}}, {"type": "Feature", "geometry": {"x": -75.30084626099995, "y": 3.9642503230000443}, "properties": {"OBJECTID": 396, "VEREDA": "YAVI", "MUNICIPIO": "73483", "ESCENARIO": "E3", "CULTIVO": "Maiz", "TIPO_INFRA": "Tipo I - Produccion", "NOMBRE_EQUIP": "Almacen semillas", "TON_VEREDA": 7007.6, "AREA_HA_VEREDA": 1256.02, "AREA_EQUIP_M2": 2000, "N_EQUIP_TIPO": 5}}, {"type": "Feature", "geometry": {"x": -75.07661174799995, "y": 3.55762375300003}, "properties": {"OBJECTID": 397, "VEREDA": "YAVI", "MUNICIPIO": "73483", "ESCENARIO": "E3", "CULTIVO": "Maiz", "TIPO_INFRA": "Tipo I - Produccion", "NOMBRE_EQUIP": "Silos campo", "TON_VEREDA": 7007.6, "AREA_HA_VEREDA": 1256.02, "AREA_EQUIP_M2": 2000, "N_EQUIP_TIPO": 5}}, {"type": "Feature", "geometry": {"x": -75.21983399499999, "y": 4.104845491000049}, "properties": {"OBJECTID": 398, "VEREDA": "YAVI", "MUNICIPIO": "73483", "ESCENARIO": "E3", "CULTIVO": "Maiz", "TIPO_INFRA": "Tipo I - Produccion", "NOMBRE_EQUIP": "Maquinaria agricola", "TON_VEREDA": 7007.6, "AREA_HA_VEREDA": 1256.02, "AREA_EQUIP_M2": 2000, "N_EQUIP_TIPO": 5}}, {"type": "Feature", "geometry": {"x": -75.04616233799999, "y": 3.657062751000069}, "properties": {"OBJECTID": 399, "VEREDA": "YAVI", "MUNICIPIO": "73483", "ESCENARIO": "E3", "CULTIVO": "Maiz", "TIPO_INFRA": "Tipo I - Produccion", "NOMBRE_EQUIP": "Sistema riego", "TON_VEREDA": 7007.6, "AREA_HA_VEREDA": 1256.02, "AREA_EQUIP_M2": 2000, "N_EQUIP_TIPO": 5}}, {"type": "Feature", "geometry": {"x": -75.63453252199997, "y": 4.022864543000026}, "properties": {"OBJECTID": 400, "VEREDA": "YAVI", "MUNICIPIO": "73483", "ESCENARIO": "E3", "CULTIVO": "Maiz", "TIPO_INFRA": "Tipo I - Produccion", "NOMBRE_EQUIP": "Bodega insumos", "TON_VEREDA": 7007.6, "AREA_HA_VEREDA": 1256.02, "AREA_EQUIP_M2": 2000, "N_EQUIP_TIPO": 5}}, {"type": "Feature", "geometry": {"x": -75.00267839199995, "y": 3.662275884000053}, "properties": {"OBJECTID": 401, "VEREDA": "YAVI", "MUNICIPIO": "73483", "ESCENARIO": "E3", "CULTIVO": "Maiz", "TIPO_INFRA": "Tipo II - Transformacion", "NOMBRE_EQUIP": "Planta secado maiz", "TON_VEREDA": 7007.6, "AREA_HA_VEREDA": 1256.02, "AREA_EQUIP_M2": 4704.6, "N_EQUIP_TIPO": 3}}, {"type": "Feature", "geometry": {"x": -74.99982114299996, "y": 3.6593363530000715}, "properties": {"OBJECTID": 402, "VEREDA": "YAVI", "MUNICIPIO": "73483", "ESCENARIO": "E3", "CULTIVO": "Maiz", "TIPO_INFRA": "Tipo II - Transformacion", "NOMBRE_EQUIP": "Molino harinero", "TON_VEREDA": 7007.6, "AREA_HA_VEREDA": 1256.02, "AREA_EQUIP_M2": 4704.6, "N_EQUIP_TIPO": 3}}, {"type": "Feature", "geometry": {"x": -75.00831558199997, "y": 3.6593904990000397}, "properties": {"OBJECTID": 403, "VEREDA": "YAVI", "MUNICIPIO": "73483", "ESCENARIO": "E3", "CULTIVO": "Maiz", "TIPO_INFRA": "Tipo II - Transformacion", "NOMBRE_EQUIP": "Planta concentrados", "TON_VEREDA": 7007.6, "AREA_HA_VEREDA": 1256.02, "AREA_EQUIP_M2": 4704.6, "N_EQUIP_TIPO": 3}}, {"type": "Feature", "geometry": {"x": -75.09998903199994, "y": 3.536123751000048}, "properties": {"OBJECTID": 404, "VEREDA": "YAVI", "MUNICIPIO": "73483", "ESCENARIO": "E3", "CULTIVO": "Maiz", "TIPO_INFRA": "Tipo III - Servicios", "NOMBRE_EQUIP": "Escuela maiceros", "TON_VEREDA": 7007.6, "AREA_HA_VEREDA": 1256.02, "AREA_EQUIP_M2": 1467.9, "N_EQUIP_TIPO": 2}}, {"type": "Feature", "geometry": {"x": -75.19036276899999, "y": 3.4008532480000326}, "properties": {"OBJECTID": 405, "VEREDA": "YAVI", "MUNICIPIO": "73483", "ESCENARIO": "E3", "CULTIVO": "Maiz", "TIPO_INFRA": "Tipo III - Servicios", "NOMBRE_EQUIP": "Centro mecanizacion", "TON_VEREDA": 7007.6, "AREA_HA_VEREDA": 1256.02, "AREA_EQUIP_M2": 1467.9, "N_EQUIP_TIPO": 2}}, {"type": "Feature", "geometry": {"x": -75.14836723999997, "y": 3.7820676520000234}, "properties": {"OBJECTID": 406, "VEREDA": "CALABOZO", "MUNICIPIO": "73504", "ESCENARIO": "E3", "CULTIVO": "Agroforestal", "TIPO_INFRA": "Tipo I - Produccion", "NOMBRE_EQUIP": "Vivero forestal", "TON_VEREDA": 3661.03, "AREA_HA_VEREDA": 569.34, "AREA_EQUIP_M2": 2000, "N_EQUIP_TIPO": 5}}, {"type": "Feature", "geometry": {"x": -75.13703231199997, "y": 4.006684104000044}, "properties": {"OBJECTID": 407, "VEREDA": "CALABOZO", "MUNICIPIO": "73504", "ESCENARIO": "E3", "CULTIVO": "Agroforestal", "TIPO_INFRA": "Tipo I - Produccion", "NOMBRE_EQUIP": "Sistema silvopastoril", "TON_VEREDA": 3661.03, "AREA_HA_VEREDA": 569.34, "AREA_EQUIP_M2": 2000, "N_EQUIP_TIPO": 5}}, {"type": "Feature", "geometry": {"x": -75.27547553599999, "y": 4.042775623000068}, "properties": {"OBJECTID": 408, "VEREDA": "CALABOZO", "MUNICIPIO": "73504", "ESCENARIO": "E3", "CULTIVO": "Agroforestal", "TIPO_INFRA": "Tipo I - Produccion", "NOMBRE_EQUIP": "Banco germoplasma", "TON_VEREDA": 3661.03, "AREA_HA_VEREDA": 569.34, "AREA_EQUIP_M2": 2000, "N_EQUIP_TIPO": 5}}, {"type": "Feature", "geometry": {"x": -75.32723773199996, "y": 3.8086843790000557}, "properties": {"OBJECTID": 409, "VEREDA": "CALABOZO", "MUNICIPIO": "73504", "ESCENARIO": "E3", "CULTIVO": "Agroforestal", "TIPO_INFRA": "Tipo I - Produccion", "NOMBRE_EQUIP": "Compostaje", "TON_VEREDA": 3661.03, "AREA_HA_VEREDA": 569.34, "AREA_EQUIP_M2": 2000, "N_EQUIP_TIPO": 5}}, {"type": "Feature", "geometry": {"x": -75.12076847299994, "y": 3.9846942540000327}, "properties": {"OBJECTID": 410, "VEREDA": "CALABOZO", "MUNICIPIO": "73504", "ESCENARIO": "E3", "CULTIVO": "Agroforestal", "TIPO_INFRA": "Tipo I - Produccion", "NOMBRE_EQUIP": "Centro campo", "TON_VEREDA": 3661.03, "AREA_HA_VEREDA": 569.34, "AREA_EQUIP_M2": 2000, "N_EQUIP_TIPO": 5}}, {"type": "Feature", "geometry": {"x": -75.23187325799995, "y": 4.087931123000033}, "properties": {"OBJECTID": 411, "VEREDA": "CALABOZO", "MUNICIPIO": "73504", "ESCENARIO": "E3", "CULTIVO": "Agroforestal", "TIPO_INFRA": "Tipo II - Transformacion", "NOMBRE_EQUIP": "Aserradero comunitario", "TON_VEREDA": 3661.03, "AREA_HA_VEREDA": 569.34, "AREA_EQUIP_M2": 2696.6, "N_EQUIP_TIPO": 2}}, {"type": "Feature", "geometry": {"x": -75.22931047099996, "y": 4.0840524860000755}, "properties": {"OBJECTID": 412, "VEREDA": "CALABOZO", "MUNICIPIO": "73504", "ESCENARIO": "E3", "CULTIVO": "Agroforestal", "TIPO_INFRA": "Tipo II - Transformacion", "NOMBRE_EQUIP": "Planta no maderables", "TON_VEREDA": 3661.03, "AREA_HA_VEREDA": 569.34, "AREA_EQUIP_M2": 2696.6, "N_EQUIP_TIPO": 2}}, {"type": "Feature", "geometry": {"x": -75.19138596899995, "y": 3.7953751070000408}, "properties": {"OBJECTID": 413, "VEREDA": "CALABOZO", "MUNICIPIO": "73504", "ESCENARIO": "E3", "CULTIVO": "Agroforestal", "TIPO_INFRA": "Tipo III - Servicios", "NOMBRE_EQUIP": "Centro formacion ambiental", "TON_VEREDA": 3661.03, "AREA_HA_VEREDA": 569.34, "AREA_EQUIP_M2": 910.2, "N_EQUIP_TIPO": 2}}, {"type": "Feature", "geometry": {"x": -75.22480192199998, "y": 3.9349318720000497}, "properties": {"OBJECTID": 414, "VEREDA": "CALABOZO", "MUNICIPIO": "73504", "ESCENARIO": "E3", "CULTIVO": "Agroforestal", "TIPO_INFRA": "Tipo III - Servicios", "NOMBRE_EQUIP": "Ecoturismo rural", "TON_VEREDA": 3661.03, "AREA_HA_VEREDA": 569.34, "AREA_EQUIP_M2": 910.2, "N_EQUIP_TIPO": 2}}, {"type": "Feature", "geometry": {"x": -75.32700240799994, "y": 3.7988721530000475}, "properties": {"OBJECTID": 415, "VEREDA": "GUAVIO-CALABOZO", "MUNICIPIO": "73504", "ESCENARIO": "E3", "CULTIVO": "Agroforestal", "TIPO_INFRA": "Tipo I - Produccion", "NOMBRE_EQUIP": "Vivero forestal", "TON_VEREDA": 4219.55, "AREA_HA_VEREDA": 739.67, "AREA_EQUIP_M2": 2000, "N_EQUIP_TIPO": 5}}, {"type": "Feature", "geometry": {"x": -75.04421114299998, "y": 3.8103680510000686}, "properties": {"OBJECTID": 416, "VEREDA": "GUAVIO-CALABOZO", "MUNICIPIO": "73504", "ESCENARIO": "E3", "CULTIVO": "Agroforestal", "TIPO_INFRA": "Tipo I - Produccion", "NOMBRE_EQUIP": "Sistema silvopastoril", "TON_VEREDA": 4219.55, "AREA_HA_VEREDA": 739.67, "AREA_EQUIP_M2": 2000, "N_EQUIP_TIPO": 5}}, {"type": "Feature", "geometry": {"x": -75.15702737499998, "y": 3.470634136000058}, "properties": {"OBJECTID": 417, "VEREDA": "GUAVIO-CALABOZO", "MUNICIPIO": "73504", "ESCENARIO": "E3", "CULTIVO": "Agroforestal", "TIPO_INFRA": "Tipo I - Produccion", "NOMBRE_EQUIP": "Banco germoplasma", "TON_VEREDA": 4219.55, "AREA_HA_VEREDA": 739.67, "AREA_EQUIP_M2": 2000, "N_EQUIP_TIPO": 5}}, {"type": "Feature", "geometry": {"x": -75.26726814699998, "y": 4.044631142000071}, "properties": {"OBJECTID": 418, "VEREDA": "GUAVIO-CALABOZO", "MUNICIPIO": "73504", "ESCENARIO": "E3", "CULTIVO": "Agroforestal", "TIPO_INFRA": "Tipo I - Produccion", "NOMBRE_EQUIP": "Compostaje", "TON_VEREDA": 4219.55, "AREA_HA_VEREDA": 739.67, "AREA_EQUIP_M2": 2000, "N_EQUIP_TIPO": 5}}, {"type": "Feature", "geometry": {"x": -75.06447706799997, "y": 3.6611880260000476}, "properties": {"OBJECTID": 419, "VEREDA": "GUAVIO-CALABOZO", "MUNICIPIO": "73504", "ESCENARIO": "E3", "CULTIVO": "Agroforestal", "TIPO_INFRA": "Tipo I - Produccion", "NOMBRE_EQUIP": "Centro campo", "TON_VEREDA": 4219.55, "AREA_HA_VEREDA": 739.67, "AREA_EQUIP_M2": 2000, "N_EQUIP_TIPO": 5}}, {"type": "Feature", "geometry": {"x": -75.23091891099995, "y": 4.055874060000065}, "properties": {"OBJECTID": 420, "VEREDA": "GUAVIO-CALABOZO", "MUNICIPIO": "73504", "ESCENARIO": "E3", "CULTIVO": "Agroforestal", "TIPO_INFRA": "Tipo II - Transformacion", "NOMBRE_EQUIP": "Aserradero comunitario", "TON_VEREDA": 4219.55, "AREA_HA_VEREDA": 739.67, "AREA_EQUIP_M2": 3031.7, "N_EQUIP_TIPO": 2}}, {"type": "Feature", "geometry": {"x": -75.22914914299997, "y": 4.055452099000036}, "properties": {"OBJECTID": 421, "VEREDA": "GUAVIO-CALABOZO", "MUNICIPIO": "73504", "ESCENARIO": "E3", "CULTIVO": "Agroforestal", "TIPO_INFRA": "Tipo II - Transformacion", "NOMBRE_EQUIP": "Planta no maderables", "TON_VEREDA": 4219.55, "AREA_HA_VEREDA": 739.67, "AREA_EQUIP_M2": 3031.7, "N_EQUIP_TIPO": 2}}, {"type": "Feature", "geometry": {"x": -74.99893919999994, "y": 3.764492275000066}, "properties": {"OBJECTID": 422, "VEREDA": "GUAVIO-CALABOZO", "MUNICIPIO": "73504", "ESCENARIO": "E3", "CULTIVO": "Agroforestal", "TIPO_INFRA": "Tipo III - Servicios", "NOMBRE_EQUIP": "Centro formacion ambiental", "TON_VEREDA": 4219.55, "AREA_HA_VEREDA": 739.67, "AREA_EQUIP_M2": 1003.3, "N_EQUIP_TIPO": 2}}, {"type": "Feature", "geometry": {"x": -75.16154398499998, "y": 3.8849024740000573}, "properties": {"OBJECTID": 423, "VEREDA": "GUAVIO-CALABOZO", "MUNICIPIO": "73504", "ESCENARIO": "E3", "CULTIVO": "Agroforestal", "TIPO_INFRA": "Tipo III - Servicios", "NOMBRE_EQUIP": "Ecoturismo rural", "TON_VEREDA": 4219.55, "AREA_HA_VEREDA": 739.67, "AREA_EQUIP_M2": 1003.3, "N_EQUIP_TIPO": 2}}, {"type": "Feature", "geometry": {"x": -75.24921123299998, "y": 4.042635226000073}, "properties": {"OBJECTID": 424, "VEREDA": "EL TRIUNFO", "MUNICIPIO": "73504", "ESCENARIO": "E3", "CULTIVO": "Agroforestal", "TIPO_INFRA": "Tipo I - Produccion", "NOMBRE_EQUIP": "Vivero forestal", "TON_VEREDA": 1193.82, "AREA_HA_VEREDA": 238.76, "AREA_EQUIP_M2": 2000, "N_EQUIP_TIPO": 2}}, {"type": "Feature", "geometry": {"x": -75.31516345599994, "y": 3.965535720000048}, "properties": {"OBJECTID": 425, "VEREDA": "EL TRIUNFO", "MUNICIPIO": "73504", "ESCENARIO": "E3", "CULTIVO": "Agroforestal", "TIPO_INFRA": "Tipo I - Produccion", "NOMBRE_EQUIP": "Sistema silvopastoril", "TON_VEREDA": 1193.82, "AREA_HA_VEREDA": 238.76, "AREA_EQUIP_M2": 2000, "N_EQUIP_TIPO": 2}}, {"type": "Feature", "geometry": {"x": -75.25896140299994, "y": 4.044814787000064}, "properties": {"OBJECTID": 426, "VEREDA": "EL TRIUNFO", "MUNICIPIO": "73504", "ESCENARIO": "E3", "CULTIVO": "Agroforestal", "TIPO_INFRA": "Tipo II - Transformacion", "NOMBRE_EQUIP": "Aserradero comunitario", "TON_VEREDA": 1193.82, "AREA_HA_VEREDA": 238.76, "AREA_EQUIP_M2": 1216.3, "N_EQUIP_TIPO": 1}}, {"type": "Feature", "geometry": {"x": -75.22360128099996, "y": 3.9369644420000327}, "properties": {"OBJECTID": 427, "VEREDA": "EL TRIUNFO", "MUNICIPIO": "73504", "ESCENARIO": "E3", "CULTIVO": "Agroforestal", "TIPO_INFRA": "Tipo III - Servicios", "NOMBRE_EQUIP": "Centro formacion ambiental", "TON_VEREDA": 1193.82, "AREA_HA_VEREDA": 238.76, "AREA_EQUIP_M2": 499, "N_EQUIP_TIPO": 2}}, {"type": "Feature", "geometry": {"x": -75.11638703599994, "y": 3.7613115080000625}, "properties": {"OBJECTID": 428, "VEREDA": "EL TRIUNFO", "MUNICIPIO": "73504", "ESCENARIO": "E3", "CULTIVO": "Agroforestal", "TIPO_INFRA": "Tipo III - Servicios", "NOMBRE_EQUIP": "Ecoturismo rural", "TON_VEREDA": 1193.82, "AREA_HA_VEREDA": 238.76, "AREA_EQUIP_M2": 499, "N_EQUIP_TIPO": 2}}, {"type": "Feature", "geometry": {"x": -75.05384357299994, "y": 3.6586757560000365}, "properties": {"OBJECTID": 429, "VEREDA": "FLAUTILLO", "MUNICIPIO": "73504", "ESCENARIO": "E3", "CULTIVO": "Agroforestal", "TIPO_INFRA": "Tipo I - Produccion", "NOMBRE_EQUIP": "Vivero forestal", "TON_VEREDA": 607.32, "AREA_HA_VEREDA": 79.89, "AREA_EQUIP_M2": 1171.7, "N_EQUIP_TIPO": 1}}, {"type": "Feature", "geometry": {"x": -75.20280951399997, "y": 4.012771808000025}, "properties": {"OBJECTID": 430, "VEREDA": "FLAUTILLO", "MUNICIPIO": "73504", "ESCENARIO": "E3", "CULTIVO": "Agroforestal", "TIPO_INFRA": "Tipo II - Transformacion", "NOMBRE_EQUIP": "Aserradero comunitario", "TON_VEREDA": 607.32, "AREA_HA_VEREDA": 79.89, "AREA_EQUIP_M2": 864.4, "N_EQUIP_TIPO": 1}}, {"type": "Feature", "geometry": {"x": -75.22642705099997, "y": 4.105073900000036}, "properties": {"OBJECTID": 431, "VEREDA": "FLAUTILLO", "MUNICIPIO": "73504", "ESCENARIO": "E3", "CULTIVO": "Agroforestal", "TIPO_INFRA": "Tipo III - Servicios", "NOMBRE_EQUIP": "Centro formacion ambiental", "TON_VEREDA": 607.32, "AREA_HA_VEREDA": 79.89, "AREA_EQUIP_M2": 401.2, "N_EQUIP_TIPO": 2}}, {"type": "Feature", "geometry": {"x": -75.09709573999999, "y": 3.6166962790000525}, "properties": {"OBJECTID": 432, "VEREDA": "FLAUTILLO", "MUNICIPIO": "73504", "ESCENARIO": "E3", "CULTIVO": "Agroforestal", "TIPO_INFRA": "Tipo III - Servicios", "NOMBRE_EQUIP": "Ecoturismo rural", "TON_VEREDA": 607.32, "AREA_HA_VEREDA": 79.89, "AREA_EQUIP_M2": 401.2, "N_EQUIP_TIPO": 2}}, {"type": "Feature", "geometry": {"x": -75.13842186599999, "y": 3.438088144000062}, "properties": {"OBJECTID": 433, "VEREDA": "SAN FRANCISCO", "MUNICIPIO": "73504", "ESCENARIO": "E3", "CULTIVO": "Agroforestal", "TIPO_INFRA": "Tipo I - Produccion", "NOMBRE_EQUIP": "Vivero forestal", "TON_VEREDA": 244.66, "AREA_HA_VEREDA": 24.59, "AREA_EQUIP_M2": 591.5, "N_EQUIP_TIPO": 1}}, {"type": "Feature", "geometry": {"x": -75.14688242299997, "y": 3.9965680430000248}, "properties": {"OBJECTID": 434, "VEREDA": "SAN FRANCISCO", "MUNICIPIO": "73504", "ESCENARIO": "E3", "CULTIVO": "Agroforestal", "TIPO_INFRA": "Tipo II - Transformacion", "NOMBRE_EQUIP": "Aserradero comunitario", "TON_VEREDA": 244.66, "AREA_HA_VEREDA": 24.59, "AREA_EQUIP_M2": 646.8, "N_EQUIP_TIPO": 1}}, {"type": "Feature", "geometry": {"x": -75.09547238799996, "y": 3.6207030450000275}, "properties": {"OBJECTID": 435, "VEREDA": "SAN FRANCISCO", "MUNICIPIO": "73504", "ESCENARIO": "E3", "CULTIVO": "Agroforestal", "TIPO_INFRA": "Tipo III - Servicios", "NOMBRE_EQUIP": "Centro formacion ambiental", "TON_VEREDA": 244.66, "AREA_HA_VEREDA": 24.59, "AREA_EQUIP_M2": 340.8, "N_EQUIP_TIPO": 2}}, {"type": "Feature", "geometry": {"x": -75.18756159399999, "y": 3.439236246000064}, "properties": {"OBJECTID": 436, "VEREDA": "SAN FRANCISCO", "MUNICIPIO": "73504", "ESCENARIO": "E3", "CULTIVO": "Agroforestal", "TIPO_INFRA": "Tipo III - Servicios", "NOMBRE_EQUIP": "Ecoturismo rural", "TON_VEREDA": 244.66, "AREA_HA_VEREDA": 24.59, "AREA_EQUIP_M2": 340.8, "N_EQUIP_TIPO": 2}}, {"type": "Feature", "geometry": {"x": -75.17023305399994, "y": 3.784500597000033}, "properties": {"OBJECTID": 437, "VEREDA": "PUENTE CUCUANA", "MUNICIPIO": "73504", "ESCENARIO": "E3", "CULTIVO": "Agroforestal", "TIPO_INFRA": "Tipo I - Produccion", "NOMBRE_EQUIP": "Vivero forestal", "TON_VEREDA": 1272.89, "AREA_HA_VEREDA": 175.56, "AREA_EQUIP_M2": 2000, "N_EQUIP_TIPO": 3}}, {"type": "Feature", "geometry": {"x": -75.20276293199998, "y": 3.8092146580000303}, "properties": {"OBJECTID": 438, "VEREDA": "PUENTE CUCUANA", "MUNICIPIO": "73504", "ESCENARIO": "E3", "CULTIVO": "Agroforestal", "TIPO_INFRA": "Tipo I - Produccion", "NOMBRE_EQUIP": "Sistema silvopastoril", "TON_VEREDA": 1272.89, "AREA_HA_VEREDA": 175.56, "AREA_EQUIP_M2": 2000, "N_EQUIP_TIPO": 3}}, {"type": "Feature", "geometry": {"x": -75.14011079899996, "y": 3.693763936000039}, "properties": {"OBJECTID": 439, "VEREDA": "PUENTE CUCUANA", "MUNICIPIO": "73504", "ESCENARIO": "E3", "CULTIVO": "Agroforestal", "TIPO_INFRA": "Tipo I - Produccion", "NOMBRE_EQUIP": "Banco germoplasma", "TON_VEREDA": 1272.89, "AREA_HA_VEREDA": 175.56, "AREA_EQUIP_M2": 2000, "N_EQUIP_TIPO": 3}}, {"type": "Feature", "geometry": {"x": -75.10758768699998, "y": 3.968769388000055}, "properties": {"OBJECTID": 440, "VEREDA": "PUENTE CUCUANA", "MUNICIPIO": "73504", "ESCENARIO": "E3", "CULTIVO": "Agroforestal", "TIPO_INFRA": "Tipo II - Transformacion", "NOMBRE_EQUIP": "Aserradero comunitario", "TON_VEREDA": 1272.89, "AREA_HA_VEREDA": 175.56, "AREA_EQUIP_M2": 1263.7, "N_EQUIP_TIPO": 1}}, {"type": "Feature", "geometry": {"x": -75.22510243699998, "y": 3.931454836000057}, "properties": {"OBJECTID": 441, "VEREDA": "PUENTE CUCUANA", "MUNICIPIO": "73504", "ESCENARIO": "E3", "CULTIVO": "Agroforestal", "TIPO_INFRA": "Tipo III - Servicios", "NOMBRE_EQUIP": "Centro formacion ambiental", "TON_VEREDA": 1272.89, "AREA_HA_VEREDA": 175.56, "AREA_EQUIP_M2": 512.1, "N_EQUIP_TIPO": 2}}, {"type": "Feature", "geometry": {"x": -75.18450911699995, "y": 3.9218170220000275}, "properties": {"OBJECTID": 442, "VEREDA": "PUENTE CUCUANA", "MUNICIPIO": "73504", "ESCENARIO": "E3", "CULTIVO": "Agroforestal", "TIPO_INFRA": "Tipo III - Servicios", "NOMBRE_EQUIP": "Ecoturismo rural", "TON_VEREDA": 1272.89, "AREA_HA_VEREDA": 175.56, "AREA_EQUIP_M2": 512.1, "N_EQUIP_TIPO": 2}}, {"type": "Feature", "geometry": {"x": -75.25795654699994, "y": 4.05846959400003}, "properties": {"OBJECTID": 443, "VEREDA": "BOCA DE CUCUANA", "MUNICIPIO": "73504", "ESCENARIO": "E3", "CULTIVO": "Agroforestal", "TIPO_INFRA": "Tipo I - Produccion", "NOMBRE_EQUIP": "Vivero forestal", "TON_VEREDA": 2305.63, "AREA_HA_VEREDA": 341.95, "AREA_EQUIP_M2": 2000, "N_EQUIP_TIPO": 5}}, {"type": "Feature", "geometry": {"x": -75.14076303299998, "y": 4.007481320000068}, "properties": {"OBJECTID": 444, "VEREDA": "BOCA DE CUCUANA", "MUNICIPIO": "73504", "ESCENARIO": "E3", "CULTIVO": "Agroforestal", "TIPO_INFRA": "Tipo I - Produccion", "NOMBRE_EQUIP": "Sistema silvopastoril", "TON_VEREDA": 2305.63, "AREA_HA_VEREDA": 341.95, "AREA_EQUIP_M2": 2000, "N_EQUIP_TIPO": 5}}, {"type": "Feature", "geometry": {"x": -75.28857241599997, "y": 3.708876235000048}, "properties": {"OBJECTID": 445, "VEREDA": "BOCA DE CUCUANA", "MUNICIPIO": "73504", "ESCENARIO": "E3", "CULTIVO": "Agroforestal", "TIPO_INFRA": "Tipo I - Produccion", "NOMBRE_EQUIP": "Banco germoplasma", "TON_VEREDA": 2305.63, "AREA_HA_VEREDA": 341.95, "AREA_EQUIP_M2": 2000, "N_EQUIP_TIPO": 5}}, {"type": "Feature", "geometry": {"x": -75.10918708699995, "y": 3.690135471000076}, "properties": {"OBJECTID": 446, "VEREDA": "BOCA DE CUCUANA", "MUNICIPIO": "73504", "ESCENARIO": "E3", "CULTIVO": "Agroforestal", "TIPO_INFRA": "Tipo I - Produccion", "NOMBRE_EQUIP": "Compostaje", "TON_VEREDA": 2305.63, "AREA_HA_VEREDA": 341.95, "AREA_EQUIP_M2": 2000, "N_EQUIP_TIPO": 5}}, {"type": "Feature", "geometry": {"x": -75.15355074399997, "y": 3.467760156000054}, "properties": {"OBJECTID": 447, "VEREDA": "BOCA DE CUCUANA", "MUNICIPIO": "73504", "ESCENARIO": "E3", "CULTIVO": "Agroforestal", "TIPO_INFRA": "Tipo I - Produccion", "NOMBRE_EQUIP": "Centro campo", "TON_VEREDA": 2305.63, "AREA_HA_VEREDA": 341.95, "AREA_EQUIP_M2": 2000, "N_EQUIP_TIPO": 5}}, {"type": "Feature", "geometry": {"x": -75.09230221899998, "y": 3.937524695000036}, "properties": {"OBJECTID": 448, "VEREDA": "BOCA DE CUCUANA", "MUNICIPIO": "73504", "ESCENARIO": "E3", "CULTIVO": "Agroforestal", "TIPO_INFRA": "Tipo II - Transformacion", "NOMBRE_EQUIP": "Aserradero comunitario", "TON_VEREDA": 2305.63, "AREA_HA_VEREDA": 341.95, "AREA_EQUIP_M2": 1883.4, "N_EQUIP_TIPO": 1}}, {"type": "Feature", "geometry": {"x": -75.21740097099996, "y": 3.936767600000053}, "properties": {"OBJECTID": 449, "VEREDA": "BOCA DE CUCUANA", "MUNICIPIO": "73504", "ESCENARIO": "E3", "CULTIVO": "Agroforestal", "TIPO_INFRA": "Tipo III - Servicios", "NOMBRE_EQUIP": "Centro formacion ambiental", "TON_VEREDA": 2305.63, "AREA_HA_VEREDA": 341.95, "AREA_EQUIP_M2": 684.3, "N_EQUIP_TIPO": 2}}, {"type": "Feature", "geometry": {"x": -75.19439887899995, "y": 3.798790580000059}, "properties": {"OBJECTID": 450, "VEREDA": "BOCA DE CUCUANA", "MUNICIPIO": "73504", "ESCENARIO": "E3", "CULTIVO": "Agroforestal", "TIPO_INFRA": "Tipo III - Servicios", "NOMBRE_EQUIP": "Ecoturismo rural", "TON_VEREDA": 2305.63, "AREA_HA_VEREDA": 341.95, "AREA_EQUIP_M2": 684.3, "N_EQUIP_TIPO": 2}}, {"type": "Feature", "geometry": {"x": -75.06349800299995, "y": 3.5906778260000465}, "properties": {"OBJECTID": 451, "VEREDA": "MESA DE ORTEGA", "MUNICIPIO": "73504", "ESCENARIO": "E3", "CULTIVO": "Agroforestal", "TIPO_INFRA": "Tipo I - Produccion", "NOMBRE_EQUIP": "Vivero forestal", "TON_VEREDA": 15752.24, "AREA_HA_VEREDA": 2575.7, "AREA_EQUIP_M2": 2000, "N_EQUIP_TIPO": 5}}, {"type": "Feature", "geometry": {"x": -75.34436876799998, "y": 3.8077970930000333}, "properties": {"OBJECTID": 452, "VEREDA": "MESA DE ORTEGA", "MUNICIPIO": "73504", "ESCENARIO": "E3", "CULTIVO": "Agroforestal", "TIPO_INFRA": "Tipo I - Produccion", "NOMBRE_EQUIP": "Sistema silvopastoril", "TON_VEREDA": 15752.24, "AREA_HA_VEREDA": 2575.7, "AREA_EQUIP_M2": 2000, "N_EQUIP_TIPO": 5}}, {"type": "Feature", "geometry": {"x": -75.11569854999993, "y": 3.6943196390000708}, "properties": {"OBJECTID": 453, "VEREDA": "MESA DE ORTEGA", "MUNICIPIO": "73504", "ESCENARIO": "E3", "CULTIVO": "Agroforestal", "TIPO_INFRA": "Tipo I - Produccion", "NOMBRE_EQUIP": "Banco germoplasma", "TON_VEREDA": 15752.24, "AREA_HA_VEREDA": 2575.7, "AREA_EQUIP_M2": 2000, "N_EQUIP_TIPO": 5}}, {"type": "Feature", "geometry": {"x": -75.15333469799998, "y": 3.473423490000073}, "properties": {"OBJECTID": 454, "VEREDA": "MESA DE ORTEGA", "MUNICIPIO": "73504", "ESCENARIO": "E3", "CULTIVO": "Agroforestal", "TIPO_INFRA": "Tipo I - Produccion", "NOMBRE_EQUIP": "Compostaje", "TON_VEREDA": 15752.24, "AREA_HA_VEREDA": 2575.7, "AREA_EQUIP_M2": 2000, "N_EQUIP_TIPO": 5}}, {"type": "Feature", "geometry": {"x": -75.24000998199995, "y": 3.996801577000042}, "properties": {"OBJECTID": 455, "VEREDA": "MESA DE ORTEGA", "MUNICIPIO": "73504", "ESCENARIO": "E3", "CULTIVO": "Agroforestal", "TIPO_INFRA": "Tipo I - Produccion", "NOMBRE_EQUIP": "Centro campo", "TON_VEREDA": 15752.24, "AREA_HA_VEREDA": 2575.7, "AREA_EQUIP_M2": 2000, "N_EQUIP_TIPO": 5}}, {"type": "Feature", "geometry": {"x": -75.26619762199994, "y": 4.00975715200002}, "properties": {"OBJECTID": 456, "VEREDA": "MESA DE ORTEGA", "MUNICIPIO": "73504", "ESCENARIO": "E3", "CULTIVO": "Agroforestal", "TIPO_INFRA": "Tipo II - Transformacion", "NOMBRE_EQUIP": "Aserradero comunitario", "TON_VEREDA": 15752.24, "AREA_HA_VEREDA": 2575.7, "AREA_EQUIP_M2": 5000, "N_EQUIP_TIPO": 3}}, {"type": "Feature", "geometry": {"x": -75.26315397099995, "y": 4.013764541000057}, "properties": {"OBJECTID": 457, "VEREDA": "MESA DE ORTEGA", "MUNICIPIO": "73504", "ESCENARIO": "E3", "CULTIVO": "Agroforestal", "TIPO_INFRA": "Tipo II - Transformacion", "NOMBRE_EQUIP": "Planta no maderables", "TON_VEREDA": 15752.24, "AREA_HA_VEREDA": 2575.7, "AREA_EQUIP_M2": 5000, "N_EQUIP_TIPO": 3}}, {"type": "Feature", "geometry": {"x": -75.26176107799995, "y": 4.007225143000028}, "properties": {"OBJECTID": 458, "VEREDA": "MESA DE ORTEGA", "MUNICIPIO": "73504", "ESCENARIO": "E3", "CULTIVO": "Agroforestal", "TIPO_INFRA": "Tipo II - Transformacion", "NOMBRE_EQUIP": "Centro carbon vegetal", "TON_VEREDA": 15752.24, "AREA_HA_VEREDA": 2575.7, "AREA_EQUIP_M2": 5000, "N_EQUIP_TIPO": 3}}, {"type": "Feature", "geometry": {"x": -75.32576003699995, "y": 3.9050256400000762}, "properties": {"OBJECTID": 459, "VEREDA": "MESA DE ORTEGA", "MUNICIPIO": "73504", "ESCENARIO": "E3", "CULTIVO": "Agroforestal", "TIPO_INFRA": "Tipo III - Servicios", "NOMBRE_EQUIP": "Centro formacion ambiental", "TON_VEREDA": 15752.24, "AREA_HA_VEREDA": 2575.7, "AREA_EQUIP_M2": 1500, "N_EQUIP_TIPO": 2}}, {"type": "Feature", "geometry": {"x": -75.07854382199997, "y": 3.641538720000028}, "properties": {"OBJECTID": 460, "VEREDA": "MESA DE ORTEGA", "MUNICIPIO": "73504", "ESCENARIO": "E3", "CULTIVO": "Agroforestal", "TIPO_INFRA": "Tipo III - Servicios", "NOMBRE_EQUIP": "Ecoturismo rural", "TON_VEREDA": 15752.24, "AREA_HA_VEREDA": 2575.7, "AREA_EQUIP_M2": 1500, "N_EQUIP_TIPO": 2}}, {"type": "Feature", "geometry": {"x": -75.07189029999995, "y": 3.818347450000033}, "properties": {"OBJECTID": 461, "VEREDA": "LAS PALMAS", "MUNICIPIO": "73504", "ESCENARIO": "E3", "CULTIVO": "Agroforestal", "TIPO_INFRA": "Tipo I - Produccion", "NOMBRE_EQUIP": "Vivero forestal", "TON_VEREDA": 60.75, "AREA_HA_VEREDA": 12.15, "AREA_EQUIP_M2": 297.2, "N_EQUIP_TIPO": 1}}, {"type": "Feature", "geometry": {"x": -75.28616446699994, "y": 4.04194736300002}, "properties": {"OBJECTID": 462, "VEREDA": "LAS PALMAS", "MUNICIPIO": "73504", "ESCENARIO": "E3", "CULTIVO": "Agroforestal", "TIPO_INFRA": "Tipo II - Transformacion", "NOMBRE_EQUIP": "Aserradero comunitario", "TON_VEREDA": 60.75, "AREA_HA_VEREDA": 12.15, "AREA_EQUIP_M2": 536.5, "N_EQUIP_TIPO": 1}}, {"type": "Feature", "geometry": {"x": -75.26693402799998, "y": 3.8731794610000634}, "properties": {"OBJECTID": 463, "VEREDA": "LAS PALMAS", "MUNICIPIO": "73504", "ESCENARIO": "E3", "CULTIVO": "Agroforestal", "TIPO_INFRA": "Tipo III - Servicios", "NOMBRE_EQUIP": "Centro formacion ambiental", "TON_VEREDA": 60.75, "AREA_HA_VEREDA": 12.15, "AREA_EQUIP_M2": 310.1, "N_EQUIP_TIPO": 2}}, {"type": "Feature", "geometry": {"x": -75.17908134899994, "y": 3.428688950000037}, "properties": {"OBJECTID": 464, "VEREDA": "LAS PALMAS", "MUNICIPIO": "73504", "ESCENARIO": "E3", "CULTIVO": "Agroforestal", "TIPO_INFRA": "Tipo III - Servicios", "NOMBRE_EQUIP": "Ecoturismo rural", "TON_VEREDA": 60.75, "AREA_HA_VEREDA": 12.15, "AREA_EQUIP_M2": 310.1, "N_EQUIP_TIPO": 2}}, {"type": "Feature", "geometry": {"x": -74.97557973399995, "y": 3.7091900360000523}, "properties": {"OBJECTID": 465, "VEREDA": "CENTRO", "MUNICIPIO": "73504", "ESCENARIO": "E3", "CULTIVO": "Agroforestal", "TIPO_INFRA": "Tipo I - Produccion", "NOMBRE_EQUIP": "Vivero forestal", "TON_VEREDA": 629.95, "AREA_HA_VEREDA": 99.21, "AREA_EQUIP_M2": 1207.9, "N_EQUIP_TIPO": 1}}, {"type": "Feature", "geometry": {"x": -75.23994627999997, "y": 3.930129303000058}, "properties": {"OBJECTID": 466, "VEREDA": "CENTRO", "MUNICIPIO": "73504", "ESCENARIO": "E3", "CULTIVO": "Agroforestal", "TIPO_INFRA": "Tipo II - Transformacion", "NOMBRE_EQUIP": "Aserradero comunitario", "TON_VEREDA": 629.95, "AREA_HA_VEREDA": 99.21, "AREA_EQUIP_M2": 878, "N_EQUIP_TIPO": 1}}, {"type": "Feature", "geometry": {"x": -75.22303020899994, "y": 3.9304896590000453}, "properties": {"OBJECTID": 467, "VEREDA": "CENTRO", "MUNICIPIO": "73504", "ESCENARIO": "E3", "CULTIVO": "Agroforestal", "TIPO_INFRA": "Tipo III - Servicios", "NOMBRE_EQUIP": "Centro formacion ambiental", "TON_VEREDA": 629.95, "AREA_HA_VEREDA": 99.21, "AREA_EQUIP_M2": 405, "N_EQUIP_TIPO": 2}}, {"type": "Feature", "geometry": {"x": -75.17742756599995, "y": 3.8534871640000574}, "properties": {"OBJECTID": 468, "VEREDA": "CENTRO", "MUNICIPIO": "73504", "ESCENARIO": "E3", "CULTIVO": "Agroforestal", "TIPO_INFRA": "Tipo III - Servicios", "NOMBRE_EQUIP": "Ecoturismo rural", "TON_VEREDA": 629.95, "AREA_HA_VEREDA": 99.21, "AREA_EQUIP_M2": 405, "N_EQUIP_TIPO": 2}}, {"type": "Feature", "geometry": {"x": -75.06598789399999, "y": 3.813086892000058}, "properties": {"OBJECTID": 469, "VEREDA": "PALERMO", "MUNICIPIO": "73504", "ESCENARIO": "E3", "CULTIVO": "Agroforestal", "TIPO_INFRA": "Tipo I - Produccion", "NOMBRE_EQUIP": "Vivero forestal", "TON_VEREDA": 3328.15, "AREA_HA_VEREDA": 633.85, "AREA_EQUIP_M2": 2000, "N_EQUIP_TIPO": 5}}, {"type": "Feature", "geometry": {"x": -74.99082556199994, "y": 3.747881016000065}, "properties": {"OBJECTID": 470, "VEREDA": "PALERMO", "MUNICIPIO": "73504", "ESCENARIO": "E3", "CULTIVO": "Agroforestal", "TIPO_INFRA": "Tipo I - Produccion", "NOMBRE_EQUIP": "Sistema silvopastoril", "TON_VEREDA": 3328.15, "AREA_HA_VEREDA": 633.85, "AREA_EQUIP_M2": 2000, "N_EQUIP_TIPO": 5}}, {"type": "Feature", "geometry": {"x": -74.99276951899998, "y": 3.6751221850000206}, "properties": {"OBJECTID": 471, "VEREDA": "PALERMO", "MUNICIPIO": "73504", "ESCENARIO": "E3", "CULTIVO": "Agroforestal", "TIPO_INFRA": "Tipo I - Produccion", "NOMBRE_EQUIP": "Banco germoplasma", "TON_VEREDA": 3328.15, "AREA_HA_VEREDA": 633.85, "AREA_EQUIP_M2": 2000, "N_EQUIP_TIPO": 5}}, {"type": "Feature", "geometry": {"x": -75.13971635499996, "y": 3.4415473780000525}, "properties": {"OBJECTID": 472, "VEREDA": "PALERMO", "MUNICIPIO": "73504", "ESCENARIO": "E3", "CULTIVO": "Agroforestal", "TIPO_INFRA": "Tipo I - Produccion", "NOMBRE_EQUIP": "Compostaje", "TON_VEREDA": 3328.15, "AREA_HA_VEREDA": 633.85, "AREA_EQUIP_M2": 2000, "N_EQUIP_TIPO": 5}}, {"type": "Feature", "geometry": {"x": -74.96893755499997, "y": 3.7284382220000225}, "properties": {"OBJECTID": 473, "VEREDA": "PALERMO", "MUNICIPIO": "73504", "ESCENARIO": "E3", "CULTIVO": "Agroforestal", "TIPO_INFRA": "Tipo I - Produccion", "NOMBRE_EQUIP": "Centro campo", "TON_VEREDA": 3328.15, "AREA_HA_VEREDA": 633.85, "AREA_EQUIP_M2": 2000, "N_EQUIP_TIPO": 5}}, {"type": "Feature", "geometry": {"x": -75.18041175199994, "y": 3.891309300000046}, "properties": {"OBJECTID": 474, "VEREDA": "PALERMO", "MUNICIPIO": "73504", "ESCENARIO": "E3", "CULTIVO": "Agroforestal", "TIPO_INFRA": "Tipo II - Transformacion", "NOMBRE_EQUIP": "Aserradero comunitario", "TON_VEREDA": 3328.15, "AREA_HA_VEREDA": 633.85, "AREA_EQUIP_M2": 2496.9, "N_EQUIP_TIPO": 2}}, {"type": "Feature", "geometry": {"x": -75.18625037499999, "y": 3.893107913000051}, "properties": {"OBJECTID": 475, "VEREDA": "PALERMO", "MUNICIPIO": "73504", "ESCENARIO": "E3", "CULTIVO": "Agroforestal", "TIPO_INFRA": "Tipo II - Transformacion", "NOMBRE_EQUIP": "Planta no maderables", "TON_VEREDA": 3328.15, "AREA_HA_VEREDA": 633.85, "AREA_EQUIP_M2": 2496.9, "N_EQUIP_TIPO": 2}}, {"type": "Feature", "geometry": {"x": -75.08190973499995, "y": 3.953064434000055}, "properties": {"OBJECTID": 476, "VEREDA": "PALERMO", "MUNICIPIO": "73504", "ESCENARIO": "E3", "CULTIVO": "Agroforestal", "TIPO_INFRA": "Tipo III - Servicios", "NOMBRE_EQUIP": "Centro formacion ambiental", "TON_VEREDA": 3328.15, "AREA_HA_VEREDA": 633.85, "AREA_EQUIP_M2": 854.7, "N_EQUIP_TIPO": 2}}, {"type": "Feature", "geometry": {"x": -75.06189794999995, "y": 3.81975755000002}, "properties": {"OBJECTID": 477, "VEREDA": "PALERMO", "MUNICIPIO": "73504", "ESCENARIO": "E3", "CULTIVO": "Agroforestal", "TIPO_INFRA": "Tipo III - Servicios", "NOMBRE_EQUIP": "Ecoturismo rural", "TON_VEREDA": 3328.15, "AREA_HA_VEREDA": 633.85, "AREA_EQUIP_M2": 854.7, "N_EQUIP_TIPO": 2}}, {"type": "Feature", "geometry": {"x": -75.25063210199994, "y": 3.8539249540000355}, "properties": {"OBJECTID": 478, "VEREDA": "ACEITUNO", "MUNICIPIO": "73504", "ESCENARIO": "E3", "CULTIVO": "Agroforestal", "TIPO_INFRA": "Tipo I - Produccion", "NOMBRE_EQUIP": "Vivero forestal", "TON_VEREDA": 227.7, "AREA_HA_VEREDA": 26.79, "AREA_EQUIP_M2": 564.3, "N_EQUIP_TIPO": 1}}, {"type": "Feature", "geometry": {"x": -75.17291952799997, "y": 3.9192054400000416}, "properties": {"OBJECTID": 479, "VEREDA": "ACEITUNO", "MUNICIPIO": "73504", "ESCENARIO": "E3", "CULTIVO": "Agroforestal", "TIPO_INFRA": "Tipo II - Transformacion", "NOMBRE_EQUIP": "Aserradero comunitario", "TON_VEREDA": 227.7, "AREA_HA_VEREDA": 26.79, "AREA_EQUIP_M2": 636.6, "N_EQUIP_TIPO": 1}}, {"type": "Feature", "geometry": {"x": -75.33163713999994, "y": 3.9238614030000463}, "properties": {"OBJECTID": 480, "VEREDA": "ACEITUNO", "MUNICIPIO": "73504", "ESCENARIO": "E3", "CULTIVO": "Agroforestal", "TIPO_INFRA": "Tipo III - Servicios", "NOMBRE_EQUIP": "Centro formacion ambiental", "TON_VEREDA": 227.7, "AREA_HA_VEREDA": 26.79, "AREA_EQUIP_M2": 338, "N_EQUIP_TIPO": 2}}, {"type": "Feature", "geometry": {"x": -75.17655752399997, "y": 3.706824804000064}, "properties": {"OBJECTID": 481, "VEREDA": "ACEITUNO", "MUNICIPIO": "73504", "ESCENARIO": "E3", "CULTIVO": "Agroforestal", "TIPO_INFRA": "Tipo III - Servicios", "NOMBRE_EQUIP": "Ecoturismo rural", "TON_VEREDA": 227.7, "AREA_HA_VEREDA": 26.79, "AREA_EQUIP_M2": 338, "N_EQUIP_TIPO": 2}}, {"type": "Feature", "geometry": {"x": -75.17222467199997, "y": 3.8556267890000413}, "properties": {"OBJECTID": 482, "VEREDA": "SAN ANTINIO", "MUNICIPIO": "73504", "ESCENARIO": "E3", "CULTIVO": "Agroforestal", "TIPO_INFRA": "Tipo I - Produccion", "NOMBRE_EQUIP": "Vivero forestal", "TON_VEREDA": 2367.42, "AREA_HA_VEREDA": 312.31, "AREA_EQUIP_M2": 2000, "N_EQUIP_TIPO": 5}}, {"type": "Feature", "geometry": {"x": -75.09476048899995, "y": 3.6171478950000733}, "properties": {"OBJECTID": 483, "VEREDA": "SAN ANTINIO", "MUNICIPIO": "73504", "ESCENARIO": "E3", "CULTIVO": "Agroforestal", "TIPO_INFRA": "Tipo I - Produccion", "NOMBRE_EQUIP": "Sistema silvopastoril", "TON_VEREDA": 2367.42, "AREA_HA_VEREDA": 312.31, "AREA_EQUIP_M2": 2000, "N_EQUIP_TIPO": 5}}, {"type": "Feature", "geometry": {"x": -75.23707554199996, "y": 3.7289563350000208}, "properties": {"OBJECTID": 484, "VEREDA": "SAN ANTINIO", "MUNICIPIO": "73504", "ESCENARIO": "E3", "CULTIVO": "Agroforestal", "TIPO_INFRA": "Tipo I - Produccion", "NOMBRE_EQUIP": "Banco germoplasma", "TON_VEREDA": 2367.42, "AREA_HA_VEREDA": 312.31, "AREA_EQUIP_M2": 2000, "N_EQUIP_TIPO": 5}}, {"type": "Feature", "geometry": {"x": -75.15871761099999, "y": 3.4793388000000505}, "properties": {"OBJECTID": 485, "VEREDA": "SAN ANTINIO", "MUNICIPIO": "73504", "ESCENARIO": "E3", "CULTIVO": "Agroforestal", "TIPO_INFRA": "Tipo I - Produccion", "NOMBRE_EQUIP": "Compostaje", "TON_VEREDA": 2367.42, "AREA_HA_VEREDA": 312.31, "AREA_EQUIP_M2": 2000, "N_EQUIP_TIPO": 5}}, {"type": "Feature", "geometry": {"x": -75.09439726899996, "y": 3.9712775780000698}, "properties": {"OBJECTID": 486, "VEREDA": "SAN ANTINIO", "MUNICIPIO": "73504", "ESCENARIO": "E3", "CULTIVO": "Agroforestal", "TIPO_INFRA": "Tipo I - Produccion", "NOMBRE_EQUIP": "Centro campo", "TON_VEREDA": 2367.42, "AREA_HA_VEREDA": 312.31, "AREA_EQUIP_M2": 2000, "N_EQUIP_TIPO": 5}}, {"type": "Feature", "geometry": {"x": -75.15097788499997, "y": 3.911683412000059}, "properties": {"OBJECTID": 487, "VEREDA": "SAN ANTINIO", "MUNICIPIO": "73504", "ESCENARIO": "E3", "CULTIVO": "Agroforestal", "TIPO_INFRA": "Tipo II - Transformacion", "NOMBRE_EQUIP": "Aserradero comunitario", "TON_VEREDA": 2367.42, "AREA_HA_VEREDA": 312.31, "AREA_EQUIP_M2": 1920.5, "N_EQUIP_TIPO": 1}}, {"type": "Feature", "geometry": {"x": -75.16415082799995, "y": 3.9410467260000246}, "properties": {"OBJECTID": 488, "VEREDA": "SAN ANTINIO", "MUNICIPIO": "73504", "ESCENARIO": "E3", "CULTIVO": "Agroforestal", "TIPO_INFRA": "Tipo III - Servicios", "NOMBRE_EQUIP": "Centro formacion ambiental", "TON_VEREDA": 2367.42, "AREA_HA_VEREDA": 312.31, "AREA_EQUIP_M2": 694.6, "N_EQUIP_TIPO": 2}}, {"type": "Feature", "geometry": {"x": -75.07842123699999, "y": 3.600191925000047}, "properties": {"OBJECTID": 489, "VEREDA": "SAN ANTINIO", "MUNICIPIO": "73504", "ESCENARIO": "E3", "CULTIVO": "Agroforestal", "TIPO_INFRA": "Tipo III - Servicios", "NOMBRE_EQUIP": "Ecoturismo rural", "TON_VEREDA": 2367.42, "AREA_HA_VEREDA": 312.31, "AREA_EQUIP_M2": 694.6, "N_EQUIP_TIPO": 2}}, {"type": "Feature", "geometry": {"x": -75.08901276599994, "y": 3.814135924000027}, "properties": {"OBJECTID": 490, "VEREDA": "GUATAVITA", "MUNICIPIO": "73504", "ESCENARIO": "E3", "CULTIVO": "Cana panelera", "TIPO_INFRA": "Tipo I - Produccion", "NOMBRE_EQUIP": "Vivero cana", "TON_VEREDA": 5672.51, "AREA_HA_VEREDA": 820.92, "AREA_EQUIP_M2": 2000, "N_EQUIP_TIPO": 5}}, {"type": "Feature", "geometry": {"x": -75.27904987599999, "y": 4.042356450000057}, "properties": {"OBJECTID": 491, "VEREDA": "GUATAVITA", "MUNICIPIO": "73504", "ESCENARIO": "E3", "CULTIVO": "Cana panelera", "TIPO_INFRA": "Tipo I - Produccion", "NOMBRE_EQUIP": "Trapiche movil", "TON_VEREDA": 5672.51, "AREA_HA_VEREDA": 820.92, "AREA_EQUIP_M2": 2000, "N_EQUIP_TIPO": 5}}, {"type": "Feature", "geometry": {"x": -75.11215811799997, "y": 3.7982690000000616}, "properties": {"OBJECTID": 492, "VEREDA": "GUATAVITA", "MUNICIPIO": "73504", "ESCENARIO": "E3", "CULTIVO": "Cana panelera", "TIPO_INFRA": "Tipo I - Produccion", "NOMBRE_EQUIP": "Bodega panela campo", "TON_VEREDA": 5672.51, "AREA_HA_VEREDA": 820.92, "AREA_EQUIP_M2": 2000, "N_EQUIP_TIPO": 5}}, {"type": "Feature", "geometry": {"x": -75.09941468199997, "y": 3.974364468000033}, "properties": {"OBJECTID": 493, "VEREDA": "GUATAVITA", "MUNICIPIO": "73504", "ESCENARIO": "E3", "CULTIVO": "Cana panelera", "TIPO_INFRA": "Tipo I - Produccion", "NOMBRE_EQUIP": "Sistema riego", "TON_VEREDA": 5672.51, "AREA_HA_VEREDA": 820.92, "AREA_EQUIP_M2": 2000, "N_EQUIP_TIPO": 5}}, {"type": "Feature", "geometry": {"x": -75.14586021899999, "y": 4.009098557000073}, "properties": {"OBJECTID": 494, "VEREDA": "GUATAVITA", "MUNICIPIO": "73504", "ESCENARIO": "E3", "CULTIVO": "Cana panelera", "TIPO_INFRA": "Tipo I - Produccion", "NOMBRE_EQUIP": "Centro campo", "TON_VEREDA": 5672.51, "AREA_HA_VEREDA": 820.92, "AREA_EQUIP_M2": 2000, "N_EQUIP_TIPO": 5}}, {"type": "Feature", "geometry": {"x": -75.15270785499996, "y": 3.8991992720000326}, "properties": {"OBJECTID": 495, "VEREDA": "GUATAVITA", "MUNICIPIO": "73504", "ESCENARIO": "E3", "CULTIVO": "Cana panelera", "TIPO_INFRA": "Tipo II - Transformacion", "NOMBRE_EQUIP": "Trapiche tecnificado", "TON_VEREDA": 5672.51, "AREA_HA_VEREDA": 820.92, "AREA_EQUIP_M2": 3903.5, "N_EQUIP_TIPO": 3}}, {"type": "Feature", "geometry": {"x": -75.15047607599996, "y": 3.895392842000035}, "properties": {"OBJECTID": 496, "VEREDA": "GUATAVITA", "MUNICIPIO": "73504", "ESCENARIO": "E3", "CULTIVO": "Cana panelera", "TIPO_INFRA": "Tipo II - Transformacion", "NOMBRE_EQUIP": "Planta panela granulada", "TON_VEREDA": 5672.51, "AREA_HA_VEREDA": 820.92, "AREA_EQUIP_M2": 3903.5, "N_EQUIP_TIPO": 3}}, {"type": "Feature", "geometry": {"x": -75.15180837999998, "y": 3.896804583000062}, "properties": {"OBJECTID": 497, "VEREDA": "GUATAVITA", "MUNICIPIO": "73504", "ESCENARIO": "E3", "CULTIVO": "Cana panelera", "TIPO_INFRA": "Tipo II - Transformacion", "NOMBRE_EQUIP": "Laboratorio panelero", "TON_VEREDA": 5672.51, "AREA_HA_VEREDA": 820.92, "AREA_EQUIP_M2": 3903.5, "N_EQUIP_TIPO": 3}}, {"type": "Feature", "geometry": {"x": -75.13261612299993, "y": 3.4319741300000715}, "properties": {"OBJECTID": 498, "VEREDA": "GUATAVITA", "MUNICIPIO": "73504", "ESCENARIO": "E3", "CULTIVO": "Cana panelera", "TIPO_INFRA": "Tipo III - Servicios", "NOMBRE_EQUIP": "Escuela paneleros", "TON_VEREDA": 5672.51, "AREA_HA_VEREDA": 820.92, "AREA_EQUIP_M2": 1245.4, "N_EQUIP_TIPO": 2}}, {"type": "Feature", "geometry": {"x": -75.08882289899998, "y": 3.6180415500000436}, "properties": {"OBJECTID": 499, "VEREDA": "GUATAVITA", "MUNICIPIO": "73504", "ESCENARIO": "E3", "CULTIVO": "Cana panelera", "TIPO_INFRA": "Tipo III - Servicios", "NOMBRE_EQUIP": "Punto acopio panela", "TON_VEREDA": 5672.51, "AREA_HA_VEREDA": 820.92, "AREA_EQUIP_M2": 1245.4, "N_EQUIP_TIPO": 2}}, {"type": "Feature", "geometry": {"x": -75.29072939499997, "y": 3.939144757000065}, "properties": {"OBJECTID": 500, "VEREDA": "LA SORTIJA", "MUNICIPIO": "73504", "ESCENARIO": "E3", "CULTIVO": "Agroforestal", "TIPO_INFRA": "Tipo I - Produccion", "NOMBRE_EQUIP": "Vivero forestal", "TON_VEREDA": 3613.47, "AREA_HA_VEREDA": 644.09, "AREA_EQUIP_M2": 2000, "N_EQUIP_TIPO": 5}}, {"type": "Feature", "geometry": {"x": -75.05484599999994, "y": 3.8046898000000624}, "properties": {"OBJECTID": 501, "VEREDA": "LA SORTIJA", "MUNICIPIO": "73504", "ESCENARIO": "E3", "CULTIVO": "Agroforestal", "TIPO_INFRA": "Tipo I - Produccion", "NOMBRE_EQUIP": "Sistema silvopastoril", "TON_VEREDA": 3613.47, "AREA_HA_VEREDA": 644.09, "AREA_EQUIP_M2": 2000, "N_EQUIP_TIPO": 5}}, {"type": "Feature", "geometry": {"x": -75.14853123499995, "y": 3.45163872400002}, "properties": {"OBJECTID": 502, "VEREDA": "LA SORTIJA", "MUNICIPIO": "73504", "ESCENARIO": "E3", "CULTIVO": "Agroforestal", "TIPO_INFRA": "Tipo I - Produccion", "NOMBRE_EQUIP": "Banco germoplasma", "TON_VEREDA": 3613.47, "AREA_HA_VEREDA": 644.09, "AREA_EQUIP_M2": 2000, "N_EQUIP_TIPO": 5}}, {"type": "Feature", "geometry": {"x": -75.64113154399996, "y": 4.031129039000064}, "properties": {"OBJECTID": 503, "VEREDA": "LA SORTIJA", "MUNICIPIO": "73504", "ESCENARIO": "E3", "CULTIVO": "Agroforestal", "TIPO_INFRA": "Tipo I - Produccion", "NOMBRE_EQUIP": "Compostaje", "TON_VEREDA": 3613.47, "AREA_HA_VEREDA": 644.09, "AREA_EQUIP_M2": 2000, "N_EQUIP_TIPO": 5}}, {"type": "Feature", "geometry": {"x": -75.16613836399995, "y": 3.7834471080000753}, "properties": {"OBJECTID": 504, "VEREDA": "LA SORTIJA", "MUNICIPIO": "73504", "ESCENARIO": "E3", "CULTIVO": "Agroforestal", "TIPO_INFRA": "Tipo I - Produccion", "NOMBRE_EQUIP": "Centro campo", "TON_VEREDA": 3613.47, "AREA_HA_VEREDA": 644.09, "AREA_EQUIP_M2": 2000, "N_EQUIP_TIPO": 5}}, {"type": "Feature", "geometry": {"x": -75.20677354199995, "y": 3.8836194010000327}, "properties": {"OBJECTID": 505, "VEREDA": "LA SORTIJA", "MUNICIPIO": "73504", "ESCENARIO": "E3", "CULTIVO": "Agroforestal", "TIPO_INFRA": "Tipo II - Transformacion", "NOMBRE_EQUIP": "Aserradero comunitario", "TON_VEREDA": 3613.47, "AREA_HA_VEREDA": 644.09, "AREA_EQUIP_M2": 2668.1, "N_EQUIP_TIPO": 2}}, {"type": "Feature", "geometry": {"x": -75.21032920799996, "y": 3.8771630420000633}, "properties": {"OBJECTID": 506, "VEREDA": "LA SORTIJA", "MUNICIPIO": "73504", "ESCENARIO": "E3", "CULTIVO": "Agroforestal", "TIPO_INFRA": "Tipo II - Transformacion", "NOMBRE_EQUIP": "Planta no maderables", "TON_VEREDA": 3613.47, "AREA_HA_VEREDA": 644.09, "AREA_EQUIP_M2": 2668.1, "N_EQUIP_TIPO": 2}}, {"type": "Feature", "geometry": {"x": -74.99115105599998, "y": 3.7523762830000464}, "properties": {"OBJECTID": 507, "VEREDA": "LA SORTIJA", "MUNICIPIO": "73504", "ESCENARIO": "E3", "CULTIVO": "Agroforestal", "TIPO_INFRA": "Tipo III - Servicios", "NOMBRE_EQUIP": "Centro formacion ambiental", "TON_VEREDA": 3613.47, "AREA_HA_VEREDA": 644.09, "AREA_EQUIP_M2": 902.2, "N_EQUIP_TIPO": 2}}, {"type": "Feature", "geometry": {"x": -75.15988681699997, "y": 3.458574482000074}, "properties": {"OBJECTID": 508, "VEREDA": "LA SORTIJA", "MUNICIPIO": "73504", "ESCENARIO": "E3", "CULTIVO": "Agroforestal", "TIPO_INFRA": "Tipo III - Servicios", "NOMBRE_EQUIP": "Ecoturismo rural", "TON_VEREDA": 3613.47, "AREA_HA_VEREDA": 644.09, "AREA_EQUIP_M2": 902.2, "N_EQUIP_TIPO": 2}}, {"type": "Feature", "geometry": {"x": -75.25275371399994, "y": 4.056775833000074}, "properties": {"OBJECTID": 509, "VEREDA": "POCARA", "MUNICIPIO": "73504", "ESCENARIO": "E3", "CULTIVO": "Agroforestal", "TIPO_INFRA": "Tipo I - Produccion", "NOMBRE_EQUIP": "Vivero forestal", "TON_VEREDA": 5026.57, "AREA_HA_VEREDA": 861.06, "AREA_EQUIP_M2": 2000, "N_EQUIP_TIPO": 5}}, {"type": "Feature", "geometry": {"x": -75.14274838099993, "y": 3.912730469000053}, "properties": {"OBJECTID": 510, "VEREDA": "POCARA", "MUNICIPIO": "73504", "ESCENARIO": "E3", "CULTIVO": "Agroforestal", "TIPO_INFRA": "Tipo I - Produccion", "NOMBRE_EQUIP": "Sistema silvopastoril", "TON_VEREDA": 5026.57, "AREA_HA_VEREDA": 861.06, "AREA_EQUIP_M2": 2000, "N_EQUIP_TIPO": 5}}, {"type": "Feature", "geometry": {"x": -75.03143143299997, "y": 3.820473595000067}, "properties": {"OBJECTID": 511, "VEREDA": "POCARA", "MUNICIPIO": "73504", "ESCENARIO": "E3", "CULTIVO": "Agroforestal", "TIPO_INFRA": "Tipo I - Produccion", "NOMBRE_EQUIP": "Banco germoplasma", "TON_VEREDA": 5026.57, "AREA_HA_VEREDA": 861.06, "AREA_EQUIP_M2": 2000, "N_EQUIP_TIPO": 5}}, {"type": "Feature", "geometry": {"x": -75.06576376299995, "y": 3.5606563870000514}, "properties": {"OBJECTID": 512, "VEREDA": "POCARA", "MUNICIPIO": "73504", "ESCENARIO": "E3", "CULTIVO": "Agroforestal", "TIPO_INFRA": "Tipo I - Produccion", "NOMBRE_EQUIP": "Compostaje", "TON_VEREDA": 5026.57, "AREA_HA_VEREDA": 861.06, "AREA_EQUIP_M2": 2000, "N_EQUIP_TIPO": 5}}, {"type": "Feature", "geometry": {"x": -75.13778311099998, "y": 3.4339850320000664}, "properties": {"OBJECTID": 513, "VEREDA": "POCARA", "MUNICIPIO": "73504", "ESCENARIO": "E3", "CULTIVO": "Agroforestal", "TIPO_INFRA": "Tipo I - Produccion", "NOMBRE_EQUIP": "Centro campo", "TON_VEREDA": 5026.57, "AREA_HA_VEREDA": 861.06, "AREA_EQUIP_M2": 2000, "N_EQUIP_TIPO": 5}}, {"type": "Feature", "geometry": {"x": -75.23336473999996, "y": 3.8986352440000474}, "properties": {"OBJECTID": 514, "VEREDA": "POCARA", "MUNICIPIO": "73504", "ESCENARIO": "E3", "CULTIVO": "Agroforestal", "TIPO_INFRA": "Tipo II - Transformacion", "NOMBRE_EQUIP": "Aserradero comunitario", "TON_VEREDA": 5026.57, "AREA_HA_VEREDA": 861.06, "AREA_EQUIP_M2": 3515.9, "N_EQUIP_TIPO": 3}}, {"type": "Feature", "geometry": {"x": -75.23903972499994, "y": 3.901277614000037}, "properties": {"OBJECTID": 515, "VEREDA": "POCARA", "MUNICIPIO": "73504", "ESCENARIO": "E3", "CULTIVO": "Agroforestal", "TIPO_INFRA": "Tipo II - Transformacion", "NOMBRE_EQUIP": "Planta no maderables", "TON_VEREDA": 5026.57, "AREA_HA_VEREDA": 861.06, "AREA_EQUIP_M2": 3515.9, "N_EQUIP_TIPO": 3}}, {"type": "Feature", "geometry": {"x": -75.23991371999995, "y": 3.8971925830000487}, "properties": {"OBJECTID": 516, "VEREDA": "POCARA", "MUNICIPIO": "73504", "ESCENARIO": "E3", "CULTIVO": "Agroforestal", "TIPO_INFRA": "Tipo II - Transformacion", "NOMBRE_EQUIP": "Centro carbon vegetal", "TON_VEREDA": 5026.57, "AREA_HA_VEREDA": 861.06, "AREA_EQUIP_M2": 3515.9, "N_EQUIP_TIPO": 3}}, {"type": "Feature", "geometry": {"x": -75.22207142499997, "y": 3.9325290220000397}, "properties": {"OBJECTID": 517, "VEREDA": "POCARA", "MUNICIPIO": "73504", "ESCENARIO": "E3", "CULTIVO": "Agroforestal", "TIPO_INFRA": "Tipo III - Servicios", "NOMBRE_EQUIP": "Centro formacion ambiental", "TON_VEREDA": 5026.57, "AREA_HA_VEREDA": 861.06, "AREA_EQUIP_M2": 1137.8, "N_EQUIP_TIPO": 2}}, {"type": "Feature", "geometry": {"x": -75.12295138699994, "y": 3.7769682480000597}, "properties": {"OBJECTID": 518, "VEREDA": "POCARA", "MUNICIPIO": "73504", "ESCENARIO": "E3", "CULTIVO": "Agroforestal", "TIPO_INFRA": "Tipo III - Servicios", "NOMBRE_EQUIP": "Ecoturismo rural", "TON_VEREDA": 5026.57, "AREA_HA_VEREDA": 861.06, "AREA_EQUIP_M2": 1137.8, "N_EQUIP_TIPO": 2}}, {"type": "Feature", "geometry": {"x": -75.20252021999994, "y": 4.088425570000027}, "properties": {"OBJECTID": 519, "VEREDA": "ARROYUELO", "MUNICIPIO": "73504", "ESCENARIO": "E3", "CULTIVO": "Agroforestal", "TIPO_INFRA": "Tipo I - Produccion", "NOMBRE_EQUIP": "Vivero forestal", "TON_VEREDA": 3389.87, "AREA_HA_VEREDA": 584.8, "AREA_EQUIP_M2": 2000, "N_EQUIP_TIPO": 5}}, {"type": "Feature", "geometry": {"x": -75.11890722299995, "y": 3.747511915000075}, "properties": {"OBJECTID": 520, "VEREDA": "ARROYUELO", "MUNICIPIO": "73504", "ESCENARIO": "E3", "CULTIVO": "Agroforestal", "TIPO_INFRA": "Tipo I - Produccion", "NOMBRE_EQUIP": "Sistema silvopastoril", "TON_VEREDA": 3389.87, "AREA_HA_VEREDA": 584.8, "AREA_EQUIP_M2": 2000, "N_EQUIP_TIPO": 5}}, {"type": "Feature", "geometry": {"x": -75.13235126199999, "y": 3.9964282140000478}, "properties": {"OBJECTID": 521, "VEREDA": "ARROYUELO", "MUNICIPIO": "73504", "ESCENARIO": "E3", "CULTIVO": "Agroforestal", "TIPO_INFRA": "Tipo I - Produccion", "NOMBRE_EQUIP": "Banco germoplasma", "TON_VEREDA": 3389.87, "AREA_HA_VEREDA": 584.8, "AREA_EQUIP_M2": 2000, "N_EQUIP_TIPO": 5}}, {"type": "Feature", "geometry": {"x": -75.06013702599995, "y": 3.8067750850000266}, "properties": {"OBJECTID": 522, "VEREDA": "ARROYUELO", "MUNICIPIO": "73504", "ESCENARIO": "E3", "CULTIVO": "Agroforestal", "TIPO_INFRA": "Tipo I - Produccion", "NOMBRE_EQUIP": "Compostaje", "TON_VEREDA": 3389.87, "AREA_HA_VEREDA": 584.8, "AREA_EQUIP_M2": 2000, "N_EQUIP_TIPO": 5}}, {"type": "Feature", "geometry": {"x": -75.32550141399997, "y": 3.908166417000075}, "properties": {"OBJECTID": 523, "VEREDA": "ARROYUELO", "MUNICIPIO": "73504", "ESCENARIO": "E3", "CULTIVO": "Agroforestal", "TIPO_INFRA": "Tipo I - Produccion", "NOMBRE_EQUIP": "Centro campo", "TON_VEREDA": 3389.87, "AREA_HA_VEREDA": 584.8, "AREA_EQUIP_M2": 2000, "N_EQUIP_TIPO": 5}}, {"type": "Feature", "geometry": {"x": -75.20840708199995, "y": 3.9089549440000724}, "properties": {"OBJECTID": 524, "VEREDA": "ARROYUELO", "MUNICIPIO": "73504", "ESCENARIO": "E3", "CULTIVO": "Agroforestal", "TIPO_INFRA": "Tipo II - Transformacion", "NOMBRE_EQUIP": "Aserradero comunitario", "TON_VEREDA": 3389.87, "AREA_HA_VEREDA": 584.8, "AREA_EQUIP_M2": 2533.9, "N_EQUIP_TIPO": 2}}, {"type": "Feature", "geometry": {"x": -75.21061550899998, "y": 3.9139185130000556}, "properties": {"OBJECTID": 525, "VEREDA": "ARROYUELO", "MUNICIPIO": "73504", "ESCENARIO": "E3", "CULTIVO": "Agroforestal", "TIPO_INFRA": "Tipo II - Transformacion", "NOMBRE_EQUIP": "Planta no maderables", "TON_VEREDA": 3389.87, "AREA_HA_VEREDA": 584.8, "AREA_EQUIP_M2": 2533.9, "N_EQUIP_TIPO": 2}}, {"type": "Feature", "geometry": {"x": -75.10912213399996, "y": 3.6781610350000733}, "properties": {"OBJECTID": 526, "VEREDA": "ARROYUELO", "MUNICIPIO": "73504", "ESCENARIO": "E3", "CULTIVO": "Agroforestal", "TIPO_INFRA": "Tipo III - Servicios", "NOMBRE_EQUIP": "Centro formacion ambiental", "TON_VEREDA": 3389.87, "AREA_HA_VEREDA": 584.8, "AREA_EQUIP_M2": 865, "N_EQUIP_TIPO": 2}}, {"type": "Feature", "geometry": {"x": -75.12970913199996, "y": 3.5723923440000362}, "properties": {"OBJECTID": 527, "VEREDA": "ARROYUELO", "MUNICIPIO": "73504", "ESCENARIO": "E3", "CULTIVO": "Agroforestal", "TIPO_INFRA": "Tipo III - Servicios", "NOMBRE_EQUIP": "Ecoturismo rural", "TON_VEREDA": 3389.87, "AREA_HA_VEREDA": 584.8, "AREA_EQUIP_M2": 865, "N_EQUIP_TIPO": 2}}, {"type": "Feature", "geometry": {"x": -75.05061562099996, "y": 3.650374103000047}, "properties": {"OBJECTID": 528, "VEREDA": "TAQUIMA", "MUNICIPIO": "73504", "ESCENARIO": "E3", "CULTIVO": "Agroforestal", "TIPO_INFRA": "Tipo I - Produccion", "NOMBRE_EQUIP": "Vivero forestal", "TON_VEREDA": 2768.52, "AREA_HA_VEREDA": 488.69, "AREA_EQUIP_M2": 2000, "N_EQUIP_TIPO": 5}}, {"type": "Feature", "geometry": {"x": -75.08559478399997, "y": 3.9542904020000265}, "properties": {"OBJECTID": 529, "VEREDA": "TAQUIMA", "MUNICIPIO": "73504", "ESCENARIO": "E3", "CULTIVO": "Agroforestal", "TIPO_INFRA": "Tipo I - Produccion", "NOMBRE_EQUIP": "Sistema silvopastoril", "TON_VEREDA": 2768.52, "AREA_HA_VEREDA": 488.69, "AREA_EQUIP_M2": 2000, "N_EQUIP_TIPO": 5}}, {"type": "Feature", "geometry": {"x": -75.15395532899998, "y": 3.4225676490000296}, "properties": {"OBJECTID": 530, "VEREDA": "TAQUIMA", "MUNICIPIO": "73504", "ESCENARIO": "E3", "CULTIVO": "Agroforestal", "TIPO_INFRA": "Tipo I - Produccion", "NOMBRE_EQUIP": "Banco germoplasma", "TON_VEREDA": 2768.52, "AREA_HA_VEREDA": 488.69, "AREA_EQUIP_M2": 2000, "N_EQUIP_TIPO": 5}}, {"type": "Feature", "geometry": {"x": -74.98813665099993, "y": 3.6464674470000205}, "properties": {"OBJECTID": 531, "VEREDA": "TAQUIMA", "MUNICIPIO": "73504", "ESCENARIO": "E3", "CULTIVO": "Agroforestal", "TIPO_INFRA": "Tipo I - Produccion", "NOMBRE_EQUIP": "Compostaje", "TON_VEREDA": 2768.52, "AREA_HA_VEREDA": 488.69, "AREA_EQUIP_M2": 2000, "N_EQUIP_TIPO": 5}}, {"type": "Feature", "geometry": {"x": -75.20214131699998, "y": 3.4023725380000656}, "properties": {"OBJECTID": 532, "VEREDA": "TAQUIMA", "MUNICIPIO": "73504", "ESCENARIO": "E3", "CULTIVO": "Agroforestal", "TIPO_INFRA": "Tipo I - Produccion", "NOMBRE_EQUIP": "Centro campo", "TON_VEREDA": 2768.52, "AREA_HA_VEREDA": 488.69, "AREA_EQUIP_M2": 2000, "N_EQUIP_TIPO": 5}}, {"type": "Feature", "geometry": {"x": -75.27436014999995, "y": 3.9061852380000346}, "properties": {"OBJECTID": 533, "VEREDA": "TAQUIMA", "MUNICIPIO": "73504", "ESCENARIO": "E3", "CULTIVO": "Agroforestal", "TIPO_INFRA": "Tipo II - Transformacion", "NOMBRE_EQUIP": "Aserradero comunitario", "TON_VEREDA": 2768.52, "AREA_HA_VEREDA": 488.69, "AREA_EQUIP_M2": 2161.1, "N_EQUIP_TIPO": 1}}, {"type": "Feature", "geometry": {"x": -75.17519260899996, "y": 3.709136957000055}, "properties": {"OBJECTID": 534, "VEREDA": "TAQUIMA", "MUNICIPIO": "73504", "ESCENARIO": "E3", "CULTIVO": "Agroforestal", "TIPO_INFRA": "Tipo III - Servicios", "NOMBRE_EQUIP": "Centro formacion ambiental", "TON_VEREDA": 2768.52, "AREA_HA_VEREDA": 488.69, "AREA_EQUIP_M2": 761.4, "N_EQUIP_TIPO": 2}}, {"type": "Feature", "geometry": {"x": -75.15188084999994, "y": 3.466594851000025}, "properties": {"OBJECTID": 535, "VEREDA": "TAQUIMA", "MUNICIPIO": "73504", "ESCENARIO": "E3", "CULTIVO": "Agroforestal", "TIPO_INFRA": "Tipo III - Servicios", "NOMBRE_EQUIP": "Ecoturismo rural", "TON_VEREDA": 2768.52, "AREA_HA_VEREDA": 488.69, "AREA_EQUIP_M2": 761.4, "N_EQUIP_TIPO": 2}}, {"type": "Feature", "geometry": {"x": -74.99394913199995, "y": 3.7488937260000625}, "properties": {"OBJECTID": 536, "VEREDA": "LOANY TOY", "MUNICIPIO": "73504", "ESCENARIO": "E3", "CULTIVO": "Agroforestal", "TIPO_INFRA": "Tipo I - Produccion", "NOMBRE_EQUIP": "Vivero forestal", "TON_VEREDA": 2583.06, "AREA_HA_VEREDA": 285.57, "AREA_EQUIP_M2": 2000, "N_EQUIP_TIPO": 5}}, {"type": "Feature", "geometry": {"x": -75.16569725899996, "y": 3.700795431000074}, "properties": {"OBJECTID": 537, "VEREDA": "LOANY TOY", "MUNICIPIO": "73504", "ESCENARIO": "E3", "CULTIVO": "Agroforestal", "TIPO_INFRA": "Tipo I - Produccion", "NOMBRE_EQUIP": "Sistema silvopastoril", "TON_VEREDA": 2583.06, "AREA_HA_VEREDA": 285.57, "AREA_EQUIP_M2": 2000, "N_EQUIP_TIPO": 5}}, {"type": "Feature", "geometry": {"x": -75.18365503299998, "y": 3.704175684000063}, "properties": {"OBJECTID": 538, "VEREDA": "LOANY TOY", "MUNICIPIO": "73504", "ESCENARIO": "E3", "CULTIVO": "Agroforestal", "TIPO_INFRA": "Tipo I - Produccion", "NOMBRE_EQUIP": "Banco germoplasma", "TON_VEREDA": 2583.06, "AREA_HA_VEREDA": 285.57, "AREA_EQUIP_M2": 2000, "N_EQUIP_TIPO": 5}}, {"type": "Feature", "geometry": {"x": -75.34051954999995, "y": 3.820257869000045}, "properties": {"OBJECTID": 539, "VEREDA": "LOANY TOY", "MUNICIPIO": "73504", "ESCENARIO": "E3", "CULTIVO": "Agroforestal", "TIPO_INFRA": "Tipo I - Produccion", "NOMBRE_EQUIP": "Compostaje", "TON_VEREDA": 2583.06, "AREA_HA_VEREDA": 285.57, "AREA_EQUIP_M2": 2000, "N_EQUIP_TIPO": 5}}, {"type": "Feature", "geometry": {"x": -75.26779692199995, "y": 3.9801705100000504}, "properties": {"OBJECTID": 540, "VEREDA": "LOANY TOY", "MUNICIPIO": "73504", "ESCENARIO": "E3", "CULTIVO": "Agroforestal", "TIPO_INFRA": "Tipo I - Produccion", "NOMBRE_EQUIP": "Centro campo", "TON_VEREDA": 2583.06, "AREA_HA_VEREDA": 285.57, "AREA_EQUIP_M2": 2000, "N_EQUIP_TIPO": 5}}, {"type": "Feature", "geometry": {"x": -75.27257999699998, "y": 3.941720700000076}, "properties": {"OBJECTID": 541, "VEREDA": "LOANY TOY", "MUNICIPIO": "73504", "ESCENARIO": "E3", "CULTIVO": "Agroforestal", "TIPO_INFRA": "Tipo II - Transformacion", "NOMBRE_EQUIP": "Aserradero comunitario", "TON_VEREDA": 2583.06, "AREA_HA_VEREDA": 285.57, "AREA_EQUIP_M2": 2049.8, "N_EQUIP_TIPO": 1}}, {"type": "Feature", "geometry": {"x": -75.13751404299995, "y": 4.000613093000027}, "properties": {"OBJECTID": 542, "VEREDA": "LOANY TOY", "MUNICIPIO": "73504", "ESCENARIO": "E3", "CULTIVO": "Agroforestal", "TIPO_INFRA": "Tipo III - Servicios", "NOMBRE_EQUIP": "Centro formacion ambiental", "TON_VEREDA": 2583.06, "AREA_HA_VEREDA": 285.57, "AREA_EQUIP_M2": 730.5, "N_EQUIP_TIPO": 2}}, {"type": "Feature", "geometry": {"x": -75.32980302099998, "y": 3.8184974160000706}, "properties": {"OBJECTID": 543, "VEREDA": "LOANY TOY", "MUNICIPIO": "73504", "ESCENARIO": "E3", "CULTIVO": "Agroforestal", "TIPO_INFRA": "Tipo III - Servicios", "NOMBRE_EQUIP": "Ecoturismo rural", "TON_VEREDA": 2583.06, "AREA_HA_VEREDA": 285.57, "AREA_EQUIP_M2": 730.5, "N_EQUIP_TIPO": 2}}, {"type": "Feature", "geometry": {"x": -75.00724072699995, "y": 3.6880479920000653}, "properties": {"OBJECTID": 544, "VEREDA": "PILU", "MUNICIPIO": "73504", "ESCENARIO": "E3", "CULTIVO": "Agroforestal", "TIPO_INFRA": "Tipo I - Produccion", "NOMBRE_EQUIP": "Vivero forestal", "TON_VEREDA": 852.96, "AREA_HA_VEREDA": 162.15, "AREA_EQUIP_M2": 1564.7, "N_EQUIP_TIPO": 2}}, {"type": "Feature", "geometry": {"x": -75.05670472799994, "y": 3.6608575920000703}, "properties": {"OBJECTID": 545, "VEREDA": "PILU", "MUNICIPIO": "73504", "ESCENARIO": "E3", "CULTIVO": "Agroforestal", "TIPO_INFRA": "Tipo I - Produccion", "NOMBRE_EQUIP": "Sistema silvopastoril", "TON_VEREDA": 852.96, "AREA_HA_VEREDA": 162.15, "AREA_EQUIP_M2": 1564.7, "N_EQUIP_TIPO": 2}}, {"type": "Feature", "geometry": {"x": -75.30904521399998, "y": 3.938182487000063}, "properties": {"OBJECTID": 546, "VEREDA": "PILU", "MUNICIPIO": "73504", "ESCENARIO": "E3", "CULTIVO": "Agroforestal", "TIPO_INFRA": "Tipo II - Transformacion", "NOMBRE_EQUIP": "Aserradero comunitario", "TON_VEREDA": 852.96, "AREA_HA_VEREDA": 162.15, "AREA_EQUIP_M2": 1011.8, "N_EQUIP_TIPO": 1}}, {"type": "Feature", "geometry": {"x": -75.34120959699999, "y": 3.8980712450000397}, "properties": {"OBJECTID": 547, "VEREDA": "PILU", "MUNICIPIO": "73504", "ESCENARIO": "E3", "CULTIVO": "Agroforestal", "TIPO_INFRA": "Tipo III - Servicios", "NOMBRE_EQUIP": "Centro formacion ambiental", "TON_VEREDA": 852.96, "AREA_HA_VEREDA": 162.15, "AREA_EQUIP_M2": 442.2, "N_EQUIP_TIPO": 2}}, {"type": "Feature", "geometry": {"x": -75.19571309999998, "y": 3.9154270510000515}, "properties": {"OBJECTID": 548, "VEREDA": "PILU", "MUNICIPIO": "73504", "ESCENARIO": "E3", "CULTIVO": "Agroforestal", "TIPO_INFRA": "Tipo III - Servicios", "NOMBRE_EQUIP": "Ecoturismo rural", "TON_VEREDA": 852.96, "AREA_HA_VEREDA": 162.15, "AREA_EQUIP_M2": 442.2, "N_EQUIP_TIPO": 2}}, {"type": "Feature", "geometry": {"x": -75.16252573999998, "y": 3.6813040010000577}, "properties": {"OBJECTID": 549, "VEREDA": "EL VERGEL", "MUNICIPIO": "73504", "ESCENARIO": "E3", "CULTIVO": "Agroforestal", "TIPO_INFRA": "Tipo I - Produccion", "NOMBRE_EQUIP": "Vivero forestal", "TON_VEREDA": 1121.32, "AREA_HA_VEREDA": 224.26, "AREA_EQUIP_M2": 1994.1, "N_EQUIP_TIPO": 2}}, {"type": "Feature", "geometry": {"x": -75.55330466399994, "y": 3.9870979170000282}, "properties": {"OBJECTID": 550, "VEREDA": "EL VERGEL", "MUNICIPIO": "73504", "ESCENARIO": "E3", "CULTIVO": "Agroforestal", "TIPO_INFRA": "Tipo I - Produccion", "NOMBRE_EQUIP": "Sistema silvopastoril", "TON_VEREDA": 1121.32, "AREA_HA_VEREDA": 224.26, "AREA_EQUIP_M2": 1994.1, "N_EQUIP_TIPO": 2}}, {"type": "Feature", "geometry": {"x": -75.30432000699994, "y": 3.955201313000032}, "properties": {"OBJECTID": 551, "VEREDA": "EL VERGEL", "MUNICIPIO": "73504", "ESCENARIO": "E3", "CULTIVO": "Agroforestal", "TIPO_INFRA": "Tipo II - Transformacion", "NOMBRE_EQUIP": "Aserradero comunitario", "TON_VEREDA": 1121.32, "AREA_HA_VEREDA": 224.26, "AREA_EQUIP_M2": 1172.8, "N_EQUIP_TIPO": 1}}, {"type": "Feature", "geometry": {"x": -75.17279766799999, "y": 3.7818334340000206}, "properties": {"OBJECTID": 552, "VEREDA": "EL VERGEL", "MUNICIPIO": "73504", "ESCENARIO": "E3", "CULTIVO": "Agroforestal", "TIPO_INFRA": "Tipo III - Servicios", "NOMBRE_EQUIP": "Centro formacion ambiental", "TON_VEREDA": 1121.32, "AREA_HA_VEREDA": 224.26, "AREA_EQUIP_M2": 486.9, "N_EQUIP_TIPO": 2}}, {"type": "Feature", "geometry": {"x": -75.12499727199997, "y": 3.704557901000044}, "properties": {"OBJECTID": 553, "VEREDA": "EL VERGEL", "MUNICIPIO": "73504", "ESCENARIO": "E3", "CULTIVO": "Agroforestal", "TIPO_INFRA": "Tipo III - Servicios", "NOMBRE_EQUIP": "Ecoturismo rural", "TON_VEREDA": 1121.32, "AREA_HA_VEREDA": 224.26, "AREA_EQUIP_M2": 486.9, "N_EQUIP_TIPO": 2}}, {"type": "Feature", "geometry": {"x": -75.15034223299995, "y": 3.4578855350000595}, "properties": {"OBJECTID": 554, "VEREDA": "PORVENIR", "MUNICIPIO": "73504", "ESCENARIO": "E3", "CULTIVO": "Agroforestal", "TIPO_INFRA": "Tipo I - Produccion", "NOMBRE_EQUIP": "Vivero forestal", "TON_VEREDA": 27.37, "AREA_HA_VEREDA": 5.47, "AREA_EQUIP_M2": 243.8, "N_EQUIP_TIPO": 1}}, {"type": "Feature", "geometry": {"x": -75.32849728699995, "y": 3.9576854380000555}, "properties": {"OBJECTID": 555, "VEREDA": "PORVENIR", "MUNICIPIO": "73504", "ESCENARIO": "E3", "CULTIVO": "Agroforestal", "TIPO_INFRA": "Tipo II - Transformacion", "NOMBRE_EQUIP": "Aserradero comunitario", "TON_VEREDA": 27.37, "AREA_HA_VEREDA": 5.47, "AREA_EQUIP_M2": 516.4, "N_EQUIP_TIPO": 1}}, {"type": "Feature", "geometry": {"x": -75.09187074999994, "y": 3.6996381000000724}, "properties": {"OBJECTID": 556, "VEREDA": "PORVENIR", "MUNICIPIO": "73504", "ESCENARIO": "E3", "CULTIVO": "Agroforestal", "TIPO_INFRA": "Tipo III - Servicios", "NOMBRE_EQUIP": "Centro formacion ambiental", "TON_VEREDA": 27.37, "AREA_HA_VEREDA": 5.47, "AREA_EQUIP_M2": 304.6, "N_EQUIP_TIPO": 2}}, {"type": "Feature", "geometry": {"x": -74.99164668999998, "y": 3.75084398000007}, "properties": {"OBJECTID": 557, "VEREDA": "PORVENIR", "MUNICIPIO": "73504", "ESCENARIO": "E3", "CULTIVO": "Agroforestal", "TIPO_INFRA": "Tipo III - Servicios", "NOMBRE_EQUIP": "Ecoturismo rural", "TON_VEREDA": 27.37, "AREA_HA_VEREDA": 5.47, "AREA_EQUIP_M2": 304.6, "N_EQUIP_TIPO": 2}}, {"type": "Feature", "geometry": {"x": -75.15901020599995, "y": 3.6792830090000734}, "properties": {"OBJECTID": 558, "VEREDA": "LAS BRISAS", "MUNICIPIO": "73504", "ESCENARIO": "E3", "CULTIVO": "Agroforestal", "TIPO_INFRA": "Tipo I - Produccion", "NOMBRE_EQUIP": "Vivero forestal", "TON_VEREDA": 173.62, "AREA_HA_VEREDA": 34.72, "AREA_EQUIP_M2": 477.8, "N_EQUIP_TIPO": 1}}, {"type": "Feature", "geometry": {"x": -75.33139915399994, "y": 3.9359621840000614}, "properties": {"OBJECTID": 559, "VEREDA": "LAS BRISAS", "MUNICIPIO": "73504", "ESCENARIO": "E3", "CULTIVO": "Agroforestal", "TIPO_INFRA": "Tipo II - Transformacion", "NOMBRE_EQUIP": "Aserradero comunitario", "TON_VEREDA": 173.62, "AREA_HA_VEREDA": 34.72, "AREA_EQUIP_M2": 604.2, "N_EQUIP_TIPO": 1}}, {"type": "Feature", "geometry": {"x": -75.08813829999997, "y": 3.6201487000000725}, "properties": {"OBJECTID": 560, "VEREDA": "LAS BRISAS", "MUNICIPIO": "73504", "ESCENARIO": "E3", "CULTIVO": "Agroforestal", "TIPO_INFRA": "Tipo III - Servicios", "NOMBRE_EQUIP": "Centro formacion ambiental", "TON_VEREDA": 173.62, "AREA_HA_VEREDA": 34.72, "AREA_EQUIP_M2": 328.9, "N_EQUIP_TIPO": 2}}, {"type": "Feature", "geometry": {"x": -75.09703737299998, "y": 3.6229368100000556}, "properties": {"OBJECTID": 561, "VEREDA": "LAS BRISAS", "MUNICIPIO": "73504", "ESCENARIO": "E3", "CULTIVO": "Agroforestal", "TIPO_INFRA": "Tipo III - Servicios", "NOMBRE_EQUIP": "Ecoturismo rural", "TON_VEREDA": 173.62, "AREA_HA_VEREDA": 34.72, "AREA_EQUIP_M2": 328.9, "N_EQUIP_TIPO": 2}}, {"type": "Feature", "geometry": {"x": -75.16196772899997, "y": 4.001891745000023}, "properties": {"OBJECTID": 562, "VEREDA": "MESA DE LIMON", "MUNICIPIO": "73504", "ESCENARIO": "E3", "CULTIVO": "Agroforestal", "TIPO_INFRA": "Tipo I - Produccion", "NOMBRE_EQUIP": "Vivero forestal", "TON_VEREDA": 96.26, "AREA_HA_VEREDA": 19.25, "AREA_EQUIP_M2": 354, "N_EQUIP_TIPO": 1}}, {"type": "Feature", "geometry": {"x": -75.33282169599994, "y": 3.9159691880000764}, "properties": {"OBJECTID": 563, "VEREDA": "MESA DE LIMON", "MUNICIPIO": "73504", "ESCENARIO": "E3", "CULTIVO": "Agroforestal", "TIPO_INFRA": "Tipo II - Transformacion", "NOMBRE_EQUIP": "Aserradero comunitario", "TON_VEREDA": 96.26, "AREA_HA_VEREDA": 19.25, "AREA_EQUIP_M2": 557.8, "N_EQUIP_TIPO": 1}}, {"type": "Feature", "geometry": {"x": -75.13010886699993, "y": 3.973040749000063}, "properties": {"OBJECTID": 564, "VEREDA": "MESA DE LIMON", "MUNICIPIO": "73504", "ESCENARIO": "E3", "CULTIVO": "Agroforestal", "TIPO_INFRA": "Tipo III - Servicios", "NOMBRE_EQUIP": "Centro formacion ambiental", "TON_VEREDA": 96.26, "AREA_HA_VEREDA": 19.25, "AREA_EQUIP_M2": 316, "N_EQUIP_TIPO": 2}}, {"type": "Feature", "geometry": {"x": -75.07445369599998, "y": 3.791496432000031}, "properties": {"OBJECTID": 565, "VEREDA": "MESA DE LIMON", "MUNICIPIO": "73504", "ESCENARIO": "E3", "CULTIVO": "Agroforestal", "TIPO_INFRA": "Tipo III - Servicios", "NOMBRE_EQUIP": "Ecoturismo rural", "TON_VEREDA": 96.26, "AREA_HA_VEREDA": 19.25, "AREA_EQUIP_M2": 316, "N_EQUIP_TIPO": 2}}, {"type": "Feature", "geometry": {"x": -75.17616298699994, "y": 3.8596042390000207}, "properties": {"OBJECTID": 566, "VEREDA": "SAMARIA", "MUNICIPIO": "73504", "ESCENARIO": "E3", "CULTIVO": "Agroforestal", "TIPO_INFRA": "Tipo I - Produccion", "NOMBRE_EQUIP": "Vivero forestal", "TON_VEREDA": 17.26, "AREA_HA_VEREDA": 3.45, "AREA_EQUIP_M2": 227.6, "N_EQUIP_TIPO": 1}}, {"type": "Feature", "geometry": {"x": -75.34866933799998, "y": 3.909714718000032}, "properties": {"OBJECTID": 567, "VEREDA": "SAMARIA", "MUNICIPIO": "73504", "ESCENARIO": "E3", "CULTIVO": "Agroforestal", "TIPO_INFRA": "Tipo II - Transformacion", "NOMBRE_EQUIP": "Aserradero comunitario", "TON_VEREDA": 17.26, "AREA_HA_VEREDA": 3.45, "AREA_EQUIP_M2": 510.4, "N_EQUIP_TIPO": 1}}, {"type": "Feature", "geometry": {"x": -75.11461517699996, "y": 3.67522845000002}, "properties": {"OBJECTID": 568, "VEREDA": "SAMARIA", "MUNICIPIO": "73504", "ESCENARIO": "E3", "CULTIVO": "Agroforestal", "TIPO_INFRA": "Tipo III - Servicios", "NOMBRE_EQUIP": "Centro formacion ambiental", "TON_VEREDA": 17.26, "AREA_HA_VEREDA": 3.45, "AREA_EQUIP_M2": 302.9, "N_EQUIP_TIPO": 2}}, {"type": "Feature", "geometry": {"x": -75.22147907599998, "y": 3.9390629360000275}, "properties": {"OBJECTID": 569, "VEREDA": "SAMARIA", "MUNICIPIO": "73504", "ESCENARIO": "E3", "CULTIVO": "Agroforestal", "TIPO_INFRA": "Tipo III - Servicios", "NOMBRE_EQUIP": "Ecoturismo rural", "TON_VEREDA": 17.26, "AREA_HA_VEREDA": 3.45, "AREA_EQUIP_M2": 302.9, "N_EQUIP_TIPO": 2}}, {"type": "Feature", "geometry": {"x": -75.16316683299993, "y": 3.6759153790000596}, "properties": {"OBJECTID": 570, "VEREDA": "OLAYA HERRERA", "MUNICIPIO": "73504", "ESCENARIO": "E3", "CULTIVO": "Cana panelera", "TIPO_INFRA": "Tipo I - Produccion", "NOMBRE_EQUIP": "Vivero cana", "TON_VEREDA": 7181.75, "AREA_HA_VEREDA": 718.18, "AREA_EQUIP_M2": 2000, "N_EQUIP_TIPO": 5}}, {"type": "Feature", "geometry": {"x": -75.23657129399999, "y": 3.9901478190000716}, "properties": {"OBJECTID": 571, "VEREDA": "OLAYA HERRERA", "MUNICIPIO": "73504", "ESCENARIO": "E3", "CULTIVO": "Cana panelera", "TIPO_INFRA": "Tipo I - Produccion", "NOMBRE_EQUIP": "Trapiche movil", "TON_VEREDA": 7181.75, "AREA_HA_VEREDA": 718.18, "AREA_EQUIP_M2": 2000, "N_EQUIP_TIPO": 5}}, {"type": "Feature", "geometry": {"x": -75.07755526699998, "y": 3.6668472740000198}, "properties": {"OBJECTID": 572, "VEREDA": "OLAYA HERRERA", "MUNICIPIO": "73504", "ESCENARIO": "E3", "CULTIVO": "Cana panelera", "TIPO_INFRA": "Tipo I - Produccion", "NOMBRE_EQUIP": "Bodega panela campo", "TON_VEREDA": 7181.75, "AREA_HA_VEREDA": 718.18, "AREA_EQUIP_M2": 2000, "N_EQUIP_TIPO": 5}}, {"type": "Feature", "geometry": {"x": -75.16212723999996, "y": 3.67886971300004}, "properties": {"OBJECTID": 573, "VEREDA": "OLAYA HERRERA", "MUNICIPIO": "73504", "ESCENARIO": "E3", "CULTIVO": "Cana panelera", "TIPO_INFRA": "Tipo I - Produccion", "NOMBRE_EQUIP": "Sistema riego", "TON_VEREDA": 7181.75, "AREA_HA_VEREDA": 718.18, "AREA_EQUIP_M2": 2000, "N_EQUIP_TIPO": 5}}, {"type": "Feature", "geometry": {"x": -75.14615996199996, "y": 3.6954893320000224}, "properties": {"OBJECTID": 574, "VEREDA": "OLAYA HERRERA", "MUNICIPIO": "73504", "ESCENARIO": "E3", "CULTIVO": "Cana panelera", "TIPO_INFRA": "Tipo I - Produccion", "NOMBRE_EQUIP": "Centro campo", "TON_VEREDA": 7181.75, "AREA_HA_VEREDA": 718.18, "AREA_EQUIP_M2": 2000, "N_EQUIP_TIPO": 5}}, {"type": "Feature", "geometry": {"x": -75.34294022799997, "y": 3.824063029000058}, "properties": {"OBJECTID": 575, "VEREDA": "OLAYA HERRERA", "MUNICIPIO": "73504", "ESCENARIO": "E3", "CULTIVO": "Cana panelera", "TIPO_INFRA": "Tipo II - Transformacion", "NOMBRE_EQUIP": "Trapiche tecnificado", "TON_VEREDA": 7181.75, "AREA_HA_VEREDA": 718.18, "AREA_EQUIP_M2": 4809.1, "N_EQUIP_TIPO": 3}}, {"type": "Feature", "geometry": {"x": -75.34307778499993, "y": 3.827344733000075}, "properties": {"OBJECTID": 576, "VEREDA": "OLAYA HERRERA", "MUNICIPIO": "73504", "ESCENARIO": "E3", "CULTIVO": "Cana panelera", "TIPO_INFRA": "Tipo II - Transformacion", "NOMBRE_EQUIP": "Planta panela granulada", "TON_VEREDA": 7181.75, "AREA_HA_VEREDA": 718.18, "AREA_EQUIP_M2": 4809.1, "N_EQUIP_TIPO": 3}}, {"type": "Feature", "geometry": {"x": -75.34940834699995, "y": 3.826500835000047}, "properties": {"OBJECTID": 577, "VEREDA": "OLAYA HERRERA", "MUNICIPIO": "73504", "ESCENARIO": "E3", "CULTIVO": "Cana panelera", "TIPO_INFRA": "Tipo II - Transformacion", "NOMBRE_EQUIP": "Laboratorio panelero", "TON_VEREDA": 7181.75, "AREA_HA_VEREDA": 718.18, "AREA_EQUIP_M2": 4809.1, "N_EQUIP_TIPO": 3}}, {"type": "Feature", "geometry": {"x": -75.12139296099997, "y": 3.939090576000069}, "properties": {"OBJECTID": 578, "VEREDA": "OLAYA HERRERA", "MUNICIPIO": "73504", "ESCENARIO": "E3", "CULTIVO": "Cana panelera", "TIPO_INFRA": "Tipo III - Servicios", "NOMBRE_EQUIP": "Escuela paneleros", "TON_VEREDA": 7181.75, "AREA_HA_VEREDA": 718.18, "AREA_EQUIP_M2": 1497, "N_EQUIP_TIPO": 2}}, {"type": "Feature", "geometry": {"x": -75.09723539999999, "y": 3.622137250000037}, "properties": {"OBJECTID": 579, "VEREDA": "OLAYA HERRERA", "MUNICIPIO": "73504", "ESCENARIO": "E3", "CULTIVO": "Cana panelera", "TIPO_INFRA": "Tipo III - Servicios", "NOMBRE_EQUIP": "Punto acopio panela", "TON_VEREDA": 7181.75, "AREA_HA_VEREDA": 718.18, "AREA_EQUIP_M2": 1497, "N_EQUIP_TIPO": 2}}, {"type": "Feature", "geometry": {"x": -75.13975580499994, "y": 4.010020121000025}, "properties": {"OBJECTID": 580, "VEREDA": "BOCA DE PERALONSO", "MUNICIPIO": "73504", "ESCENARIO": "E3", "CULTIVO": "Agroforestal", "TIPO_INFRA": "Tipo I - Produccion", "NOMBRE_EQUIP": "Vivero forestal", "TON_VEREDA": 2733.76, "AREA_HA_VEREDA": 273.58, "AREA_EQUIP_M2": 2000, "N_EQUIP_TIPO": 5}}, {"type": "Feature", "geometry": {"x": -75.12798904899995, "y": 3.579652696000039}, "properties": {"OBJECTID": 581, "VEREDA": "BOCA DE PERALONSO", "MUNICIPIO": "73504", "ESCENARIO": "E3", "CULTIVO": "Agroforestal", "TIPO_INFRA": "Tipo I - Produccion", "NOMBRE_EQUIP": "Sistema silvopastoril", "TON_VEREDA": 2733.76, "AREA_HA_VEREDA": 273.58, "AREA_EQUIP_M2": 2000, "N_EQUIP_TIPO": 5}}, {"type": "Feature", "geometry": {"x": -75.12875343599995, "y": 3.694667485000025}, "properties": {"OBJECTID": 582, "VEREDA": "BOCA DE PERALONSO", "MUNICIPIO": "73504", "ESCENARIO": "E3", "CULTIVO": "Agroforestal", "TIPO_INFRA": "Tipo I - Produccion", "NOMBRE_EQUIP": "Banco germoplasma", "TON_VEREDA": 2733.76, "AREA_HA_VEREDA": 273.58, "AREA_EQUIP_M2": 2000, "N_EQUIP_TIPO": 5}}, {"type": "Feature", "geometry": {"x": -75.25125223899994, "y": 4.039297286000021}, "properties": {"OBJECTID": 583, "VEREDA": "BOCA DE PERALONSO", "MUNICIPIO": "73504", "ESCENARIO": "E3", "CULTIVO": "Agroforestal", "TIPO_INFRA": "Tipo I - Produccion", "NOMBRE_EQUIP": "Compostaje", "TON_VEREDA": 2733.76, "AREA_HA_VEREDA": 273.58, "AREA_EQUIP_M2": 2000, "N_EQUIP_TIPO": 5}}, {"type": "Feature", "geometry": {"x": -75.24620805399996, "y": 4.09915182900005}, "properties": {"OBJECTID": 584, "VEREDA": "BOCA DE PERALONSO", "MUNICIPIO": "73504", "ESCENARIO": "E3", "CULTIVO": "Agroforestal", "TIPO_INFRA": "Tipo I - Produccion", "NOMBRE_EQUIP": "Centro campo", "TON_VEREDA": 2733.76, "AREA_HA_VEREDA": 273.58, "AREA_EQUIP_M2": 2000, "N_EQUIP_TIPO": 5}}, {"type": "Feature", "geometry": {"x": -75.28768591499994, "y": 3.8609293210000715}, "properties": {"OBJECTID": 585, "VEREDA": "BOCA DE PERALONSO", "MUNICIPIO": "73504", "ESCENARIO": "E3", "CULTIVO": "Agroforestal", "TIPO_INFRA": "Tipo II - Transformacion", "NOMBRE_EQUIP": "Aserradero comunitario", "TON_VEREDA": 2733.76, "AREA_HA_VEREDA": 273.58, "AREA_EQUIP_M2": 2140.3, "N_EQUIP_TIPO": 1}}, {"type": "Feature", "geometry": {"x": -75.09085199999998, "y": 3.7009261000000606}, "properties": {"OBJECTID": 586, "VEREDA": "BOCA DE PERALONSO", "MUNICIPIO": "73504", "ESCENARIO": "E3", "CULTIVO": "Agroforestal", "TIPO_INFRA": "Tipo III - Servicios", "NOMBRE_EQUIP": "Centro formacion ambiental", "TON_VEREDA": 2733.76, "AREA_HA_VEREDA": 273.58, "AREA_EQUIP_M2": 755.6, "N_EQUIP_TIPO": 2}}, {"type": "Feature", "geometry": {"x": -75.08884940099995, "y": 3.6179101010000636}, "properties": {"OBJECTID": 587, "VEREDA": "BOCA DE PERALONSO", "MUNICIPIO": "73504", "ESCENARIO": "E3", "CULTIVO": "Agroforestal", "TIPO_INFRA": "Tipo III - Servicios", "NOMBRE_EQUIP": "Ecoturismo rural", "TON_VEREDA": 2733.76, "AREA_HA_VEREDA": 273.58, "AREA_EQUIP_M2": 755.6, "N_EQUIP_TIPO": 2}}, {"type": "Feature", "geometry": {"x": -75.12077409899996, "y": 3.6944291060000296}, "properties": {"OBJECTID": 588, "VEREDA": "NUEVA ESPERANZA - PLAYA VERDE", "MUNICIPIO": "73504", "ESCENARIO": "E3", "CULTIVO": "Agroforestal", "TIPO_INFRA": "Tipo I - Produccion", "NOMBRE_EQUIP": "Vivero forestal", "TON_VEREDA": 165.71, "AREA_HA_VEREDA": 32.93, "AREA_EQUIP_M2": 465.1, "N_EQUIP_TIPO": 1}}, {"type": "Feature", "geometry": {"x": -75.30927913399995, "y": 3.878650948000029}, "properties": {"OBJECTID": 589, "VEREDA": "NUEVA ESPERANZA - PLAYA VERDE", "MUNICIPIO": "73504", "ESCENARIO": "E3", "CULTIVO": "Agroforestal", "TIPO_INFRA": "Tipo II - Transformacion", "NOMBRE_EQUIP": "Aserradero comunitario", "TON_VEREDA": 165.71, "AREA_HA_VEREDA": 32.93, "AREA_EQUIP_M2": 599.4, "N_EQUIP_TIPO": 1}}, {"type": "Feature", "geometry": {"x": -75.01010412599999, "y": 3.7253140330000747}, "properties": {"OBJECTID": 590, "VEREDA": "NUEVA ESPERANZA - PLAYA VERDE", "MUNICIPIO": "73504", "ESCENARIO": "E3", "CULTIVO": "Agroforestal", "TIPO_INFRA": "Tipo III - Servicios", "NOMBRE_EQUIP": "Centro formacion ambiental", "TON_VEREDA": 165.71, "AREA_HA_VEREDA": 32.93, "AREA_EQUIP_M2": 327.6, "N_EQUIP_TIPO": 2}}, {"type": "Feature", "geometry": {"x": -75.12487774599998, "y": 3.543212654000058}, "properties": {"OBJECTID": 591, "VEREDA": "NUEVA ESPERANZA - PLAYA VERDE", "MUNICIPIO": "73504", "ESCENARIO": "E3", "CULTIVO": "Agroforestal", "TIPO_INFRA": "Tipo III - Servicios", "NOMBRE_EQUIP": "Ecoturismo rural", "TON_VEREDA": 165.71, "AREA_HA_VEREDA": 32.93, "AREA_EQUIP_M2": 327.6, "N_EQUIP_TIPO": 2}}, {"type": "Feature", "geometry": {"x": -75.19093628799999, "y": 3.8251642010000637}, "properties": {"OBJECTID": 592, "VEREDA": "PALOMA", "MUNICIPIO": "73504", "ESCENARIO": "E3", "CULTIVO": "Agroforestal", "TIPO_INFRA": "Tipo I - Produccion", "NOMBRE_EQUIP": "Vivero forestal", "TON_VEREDA": 1441.61, "AREA_HA_VEREDA": 288.32, "AREA_EQUIP_M2": 2000, "N_EQUIP_TIPO": 3}}, {"type": "Feature", "geometry": {"x": -75.04828689399994, "y": 3.565329082000062}, "properties": {"OBJECTID": 593, "VEREDA": "PALOMA", "MUNICIPIO": "73504", "ESCENARIO": "E3", "CULTIVO": "Agroforestal", "TIPO_INFRA": "Tipo I - Produccion", "NOMBRE_EQUIP": "Sistema silvopastoril", "TON_VEREDA": 1441.61, "AREA_HA_VEREDA": 288.32, "AREA_EQUIP_M2": 2000, "N_EQUIP_TIPO": 3}}, {"type": "Feature", "geometry": {"x": -75.17537384399998, "y": 3.702353136000056}, "properties": {"OBJECTID": 594, "VEREDA": "PALOMA", "MUNICIPIO": "73504", "ESCENARIO": "E3", "CULTIVO": "Agroforestal", "TIPO_INFRA": "Tipo I - Produccion", "NOMBRE_EQUIP": "Banco germoplasma", "TON_VEREDA": 1441.61, "AREA_HA_VEREDA": 288.32, "AREA_EQUIP_M2": 2000, "N_EQUIP_TIPO": 3}}, {"type": "Feature", "geometry": {"x": -75.30790015099996, "y": 3.905138768000029}, "properties": {"OBJECTID": 595, "VEREDA": "PALOMA", "MUNICIPIO": "73504", "ESCENARIO": "E3", "CULTIVO": "Agroforestal", "TIPO_INFRA": "Tipo II - Transformacion", "NOMBRE_EQUIP": "Aserradero comunitario", "TON_VEREDA": 1441.61, "AREA_HA_VEREDA": 288.32, "AREA_EQUIP_M2": 1365, "N_EQUIP_TIPO": 1}}, {"type": "Feature", "geometry": {"x": -75.14547958999998, "y": 3.927825085000052}, "properties": {"OBJECTID": 596, "VEREDA": "PALOMA", "MUNICIPIO": "73504", "ESCENARIO": "E3", "CULTIVO": "Agroforestal", "TIPO_INFRA": "Tipo III - Servicios", "NOMBRE_EQUIP": "Centro formacion ambiental", "TON_VEREDA": 1441.61, "AREA_HA_VEREDA": 288.32, "AREA_EQUIP_M2": 540.3, "N_EQUIP_TIPO": 2}}, {"type": "Feature", "geometry": {"x": -75.18670994499996, "y": 3.400637416000052}, "properties": {"OBJECTID": 597, "VEREDA": "PALOMA", "MUNICIPIO": "73504", "ESCENARIO": "E3", "CULTIVO": "Agroforestal", "TIPO_INFRA": "Tipo III - Servicios", "NOMBRE_EQUIP": "Ecoturismo rural", "TON_VEREDA": 1441.61, "AREA_HA_VEREDA": 288.32, "AREA_EQUIP_M2": 540.3, "N_EQUIP_TIPO": 2}}, {"type": "Feature", "geometry": {"x": -75.22498220199998, "y": 3.945211898000025}, "properties": {"OBJECTID": 598, "VEREDA": "VUELTA DEL RIO", "MUNICIPIO": "73504", "ESCENARIO": "E3", "CULTIVO": "Agroforestal", "TIPO_INFRA": "Tipo I - Produccion", "NOMBRE_EQUIP": "Vivero forestal", "TON_VEREDA": 4668.28, "AREA_HA_VEREDA": 609.98, "AREA_EQUIP_M2": 2000, "N_EQUIP_TIPO": 5}}, {"type": "Feature", "geometry": {"x": -75.17554456299996, "y": 3.8595552260000545}, "properties": {"OBJECTID": 599, "VEREDA": "VUELTA DEL RIO", "MUNICIPIO": "73504", "ESCENARIO": "E3", "CULTIVO": "Agroforestal", "TIPO_INFRA": "Tipo I - Produccion", "NOMBRE_EQUIP": "Sistema silvopastoril", "TON_VEREDA": 4668.28, "AREA_HA_VEREDA": 609.98, "AREA_EQUIP_M2": 2000, "N_EQUIP_TIPO": 5}}, {"type": "Feature", "geometry": {"x": -75.16782631999996, "y": 3.8640472120000595}, "properties": {"OBJECTID": 600, "VEREDA": "VUELTA DEL RIO", "MUNICIPIO": "73504", "ESCENARIO": "E3", "CULTIVO": "Agroforestal", "TIPO_INFRA": "Tipo I - Produccion", "NOMBRE_EQUIP": "Banco germoplasma", "TON_VEREDA": 4668.28, "AREA_HA_VEREDA": 609.98, "AREA_EQUIP_M2": 2000, "N_EQUIP_TIPO": 5}}, {"type": "Feature", "geometry": {"x": -75.23633627699996, "y": 3.7545029190000605}, "properties": {"OBJECTID": 601, "VEREDA": "VUELTA DEL RIO", "MUNICIPIO": "73504", "ESCENARIO": "E3", "CULTIVO": "Agroforestal", "TIPO_INFRA": "Tipo I - Produccion", "NOMBRE_EQUIP": "Compostaje", "TON_VEREDA": 4668.28, "AREA_HA_VEREDA": 609.98, "AREA_EQUIP_M2": 2000, "N_EQUIP_TIPO": 5}}, {"type": "Feature", "geometry": {"x": -75.10210046599997, "y": 3.7984408590000385}, "properties": {"OBJECTID": 602, "VEREDA": "VUELTA DEL RIO", "MUNICIPIO": "73504", "ESCENARIO": "E3", "CULTIVO": "Agroforestal", "TIPO_INFRA": "Tipo I - Produccion", "NOMBRE_EQUIP": "Centro campo", "TON_VEREDA": 4668.28, "AREA_HA_VEREDA": 609.98, "AREA_EQUIP_M2": 2000, "N_EQUIP_TIPO": 5}}, {"type": "Feature", "geometry": {"x": -75.19126849799994, "y": 3.8643785330000355}, "properties": {"OBJECTID": 603, "VEREDA": "VUELTA DEL RIO", "MUNICIPIO": "73504", "ESCENARIO": "E3", "CULTIVO": "Agroforestal", "TIPO_INFRA": "Tipo II - Transformacion", "NOMBRE_EQUIP": "Aserradero comunitario", "TON_VEREDA": 4668.28, "AREA_HA_VEREDA": 609.98, "AREA_EQUIP_M2": 3301, "N_EQUIP_TIPO": 2}}, {"type": "Feature", "geometry": {"x": -75.18837483999994, "y": 3.8603449130000627}, "properties": {"OBJECTID": 604, "VEREDA": "VUELTA DEL RIO", "MUNICIPIO": "73504", "ESCENARIO": "E3", "CULTIVO": "Agroforestal", "TIPO_INFRA": "Tipo II - Transformacion", "NOMBRE_EQUIP": "Planta no maderables", "TON_VEREDA": 4668.28, "AREA_HA_VEREDA": 609.98, "AREA_EQUIP_M2": 3301, "N_EQUIP_TIPO": 2}}, {"type": "Feature", "geometry": {"x": -75.19134814999995, "y": 3.4045785500000534}, "properties": {"OBJECTID": 605, "VEREDA": "VUELTA DEL RIO", "MUNICIPIO": "73504", "ESCENARIO": "E3", "CULTIVO": "Agroforestal", "TIPO_INFRA": "Tipo III - Servicios", "NOMBRE_EQUIP": "Centro formacion ambiental", "TON_VEREDA": 4668.28, "AREA_HA_VEREDA": 609.98, "AREA_EQUIP_M2": 1078, "N_EQUIP_TIPO": 2}}, {"type": "Feature", "geometry": {"x": -75.11160191899995, "y": 3.5313475010000275}, "properties": {"OBJECTID": 606, "VEREDA": "VUELTA DEL RIO", "MUNICIPIO": "73504", "ESCENARIO": "E3", "CULTIVO": "Agroforestal", "TIPO_INFRA": "Tipo III - Servicios", "NOMBRE_EQUIP": "Ecoturismo rural", "TON_VEREDA": 4668.28, "AREA_HA_VEREDA": 609.98, "AREA_EQUIP_M2": 1078, "N_EQUIP_TIPO": 2}}, {"type": "Feature", "geometry": {"x": -75.16946349999995, "y": 3.7014125630000763}, "properties": {"OBJECTID": 607, "VEREDA": "AHICO", "MUNICIPIO": "73504", "ESCENARIO": "E3", "CULTIVO": "Cana panelera", "TIPO_INFRA": "Tipo I - Produccion", "NOMBRE_EQUIP": "Vivero cana", "TON_VEREDA": 1635.7, "AREA_HA_VEREDA": 163.57, "AREA_EQUIP_M2": 2000, "N_EQUIP_TIPO": 3}}, {"type": "Feature", "geometry": {"x": -75.68098934599993, "y": 4.067069907000075}, "properties": {"OBJECTID": 608, "VEREDA": "AHICO", "MUNICIPIO": "73504", "ESCENARIO": "E3", "CULTIVO": "Cana panelera", "TIPO_INFRA": "Tipo I - Produccion", "NOMBRE_EQUIP": "Trapiche movil", "TON_VEREDA": 1635.7, "AREA_HA_VEREDA": 163.57, "AREA_EQUIP_M2": 2000, "N_EQUIP_TIPO": 3}}, {"type": "Feature", "geometry": {"x": -75.28114984799998, "y": 3.8773303200000555}, "properties": {"OBJECTID": 609, "VEREDA": "AHICO", "MUNICIPIO": "73504", "ESCENARIO": "E3", "CULTIVO": "Cana panelera", "TIPO_INFRA": "Tipo I - Produccion", "NOMBRE_EQUIP": "Bodega panela campo", "TON_VEREDA": 1635.7, "AREA_HA_VEREDA": 163.57, "AREA_EQUIP_M2": 2000, "N_EQUIP_TIPO": 3}}, {"type": "Feature", "geometry": {"x": -75.20293033999997, "y": 3.836531315000059}, "properties": {"OBJECTID": 610, "VEREDA": "AHICO", "MUNICIPIO": "73504", "ESCENARIO": "E3", "CULTIVO": "Cana panelera", "TIPO_INFRA": "Tipo II - Transformacion", "NOMBRE_EQUIP": "Trapiche tecnificado", "TON_VEREDA": 1635.7, "AREA_HA_VEREDA": 163.57, "AREA_EQUIP_M2": 1481.4, "N_EQUIP_TIPO": 1}}, {"type": "Feature", "geometry": {"x": -75.19395641199998, "y": 3.7923731310000335}, "properties": {"OBJECTID": 611, "VEREDA": "AHICO", "MUNICIPIO": "73504", "ESCENARIO": "E3", "CULTIVO": "Cana panelera", "TIPO_INFRA": "Tipo III - Servicios", "NOMBRE_EQUIP": "Escuela paneleros", "TON_VEREDA": 1635.7, "AREA_HA_VEREDA": 163.57, "AREA_EQUIP_M2": 572.6, "N_EQUIP_TIPO": 2}}, {"type": "Feature", "geometry": {"x": -75.22571046499996, "y": 3.931419050000045}, "properties": {"OBJECTID": 612, "VEREDA": "AHICO", "MUNICIPIO": "73504", "ESCENARIO": "E3", "CULTIVO": "Cana panelera", "TIPO_INFRA": "Tipo III - Servicios", "NOMBRE_EQUIP": "Punto acopio panela", "TON_VEREDA": 1635.7, "AREA_HA_VEREDA": 163.57, "AREA_EQUIP_M2": 572.6, "N_EQUIP_TIPO": 2}}, {"type": "Feature", "geometry": {"x": -75.09692125699996, "y": 3.578124613000057}, "properties": {"OBJECTID": 613, "VEREDA": "LA CALERA", "MUNICIPIO": "73504", "ESCENARIO": "E3", "CULTIVO": "Agroforestal", "TIPO_INFRA": "Tipo I - Produccion", "NOMBRE_EQUIP": "Vivero forestal", "TON_VEREDA": 2188.27, "AREA_HA_VEREDA": 337.98, "AREA_EQUIP_M2": 2000, "N_EQUIP_TIPO": 4}}, {"type": "Feature", "geometry": {"x": -75.12239202199999, "y": 3.7903797800000234}, "properties": {"OBJECTID": 614, "VEREDA": "LA CALERA", "MUNICIPIO": "73504", "ESCENARIO": "E3", "CULTIVO": "Agroforestal", "TIPO_INFRA": "Tipo I - Produccion", "NOMBRE_EQUIP": "Sistema silvopastoril", "TON_VEREDA": 2188.27, "AREA_HA_VEREDA": 337.98, "AREA_EQUIP_M2": 2000, "N_EQUIP_TIPO": 4}}, {"type": "Feature", "geometry": {"x": -75.10811634499998, "y": 3.7952693830000612}, "properties": {"OBJECTID": 615, "VEREDA": "LA CALERA", "MUNICIPIO": "73504", "ESCENARIO": "E3", "CULTIVO": "Agroforestal", "TIPO_INFRA": "Tipo I - Produccion", "NOMBRE_EQUIP": "Banco germoplasma", "TON_VEREDA": 2188.27, "AREA_HA_VEREDA": 337.98, "AREA_EQUIP_M2": 2000, "N_EQUIP_TIPO": 4}}, {"type": "Feature", "geometry": {"x": -75.08156705899995, "y": 3.621067551000067}, "properties": {"OBJECTID": 616, "VEREDA": "LA CALERA", "MUNICIPIO": "73504", "ESCENARIO": "E3", "CULTIVO": "Agroforestal", "TIPO_INFRA": "Tipo I - Produccion", "NOMBRE_EQUIP": "Compostaje", "TON_VEREDA": 2188.27, "AREA_HA_VEREDA": 337.98, "AREA_EQUIP_M2": 2000, "N_EQUIP_TIPO": 4}}, {"type": "Feature", "geometry": {"x": -75.29574801899997, "y": 3.7839558210000632}, "properties": {"OBJECTID": 617, "VEREDA": "LA CALERA", "MUNICIPIO": "73504", "ESCENARIO": "E3", "CULTIVO": "Agroforestal", "TIPO_INFRA": "Tipo II - Transformacion", "NOMBRE_EQUIP": "Aserradero comunitario", "TON_VEREDA": 2188.27, "AREA_HA_VEREDA": 337.98, "AREA_EQUIP_M2": 1813, "N_EQUIP_TIPO": 1}}, {"type": "Feature", "geometry": {"x": -75.09267714899994, "y": 3.6159288500000457}, "properties": {"OBJECTID": 618, "VEREDA": "LA CALERA", "MUNICIPIO": "73504", "ESCENARIO": "E3", "CULTIVO": "Agroforestal", "TIPO_INFRA": "Tipo III - Servicios", "NOMBRE_EQUIP": "Centro formacion ambiental", "TON_VEREDA": 2188.27, "AREA_HA_VEREDA": 337.98, "AREA_EQUIP_M2": 664.7, "N_EQUIP_TIPO": 2}}, {"type": "Feature", "geometry": {"x": -75.09510409399996, "y": 3.6219048710000266}, "properties": {"OBJECTID": 619, "VEREDA": "LA CALERA", "MUNICIPIO": "73504", "ESCENARIO": "E3", "CULTIVO": "Agroforestal", "TIPO_INFRA": "Tipo III - Servicios", "NOMBRE_EQUIP": "Ecoturismo rural", "TON_VEREDA": 2188.27, "AREA_HA_VEREDA": 337.98, "AREA_EQUIP_M2": 664.7, "N_EQUIP_TIPO": 2}}, {"type": "Feature", "geometry": {"x": -75.19001879499996, "y": 4.0140037670000766}, "properties": {"OBJECTID": 620, "VEREDA": "CANALI", "MUNICIPIO": "73504", "ESCENARIO": "E3", "CULTIVO": "Agroforestal", "TIPO_INFRA": "Tipo I - Produccion", "NOMBRE_EQUIP": "Vivero forestal", "TON_VEREDA": 4864.98, "AREA_HA_VEREDA": 671.72, "AREA_EQUIP_M2": 2000, "N_EQUIP_TIPO": 5}}, {"type": "Feature", "geometry": {"x": -75.24366982399994, "y": 3.732835120000061}, "properties": {"OBJECTID": 621, "VEREDA": "CANALI", "MUNICIPIO": "73504", "ESCENARIO": "E3", "CULTIVO": "Agroforestal", "TIPO_INFRA": "Tipo I - Produccion", "NOMBRE_EQUIP": "Sistema silvopastoril", "TON_VEREDA": 4864.98, "AREA_HA_VEREDA": 671.72, "AREA_EQUIP_M2": 2000, "N_EQUIP_TIPO": 5}}, {"type": "Feature", "geometry": {"x": -75.24742385299999, "y": 4.068765155000051}, "properties": {"OBJECTID": 622, "VEREDA": "CANALI", "MUNICIPIO": "73504", "ESCENARIO": "E3", "CULTIVO": "Agroforestal", "TIPO_INFRA": "Tipo I - Produccion", "NOMBRE_EQUIP": "Banco germoplasma", "TON_VEREDA": 4864.98, "AREA_HA_VEREDA": 671.72, "AREA_EQUIP_M2": 2000, "N_EQUIP_TIPO": 5}}, {"type": "Feature", "geometry": {"x": -75.09554361499994, "y": 3.971602032000021}, "properties": {"OBJECTID": 623, "VEREDA": "CANALI", "MUNICIPIO": "73504", "ESCENARIO": "E3", "CULTIVO": "Agroforestal", "TIPO_INFRA": "Tipo I - Produccion", "NOMBRE_EQUIP": "Compostaje", "TON_VEREDA": 4864.98, "AREA_HA_VEREDA": 671.72, "AREA_EQUIP_M2": 2000, "N_EQUIP_TIPO": 5}}, {"type": "Feature", "geometry": {"x": -75.09995228399998, "y": 3.7396191310000404}, "properties": {"OBJECTID": 624, "VEREDA": "CANALI", "MUNICIPIO": "73504", "ESCENARIO": "E3", "CULTIVO": "Agroforestal", "TIPO_INFRA": "Tipo I - Produccion", "NOMBRE_EQUIP": "Centro campo", "TON_VEREDA": 4864.98, "AREA_HA_VEREDA": 671.72, "AREA_EQUIP_M2": 2000, "N_EQUIP_TIPO": 5}}, {"type": "Feature", "geometry": {"x": -75.29583774299994, "y": 3.821011206000037}, "properties": {"OBJECTID": 625, "VEREDA": "CANALI", "MUNICIPIO": "73504", "ESCENARIO": "E3", "CULTIVO": "Agroforestal", "TIPO_INFRA": "Tipo II - Transformacion", "NOMBRE_EQUIP": "Aserradero comunitario", "TON_VEREDA": 4864.98, "AREA_HA_VEREDA": 671.72, "AREA_EQUIP_M2": 3419, "N_EQUIP_TIPO": 2}}, {"type": "Feature", "geometry": {"x": -75.29611700399994, "y": 3.821599092000042}, "properties": {"OBJECTID": 626, "VEREDA": "CANALI", "MUNICIPIO": "73504", "ESCENARIO": "E3", "CULTIVO": "Agroforestal", "TIPO_INFRA": "Tipo II - Transformacion", "NOMBRE_EQUIP": "Planta no maderables", "TON_VEREDA": 4864.98, "AREA_HA_VEREDA": 671.72, "AREA_EQUIP_M2": 3419, "N_EQUIP_TIPO": 2}}, {"type": "Feature", "geometry": {"x": -75.09715061999998, "y": 3.6201993380000204}, "properties": {"OBJECTID": 627, "VEREDA": "CANALI", "MUNICIPIO": "73504", "ESCENARIO": "E3", "CULTIVO": "Agroforestal", "TIPO_INFRA": "Tipo III - Servicios", "NOMBRE_EQUIP": "Centro formacion ambiental", "TON_VEREDA": 4864.98, "AREA_HA_VEREDA": 671.72, "AREA_EQUIP_M2": 1110.8, "N_EQUIP_TIPO": 2}}, {"type": "Feature", "geometry": {"x": -75.00313209999996, "y": 3.6613941000000523}, "properties": {"OBJECTID": 628, "VEREDA": "CANALI", "MUNICIPIO": "73504", "ESCENARIO": "E3", "CULTIVO": "Agroforestal", "TIPO_INFRA": "Tipo III - Servicios", "NOMBRE_EQUIP": "Ecoturismo rural", "TON_VEREDA": 4864.98, "AREA_HA_VEREDA": 671.72, "AREA_EQUIP_M2": 1110.8, "N_EQUIP_TIPO": 2}}, {"type": "Feature", "geometry": {"x": -75.09350965799996, "y": 3.9676333430000454}, "properties": {"OBJECTID": 629, "VEREDA": "RINCON DE CANALI", "MUNICIPIO": "73504", "ESCENARIO": "E3", "CULTIVO": "Agroforestal", "TIPO_INFRA": "Tipo I - Produccion", "NOMBRE_EQUIP": "Vivero forestal", "TON_VEREDA": 1142.7, "AREA_HA_VEREDA": 186.59, "AREA_EQUIP_M2": 2000, "N_EQUIP_TIPO": 2}}, {"type": "Feature", "geometry": {"x": -75.13044272899998, "y": 3.9926130050000666}, "properties": {"OBJECTID": 630, "VEREDA": "RINCON DE CANALI", "MUNICIPIO": "73504", "ESCENARIO": "E3", "CULTIVO": "Agroforestal", "TIPO_INFRA": "Tipo I - Produccion", "NOMBRE_EQUIP": "Sistema silvopastoril", "TON_VEREDA": 1142.7, "AREA_HA_VEREDA": 186.59, "AREA_EQUIP_M2": 2000, "N_EQUIP_TIPO": 2}}, {"type": "Feature", "geometry": {"x": -75.27806904699997, "y": 3.8428385830000593}, "properties": {"OBJECTID": 631, "VEREDA": "RINCON DE CANALI", "MUNICIPIO": "73504", "ESCENARIO": "E3", "CULTIVO": "Agroforestal", "TIPO_INFRA": "Tipo II - Transformacion", "NOMBRE_EQUIP": "Aserradero comunitario", "TON_VEREDA": 1142.7, "AREA_HA_VEREDA": 186.59, "AREA_EQUIP_M2": 1185.6, "N_EQUIP_TIPO": 1}}, {"type": "Feature", "geometry": {"x": -75.20234275299998, "y": 3.7900770200000693}, "properties": {"OBJECTID": 632, "VEREDA": "RINCON DE CANALI", "MUNICIPIO": "73504", "ESCENARIO": "E3", "CULTIVO": "Agroforestal", "TIPO_INFRA": "Tipo III - Servicios", "NOMBRE_EQUIP": "Centro formacion ambiental", "TON_VEREDA": 1142.7, "AREA_HA_VEREDA": 186.59, "AREA_EQUIP_M2": 490.5, "N_EQUIP_TIPO": 2}}, {"type": "Feature", "geometry": {"x": -75.22404670599997, "y": 3.9363360550000266}, "properties": {"OBJECTID": 633, "VEREDA": "RINCON DE CANALI", "MUNICIPIO": "73504", "ESCENARIO": "E3", "CULTIVO": "Agroforestal", "TIPO_INFRA": "Tipo III - Servicios", "NOMBRE_EQUIP": "Ecoturismo rural", "TON_VEREDA": 1142.7, "AREA_HA_VEREDA": 186.59, "AREA_EQUIP_M2": 490.5, "N_EQUIP_TIPO": 2}}, {"type": "Feature", "geometry": {"x": -75.09064636999994, "y": 3.91839516400006}, "properties": {"OBJECTID": 634, "VEREDA": "POTOSI", "MUNICIPIO": "73504", "ESCENARIO": "E3", "CULTIVO": "Agroforestal", "TIPO_INFRA": "Tipo I - Produccion", "NOMBRE_EQUIP": "Vivero forestal", "TON_VEREDA": 2935.14, "AREA_HA_VEREDA": 396.92, "AREA_EQUIP_M2": 2000, "N_EQUIP_TIPO": 5}}, {"type": "Feature", "geometry": {"x": -74.99688043599997, "y": 3.700225696000075}, "properties": {"OBJECTID": 635, "VEREDA": "POTOSI", "MUNICIPIO": "73504", "ESCENARIO": "E3", "CULTIVO": "Agroforestal", "TIPO_INFRA": "Tipo I - Produccion", "NOMBRE_EQUIP": "Sistema silvopastoril", "TON_VEREDA": 2935.14, "AREA_HA_VEREDA": 396.92, "AREA_EQUIP_M2": 2000, "N_EQUIP_TIPO": 5}}, {"type": "Feature", "geometry": {"x": -75.13870637499997, "y": 3.4401658460000704}, "properties": {"OBJECTID": 636, "VEREDA": "POTOSI", "MUNICIPIO": "73504", "ESCENARIO": "E3", "CULTIVO": "Agroforestal", "TIPO_INFRA": "Tipo I - Produccion", "NOMBRE_EQUIP": "Banco germoplasma", "TON_VEREDA": 2935.14, "AREA_HA_VEREDA": 396.92, "AREA_EQUIP_M2": 2000, "N_EQUIP_TIPO": 5}}, {"type": "Feature", "geometry": {"x": -75.24847681599994, "y": 3.742499738000049}, "properties": {"OBJECTID": 637, "VEREDA": "POTOSI", "MUNICIPIO": "73504", "ESCENARIO": "E3", "CULTIVO": "Agroforestal", "TIPO_INFRA": "Tipo I - Produccion", "NOMBRE_EQUIP": "Compostaje", "TON_VEREDA": 2935.14, "AREA_HA_VEREDA": 396.92, "AREA_EQUIP_M2": 2000, "N_EQUIP_TIPO": 5}}, {"type": "Feature", "geometry": {"x": -75.22384514899994, "y": 4.0758603750000475}, "properties": {"OBJECTID": 638, "VEREDA": "POTOSI", "MUNICIPIO": "73504", "ESCENARIO": "E3", "CULTIVO": "Agroforestal", "TIPO_INFRA": "Tipo I - Produccion", "NOMBRE_EQUIP": "Centro campo", "TON_VEREDA": 2935.14, "AREA_HA_VEREDA": 396.92, "AREA_EQUIP_M2": 2000, "N_EQUIP_TIPO": 5}}, {"type": "Feature", "geometry": {"x": -75.24480798999997, "y": 3.8631024080000316}, "properties": {"OBJECTID": 639, "VEREDA": "POTOSI", "MUNICIPIO": "73504", "ESCENARIO": "E3", "CULTIVO": "Agroforestal", "TIPO_INFRA": "Tipo II - Transformacion", "NOMBRE_EQUIP": "Aserradero comunitario", "TON_VEREDA": 2935.14, "AREA_HA_VEREDA": 396.92, "AREA_EQUIP_M2": 2261.1, "N_EQUIP_TIPO": 1}}, {"type": "Feature", "geometry": {"x": -75.16654533099995, "y": 3.912020762000054}, "properties": {"OBJECTID": 640, "VEREDA": "POTOSI", "MUNICIPIO": "73504", "ESCENARIO": "E3", "CULTIVO": "Agroforestal", "TIPO_INFRA": "Tipo III - Servicios", "NOMBRE_EQUIP": "Centro formacion ambiental", "TON_VEREDA": 2935.14, "AREA_HA_VEREDA": 396.92, "AREA_EQUIP_M2": 789.2, "N_EQUIP_TIPO": 2}}, {"type": "Feature", "geometry": {"x": -75.12507323499995, "y": 3.5629114450000543}, "properties": {"OBJECTID": 641, "VEREDA": "POTOSI", "MUNICIPIO": "73504", "ESCENARIO": "E3", "CULTIVO": "Agroforestal", "TIPO_INFRA": "Tipo III - Servicios", "NOMBRE_EQUIP": "Ecoturismo rural", "TON_VEREDA": 2935.14, "AREA_HA_VEREDA": 396.92, "AREA_EQUIP_M2": 789.2, "N_EQUIP_TIPO": 2}}, {"type": "Feature", "geometry": {"x": -75.09862759399994, "y": 3.8003684040000394}, "properties": {"OBJECTID": 642, "VEREDA": "CALLEJON DE CANALI", "MUNICIPIO": "73504", "ESCENARIO": "E3", "CULTIVO": "Agroforestal", "TIPO_INFRA": "Tipo I - Produccion", "NOMBRE_EQUIP": "Vivero forestal", "TON_VEREDA": 705.44, "AREA_HA_VEREDA": 141.09, "AREA_EQUIP_M2": 1328.7, "N_EQUIP_TIPO": 1}}, {"type": "Feature", "geometry": {"x": -75.26322799099995, "y": 3.83835487500005}, "properties": {"OBJECTID": 643, "VEREDA": "CALLEJON DE CANALI", "MUNICIPIO": "73504", "ESCENARIO": "E3", "CULTIVO": "Agroforestal", "TIPO_INFRA": "Tipo II - Transformacion", "NOMBRE_EQUIP": "Aserradero comunitario", "TON_VEREDA": 705.44, "AREA_HA_VEREDA": 141.09, "AREA_EQUIP_M2": 923.3, "N_EQUIP_TIPO": 1}}, {"type": "Feature", "geometry": {"x": -75.09109849999999, "y": 3.624965601000042}, "properties": {"OBJECTID": 644, "VEREDA": "CALLEJON DE CANALI", "MUNICIPIO": "73504", "ESCENARIO": "E3", "CULTIVO": "Agroforestal", "TIPO_INFRA": "Tipo III - Servicios", "NOMBRE_EQUIP": "Centro formacion ambiental", "TON_VEREDA": 705.44, "AREA_HA_VEREDA": 141.09, "AREA_EQUIP_M2": 417.6, "N_EQUIP_TIPO": 2}}, {"type": "Feature", "geometry": {"x": -75.05631918399996, "y": 3.722494667000035}, "properties": {"OBJECTID": 645, "VEREDA": "CALLEJON DE CANALI", "MUNICIPIO": "73504", "ESCENARIO": "E3", "CULTIVO": "Agroforestal", "TIPO_INFRA": "Tipo III - Servicios", "NOMBRE_EQUIP": "Ecoturismo rural", "TON_VEREDA": 705.44, "AREA_HA_VEREDA": 141.09, "AREA_EQUIP_M2": 417.6, "N_EQUIP_TIPO": 2}}, {"type": "Feature", "geometry": {"x": -75.16892838899997, "y": 3.7033176770000296}, "properties": {"OBJECTID": 646, "VEREDA": "ALTO DE ORTEGA", "MUNICIPIO": "73504", "ESCENARIO": "E3", "CULTIVO": "Agroforestal", "TIPO_INFRA": "Tipo I - Produccion", "NOMBRE_EQUIP": "Vivero forestal", "TON_VEREDA": 1058.34, "AREA_HA_VEREDA": 206.66, "AREA_EQUIP_M2": 1893.3, "N_EQUIP_TIPO": 2}}, {"type": "Feature", "geometry": {"x": -75.24729005999995, "y": 3.737578676000055}, "properties": {"OBJECTID": 647, "VEREDA": "ALTO DE ORTEGA", "MUNICIPIO": "73504", "ESCENARIO": "E3", "CULTIVO": "Agroforestal", "TIPO_INFRA": "Tipo I - Produccion", "NOMBRE_EQUIP": "Sistema silvopastoril", "TON_VEREDA": 1058.34, "AREA_HA_VEREDA": 206.66, "AREA_EQUIP_M2": 1893.3, "N_EQUIP_TIPO": 2}}, {"type": "Feature", "geometry": {"x": -75.29126534999995, "y": 3.9889977130000602}, "properties": {"OBJECTID": 648, "VEREDA": "ALTO DE ORTEGA", "MUNICIPIO": "73504", "ESCENARIO": "E3", "CULTIVO": "Agroforestal", "TIPO_INFRA": "Tipo II - Transformacion", "NOMBRE_EQUIP": "Aserradero comunitario", "TON_VEREDA": 1058.34, "AREA_HA_VEREDA": 206.66, "AREA_EQUIP_M2": 1135, "N_EQUIP_TIPO": 1}}, {"type": "Feature", "geometry": {"x": -75.06117072799998, "y": 3.711342294000076}, "properties": {"OBJECTID": 649, "VEREDA": "ALTO DE ORTEGA", "MUNICIPIO": "73504", "ESCENARIO": "E3", "CULTIVO": "Agroforestal", "TIPO_INFRA": "Tipo III - Servicios", "NOMBRE_EQUIP": "Centro formacion ambiental", "TON_VEREDA": 1058.34, "AREA_HA_VEREDA": 206.66, "AREA_EQUIP_M2": 476.4, "N_EQUIP_TIPO": 2}}, {"type": "Feature", "geometry": {"x": -75.06966939899996, "y": 3.771243550000065}, "properties": {"OBJECTID": 650, "VEREDA": "ALTO DE ORTEGA", "MUNICIPIO": "73504", "ESCENARIO": "E3", "CULTIVO": "Agroforestal", "TIPO_INFRA": "Tipo III - Servicios", "NOMBRE_EQUIP": "Ecoturismo rural", "TON_VEREDA": 1058.34, "AREA_HA_VEREDA": 206.66, "AREA_EQUIP_M2": 476.4, "N_EQUIP_TIPO": 2}}, {"type": "Feature", "geometry": {"x": -74.96762255599998, "y": 3.7362499330000674}, "properties": {"OBJECTID": 651, "VEREDA": "CALARMA", "MUNICIPIO": "73504", "ESCENARIO": "E3", "CULTIVO": "Agroforestal", "TIPO_INFRA": "Tipo I - Produccion", "NOMBRE_EQUIP": "Vivero forestal", "TON_VEREDA": 4098.48, "AREA_HA_VEREDA": 764.25, "AREA_EQUIP_M2": 2000, "N_EQUIP_TIPO": 5}}, {"type": "Feature", "geometry": {"x": -75.07476811699996, "y": 3.818081705000054}, "properties": {"OBJECTID": 652, "VEREDA": "CALARMA", "MUNICIPIO": "73504", "ESCENARIO": "E3", "CULTIVO": "Agroforestal", "TIPO_INFRA": "Tipo I - Produccion", "NOMBRE_EQUIP": "Sistema silvopastoril", "TON_VEREDA": 4098.48, "AREA_HA_VEREDA": 764.25, "AREA_EQUIP_M2": 2000, "N_EQUIP_TIPO": 5}}, {"type": "Feature", "geometry": {"x": -74.98247244499998, "y": 3.7486288650000574}, "properties": {"OBJECTID": 653, "VEREDA": "CALARMA", "MUNICIPIO": "73504", "ESCENARIO": "E3", "CULTIVO": "Agroforestal", "TIPO_INFRA": "Tipo I - Produccion", "NOMBRE_EQUIP": "Banco germoplasma", "TON_VEREDA": 4098.48, "AREA_HA_VEREDA": 764.25, "AREA_EQUIP_M2": 2000, "N_EQUIP_TIPO": 5}}, {"type": "Feature", "geometry": {"x": -75.12559382199998, "y": 3.747629213000039}, "properties": {"OBJECTID": 654, "VEREDA": "CALARMA", "MUNICIPIO": "73504", "ESCENARIO": "E3", "CULTIVO": "Agroforestal", "TIPO_INFRA": "Tipo I - Produccion", "NOMBRE_EQUIP": "Compostaje", "TON_VEREDA": 4098.48, "AREA_HA_VEREDA": 764.25, "AREA_EQUIP_M2": 2000, "N_EQUIP_TIPO": 5}}, {"type": "Feature", "geometry": {"x": -74.97379818399997, "y": 3.740086318000067}, "properties": {"OBJECTID": 655, "VEREDA": "CALARMA", "MUNICIPIO": "73504", "ESCENARIO": "E3", "CULTIVO": "Agroforestal", "TIPO_INFRA": "Tipo I - Produccion", "NOMBRE_EQUIP": "Centro campo", "TON_VEREDA": 4098.48, "AREA_HA_VEREDA": 764.25, "AREA_EQUIP_M2": 2000, "N_EQUIP_TIPO": 5}}, {"type": "Feature", "geometry": {"x": -75.29880982499998, "y": 3.9649391020000735}, "properties": {"OBJECTID": 656, "VEREDA": "CALARMA", "MUNICIPIO": "73504", "ESCENARIO": "E3", "CULTIVO": "Agroforestal", "TIPO_INFRA": "Tipo II - Transformacion", "NOMBRE_EQUIP": "Aserradero comunitario", "TON_VEREDA": 4098.48, "AREA_HA_VEREDA": 764.25, "AREA_EQUIP_M2": 2959.1, "N_EQUIP_TIPO": 2}}, {"type": "Feature", "geometry": {"x": -75.29554612299995, "y": 3.9725324940000633}, "properties": {"OBJECTID": 657, "VEREDA": "CALARMA", "MUNICIPIO": "73504", "ESCENARIO": "E3", "CULTIVO": "Agroforestal", "TIPO_INFRA": "Tipo II - Transformacion", "NOMBRE_EQUIP": "Planta no maderables", "TON_VEREDA": 4098.48, "AREA_HA_VEREDA": 764.25, "AREA_EQUIP_M2": 2959.1, "N_EQUIP_TIPO": 2}}, {"type": "Feature", "geometry": {"x": -75.09201196399994, "y": 3.6396546830000602}, "properties": {"OBJECTID": 658, "VEREDA": "CALARMA", "MUNICIPIO": "73504", "ESCENARIO": "E3", "CULTIVO": "Agroforestal", "TIPO_INFRA": "Tipo III - Servicios", "NOMBRE_EQUIP": "Centro formacion ambiental", "TON_VEREDA": 4098.48, "AREA_HA_VEREDA": 764.25, "AREA_EQUIP_M2": 983.1, "N_EQUIP_TIPO": 2}}, {"type": "Feature", "geometry": {"x": -75.02348935399993, "y": 3.6914146120000737}, "properties": {"OBJECTID": 659, "VEREDA": "CALARMA", "MUNICIPIO": "73504", "ESCENARIO": "E3", "CULTIVO": "Agroforestal", "TIPO_INFRA": "Tipo III - Servicios", "NOMBRE_EQUIP": "Ecoturismo rural", "TON_VEREDA": 4098.48, "AREA_HA_VEREDA": 764.25, "AREA_EQUIP_M2": 983.1, "N_EQUIP_TIPO": 2}}, {"type": "Feature", "geometry": {"x": -75.08881942999994, "y": 3.664154040000028}, "properties": {"OBJECTID": 660, "VEREDA": "ALTOZANO", "MUNICIPIO": "73504", "ESCENARIO": "E3", "CULTIVO": "Agroforestal", "TIPO_INFRA": "Tipo I - Produccion", "NOMBRE_EQUIP": "Vivero forestal", "TON_VEREDA": 3015.39, "AREA_HA_VEREDA": 505.58, "AREA_EQUIP_M2": 2000, "N_EQUIP_TIPO": 5}}, {"type": "Feature", "geometry": {"x": -75.09499178799996, "y": 3.6785095660000593}, "properties": {"OBJECTID": 661, "VEREDA": "ALTOZANO", "MUNICIPIO": "73504", "ESCENARIO": "E3", "CULTIVO": "Agroforestal", "TIPO_INFRA": "Tipo I - Produccion", "NOMBRE_EQUIP": "Sistema silvopastoril", "TON_VEREDA": 3015.39, "AREA_HA_VEREDA": 505.58, "AREA_EQUIP_M2": 2000, "N_EQUIP_TIPO": 5}}, {"type": "Feature", "geometry": {"x": -75.28868657599998, "y": 3.932746942000051}, "properties": {"OBJECTID": 662, "VEREDA": "ALTOZANO", "MUNICIPIO": "73504", "ESCENARIO": "E3", "CULTIVO": "Agroforestal", "TIPO_INFRA": "Tipo I - Produccion", "NOMBRE_EQUIP": "Banco germoplasma", "TON_VEREDA": 3015.39, "AREA_HA_VEREDA": 505.58, "AREA_EQUIP_M2": 2000, "N_EQUIP_TIPO": 5}}, {"type": "Feature", "geometry": {"x": -75.19898780799997, "y": 4.02373992400004}, "properties": {"OBJECTID": 663, "VEREDA": "ALTOZANO", "MUNICIPIO": "73504", "ESCENARIO": "E3", "CULTIVO": "Agroforestal", "TIPO_INFRA": "Tipo I - Produccion", "NOMBRE_EQUIP": "Compostaje", "TON_VEREDA": 3015.39, "AREA_HA_VEREDA": 505.58, "AREA_EQUIP_M2": 2000, "N_EQUIP_TIPO": 5}}, {"type": "Feature", "geometry": {"x": -75.20047936199995, "y": 3.8123910300000716}, "properties": {"OBJECTID": 664, "VEREDA": "ALTOZANO", "MUNICIPIO": "73504", "ESCENARIO": "E3", "CULTIVO": "Agroforestal", "TIPO_INFRA": "Tipo I - Produccion", "NOMBRE_EQUIP": "Centro campo", "TON_VEREDA": 3015.39, "AREA_HA_VEREDA": 505.58, "AREA_EQUIP_M2": 2000, "N_EQUIP_TIPO": 5}}, {"type": "Feature", "geometry": {"x": -75.27019785299996, "y": 3.975031055000045}, "properties": {"OBJECTID": 665, "VEREDA": "ALTOZANO", "MUNICIPIO": "73504", "ESCENARIO": "E3", "CULTIVO": "Agroforestal", "TIPO_INFRA": "Tipo II - Transformacion", "NOMBRE_EQUIP": "Aserradero comunitario", "TON_VEREDA": 3015.39, "AREA_HA_VEREDA": 505.58, "AREA_EQUIP_M2": 2309.2, "N_EQUIP_TIPO": 2}}, {"type": "Feature", "geometry": {"x": -75.26749195399998, "y": 3.969099197000048}, "properties": {"OBJECTID": 666, "VEREDA": "ALTOZANO", "MUNICIPIO": "73504", "ESCENARIO": "E3", "CULTIVO": "Agroforestal", "TIPO_INFRA": "Tipo II - Transformacion", "NOMBRE_EQUIP": "Planta no maderables", "TON_VEREDA": 3015.39, "AREA_HA_VEREDA": 505.58, "AREA_EQUIP_M2": 2309.2, "N_EQUIP_TIPO": 2}}, {"type": "Feature", "geometry": {"x": -75.13656261099999, "y": 3.859990392000043}, "properties": {"OBJECTID": 667, "VEREDA": "ALTOZANO", "MUNICIPIO": "73504", "ESCENARIO": "E3", "CULTIVO": "Agroforestal", "TIPO_INFRA": "Tipo III - Servicios", "NOMBRE_EQUIP": "Centro formacion ambiental", "TON_VEREDA": 3015.39, "AREA_HA_VEREDA": 505.58, "AREA_EQUIP_M2": 802.6, "N_EQUIP_TIPO": 2}}, {"type": "Feature", "geometry": {"x": -75.22559158899998, "y": 3.935490681000033}, "properties": {"OBJECTID": 668, "VEREDA": "ALTOZANO", "MUNICIPIO": "73504", "ESCENARIO": "E3", "CULTIVO": "Agroforestal", "TIPO_INFRA": "Tipo III - Servicios", "NOMBRE_EQUIP": "Ecoturismo rural", "TON_VEREDA": 3015.39, "AREA_HA_VEREDA": 505.58, "AREA_EQUIP_M2": 802.6, "N_EQUIP_TIPO": 2}}, {"type": "Feature", "geometry": {"x": -75.21314528799996, "y": 4.047689040000023}, "properties": {"OBJECTID": 669, "VEREDA": "CHIQUINIMA", "MUNICIPIO": "73504", "ESCENARIO": "E3", "CULTIVO": "Agroforestal", "TIPO_INFRA": "Tipo I - Produccion", "NOMBRE_EQUIP": "Vivero forestal", "TON_VEREDA": 5689.46, "AREA_HA_VEREDA": 844.24, "AREA_EQUIP_M2": 2000, "N_EQUIP_TIPO": 5}}, {"type": "Feature", "geometry": {"x": -75.15140972199998, "y": 3.465328538000051}, "properties": {"OBJECTID": 670, "VEREDA": "CHIQUINIMA", "MUNICIPIO": "73504", "ESCENARIO": "E3", "CULTIVO": "Agroforestal", "TIPO_INFRA": "Tipo I - Produccion", "NOMBRE_EQUIP": "Sistema silvopastoril", "TON_VEREDA": 5689.46, "AREA_HA_VEREDA": 844.24, "AREA_EQUIP_M2": 2000, "N_EQUIP_TIPO": 5}}, {"type": "Feature", "geometry": {"x": -75.24178878099997, "y": 3.7306026080000265}, "properties": {"OBJECTID": 671, "VEREDA": "CHIQUINIMA", "MUNICIPIO": "73504", "ESCENARIO": "E3", "CULTIVO": "Agroforestal", "TIPO_INFRA": "Tipo I - Produccion", "NOMBRE_EQUIP": "Banco germoplasma", "TON_VEREDA": 5689.46, "AREA_HA_VEREDA": 844.24, "AREA_EQUIP_M2": 2000, "N_EQUIP_TIPO": 5}}, {"type": "Feature", "geometry": {"x": -75.17733817699997, "y": 3.8590341470000453}, "properties": {"OBJECTID": 672, "VEREDA": "CHIQUINIMA", "MUNICIPIO": "73504", "ESCENARIO": "E3", "CULTIVO": "Agroforestal", "TIPO_INFRA": "Tipo I - Produccion", "NOMBRE_EQUIP": "Compostaje", "TON_VEREDA": 5689.46, "AREA_HA_VEREDA": 844.24, "AREA_EQUIP_M2": 2000, "N_EQUIP_TIPO": 5}}, {"type": "Feature", "geometry": {"x": -75.66316244999996, "y": 4.062330072000066}, "properties": {"OBJECTID": 673, "VEREDA": "CHIQUINIMA", "MUNICIPIO": "73504", "ESCENARIO": "E3", "CULTIVO": "Agroforestal", "TIPO_INFRA": "Tipo I - Produccion", "NOMBRE_EQUIP": "Centro campo", "TON_VEREDA": 5689.46, "AREA_HA_VEREDA": 844.24, "AREA_EQUIP_M2": 2000, "N_EQUIP_TIPO": 5}}, {"type": "Feature", "geometry": {"x": -75.22995777099999, "y": 3.9788313810000204}, "properties": {"OBJECTID": 674, "VEREDA": "CHIQUINIMA", "MUNICIPIO": "73504", "ESCENARIO": "E3", "CULTIVO": "Agroforestal", "TIPO_INFRA": "Tipo II - Transformacion", "NOMBRE_EQUIP": "Aserradero comunitario", "TON_VEREDA": 5689.46, "AREA_HA_VEREDA": 844.24, "AREA_EQUIP_M2": 3913.7, "N_EQUIP_TIPO": 3}}, {"type": "Feature", "geometry": {"x": -75.23012496299998, "y": 3.981224518000033}, "properties": {"OBJECTID": 675, "VEREDA": "CHIQUINIMA", "MUNICIPIO": "73504", "ESCENARIO": "E3", "CULTIVO": "Agroforestal", "TIPO_INFRA": "Tipo II - Transformacion", "NOMBRE_EQUIP": "Planta no maderables", "TON_VEREDA": 5689.46, "AREA_HA_VEREDA": 844.24, "AREA_EQUIP_M2": 3913.7, "N_EQUIP_TIPO": 3}}, {"type": "Feature", "geometry": {"x": -75.23432831399998, "y": 3.9755099520000385}, "properties": {"OBJECTID": 676, "VEREDA": "CHIQUINIMA", "MUNICIPIO": "73504", "ESCENARIO": "E3", "CULTIVO": "Agroforestal", "TIPO_INFRA": "Tipo II - Transformacion", "NOMBRE_EQUIP": "Centro carbon vegetal", "TON_VEREDA": 5689.46, "AREA_HA_VEREDA": 844.24, "AREA_EQUIP_M2": 3913.7, "N_EQUIP_TIPO": 3}}, {"type": "Feature", "geometry": {"x": -75.17870787399994, "y": 3.706726680000031}, "properties": {"OBJECTID": 677, "VEREDA": "CHIQUINIMA", "MUNICIPIO": "73504", "ESCENARIO": "E3", "CULTIVO": "Agroforestal", "TIPO_INFRA": "Tipo III - Servicios", "NOMBRE_EQUIP": "Centro formacion ambiental", "TON_VEREDA": 5689.46, "AREA_HA_VEREDA": 844.24, "AREA_EQUIP_M2": 1248.2, "N_EQUIP_TIPO": 2}}, {"type": "Feature", "geometry": {"x": -75.60434994099995, "y": 4.012214905000064}, "properties": {"OBJECTID": 678, "VEREDA": "CHIQUINIMA", "MUNICIPIO": "73504", "ESCENARIO": "E3", "CULTIVO": "Agroforestal", "TIPO_INFRA": "Tipo III - Servicios", "NOMBRE_EQUIP": "Ecoturismo rural", "TON_VEREDA": 5689.46, "AREA_HA_VEREDA": 844.24, "AREA_EQUIP_M2": 1248.2, "N_EQUIP_TIPO": 2}}, {"type": "Feature", "geometry": {"x": -75.05287352299996, "y": 3.735738561000062}, "properties": {"OBJECTID": 679, "VEREDA": "GUAVIO", "MUNICIPIO": "73504", "ESCENARIO": "E3", "CULTIVO": "Agroforestal", "TIPO_INFRA": "Tipo I - Produccion", "NOMBRE_EQUIP": "Vivero forestal", "TON_VEREDA": 3301.63, "AREA_HA_VEREDA": 521.03, "AREA_EQUIP_M2": 2000, "N_EQUIP_TIPO": 5}}, {"type": "Feature", "geometry": {"x": -75.27126519399997, "y": 3.9513132840000367}, "properties": {"OBJECTID": 680, "VEREDA": "GUAVIO", "MUNICIPIO": "73504", "ESCENARIO": "E3", "CULTIVO": "Agroforestal", "TIPO_INFRA": "Tipo I - Produccion", "NOMBRE_EQUIP": "Sistema silvopastoril", "TON_VEREDA": 3301.63, "AREA_HA_VEREDA": 521.03, "AREA_EQUIP_M2": 2000, "N_EQUIP_TIPO": 5}}, {"type": "Feature", "geometry": {"x": -75.21967569999998, "y": 3.9451931010000294}, "properties": {"OBJECTID": 681, "VEREDA": "GUAVIO", "MUNICIPIO": "73504", "ESCENARIO": "E3", "CULTIVO": "Agroforestal", "TIPO_INFRA": "Tipo I - Produccion", "NOMBRE_EQUIP": "Banco germoplasma", "TON_VEREDA": 3301.63, "AREA_HA_VEREDA": 521.03, "AREA_EQUIP_M2": 2000, "N_EQUIP_TIPO": 5}}, {"type": "Feature", "geometry": {"x": -75.16077565799998, "y": 3.6799538030000463}, "properties": {"OBJECTID": 682, "VEREDA": "GUAVIO", "MUNICIPIO": "73504", "ESCENARIO": "E3", "CULTIVO": "Agroforestal", "TIPO_INFRA": "Tipo I - Produccion", "NOMBRE_EQUIP": "Compostaje", "TON_VEREDA": 3301.63, "AREA_HA_VEREDA": 521.03, "AREA_EQUIP_M2": 2000, "N_EQUIP_TIPO": 5}}, {"type": "Feature", "geometry": {"x": -75.15793838199994, "y": 3.6953556270000263}, "properties": {"OBJECTID": 683, "VEREDA": "GUAVIO", "MUNICIPIO": "73504", "ESCENARIO": "E3", "CULTIVO": "Agroforestal", "TIPO_INFRA": "Tipo I - Produccion", "NOMBRE_EQUIP": "Centro campo", "TON_VEREDA": 3301.63, "AREA_HA_VEREDA": 521.03, "AREA_EQUIP_M2": 2000, "N_EQUIP_TIPO": 5}}, {"type": "Feature", "geometry": {"x": -75.22728976599996, "y": 4.02514337100007}, "properties": {"OBJECTID": 684, "VEREDA": "GUAVIO", "MUNICIPIO": "73504", "ESCENARIO": "E3", "CULTIVO": "Agroforestal", "TIPO_INFRA": "Tipo II - Transformacion", "NOMBRE_EQUIP": "Aserradero comunitario", "TON_VEREDA": 3301.63, "AREA_HA_VEREDA": 521.03, "AREA_EQUIP_M2": 2481, "N_EQUIP_TIPO": 2}}, {"type": "Feature", "geometry": {"x": -75.22726642399994, "y": 4.031647661000022}, "properties": {"OBJECTID": 685, "VEREDA": "GUAVIO", "MUNICIPIO": "73504", "ESCENARIO": "E3", "CULTIVO": "Agroforestal", "TIPO_INFRA": "Tipo II - Transformacion", "NOMBRE_EQUIP": "Planta no maderables", "TON_VEREDA": 3301.63, "AREA_HA_VEREDA": 521.03, "AREA_EQUIP_M2": 2481, "N_EQUIP_TIPO": 2}}, {"type": "Feature", "geometry": {"x": -75.16924647999997, "y": 3.9366676290000555}, "properties": {"OBJECTID": 686, "VEREDA": "GUAVIO", "MUNICIPIO": "73504", "ESCENARIO": "E3", "CULTIVO": "Agroforestal", "TIPO_INFRA": "Tipo III - Servicios", "NOMBRE_EQUIP": "Centro formacion ambiental", "TON_VEREDA": 3301.63, "AREA_HA_VEREDA": 521.03, "AREA_EQUIP_M2": 850.3, "N_EQUIP_TIPO": 2}}, {"type": "Feature", "geometry": {"x": -75.02684496299997, "y": 3.8154024900000536}, "properties": {"OBJECTID": 687, "VEREDA": "GUAVIO", "MUNICIPIO": "73504", "ESCENARIO": "E3", "CULTIVO": "Agroforestal", "TIPO_INFRA": "Tipo III - Servicios", "NOMBRE_EQUIP": "Ecoturismo rural", "TON_VEREDA": 3301.63, "AREA_HA_VEREDA": 521.03, "AREA_EQUIP_M2": 850.3, "N_EQUIP_TIPO": 2}}, {"type": "Feature", "geometry": {"x": -75.09052095099997, "y": 3.914425627000071}, "properties": {"OBJECTID": 688, "VEREDA": "HATO DE IGLESIA", "MUNICIPIO": "73504", "ESCENARIO": "E3", "CULTIVO": "Agroforestal", "TIPO_INFRA": "Tipo I - Produccion", "NOMBRE_EQUIP": "Vivero forestal", "TON_VEREDA": 10081.54, "AREA_HA_VEREDA": 1803.94, "AREA_EQUIP_M2": 2000, "N_EQUIP_TIPO": 5}}, {"type": "Feature", "geometry": {"x": -75.03442269699997, "y": 3.563247009000065}, "properties": {"OBJECTID": 689, "VEREDA": "HATO DE IGLESIA", "MUNICIPIO": "73504", "ESCENARIO": "E3", "CULTIVO": "Agroforestal", "TIPO_INFRA": "Tipo I - Produccion", "NOMBRE_EQUIP": "Sistema silvopastoril", "TON_VEREDA": 10081.54, "AREA_HA_VEREDA": 1803.94, "AREA_EQUIP_M2": 2000, "N_EQUIP_TIPO": 5}}, {"type": "Feature", "geometry": {"x": -75.08288105299994, "y": 3.6205677320000405}, "properties": {"OBJECTID": 690, "VEREDA": "HATO DE IGLESIA", "MUNICIPIO": "73504", "ESCENARIO": "E3", "CULTIVO": "Agroforestal", "TIPO_INFRA": "Tipo I - Produccion", "NOMBRE_EQUIP": "Banco germoplasma", "TON_VEREDA": 10081.54, "AREA_HA_VEREDA": 1803.94, "AREA_EQUIP_M2": 2000, "N_EQUIP_TIPO": 5}}, {"type": "Feature", "geometry": {"x": -75.14291193199995, "y": 3.44494105900003}, "properties": {"OBJECTID": 691, "VEREDA": "HATO DE IGLESIA", "MUNICIPIO": "73504", "ESCENARIO": "E3", "CULTIVO": "Agroforestal", "TIPO_INFRA": "Tipo I - Produccion", "NOMBRE_EQUIP": "Compostaje", "TON_VEREDA": 10081.54, "AREA_HA_VEREDA": 1803.94, "AREA_EQUIP_M2": 2000, "N_EQUIP_TIPO": 5}}, {"type": "Feature", "geometry": {"x": -75.16810387499999, "y": 3.692400906000046}, "properties": {"OBJECTID": 692, "VEREDA": "HATO DE IGLESIA", "MUNICIPIO": "73504", "ESCENARIO": "E3", "CULTIVO": "Agroforestal", "TIPO_INFRA": "Tipo I - Produccion", "NOMBRE_EQUIP": "Centro campo", "TON_VEREDA": 10081.54, "AREA_HA_VEREDA": 1803.94, "AREA_EQUIP_M2": 2000, "N_EQUIP_TIPO": 5}}, {"type": "Feature", "geometry": {"x": -75.13662332399997, "y": 3.966388135000045}, "properties": {"OBJECTID": 693, "VEREDA": "HATO DE IGLESIA", "MUNICIPIO": "73504", "ESCENARIO": "E3", "CULTIVO": "Agroforestal", "TIPO_INFRA": "Tipo II - Transformacion", "NOMBRE_EQUIP": "Aserradero comunitario", "TON_VEREDA": 10081.54, "AREA_HA_VEREDA": 1803.94, "AREA_EQUIP_M2": 5000, "N_EQUIP_TIPO": 3}}, {"type": "Feature", "geometry": {"x": -75.13443309599995, "y": 3.9648054370000523}, "properties": {"OBJECTID": 694, "VEREDA": "HATO DE IGLESIA", "MUNICIPIO": "73504", "ESCENARIO": "E3", "CULTIVO": "Agroforestal", "TIPO_INFRA": "Tipo II - Transformacion", "NOMBRE_EQUIP": "Planta no maderables", "TON_VEREDA": 10081.54, "AREA_HA_VEREDA": 1803.94, "AREA_EQUIP_M2": 5000, "N_EQUIP_TIPO": 3}}, {"type": "Feature", "geometry": {"x": -75.13984819799998, "y": 3.9646727510000233}, "properties": {"OBJECTID": 695, "VEREDA": "HATO DE IGLESIA", "MUNICIPIO": "73504", "ESCENARIO": "E3", "CULTIVO": "Agroforestal", "TIPO_INFRA": "Tipo II - Transformacion", "NOMBRE_EQUIP": "Centro carbon vegetal", "TON_VEREDA": 10081.54, "AREA_HA_VEREDA": 1803.94, "AREA_EQUIP_M2": 5000, "N_EQUIP_TIPO": 3}}, {"type": "Feature", "geometry": {"x": -75.09998225499999, "y": 3.8469584110000596}, "properties": {"OBJECTID": 696, "VEREDA": "HATO DE IGLESIA", "MUNICIPIO": "73504", "ESCENARIO": "E3", "CULTIVO": "Agroforestal", "TIPO_INFRA": "Tipo III - Servicios", "NOMBRE_EQUIP": "Centro formacion ambiental", "TON_VEREDA": 10081.54, "AREA_HA_VEREDA": 1803.94, "AREA_EQUIP_M2": 1500, "N_EQUIP_TIPO": 2}}, {"type": "Feature", "geometry": {"x": -75.13356459999994, "y": 3.719905400000073}, "properties": {"OBJECTID": 697, "VEREDA": "HATO DE IGLESIA", "MUNICIPIO": "73504", "ESCENARIO": "E3", "CULTIVO": "Agroforestal", "TIPO_INFRA": "Tipo III - Servicios", "NOMBRE_EQUIP": "Ecoturismo rural", "TON_VEREDA": 10081.54, "AREA_HA_VEREDA": 1803.94, "AREA_EQUIP_M2": 1500, "N_EQUIP_TIPO": 2}}, {"type": "Feature", "geometry": {"x": -75.65230369499994, "y": 4.049911269000063}, "properties": {"OBJECTID": 698, "VEREDA": "BOCAS DE TETUAN", "MUNICIPIO": "73504", "ESCENARIO": "E3", "CULTIVO": "Cana panelera", "TIPO_INFRA": "Tipo I - Produccion", "NOMBRE_EQUIP": "Vivero cana", "TON_VEREDA": 687.78, "AREA_HA_VEREDA": 68.78, "AREA_EQUIP_M2": 1300.5, "N_EQUIP_TIPO": 1}}, {"type": "Feature", "geometry": {"x": -75.18017155899997, "y": 3.867866738000032}, "properties": {"OBJECTID": 699, "VEREDA": "BOCAS DE TETUAN", "MUNICIPIO": "73504", "ESCENARIO": "E3", "CULTIVO": "Cana panelera", "TIPO_INFRA": "Tipo II - Transformacion", "NOMBRE_EQUIP": "Trapiche tecnificado", "TON_VEREDA": 687.78, "AREA_HA_VEREDA": 68.78, "AREA_EQUIP_M2": 912.7, "N_EQUIP_TIPO": 1}}, {"type": "Feature", "geometry": {"x": -75.02849082899996, "y": 3.7751811490000478}, "properties": {"OBJECTID": 700, "VEREDA": "BOCAS DE TETUAN", "MUNICIPIO": "73504", "ESCENARIO": "E3", "CULTIVO": "Cana panelera", "TIPO_INFRA": "Tipo III - Servicios", "NOMBRE_EQUIP": "Escuela paneleros", "TON_VEREDA": 687.78, "AREA_HA_VEREDA": 68.78, "AREA_EQUIP_M2": 414.6, "N_EQUIP_TIPO": 2}}, {"type": "Feature", "geometry": {"x": -75.08939848299997, "y": 3.6198437780000745}, "properties": {"OBJECTID": 701, "VEREDA": "BOCAS DE TETUAN", "MUNICIPIO": "73504", "ESCENARIO": "E3", "CULTIVO": "Cana panelera", "TIPO_INFRA": "Tipo III - Servicios", "NOMBRE_EQUIP": "Punto acopio panela", "TON_VEREDA": 687.78, "AREA_HA_VEREDA": 68.78, "AREA_EQUIP_M2": 414.6, "N_EQUIP_TIPO": 2}}, {"type": "Feature", "geometry": {"x": -75.03425879599996, "y": 3.8172189440000466}, "properties": {"OBJECTID": 702, "VEREDA": "EL SALADO", "MUNICIPIO": "73504", "ESCENARIO": "E3", "CULTIVO": "Agroforestal", "TIPO_INFRA": "Tipo I - Produccion", "NOMBRE_EQUIP": "Vivero forestal", "TON_VEREDA": 2322.35, "AREA_HA_VEREDA": 391.57, "AREA_EQUIP_M2": 2000, "N_EQUIP_TIPO": 5}}, {"type": "Feature", "geometry": {"x": -75.16842910699995, "y": 3.686187420000067}, "properties": {"OBJECTID": 703, "VEREDA": "EL SALADO", "MUNICIPIO": "73504", "ESCENARIO": "E3", "CULTIVO": "Agroforestal", "TIPO_INFRA": "Tipo I - Produccion", "NOMBRE_EQUIP": "Sistema silvopastoril", "TON_VEREDA": 2322.35, "AREA_HA_VEREDA": 391.57, "AREA_EQUIP_M2": 2000, "N_EQUIP_TIPO": 5}}, {"type": "Feature", "geometry": {"x": -75.14756968699999, "y": 3.448367757000028}, "properties": {"OBJECTID": 704, "VEREDA": "EL SALADO", "MUNICIPIO": "73504", "ESCENARIO": "E3", "CULTIVO": "Agroforestal", "TIPO_INFRA": "Tipo I - Produccion", "NOMBRE_EQUIP": "Banco germoplasma", "TON_VEREDA": 2322.35, "AREA_HA_VEREDA": 391.57, "AREA_EQUIP_M2": 2000, "N_EQUIP_TIPO": 5}}, {"type": "Feature", "geometry": {"x": -75.24787317899995, "y": 4.094118170000058}, "properties": {"OBJECTID": 705, "VEREDA": "EL SALADO", "MUNICIPIO": "73504", "ESCENARIO": "E3", "CULTIVO": "Agroforestal", "TIPO_INFRA": "Tipo I - Produccion", "NOMBRE_EQUIP": "Compostaje", "TON_VEREDA": 2322.35, "AREA_HA_VEREDA": 391.57, "AREA_EQUIP_M2": 2000, "N_EQUIP_TIPO": 5}}, {"type": "Feature", "geometry": {"x": -75.01137662399998, "y": 3.6689604140000256}, "properties": {"OBJECTID": 706, "VEREDA": "EL SALADO", "MUNICIPIO": "73504", "ESCENARIO": "E3", "CULTIVO": "Agroforestal", "TIPO_INFRA": "Tipo I - Produccion", "NOMBRE_EQUIP": "Centro campo", "TON_VEREDA": 2322.35, "AREA_HA_VEREDA": 391.57, "AREA_EQUIP_M2": 2000, "N_EQUIP_TIPO": 5}}, {"type": "Feature", "geometry": {"x": -75.24297650499994, "y": 3.8361514430000625}, "properties": {"OBJECTID": 707, "VEREDA": "EL SALADO", "MUNICIPIO": "73504", "ESCENARIO": "E3", "CULTIVO": "Agroforestal", "TIPO_INFRA": "Tipo II - Transformacion", "NOMBRE_EQUIP": "Aserradero comunitario", "TON_VEREDA": 2322.35, "AREA_HA_VEREDA": 391.57, "AREA_EQUIP_M2": 1893.4, "N_EQUIP_TIPO": 1}}, {"type": "Feature", "geometry": {"x": -75.26018074999996, "y": 4.062663400000076}, "properties": {"OBJECTID": 708, "VEREDA": "EL SALADO", "MUNICIPIO": "73504", "ESCENARIO": "E3", "CULTIVO": "Agroforestal", "TIPO_INFRA": "Tipo III - Servicios", "NOMBRE_EQUIP": "Centro formacion ambiental", "TON_VEREDA": 2322.35, "AREA_HA_VEREDA": 391.57, "AREA_EQUIP_M2": 687.1, "N_EQUIP_TIPO": 2}}, {"type": "Feature", "geometry": {"x": -75.01628133699995, "y": 3.8011618050000493}, "properties": {"OBJECTID": 709, "VEREDA": "EL SALADO", "MUNICIPIO": "73504", "ESCENARIO": "E3", "CULTIVO": "Agroforestal", "TIPO_INFRA": "Tipo III - Servicios", "NOMBRE_EQUIP": "Ecoturismo rural", "TON_VEREDA": 2322.35, "AREA_HA_VEREDA": 391.57, "AREA_EQUIP_M2": 687.1, "N_EQUIP_TIPO": 2}}, {"type": "Feature", "geometry": {"x": -75.66771442199996, "y": 4.067583594000041}, "properties": {"OBJECTID": 710, "VEREDA": "MANGALES", "MUNICIPIO": "73504", "ESCENARIO": "E3", "CULTIVO": "Agroforestal", "TIPO_INFRA": "Tipo I - Produccion", "NOMBRE_EQUIP": "Vivero forestal", "TON_VEREDA": 280.41, "AREA_HA_VEREDA": 56.08, "AREA_EQUIP_M2": 648.7, "N_EQUIP_TIPO": 1}}, {"type": "Feature", "geometry": {"x": -75.32768105899999, "y": 3.8991647210000338}, "properties": {"OBJECTID": 711, "VEREDA": "MANGALES", "MUNICIPIO": "73504", "ESCENARIO": "E3", "CULTIVO": "Agroforestal", "TIPO_INFRA": "Tipo II - Transformacion", "NOMBRE_EQUIP": "Aserradero comunitario", "TON_VEREDA": 280.41, "AREA_HA_VEREDA": 56.08, "AREA_EQUIP_M2": 668.2, "N_EQUIP_TIPO": 1}}, {"type": "Feature", "geometry": {"x": -75.17760612799998, "y": 3.939091207000047}, "properties": {"OBJECTID": 712, "VEREDA": "MANGALES", "MUNICIPIO": "73504", "ESCENARIO": "E3", "CULTIVO": "Agroforestal", "TIPO_INFRA": "Tipo III - Servicios", "NOMBRE_EQUIP": "Centro formacion ambiental", "TON_VEREDA": 280.41, "AREA_HA_VEREDA": 56.08, "AREA_EQUIP_M2": 346.7, "N_EQUIP_TIPO": 2}}, {"type": "Feature", "geometry": {"x": -75.19698181099994, "y": 3.7966263740000272}, "properties": {"OBJECTID": 713, "VEREDA": "MANGALES", "MUNICIPIO": "73504", "ESCENARIO": "E3", "CULTIVO": "Agroforestal", "TIPO_INFRA": "Tipo III - Servicios", "NOMBRE_EQUIP": "Ecoturismo rural", "TON_VEREDA": 280.41, "AREA_HA_VEREDA": 56.08, "AREA_EQUIP_M2": 346.7, "N_EQUIP_TIPO": 2}}, {"type": "Feature", "geometry": {"x": -75.16811622399996, "y": 3.483991599000035}, "properties": {"OBJECTID": 714, "VEREDA": "SAN NICOLAS", "MUNICIPIO": "73504", "ESCENARIO": "E3", "CULTIVO": "Agroforestal", "TIPO_INFRA": "Tipo I - Produccion", "NOMBRE_EQUIP": "Vivero forestal", "TON_VEREDA": 102.06, "AREA_HA_VEREDA": 20.41, "AREA_EQUIP_M2": 363.3, "N_EQUIP_TIPO": 1}}, {"type": "Feature", "geometry": {"x": -75.35309697299994, "y": 3.905676111000048}, "properties": {"OBJECTID": 715, "VEREDA": "SAN NICOLAS", "MUNICIPIO": "73504", "ESCENARIO": "E3", "CULTIVO": "Agroforestal", "TIPO_INFRA": "Tipo II - Transformacion", "NOMBRE_EQUIP": "Aserradero comunitario", "TON_VEREDA": 102.06, "AREA_HA_VEREDA": 20.41, "AREA_EQUIP_M2": 561.2, "N_EQUIP_TIPO": 1}}, {"type": "Feature", "geometry": {"x": -75.63139052599996, "y": 4.021237936000034}, "properties": {"OBJECTID": 716, "VEREDA": "SAN NICOLAS", "MUNICIPIO": "73504", "ESCENARIO": "E3", "CULTIVO": "Agroforestal", "TIPO_INFRA": "Tipo III - Servicios", "NOMBRE_EQUIP": "Centro formacion ambiental", "TON_VEREDA": 102.06, "AREA_HA_VEREDA": 20.41, "AREA_EQUIP_M2": 317, "N_EQUIP_TIPO": 2}}, {"type": "Feature", "geometry": {"x": -75.06176494999994, "y": 3.821091000000024}, "properties": {"OBJECTID": 717, "VEREDA": "SAN NICOLAS", "MUNICIPIO": "73504", "ESCENARIO": "E3", "CULTIVO": "Agroforestal", "TIPO_INFRA": "Tipo III - Servicios", "NOMBRE_EQUIP": "Ecoturismo rural", "TON_VEREDA": 102.06, "AREA_HA_VEREDA": 20.41, "AREA_EQUIP_M2": 317, "N_EQUIP_TIPO": 2}}, {"type": "Feature", "geometry": {"x": -75.08167645699996, "y": 3.4455713190000665}, "properties": {"OBJECTID": 718, "VEREDA": "CHICUAMBE", "MUNICIPIO": "73504", "ESCENARIO": "E3", "CULTIVO": "Agroforestal", "TIPO_INFRA": "Tipo I - Produccion", "NOMBRE_EQUIP": "Vivero forestal", "TON_VEREDA": 5948.04, "AREA_HA_VEREDA": 999.21, "AREA_EQUIP_M2": 2000, "N_EQUIP_TIPO": 5}}, {"type": "Feature", "geometry": {"x": -75.20373718099995, "y": 3.9296810740000296}, "properties": {"OBJECTID": 719, "VEREDA": "CHICUAMBE", "MUNICIPIO": "73504", "ESCENARIO": "E3", "CULTIVO": "Agroforestal", "TIPO_INFRA": "Tipo I - Produccion", "NOMBRE_EQUIP": "Sistema silvopastoril", "TON_VEREDA": 5948.04, "AREA_HA_VEREDA": 999.21, "AREA_EQUIP_M2": 2000, "N_EQUIP_TIPO": 5}}, {"type": "Feature", "geometry": {"x": -75.07091887099995, "y": 3.666225771000029}, "properties": {"OBJECTID": 720, "VEREDA": "CHICUAMBE", "MUNICIPIO": "73504", "ESCENARIO": "E3", "CULTIVO": "Agroforestal", "TIPO_INFRA": "Tipo I - Produccion", "NOMBRE_EQUIP": "Banco germoplasma", "TON_VEREDA": 5948.04, "AREA_HA_VEREDA": 999.21, "AREA_EQUIP_M2": 2000, "N_EQUIP_TIPO": 5}}, {"type": "Feature", "geometry": {"x": -75.13814878899996, "y": 3.436299211000062}, "properties": {"OBJECTID": 721, "VEREDA": "CHICUAMBE", "MUNICIPIO": "73504", "ESCENARIO": "E3", "CULTIVO": "Agroforestal", "TIPO_INFRA": "Tipo I - Produccion", "NOMBRE_EQUIP": "Compostaje", "TON_VEREDA": 5948.04, "AREA_HA_VEREDA": 999.21, "AREA_EQUIP_M2": 2000, "N_EQUIP_TIPO": 5}}, {"type": "Feature", "geometry": {"x": -75.15251100099994, "y": 3.666209482000056}, "properties": {"OBJECTID": 722, "VEREDA": "CHICUAMBE", "MUNICIPIO": "73504", "ESCENARIO": "E3", "CULTIVO": "Agroforestal", "TIPO_INFRA": "Tipo I - Produccion", "NOMBRE_EQUIP": "Centro campo", "TON_VEREDA": 5948.04, "AREA_HA_VEREDA": 999.21, "AREA_EQUIP_M2": 2000, "N_EQUIP_TIPO": 5}}, {"type": "Feature", "geometry": {"x": -75.14643278199998, "y": 3.9282060600000364}, "properties": {"OBJECTID": 723, "VEREDA": "CHICUAMBE", "MUNICIPIO": "73504", "ESCENARIO": "E3", "CULTIVO": "Agroforestal", "TIPO_INFRA": "Tipo II - Transformacion", "NOMBRE_EQUIP": "Aserradero comunitario", "TON_VEREDA": 5948.04, "AREA_HA_VEREDA": 999.21, "AREA_EQUIP_M2": 4068.8, "N_EQUIP_TIPO": 3}}, {"type": "Feature", "geometry": {"x": -75.14719038499999, "y": 3.934085924000044}, "properties": {"OBJECTID": 724, "VEREDA": "CHICUAMBE", "MUNICIPIO": "73504", "ESCENARIO": "E3", "CULTIVO": "Agroforestal", "TIPO_INFRA": "Tipo II - Transformacion", "NOMBRE_EQUIP": "Planta no maderables", "TON_VEREDA": 5948.04, "AREA_HA_VEREDA": 999.21, "AREA_EQUIP_M2": 4068.8, "N_EQUIP_TIPO": 3}}, {"type": "Feature", "geometry": {"x": -75.14236187199998, "y": 3.9343726050000214}, "properties": {"OBJECTID": 725, "VEREDA": "CHICUAMBE", "MUNICIPIO": "73504", "ESCENARIO": "E3", "CULTIVO": "Agroforestal", "TIPO_INFRA": "Tipo II - Transformacion", "NOMBRE_EQUIP": "Centro carbon vegetal", "TON_VEREDA": 5948.04, "AREA_HA_VEREDA": 999.21, "AREA_EQUIP_M2": 4068.8, "N_EQUIP_TIPO": 3}}, {"type": "Feature", "geometry": {"x": -75.06202343799998, "y": 3.8201936950000572}, "properties": {"OBJECTID": 726, "VEREDA": "CHICUAMBE", "MUNICIPIO": "73504", "ESCENARIO": "E3", "CULTIVO": "Agroforestal", "TIPO_INFRA": "Tipo III - Servicios", "NOMBRE_EQUIP": "Centro formacion ambiental", "TON_VEREDA": 5948.04, "AREA_HA_VEREDA": 999.21, "AREA_EQUIP_M2": 1291.3, "N_EQUIP_TIPO": 2}}, {"type": "Feature", "geometry": {"x": -75.17352710999995, "y": 3.9372767140000633}, "properties": {"OBJECTID": 727, "VEREDA": "CHICUAMBE", "MUNICIPIO": "73504", "ESCENARIO": "E3", "CULTIVO": "Agroforestal", "TIPO_INFRA": "Tipo III - Servicios", "NOMBRE_EQUIP": "Ecoturismo rural", "TON_VEREDA": 5948.04, "AREA_HA_VEREDA": 999.21, "AREA_EQUIP_M2": 1291.3, "N_EQUIP_TIPO": 2}}, {"type": "Feature", "geometry": {"x": -75.21823998599996, "y": 4.10268601100006}, "properties": {"OBJECTID": 728, "VEREDA": "TOPORCO", "MUNICIPIO": "73504", "ESCENARIO": "E3", "CULTIVO": "Agroforestal", "TIPO_INFRA": "Tipo I - Produccion", "NOMBRE_EQUIP": "Vivero forestal", "TON_VEREDA": 220.75, "AREA_HA_VEREDA": 43.89, "AREA_EQUIP_M2": 553.2, "N_EQUIP_TIPO": 1}}, {"type": "Feature", "geometry": {"x": -75.18096274299995, "y": 3.93363920500002}, "properties": {"OBJECTID": 729, "VEREDA": "TOPORCO", "MUNICIPIO": "73504", "ESCENARIO": "E3", "CULTIVO": "Agroforestal", "TIPO_INFRA": "Tipo II - Transformacion", "NOMBRE_EQUIP": "Aserradero comunitario", "TON_VEREDA": 220.75, "AREA_HA_VEREDA": 43.89, "AREA_EQUIP_M2": 632.5, "N_EQUIP_TIPO": 1}}, {"type": "Feature", "geometry": {"x": -75.09922919399997, "y": 3.5299876470000413}, "properties": {"OBJECTID": 730, "VEREDA": "TOPORCO", "MUNICIPIO": "73504", "ESCENARIO": "E3", "CULTIVO": "Agroforestal", "TIPO_INFRA": "Tipo III - Servicios", "NOMBRE_EQUIP": "Centro formacion ambiental", "TON_VEREDA": 220.75, "AREA_HA_VEREDA": 43.89, "AREA_EQUIP_M2": 336.8, "N_EQUIP_TIPO": 2}}, {"type": "Feature", "geometry": {"x": -75.22228324899999, "y": 3.939595850000046}, "properties": {"OBJECTID": 731, "VEREDA": "TOPORCO", "MUNICIPIO": "73504", "ESCENARIO": "E3", "CULTIVO": "Agroforestal", "TIPO_INFRA": "Tipo III - Servicios", "NOMBRE_EQUIP": "Ecoturismo rural", "TON_VEREDA": 220.75, "AREA_HA_VEREDA": 43.89, "AREA_EQUIP_M2": 336.8, "N_EQUIP_TIPO": 2}}, {"type": "Feature", "geometry": {"x": -75.25087760299994, "y": 4.06367091900006}, "properties": {"OBJECTID": 732, "VEREDA": "TORTUGAS", "MUNICIPIO": "73563", "ESCENARIO": "E3", "CULTIVO": "Maiz", "TIPO_INFRA": "Tipo I - Produccion", "NOMBRE_EQUIP": "Almacen semillas", "TON_VEREDA": 62.55, "AREA_HA_VEREDA": 10.42, "AREA_EQUIP_M2": 300.1, "N_EQUIP_TIPO": 1}}, {"type": "Feature", "geometry": {"x": -74.98883201199999, "y": 3.6970637270000566}, "properties": {"OBJECTID": 733, "VEREDA": "TORTUGAS", "MUNICIPIO": "73563", "ESCENARIO": "E3", "CULTIVO": "Maiz", "TIPO_INFRA": "Tipo II - Transformacion", "NOMBRE_EQUIP": "Planta secado maiz", "TON_VEREDA": 62.55, "AREA_HA_VEREDA": 10.42, "AREA_EQUIP_M2": 537.5, "N_EQUIP_TIPO": 1}}, {"type": "Feature", "geometry": {"x": -75.19089271699994, "y": 3.7981378970000605}, "properties": {"OBJECTID": 734, "VEREDA": "TORTUGAS", "MUNICIPIO": "73563", "ESCENARIO": "E3", "CULTIVO": "Maiz", "TIPO_INFRA": "Tipo III - Servicios", "NOMBRE_EQUIP": "Escuela maiceros", "TON_VEREDA": 62.55, "AREA_HA_VEREDA": 10.42, "AREA_EQUIP_M2": 310.4, "N_EQUIP_TIPO": 2}}, {"type": "Feature", "geometry": {"x": -75.12697664999996, "y": 3.9734810000000493}, "properties": {"OBJECTID": 735, "VEREDA": "TORTUGAS", "MUNICIPIO": "73563", "ESCENARIO": "E3", "CULTIVO": "Maiz", "TIPO_INFRA": "Tipo III - Servicios", "NOMBRE_EQUIP": "Centro mecanizacion", "TON_VEREDA": 62.55, "AREA_HA_VEREDA": 10.42, "AREA_EQUIP_M2": 310.4, "N_EQUIP_TIPO": 2}}, {"type": "Feature", "geometry": {"x": -75.61627124799998, "y": 3.993650065000054}, "properties": {"OBJECTID": 736, "VEREDA": "PEÑON ALTO", "MUNICIPIO": "73563", "ESCENARIO": "E3", "CULTIVO": "Cana panelera", "TIPO_INFRA": "Tipo I - Produccion", "NOMBRE_EQUIP": "Vivero cana", "TON_VEREDA": 300.7, "AREA_HA_VEREDA": 35.52, "AREA_EQUIP_M2": 681.1, "N_EQUIP_TIPO": 1}}, {"type": "Feature", "geometry": {"x": -74.97020955499994, "y": 3.722521941000025}, "properties": {"OBJECTID": 737, "VEREDA": "PEÑON ALTO", "MUNICIPIO": "73563", "ESCENARIO": "E3", "CULTIVO": "Cana panelera", "TIPO_INFRA": "Tipo II - Transformacion", "NOMBRE_EQUIP": "Trapiche tecnificado", "TON_VEREDA": 300.7, "AREA_HA_VEREDA": 35.52, "AREA_EQUIP_M2": 680.4, "N_EQUIP_TIPO": 1}}, {"type": "Feature", "geometry": {"x": -75.60460974899996, "y": 4.0107599010000285}, "properties": {"OBJECTID": 738, "VEREDA": "PEÑON ALTO", "MUNICIPIO": "73563", "ESCENARIO": "E3", "CULTIVO": "Cana panelera", "TIPO_INFRA": "Tipo III - Servicios", "NOMBRE_EQUIP": "Escuela paneleros", "TON_VEREDA": 300.7, "AREA_HA_VEREDA": 35.52, "AREA_EQUIP_M2": 350.1, "N_EQUIP_TIPO": 2}}, {"type": "Feature", "geometry": {"x": -75.08320064599997, "y": 3.694796257000064}, "properties": {"OBJECTID": 739, "VEREDA": "PEÑON ALTO", "MUNICIPIO": "73563", "ESCENARIO": "E3", "CULTIVO": "Cana panelera", "TIPO_INFRA": "Tipo III - Servicios", "NOMBRE_EQUIP": "Punto acopio panela", "TON_VEREDA": 300.7, "AREA_HA_VEREDA": 35.52, "AREA_EQUIP_M2": 350.1, "N_EQUIP_TIPO": 2}}, {"type": "Feature", "geometry": {"x": -75.67752804499997, "y": 4.05217355000002}, "properties": {"OBJECTID": 740, "VEREDA": "HILARCO", "MUNICIPIO": "73585", "ESCENARIO": "E3", "CULTIVO": "Cana panelera", "TIPO_INFRA": "Tipo I - Produccion", "NOMBRE_EQUIP": "Vivero cana", "TON_VEREDA": 237.23, "AREA_HA_VEREDA": 30.63, "AREA_EQUIP_M2": 579.6, "N_EQUIP_TIPO": 1}}, {"type": "Feature", "geometry": {"x": -74.99568352599994, "y": 3.7706624820000343}, "properties": {"OBJECTID": 741, "VEREDA": "HILARCO", "MUNICIPIO": "73585", "ESCENARIO": "E3", "CULTIVO": "Cana panelera", "TIPO_INFRA": "Tipo II - Transformacion", "NOMBRE_EQUIP": "Trapiche tecnificado", "TON_VEREDA": 237.23, "AREA_HA_VEREDA": 30.63, "AREA_EQUIP_M2": 642.3, "N_EQUIP_TIPO": 1}}, {"type": "Feature", "geometry": {"x": -74.99190379999999, "y": 3.759475250000037}, "properties": {"OBJECTID": 742, "VEREDA": "HILARCO", "MUNICIPIO": "73585", "ESCENARIO": "E3", "CULTIVO": "Cana panelera", "TIPO_INFRA": "Tipo III - Servicios", "NOMBRE_EQUIP": "Escuela paneleros", "TON_VEREDA": 237.23, "AREA_HA_VEREDA": 30.63, "AREA_EQUIP_M2": 339.5, "N_EQUIP_TIPO": 2}}, {"type": "Feature", "geometry": {"x": -75.11367849399994, "y": 3.5290431260000332}, "properties": {"OBJECTID": 743, "VEREDA": "HILARCO", "MUNICIPIO": "73585", "ESCENARIO": "E3", "CULTIVO": "Cana panelera", "TIPO_INFRA": "Tipo III - Servicios", "NOMBRE_EQUIP": "Punto acopio panela", "TON_VEREDA": 237.23, "AREA_HA_VEREDA": 30.63, "AREA_EQUIP_M2": 339.5, "N_EQUIP_TIPO": 2}}, {"type": "Feature", "geometry": {"x": -75.22740361099994, "y": 3.970482860000061}, "properties": {"OBJECTID": 744, "VEREDA": "CHENCHE ASOLEADO", "MUNICIPIO": "73585", "ESCENARIO": "E3", "CULTIVO": "Agroforestal", "TIPO_INFRA": "Tipo I - Produccion", "NOMBRE_EQUIP": "Vivero forestal", "TON_VEREDA": 120.13, "AREA_HA_VEREDA": 18.29, "AREA_EQUIP_M2": 392.2, "N_EQUIP_TIPO": 1}}, {"type": "Feature", "geometry": {"x": -75.01472464499994, "y": 3.793892223000057}, "properties": {"OBJECTID": 745, "VEREDA": "CHENCHE ASOLEADO", "MUNICIPIO": "73585", "ESCENARIO": "E3", "CULTIVO": "Agroforestal", "TIPO_INFRA": "Tipo II - Transformacion", "NOMBRE_EQUIP": "Aserradero comunitario", "TON_VEREDA": 120.13, "AREA_HA_VEREDA": 18.29, "AREA_EQUIP_M2": 572.1, "N_EQUIP_TIPO": 1}}, {"type": "Feature", "geometry": {"x": -75.16142206499995, "y": 3.990823566000074}, "properties": {"OBJECTID": 746, "VEREDA": "CHENCHE ASOLEADO", "MUNICIPIO": "73585", "ESCENARIO": "E3", "CULTIVO": "Agroforestal", "TIPO_INFRA": "Tipo III - Servicios", "NOMBRE_EQUIP": "Centro formacion ambiental", "TON_VEREDA": 120.13, "AREA_HA_VEREDA": 18.29, "AREA_EQUIP_M2": 320, "N_EQUIP_TIPO": 2}}, {"type": "Feature", "geometry": {"x": -75.22056624999993, "y": 3.940488801000072}, "properties": {"OBJECTID": 747, "VEREDA": "CHENCHE ASOLEADO", "MUNICIPIO": "73585", "ESCENARIO": "E3", "CULTIVO": "Agroforestal", "TIPO_INFRA": "Tipo III - Servicios", "NOMBRE_EQUIP": "Ecoturismo rural", "TON_VEREDA": 120.13, "AREA_HA_VEREDA": 18.29, "AREA_EQUIP_M2": 320, "N_EQUIP_TIPO": 2}}, {"type": "Feature", "geometry": {"x": -75.06265612199996, "y": 3.6406196060000298}, "properties": {"OBJECTID": 748, "VEREDA": "COYA", "MUNICIPIO": "73585", "ESCENARIO": "E3", "CULTIVO": "Cana panelera", "TIPO_INFRA": "Tipo I - Produccion", "NOMBRE_EQUIP": "Vivero cana", "TON_VEREDA": 9.95, "AREA_HA_VEREDA": 0.99, "AREA_EQUIP_M2": 215.9, "N_EQUIP_TIPO": 1}}, {"type": "Feature", "geometry": {"x": -75.03099784999995, "y": 3.816730835000044}, "properties": {"OBJECTID": 749, "VEREDA": "COYA", "MUNICIPIO": "73585", "ESCENARIO": "E3", "CULTIVO": "Cana panelera", "TIPO_INFRA": "Tipo II - Transformacion", "NOMBRE_EQUIP": "Trapiche tecnificado", "TON_VEREDA": 9.95, "AREA_HA_VEREDA": 0.99, "AREA_EQUIP_M2": 506, "N_EQUIP_TIPO": 1}}, {"type": "Feature", "geometry": {"x": -75.60620484999998, "y": 4.011362051000049}, "properties": {"OBJECTID": 750, "VEREDA": "COYA", "MUNICIPIO": "73585", "ESCENARIO": "E3", "CULTIVO": "Cana panelera", "TIPO_INFRA": "Tipo III - Servicios", "NOMBRE_EQUIP": "Escuela paneleros", "TON_VEREDA": 9.95, "AREA_HA_VEREDA": 0.99, "AREA_EQUIP_M2": 301.7, "N_EQUIP_TIPO": 2}}, {"type": "Feature", "geometry": {"x": -75.12087343899998, "y": 3.832444120000048}, "properties": {"OBJECTID": 751, "VEREDA": "COYA", "MUNICIPIO": "73585", "ESCENARIO": "E3", "CULTIVO": "Cana panelera", "TIPO_INFRA": "Tipo III - Servicios", "NOMBRE_EQUIP": "Punto acopio panela", "TON_VEREDA": 9.95, "AREA_HA_VEREDA": 0.99, "AREA_EQUIP_M2": 301.7, "N_EQUIP_TIPO": 2}}, {"type": "Feature", "geometry": {"x": -75.07776211299995, "y": 3.817771612000058}, "properties": {"OBJECTID": 752, "VEREDA": "EL REDIL-JABALCON", "MUNICIPIO": "73671", "ESCENARIO": "E3", "CULTIVO": "Cana panelera", "TIPO_INFRA": "Tipo I - Produccion", "NOMBRE_EQUIP": "Vivero cana", "TON_VEREDA": 16.58, "AREA_HA_VEREDA": 1.66, "AREA_EQUIP_M2": 226.5, "N_EQUIP_TIPO": 1}}, {"type": "Feature", "geometry": {"x": -75.05789881799996, "y": 3.838940616000059}, "properties": {"OBJECTID": 753, "VEREDA": "EL REDIL-JABALCON", "MUNICIPIO": "73671", "ESCENARIO": "E3", "CULTIVO": "Cana panelera", "TIPO_INFRA": "Tipo II - Transformacion", "NOMBRE_EQUIP": "Trapiche tecnificado", "TON_VEREDA": 16.58, "AREA_HA_VEREDA": 1.66, "AREA_EQUIP_M2": 509.9, "N_EQUIP_TIPO": 1}}, {"type": "Feature", "geometry": {"x": -75.14012734999994, "y": 3.462571300000036}, "properties": {"OBJECTID": 754, "VEREDA": "EL REDIL-JABALCON", "MUNICIPIO": "73671", "ESCENARIO": "E3", "CULTIVO": "Cana panelera", "TIPO_INFRA": "Tipo III - Servicios", "NOMBRE_EQUIP": "Escuela paneleros", "TON_VEREDA": 16.58, "AREA_HA_VEREDA": 1.66, "AREA_EQUIP_M2": 302.8, "N_EQUIP_TIPO": 2}}, {"type": "Feature", "geometry": {"x": -75.15541840099996, "y": 3.9599301010000545}, "properties": {"OBJECTID": 755, "VEREDA": "EL REDIL-JABALCON", "MUNICIPIO": "73671", "ESCENARIO": "E3", "CULTIVO": "Cana panelera", "TIPO_INFRA": "Tipo III - Servicios", "NOMBRE_EQUIP": "Punto acopio panela", "TON_VEREDA": 16.58, "AREA_HA_VEREDA": 1.66, "AREA_EQUIP_M2": 302.8, "N_EQUIP_TIPO": 2}}, {"type": "Feature", "geometry": {"x": -75.17249447899997, "y": 3.705933812000069}, "properties": {"OBJECTID": 756, "VEREDA": "TONOGO", "MUNICIPIO": "73678", "ESCENARIO": "E3", "CULTIVO": "Cana panelera", "TIPO_INFRA": "Tipo I - Produccion", "NOMBRE_EQUIP": "Vivero cana", "TON_VEREDA": 0.4, "AREA_HA_VEREDA": 0.04, "AREA_EQUIP_M2": 200.6, "N_EQUIP_TIPO": 1}}, {"type": "Feature", "geometry": {"x": -75.19647259499999, "y": 4.092605609000032}, "properties": {"OBJECTID": 757, "VEREDA": "TONOGO", "MUNICIPIO": "73678", "ESCENARIO": "E3", "CULTIVO": "Cana panelera", "TIPO_INFRA": "Tipo II - Transformacion", "NOMBRE_EQUIP": "Trapiche tecnificado", "TON_VEREDA": 0.4, "AREA_HA_VEREDA": 0.04, "AREA_EQUIP_M2": 500.2, "N_EQUIP_TIPO": 1}}, {"type": "Feature", "geometry": {"x": -75.27521128199999, "y": 4.038403995000067}, "properties": {"OBJECTID": 758, "VEREDA": "TONOGO", "MUNICIPIO": "73678", "ESCENARIO": "E3", "CULTIVO": "Cana panelera", "TIPO_INFRA": "Tipo III - Servicios", "NOMBRE_EQUIP": "Escuela paneleros", "TON_VEREDA": 0.4, "AREA_HA_VEREDA": 0.04, "AREA_EQUIP_M2": 300.1, "N_EQUIP_TIPO": 2}}, {"type": "Feature", "geometry": {"x": -75.60730303399998, "y": 4.009183245000031}, "properties": {"OBJECTID": 759, "VEREDA": "TONOGO", "MUNICIPIO": "73678", "ESCENARIO": "E3", "CULTIVO": "Cana panelera", "TIPO_INFRA": "Tipo III - Servicios", "NOMBRE_EQUIP": "Punto acopio panela", "TON_VEREDA": 0.4, "AREA_HA_VEREDA": 0.04, "AREA_EQUIP_M2": 300.1, "N_EQUIP_TIPO": 2}}, {"type": "Feature", "geometry": {"x": -74.97491959499996, "y": 3.7147066710000445}, "properties": {"OBJECTID": 760, "VEREDA": "SANTA LUCIA", "MUNICIPIO": "73678", "ESCENARIO": "E3", "CULTIVO": "Cana panelera", "TIPO_INFRA": "Tipo I - Produccion", "NOMBRE_EQUIP": "Vivero cana", "TON_VEREDA": 285.56, "AREA_HA_VEREDA": 29.49, "AREA_EQUIP_M2": 656.9, "N_EQUIP_TIPO": 1}}, {"type": "Feature", "geometry": {"x": -75.15284522999997, "y": 4.003750903000025}, "properties": {"OBJECTID": 761, "VEREDA": "SANTA LUCIA", "MUNICIPIO": "73678", "ESCENARIO": "E3", "CULTIVO": "Cana panelera", "TIPO_INFRA": "Tipo II - Transformacion", "NOMBRE_EQUIP": "Trapiche tecnificado", "TON_VEREDA": 285.56, "AREA_HA_VEREDA": 29.49, "AREA_EQUIP_M2": 671.3, "N_EQUIP_TIPO": 1}}, {"type": "Feature", "geometry": {"x": -75.00843589399994, "y": 3.7534788750000416}, "properties": {"OBJECTID": 762, "VEREDA": "SANTA LUCIA", "MUNICIPIO": "73678", "ESCENARIO": "E3", "CULTIVO": "Cana panelera", "TIPO_INFRA": "Tipo III - Servicios", "NOMBRE_EQUIP": "Escuela paneleros", "TON_VEREDA": 285.56, "AREA_HA_VEREDA": 29.49, "AREA_EQUIP_M2": 347.6, "N_EQUIP_TIPO": 2}}, {"type": "Feature", "geometry": {"x": -75.11690719399996, "y": 3.9266835570000467}, "properties": {"OBJECTID": 763, "VEREDA": "SANTA LUCIA", "MUNICIPIO": "73678", "ESCENARIO": "E3", "CULTIVO": "Cana panelera", "TIPO_INFRA": "Tipo III - Servicios", "NOMBRE_EQUIP": "Punto acopio panela", "TON_VEREDA": 285.56, "AREA_HA_VEREDA": 29.49, "AREA_EQUIP_M2": 347.6, "N_EQUIP_TIPO": 2}}, {"type": "Feature", "geometry": {"x": -75.05748183599997, "y": 3.804931399000054}, "properties": {"OBJECTID": 764, "VEREDA": "CAÑADA", "MUNICIPIO": "73678", "ESCENARIO": "E3", "CULTIVO": "Cana panelera", "TIPO_INFRA": "Tipo I - Produccion", "NOMBRE_EQUIP": "Vivero cana", "TON_VEREDA": 32.91, "AREA_HA_VEREDA": 3.29, "AREA_EQUIP_M2": 252.7, "N_EQUIP_TIPO": 1}}, {"type": "Feature", "geometry": {"x": -75.20281694899995, "y": 4.035998881000069}, "properties": {"OBJECTID": 765, "VEREDA": "CAÑADA", "MUNICIPIO": "73678", "ESCENARIO": "E3", "CULTIVO": "Cana panelera", "TIPO_INFRA": "Tipo II - Transformacion", "NOMBRE_EQUIP": "Trapiche tecnificado", "TON_VEREDA": 32.91, "AREA_HA_VEREDA": 3.29, "AREA_EQUIP_M2": 519.7, "N_EQUIP_TIPO": 1}}, {"type": "Feature", "geometry": {"x": -75.09700322099997, "y": 3.626258741000072}, "properties": {"OBJECTID": 766, "VEREDA": "CAÑADA", "MUNICIPIO": "73678", "ESCENARIO": "E3", "CULTIVO": "Cana panelera", "TIPO_INFRA": "Tipo III - Servicios", "NOMBRE_EQUIP": "Escuela paneleros", "TON_VEREDA": 32.91, "AREA_HA_VEREDA": 3.29, "AREA_EQUIP_M2": 305.5, "N_EQUIP_TIPO": 2}}, {"type": "Feature", "geometry": {"x": -75.28128866399999, "y": 3.8708597330000316}, "properties": {"OBJECTID": 767, "VEREDA": "CAÑADA", "MUNICIPIO": "73678", "ESCENARIO": "E3", "CULTIVO": "Cana panelera", "TIPO_INFRA": "Tipo III - Servicios", "NOMBRE_EQUIP": "Punto acopio panela", "TON_VEREDA": 32.91, "AREA_HA_VEREDA": 3.29, "AREA_EQUIP_M2": 305.5, "N_EQUIP_TIPO": 2}}, {"type": "Feature", "geometry": {"x": -75.30084626099995, "y": 3.9642503230000443}, "properties": {"OBJECTID": 768, "VEREDA": "Neme", "MUNICIPIO": "73854", "ESCENARIO": "E3", "CULTIVO": "Cana panelera", "TIPO_INFRA": "Tipo I - Produccion", "NOMBRE_EQUIP": "Vivero cana", "TON_VEREDA": 163.22, "AREA_HA_VEREDA": 16.32, "AREA_EQUIP_M2": 461.1, "N_EQUIP_TIPO": 1}}, {"type": "Feature", "geometry": {"x": -75.21975467199997, "y": 4.100744973000076}, "properties": {"OBJECTID": 769, "VEREDA": "Neme", "MUNICIPIO": "73854", "ESCENARIO": "E3", "CULTIVO": "Cana panelera", "TIPO_INFRA": "Tipo II - Transformacion", "NOMBRE_EQUIP": "Trapiche tecnificado", "TON_VEREDA": 163.22, "AREA_HA_VEREDA": 16.32, "AREA_EQUIP_M2": 597.9, "N_EQUIP_TIPO": 1}}, {"type": "Feature", "geometry": {"x": -75.19541764999997, "y": 3.7956367500000283}, "properties": {"OBJECTID": 770, "VEREDA": "Neme", "MUNICIPIO": "73854", "ESCENARIO": "E3", "CULTIVO": "Cana panelera", "TIPO_INFRA": "Tipo III - Servicios", "NOMBRE_EQUIP": "Escuela paneleros", "TON_VEREDA": 163.22, "AREA_HA_VEREDA": 16.32, "AREA_EQUIP_M2": 327.2, "N_EQUIP_TIPO": 1}}, {"type": "Feature", "geometry": {"x": -75.07661174799995, "y": 3.55762375300003}, "properties": {"OBJECTID": 771, "VEREDA": "MERCADILLO", "MUNICIPIO": "73483", "ESCENARIO": "E3", "CULTIVO": "Agroforestal", "TIPO_INFRA": "Tipo I - Produccion", "NOMBRE_EQUIP": "Vivero forestal", "TON_VEREDA": 7510.75, "AREA_HA_VEREDA": 1058.15, "AREA_EQUIP_M2": 2000, "N_EQUIP_TIPO": 5}}, {"type": "Feature", "geometry": {"x": -75.21983399499999, "y": 4.104845491000049}, "properties": {"OBJECTID": 772, "VEREDA": "MERCADILLO", "MUNICIPIO": "73483", "ESCENARIO": "E3", "CULTIVO": "Agroforestal", "TIPO_INFRA": "Tipo I - Produccion", "NOMBRE_EQUIP": "Sistema silvopastoril", "TON_VEREDA": 7510.75, "AREA_HA_VEREDA": 1058.15, "AREA_EQUIP_M2": 2000, "N_EQUIP_TIPO": 5}}, {"type": "Feature", "geometry": {"x": -75.04616233799999, "y": 3.657062751000069}, "properties": {"OBJECTID": 773, "VEREDA": "MERCADILLO", "MUNICIPIO": "73483", "ESCENARIO": "E3", "CULTIVO": "Agroforestal", "TIPO_INFRA": "Tipo I - Produccion", "NOMBRE_EQUIP": "Banco germoplasma", "TON_VEREDA": 7510.75, "AREA_HA_VEREDA": 1058.15, "AREA_EQUIP_M2": 2000, "N_EQUIP_TIPO": 5}}, {"type": "Feature", "geometry": {"x": -75.63453252199997, "y": 4.022864543000026}, "properties": {"OBJECTID": 774, "VEREDA": "MERCADILLO", "MUNICIPIO": "73483", "ESCENARIO": "E3", "CULTIVO": "Agroforestal", "TIPO_INFRA": "Tipo I - Produccion", "NOMBRE_EQUIP": "Compostaje", "TON_VEREDA": 7510.75, "AREA_HA_VEREDA": 1058.15, "AREA_EQUIP_M2": 2000, "N_EQUIP_TIPO": 5}}, {"type": "Feature", "geometry": {"x": -75.14836723999997, "y": 3.7820676520000234}, "properties": {"OBJECTID": 775, "VEREDA": "MERCADILLO", "MUNICIPIO": "73483", "ESCENARIO": "E3", "CULTIVO": "Agroforestal", "TIPO_INFRA": "Tipo I - Produccion", "NOMBRE_EQUIP": "Centro campo", "TON_VEREDA": 7510.75, "AREA_HA_VEREDA": 1058.15, "AREA_EQUIP_M2": 2000, "N_EQUIP_TIPO": 5}}, {"type": "Feature", "geometry": {"x": -75.09097760099996, "y": 3.479599363000034}, "properties": {"OBJECTID": 776, "VEREDA": "MERCADILLO", "MUNICIPIO": "73483", "ESCENARIO": "E3", "CULTIVO": "Agroforestal", "TIPO_INFRA": "Tipo II - Transformacion", "NOMBRE_EQUIP": "Aserradero comunitario", "TON_VEREDA": 7510.75, "AREA_HA_VEREDA": 1058.15, "AREA_EQUIP_M2": 5000, "N_EQUIP_TIPO": 3}}, {"type": "Feature", "geometry": {"x": -75.08681524299999, "y": 3.4762094970000703}, "properties": {"OBJECTID": 777, "VEREDA": "MERCADILLO", "MUNICIPIO": "73483", "ESCENARIO": "E3", "CULTIVO": "Agroforestal", "TIPO_INFRA": "Tipo II - Transformacion", "NOMBRE_EQUIP": "Planta no maderables", "TON_VEREDA": 7510.75, "AREA_HA_VEREDA": 1058.15, "AREA_EQUIP_M2": 5000, "N_EQUIP_TIPO": 3}}, {"type": "Feature", "geometry": {"x": -75.09204708399994, "y": 3.47991709300004}, "properties": {"OBJECTID": 778, "VEREDA": "MERCADILLO", "MUNICIPIO": "73483", "ESCENARIO": "E3", "CULTIVO": "Agroforestal", "TIPO_INFRA": "Tipo II - Transformacion", "NOMBRE_EQUIP": "Centro carbon vegetal", "TON_VEREDA": 7510.75, "AREA_HA_VEREDA": 1058.15, "AREA_EQUIP_M2": 5000, "N_EQUIP_TIPO": 3}}, {"type": "Feature", "geometry": {"x": -75.20185790499994, "y": 3.9484932830000616}, "properties": {"OBJECTID": 779, "VEREDA": "MERCADILLO", "MUNICIPIO": "73483", "ESCENARIO": "E3", "CULTIVO": "Agroforestal", "TIPO_INFRA": "Tipo III - Servicios", "NOMBRE_EQUIP": "Centro formacion ambiental", "TON_VEREDA": 7510.75, "AREA_HA_VEREDA": 1058.15, "AREA_EQUIP_M2": 1500, "N_EQUIP_TIPO": 2}}, {"type": "Feature", "geometry": {"x": -75.22193834799998, "y": 3.934925713000041}, "properties": {"OBJECTID": 780, "VEREDA": "MERCADILLO", "MUNICIPIO": "73483", "ESCENARIO": "E3", "CULTIVO": "Agroforestal", "TIPO_INFRA": "Tipo III - Servicios", "NOMBRE_EQUIP": "Ecoturismo rural", "TON_VEREDA": 7510.75, "AREA_HA_VEREDA": 1058.15, "AREA_EQUIP_M2": 1500, "N_EQUIP_TIPO": 2}}, {"type": "Feature", "geometry": {"x": -75.13703231199997, "y": 4.006684104000044}, "properties": {"OBJECTID": 781, "VEREDA": "TINAJA", "MUNICIPIO": "73483", "ESCENARIO": "E3", "CULTIVO": "Agroforestal", "TIPO_INFRA": "Tipo I - Produccion", "NOMBRE_EQUIP": "Vivero forestal", "TON_VEREDA": 9757.21, "AREA_HA_VEREDA": 1509.11, "AREA_EQUIP_M2": 2000, "N_EQUIP_TIPO": 5}}, {"type": "Feature", "geometry": {"x": -75.27547553599999, "y": 4.042775623000068}, "properties": {"OBJECTID": 782, "VEREDA": "TINAJA", "MUNICIPIO": "73483", "ESCENARIO": "E3", "CULTIVO": "Agroforestal", "TIPO_INFRA": "Tipo I - Produccion", "NOMBRE_EQUIP": "Sistema silvopastoril", "TON_VEREDA": 9757.21, "AREA_HA_VEREDA": 1509.11, "AREA_EQUIP_M2": 2000, "N_EQUIP_TIPO": 5}}, {"type": "Feature", "geometry": {"x": -75.32723773199996, "y": 3.8086843790000557}, "properties": {"OBJECTID": 783, "VEREDA": "TINAJA", "MUNICIPIO": "73483", "ESCENARIO": "E3", "CULTIVO": "Agroforestal", "TIPO_INFRA": "Tipo I - Produccion", "NOMBRE_EQUIP": "Banco germoplasma", "TON_VEREDA": 9757.21, "AREA_HA_VEREDA": 1509.11, "AREA_EQUIP_M2": 2000, "N_EQUIP_TIPO": 5}}, {"type": "Feature", "geometry": {"x": -75.12076847299994, "y": 3.9846942540000327}, "properties": {"OBJECTID": 784, "VEREDA": "TINAJA", "MUNICIPIO": "73483", "ESCENARIO": "E3", "CULTIVO": "Agroforestal", "TIPO_INFRA": "Tipo I - Produccion", "NOMBRE_EQUIP": "Compostaje", "TON_VEREDA": 9757.21, "AREA_HA_VEREDA": 1509.11, "AREA_EQUIP_M2": 2000, "N_EQUIP_TIPO": 5}}, {"type": "Feature", "geometry": {"x": -75.32700240799994, "y": 3.7988721530000475}, "properties": {"OBJECTID": 785, "VEREDA": "TINAJA", "MUNICIPIO": "73483", "ESCENARIO": "E3", "CULTIVO": "Agroforestal", "TIPO_INFRA": "Tipo I - Produccion", "NOMBRE_EQUIP": "Centro campo", "TON_VEREDA": 9757.21, "AREA_HA_VEREDA": 1509.11, "AREA_EQUIP_M2": 2000, "N_EQUIP_TIPO": 5}}, {"type": "Feature", "geometry": {"x": -75.05190071599998, "y": 3.5388437080000585}, "properties": {"OBJECTID": 786, "VEREDA": "TINAJA", "MUNICIPIO": "73483", "ESCENARIO": "E3", "CULTIVO": "Agroforestal", "TIPO_INFRA": "Tipo II - Transformacion", "NOMBRE_EQUIP": "Aserradero comunitario", "TON_VEREDA": 9757.21, "AREA_HA_VEREDA": 1509.11, "AREA_EQUIP_M2": 5000, "N_EQUIP_TIPO": 3}}, {"type": "Feature", "geometry": {"x": -75.05955895199997, "y": 3.5373005350000426}, "properties": {"OBJECTID": 787, "VEREDA": "TINAJA", "MUNICIPIO": "73483", "ESCENARIO": "E3", "CULTIVO": "Agroforestal", "TIPO_INFRA": "Tipo II - Transformacion", "NOMBRE_EQUIP": "Planta no maderables", "TON_VEREDA": 9757.21, "AREA_HA_VEREDA": 1509.11, "AREA_EQUIP_M2": 5000, "N_EQUIP_TIPO": 3}}, {"type": "Feature", "geometry": {"x": -75.05555622799994, "y": 3.5399465200000577}, "properties": {"OBJECTID": 788, "VEREDA": "TINAJA", "MUNICIPIO": "73483", "ESCENARIO": "E3", "CULTIVO": "Agroforestal", "TIPO_INFRA": "Tipo II - Transformacion", "NOMBRE_EQUIP": "Centro carbon vegetal", "TON_VEREDA": 9757.21, "AREA_HA_VEREDA": 1509.11, "AREA_EQUIP_M2": 5000, "N_EQUIP_TIPO": 3}}, {"type": "Feature", "geometry": {"x": -75.12586710199997, "y": 3.9168615550000254}, "properties": {"OBJECTID": 789, "VEREDA": "TINAJA", "MUNICIPIO": "73483", "ESCENARIO": "E3", "CULTIVO": "Agroforestal", "TIPO_INFRA": "Tipo III - Servicios", "NOMBRE_EQUIP": "Centro formacion ambiental", "TON_VEREDA": 9757.21, "AREA_HA_VEREDA": 1509.11, "AREA_EQUIP_M2": 1500, "N_EQUIP_TIPO": 2}}, {"type": "Feature", "geometry": {"x": -75.05450749599999, "y": 3.7027062200000387}, "properties": {"OBJECTID": 790, "VEREDA": "TINAJA", "MUNICIPIO": "73483", "ESCENARIO": "E3", "CULTIVO": "Agroforestal", "TIPO_INFRA": "Tipo III - Servicios", "NOMBRE_EQUIP": "Ecoturismo rural", "TON_VEREDA": 9757.21, "AREA_HA_VEREDA": 1509.11, "AREA_EQUIP_M2": 1500, "N_EQUIP_TIPO": 2}}, {"type": "Feature", "geometry": {"x": -75.04421114299998, "y": 3.8103680510000686}, "properties": {"OBJECTID": 791, "VEREDA": "YACO", "MUNICIPIO": "73483", "ESCENARIO": "E3", "CULTIVO": "Cana panelera", "TIPO_INFRA": "Tipo I - Produccion", "NOMBRE_EQUIP": "Vivero cana", "TON_VEREDA": 2969.61, "AREA_HA_VEREDA": 296.96, "AREA_EQUIP_M2": 2000, "N_EQUIP_TIPO": 5}}, {"type": "Feature", "geometry": {"x": -75.15702737499998, "y": 3.470634136000058}, "properties": {"OBJECTID": 792, "VEREDA": "YACO", "MUNICIPIO": "73483", "ESCENARIO": "E3", "CULTIVO": "Cana panelera", "TIPO_INFRA": "Tipo I - Produccion", "NOMBRE_EQUIP": "Trapiche movil", "TON_VEREDA": 2969.61, "AREA_HA_VEREDA": 296.96, "AREA_EQUIP_M2": 2000, "N_EQUIP_TIPO": 5}}, {"type": "Feature", "geometry": {"x": -75.26726814699998, "y": 4.044631142000071}, "properties": {"OBJECTID": 793, "VEREDA": "YACO", "MUNICIPIO": "73483", "ESCENARIO": "E3", "CULTIVO": "Cana panelera", "TIPO_INFRA": "Tipo I - Produccion", "NOMBRE_EQUIP": "Bodega panela campo", "TON_VEREDA": 2969.61, "AREA_HA_VEREDA": 296.96, "AREA_EQUIP_M2": 2000, "N_EQUIP_TIPO": 5}}, {"type": "Feature", "geometry": {"x": -75.06447706799997, "y": 3.6611880260000476}, "properties": {"OBJECTID": 794, "VEREDA": "YACO", "MUNICIPIO": "73483", "ESCENARIO": "E3", "CULTIVO": "Cana panelera", "TIPO_INFRA": "Tipo I - Produccion", "NOMBRE_EQUIP": "Sistema riego", "TON_VEREDA": 2969.61, "AREA_HA_VEREDA": 296.96, "AREA_EQUIP_M2": 2000, "N_EQUIP_TIPO": 5}}, {"type": "Feature", "geometry": {"x": -75.24921123299998, "y": 4.042635226000073}, "properties": {"OBJECTID": 795, "VEREDA": "YACO", "MUNICIPIO": "73483", "ESCENARIO": "E3", "CULTIVO": "Cana panelera", "TIPO_INFRA": "Tipo I - Produccion", "NOMBRE_EQUIP": "Centro campo", "TON_VEREDA": 2969.61, "AREA_HA_VEREDA": 296.96, "AREA_EQUIP_M2": 2000, "N_EQUIP_TIPO": 5}}, {"type": "Feature", "geometry": {"x": -75.14982677499995, "y": 3.4797825400000306}, "properties": {"OBJECTID": 796, "VEREDA": "YACO", "MUNICIPIO": "73483", "ESCENARIO": "E3", "CULTIVO": "Cana panelera", "TIPO_INFRA": "Tipo II - Transformacion", "NOMBRE_EQUIP": "Trapiche tecnificado", "TON_VEREDA": 2969.61, "AREA_HA_VEREDA": 296.96, "AREA_EQUIP_M2": 2281.8, "N_EQUIP_TIPO": 1}}, {"type": "Feature", "geometry": {"x": -75.07809101699996, "y": 3.7506241080000677}, "properties": {"OBJECTID": 797, "VEREDA": "YACO", "MUNICIPIO": "73483", "ESCENARIO": "E3", "CULTIVO": "Cana panelera", "TIPO_INFRA": "Tipo III - Servicios", "NOMBRE_EQUIP": "Escuela paneleros", "TON_VEREDA": 2969.61, "AREA_HA_VEREDA": 296.96, "AREA_EQUIP_M2": 794.9, "N_EQUIP_TIPO": 2}}, {"type": "Feature", "geometry": {"x": -75.34172230299998, "y": 3.8971934300000726}, "properties": {"OBJECTID": 798, "VEREDA": "YACO", "MUNICIPIO": "73483", "ESCENARIO": "E3", "CULTIVO": "Cana panelera", "TIPO_INFRA": "Tipo III - Servicios", "NOMBRE_EQUIP": "Punto acopio panela", "TON_VEREDA": 2969.61, "AREA_HA_VEREDA": 296.96, "AREA_EQUIP_M2": 794.9, "N_EQUIP_TIPO": 2}}, {"type": "Feature", "geometry": {"x": -75.31516345599994, "y": 3.965535720000048}, "properties": {"OBJECTID": 799, "VEREDA": "LA MOLANA", "MUNICIPIO": "73483", "ESCENARIO": "E3", "CULTIVO": "Cana panelera", "TIPO_INFRA": "Tipo I - Produccion", "NOMBRE_EQUIP": "Vivero cana", "TON_VEREDA": 2490.92, "AREA_HA_VEREDA": 249.09, "AREA_EQUIP_M2": 2000, "N_EQUIP_TIPO": 5}}, {"type": "Feature", "geometry": {"x": -75.05384357299994, "y": 3.6586757560000365}, "properties": {"OBJECTID": 800, "VEREDA": "LA MOLANA", "MUNICIPIO": "73483", "ESCENARIO": "E3", "CULTIVO": "Cana panelera", "TIPO_INFRA": "Tipo I - Produccion", "NOMBRE_EQUIP": "Trapiche movil", "TON_VEREDA": 2490.92, "AREA_HA_VEREDA": 249.09, "AREA_EQUIP_M2": 2000, "N_EQUIP_TIPO": 5}}, {"type": "Feature", "geometry": {"x": -75.13842186599999, "y": 3.438088144000062}, "properties": {"OBJECTID": 801, "VEREDA": "LA MOLANA", "MUNICIPIO": "73483", "ESCENARIO": "E3", "CULTIVO": "Cana panelera", "TIPO_INFRA": "Tipo I - Produccion", "NOMBRE_EQUIP": "Bodega panela campo", "TON_VEREDA": 2490.92, "AREA_HA_VEREDA": 249.09, "AREA_EQUIP_M2": 2000, "N_EQUIP_TIPO": 5}}, {"type": "Feature", "geometry": {"x": -75.17023305399994, "y": 3.784500597000033}, "properties": {"OBJECTID": 802, "VEREDA": "LA MOLANA", "MUNICIPIO": "73483", "ESCENARIO": "E3", "CULTIVO": "Cana panelera", "TIPO_INFRA": "Tipo I - Produccion", "NOMBRE_EQUIP": "Sistema riego", "TON_VEREDA": 2490.92, "AREA_HA_VEREDA": 249.09, "AREA_EQUIP_M2": 2000, "N_EQUIP_TIPO": 5}}, {"type": "Feature", "geometry": {"x": -75.20276293199998, "y": 3.8092146580000303}, "properties": {"OBJECTID": 803, "VEREDA": "LA MOLANA", "MUNICIPIO": "73483", "ESCENARIO": "E3", "CULTIVO": "Cana panelera", "TIPO_INFRA": "Tipo I - Produccion", "NOMBRE_EQUIP": "Centro campo", "TON_VEREDA": 2490.92, "AREA_HA_VEREDA": 249.09, "AREA_EQUIP_M2": 2000, "N_EQUIP_TIPO": 5}}, {"type": "Feature", "geometry": {"x": -75.14810605499997, "y": 3.493828671000074}, "properties": {"OBJECTID": 804, "VEREDA": "LA MOLANA", "MUNICIPIO": "73483", "ESCENARIO": "E3", "CULTIVO": "Cana panelera", "TIPO_INFRA": "Tipo II - Transformacion", "NOMBRE_EQUIP": "Trapiche tecnificado", "TON_VEREDA": 2490.92, "AREA_HA_VEREDA": 249.09, "AREA_EQUIP_M2": 1994.6, "N_EQUIP_TIPO": 1}}, {"type": "Feature", "geometry": {"x": -75.16596410299996, "y": 3.921953975000065}, "properties": {"OBJECTID": 805, "VEREDA": "LA MOLANA", "MUNICIPIO": "73483", "ESCENARIO": "E3", "CULTIVO": "Cana panelera", "TIPO_INFRA": "Tipo III - Servicios", "NOMBRE_EQUIP": "Escuela paneleros", "TON_VEREDA": 2490.92, "AREA_HA_VEREDA": 249.09, "AREA_EQUIP_M2": 715.2, "N_EQUIP_TIPO": 2}}, {"type": "Feature", "geometry": {"x": -75.22317042299994, "y": 3.9373324130000356}, "properties": {"OBJECTID": 806, "VEREDA": "LA MOLANA", "MUNICIPIO": "73483", "ESCENARIO": "E3", "CULTIVO": "Cana panelera", "TIPO_INFRA": "Tipo III - Servicios", "NOMBRE_EQUIP": "Punto acopio panela", "TON_VEREDA": 2490.92, "AREA_HA_VEREDA": 249.09, "AREA_EQUIP_M2": 715.2, "N_EQUIP_TIPO": 2}}, {"type": "Feature", "geometry": {"x": -75.14011079899996, "y": 3.693763936000039}, "properties": {"OBJECTID": 807, "VEREDA": "EL COCO", "MUNICIPIO": "73622", "ESCENARIO": "E3", "CULTIVO": "Agroforestal", "TIPO_INFRA": "Tipo I - Produccion", "NOMBRE_EQUIP": "Vivero forestal", "TON_VEREDA": 16367.03, "AREA_HA_VEREDA": 3273.41, "AREA_EQUIP_M2": 2000, "N_EQUIP_TIPO": 5}}, {"type": "Feature", "geometry": {"x": -75.25795654699994, "y": 4.05846959400003}, "properties": {"OBJECTID": 808, "VEREDA": "EL COCO", "MUNICIPIO": "73622", "ESCENARIO": "E3", "CULTIVO": "Agroforestal", "TIPO_INFRA": "Tipo I - Produccion", "NOMBRE_EQUIP": "Sistema silvopastoril", "TON_VEREDA": 16367.03, "AREA_HA_VEREDA": 3273.41, "AREA_EQUIP_M2": 2000, "N_EQUIP_TIPO": 5}}, {"type": "Feature", "geometry": {"x": -75.14076303299998, "y": 4.007481320000068}, "properties": {"OBJECTID": 809, "VEREDA": "EL COCO", "MUNICIPIO": "73622", "ESCENARIO": "E3", "CULTIVO": "Agroforestal", "TIPO_INFRA": "Tipo I - Produccion", "NOMBRE_EQUIP": "Banco germoplasma", "TON_VEREDA": 16367.03, "AREA_HA_VEREDA": 3273.41, "AREA_EQUIP_M2": 2000, "N_EQUIP_TIPO": 5}}, {"type": "Feature", "geometry": {"x": -75.28857241599997, "y": 3.708876235000048}, "properties": {"OBJECTID": 810, "VEREDA": "EL COCO", "MUNICIPIO": "73622", "ESCENARIO": "E3", "CULTIVO": "Agroforestal", "TIPO_INFRA": "Tipo I - Produccion", "NOMBRE_EQUIP": "Compostaje", "TON_VEREDA": 16367.03, "AREA_HA_VEREDA": 3273.41, "AREA_EQUIP_M2": 2000, "N_EQUIP_TIPO": 5}}, {"type": "Feature", "geometry": {"x": -75.10918708699995, "y": 3.690135471000076}, "properties": {"OBJECTID": 811, "VEREDA": "EL COCO", "MUNICIPIO": "73622", "ESCENARIO": "E3", "CULTIVO": "Agroforestal", "TIPO_INFRA": "Tipo I - Produccion", "NOMBRE_EQUIP": "Centro campo", "TON_VEREDA": 16367.03, "AREA_HA_VEREDA": 3273.41, "AREA_EQUIP_M2": 2000, "N_EQUIP_TIPO": 5}}, {"type": "Feature", "geometry": {"x": -75.65728548599998, "y": 4.04662415100006}, "properties": {"OBJECTID": 812, "VEREDA": "EL COCO", "MUNICIPIO": "73622", "ESCENARIO": "E3", "CULTIVO": "Agroforestal", "TIPO_INFRA": "Tipo II - Transformacion", "NOMBRE_EQUIP": "Aserradero comunitario", "TON_VEREDA": 16367.03, "AREA_HA_VEREDA": 3273.41, "AREA_EQUIP_M2": 5000, "N_EQUIP_TIPO": 3}}, {"type": "Feature", "geometry": {"x": -75.65895651699998, "y": 4.048311211000055}, "properties": {"OBJECTID": 813, "VEREDA": "EL COCO", "MUNICIPIO": "73622", "ESCENARIO": "E3", "CULTIVO": "Agroforestal", "TIPO_INFRA": "Tipo II - Transformacion", "NOMBRE_EQUIP": "Planta no maderables", "TON_VEREDA": 16367.03, "AREA_HA_VEREDA": 3273.41, "AREA_EQUIP_M2": 5000, "N_EQUIP_TIPO": 3}}, {"type": "Feature", "geometry": {"x": -75.65953637299998, "y": 4.042702259000066}, "properties": {"OBJECTID": 814, "VEREDA": "EL COCO", "MUNICIPIO": "73622", "ESCENARIO": "E3", "CULTIVO": "Agroforestal", "TIPO_INFRA": "Tipo II - Transformacion", "NOMBRE_EQUIP": "Centro carbon vegetal", "TON_VEREDA": 16367.03, "AREA_HA_VEREDA": 3273.41, "AREA_EQUIP_M2": 5000, "N_EQUIP_TIPO": 3}}, {"type": "Feature", "geometry": {"x": -75.06157195299994, "y": 3.81890084500003}, "properties": {"OBJECTID": 815, "VEREDA": "EL COCO", "MUNICIPIO": "73622", "ESCENARIO": "E3", "CULTIVO": "Agroforestal", "TIPO_INFRA": "Tipo III - Servicios", "NOMBRE_EQUIP": "Centro formacion ambiental", "TON_VEREDA": 16367.03, "AREA_HA_VEREDA": 3273.41, "AREA_EQUIP_M2": 1500, "N_EQUIP_TIPO": 2}}, {"type": "Feature", "geometry": {"x": -75.19466354999997, "y": 3.7921984500000576}, "properties": {"OBJECTID": 816, "VEREDA": "EL COCO", "MUNICIPIO": "73622", "ESCENARIO": "E3", "CULTIVO": "Agroforestal", "TIPO_INFRA": "Tipo III - Servicios", "NOMBRE_EQUIP": "Ecoturismo rural", "TON_VEREDA": 16367.03, "AREA_HA_VEREDA": 3273.41, "AREA_EQUIP_M2": 1500, "N_EQUIP_TIPO": 2}}, {"type": "Feature", "geometry": {"x": -75.15355074399997, "y": 3.467760156000054}, "properties": {"OBJECTID": 817, "VEREDA": "YERBA BUENA", "MUNICIPIO": "73622", "ESCENARIO": "E3", "CULTIVO": "Agroforestal", "TIPO_INFRA": "Tipo I - Produccion", "NOMBRE_EQUIP": "Vivero forestal", "TON_VEREDA": 173.5, "AREA_HA_VEREDA": 34.7, "AREA_EQUIP_M2": 477.6, "N_EQUIP_TIPO": 1}}, {"type": "Feature", "geometry": {"x": -75.69011223099994, "y": 4.0718535280000765}, "properties": {"OBJECTID": 818, "VEREDA": "YERBA BUENA", "MUNICIPIO": "73622", "ESCENARIO": "E3", "CULTIVO": "Agroforestal", "TIPO_INFRA": "Tipo II - Transformacion", "NOMBRE_EQUIP": "Aserradero comunitario", "TON_VEREDA": 173.5, "AREA_HA_VEREDA": 34.7, "AREA_EQUIP_M2": 604.1, "N_EQUIP_TIPO": 1}}, {"type": "Feature", "geometry": {"x": -75.10673675899994, "y": 3.633077401000037}, "properties": {"OBJECTID": 819, "VEREDA": "YERBA BUENA", "MUNICIPIO": "73622", "ESCENARIO": "E3", "CULTIVO": "Agroforestal", "TIPO_INFRA": "Tipo III - Servicios", "NOMBRE_EQUIP": "Centro formacion ambiental", "TON_VEREDA": 173.5, "AREA_HA_VEREDA": 34.7, "AREA_EQUIP_M2": 328.9, "N_EQUIP_TIPO": 2}}, {"type": "Feature", "geometry": {"x": -75.32540989999995, "y": 3.9033530000000383}, "properties": {"OBJECTID": 820, "VEREDA": "YERBA BUENA", "MUNICIPIO": "73622", "ESCENARIO": "E3", "CULTIVO": "Agroforestal", "TIPO_INFRA": "Tipo III - Servicios", "NOMBRE_EQUIP": "Ecoturismo rural", "TON_VEREDA": 173.5, "AREA_HA_VEREDA": 34.7, "AREA_EQUIP_M2": 328.9, "N_EQUIP_TIPO": 2}}, {"type": "Feature", "geometry": {"x": -75.06349800299995, "y": 3.5906778260000465}, "properties": {"OBJECTID": 821, "VEREDA": "SAN MARCOS", "MUNICIPIO": "73622", "ESCENARIO": "E3", "CULTIVO": "Agroforestal", "TIPO_INFRA": "Tipo I - Produccion", "NOMBRE_EQUIP": "Vivero forestal", "TON_VEREDA": 8.1, "AREA_HA_VEREDA": 1.62, "AREA_EQUIP_M2": 213, "N_EQUIP_TIPO": 1}}, {"type": "Feature", "geometry": {"x": -75.63994118899996, "y": 4.076472661000025}, "properties": {"OBJECTID": 822, "VEREDA": "SAN MARCOS", "MUNICIPIO": "73622", "ESCENARIO": "E3", "CULTIVO": "Agroforestal", "TIPO_INFRA": "Tipo II - Transformacion", "NOMBRE_EQUIP": "Aserradero comunitario", "TON_VEREDA": 8.1, "AREA_HA_VEREDA": 1.62, "AREA_EQUIP_M2": 504.9, "N_EQUIP_TIPO": 1}}, {"type": "Feature", "geometry": {"x": -75.21938234999999, "y": 3.935474751000072}, "properties": {"OBJECTID": 823, "VEREDA": "SAN MARCOS", "MUNICIPIO": "73622", "ESCENARIO": "E3", "CULTIVO": "Agroforestal", "TIPO_INFRA": "Tipo III - Servicios", "NOMBRE_EQUIP": "Centro formacion ambiental", "TON_VEREDA": 8.1, "AREA_HA_VEREDA": 1.62, "AREA_EQUIP_M2": 301.3, "N_EQUIP_TIPO": 2}}, {"type": "Feature", "geometry": {"x": -75.22899271099999, "y": 3.7794923130000484}, "properties": {"OBJECTID": 824, "VEREDA": "SAN MARCOS", "MUNICIPIO": "73622", "ESCENARIO": "E3", "CULTIVO": "Agroforestal", "TIPO_INFRA": "Tipo III - Servicios", "NOMBRE_EQUIP": "Ecoturismo rural", "TON_VEREDA": 8.1, "AREA_HA_VEREDA": 1.62, "AREA_EQUIP_M2": 301.3, "N_EQUIP_TIPO": 2}}, {"type": "Feature", "geometry": {"x": -75.34436876799998, "y": 3.8077970930000333}, "properties": {"OBJECTID": 825, "VEREDA": "LA LEGIA", "MUNICIPIO": "73675", "ESCENARIO": "E3", "CULTIVO": "Agroforestal", "TIPO_INFRA": "Tipo I - Produccion", "NOMBRE_EQUIP": "Vivero forestal", "TON_VEREDA": 392.41, "AREA_HA_VEREDA": 78.48, "AREA_EQUIP_M2": 827.9, "N_EQUIP_TIPO": 1}}, {"type": "Feature", "geometry": {"x": -75.57761945299995, "y": 3.9848717920000354}, "properties": {"OBJECTID": 826, "VEREDA": "LA LEGIA", "MUNICIPIO": "73675", "ESCENARIO": "E3", "CULTIVO": "Agroforestal", "TIPO_INFRA": "Tipo II - Transformacion", "NOMBRE_EQUIP": "Aserradero comunitario", "TON_VEREDA": 392.41, "AREA_HA_VEREDA": 78.48, "AREA_EQUIP_M2": 735.4, "N_EQUIP_TIPO": 1}}, {"type": "Feature", "geometry": {"x": -75.18148480099995, "y": 3.9944947260000276}, "properties": {"OBJECTID": 827, "VEREDA": "LA LEGIA", "MUNICIPIO": "73675", "ESCENARIO": "E3", "CULTIVO": "Agroforestal", "TIPO_INFRA": "Tipo III - Servicios", "NOMBRE_EQUIP": "Centro formacion ambiental", "TON_VEREDA": 392.41, "AREA_HA_VEREDA": 78.48, "AREA_EQUIP_M2": 365.4, "N_EQUIP_TIPO": 2}}, {"type": "Feature", "geometry": {"x": -75.11208502199997, "y": 3.5998871110000437}, "properties": {"OBJECTID": 828, "VEREDA": "LA LEGIA", "MUNICIPIO": "73675", "ESCENARIO": "E3", "CULTIVO": "Agroforestal", "TIPO_INFRA": "Tipo III - Servicios", "NOMBRE_EQUIP": "Ecoturismo rural", "TON_VEREDA": 392.41, "AREA_HA_VEREDA": 78.48, "AREA_EQUIP_M2": 365.4, "N_EQUIP_TIPO": 2}}, {"type": "Feature", "geometry": {"x": -75.11569854999993, "y": 3.6943196390000708}, "properties": {"OBJECTID": 829, "VEREDA": "EL PATA", "MUNICIPIO": "41016", "ESCENARIO": "E3", "CULTIVO": "Cana panelera", "TIPO_INFRA": "Tipo I - Produccion", "NOMBRE_EQUIP": "Vivero cana", "TON_VEREDA": 53.92, "AREA_HA_VEREDA": 5.39, "AREA_EQUIP_M2": 286.3, "N_EQUIP_TIPO": 1}}, {"type": "Feature", "geometry": {"x": -75.20721893499996, "y": 3.407015523000041}, "properties": {"OBJECTID": 830, "VEREDA": "EL PATA", "MUNICIPIO": "41016", "ESCENARIO": "E3", "CULTIVO": "Cana panelera", "TIPO_INFRA": "Tipo II - Transformacion", "NOMBRE_EQUIP": "Trapiche tecnificado", "TON_VEREDA": 53.92, "AREA_HA_VEREDA": 5.39, "AREA_EQUIP_M2": 532.4, "N_EQUIP_TIPO": 1}}, {"type": "Feature", "geometry": {"x": -75.16403145499999, "y": 3.940489469000056}, "properties": {"OBJECTID": 831, "VEREDA": "EL PATA", "MUNICIPIO": "41016", "ESCENARIO": "E3", "CULTIVO": "Cana panelera", "TIPO_INFRA": "Tipo III - Servicios", "NOMBRE_EQUIP": "Escuela paneleros", "TON_VEREDA": 53.92, "AREA_HA_VEREDA": 5.39, "AREA_EQUIP_M2": 309, "N_EQUIP_TIPO": 1}}, {"type": "Feature", "geometry": {"x": -75.15333469799998, "y": 3.473423490000073}, "properties": {"OBJECTID": 832, "VEREDA": "LA GUTIERREZ", "MUNICIPIO": "41872", "ESCENARIO": "E3", "CULTIVO": "Agroforestal", "TIPO_INFRA": "Tipo I - Produccion", "NOMBRE_EQUIP": "Vivero forestal", "TON_VEREDA": 18.28, "AREA_HA_VEREDA": 2.4, "AREA_EQUIP_M2": 229.3, "N_EQUIP_TIPO": 1}}, {"type": "Feature", "geometry": {"x": -75.09530498099997, "y": 3.431335258000047}, "properties": {"OBJECTID": 833, "VEREDA": "LA GUTIERREZ", "MUNICIPIO": "41872", "ESCENARIO": "E3", "CULTIVO": "Agroforestal", "TIPO_INFRA": "Tipo II - Transformacion", "NOMBRE_EQUIP": "Aserradero comunitario", "TON_VEREDA": 18.28, "AREA_HA_VEREDA": 2.4, "AREA_EQUIP_M2": 511, "N_EQUIP_TIPO": 1}}, {"type": "Feature", "geometry": {"x": -75.21887179299995, "y": 3.9394858600000475}, "properties": {"OBJECTID": 834, "VEREDA": "LA GUTIERREZ", "MUNICIPIO": "41872", "ESCENARIO": "E3", "CULTIVO": "Agroforestal", "TIPO_INFRA": "Tipo III - Servicios", "NOMBRE_EQUIP": "Centro formacion ambiental", "TON_VEREDA": 18.28, "AREA_HA_VEREDA": 2.4, "AREA_EQUIP_M2": 303, "N_EQUIP_TIPO": 1}}, {"type": "Feature", "geometry": {"x": -75.24000998199995, "y": 3.996801577000042}, "properties": {"OBJECTID": 835, "VEREDA": "SAN JERONIMO", "MUNICIPIO": "73675", "ESCENARIO": "E3", "CULTIVO": "Agroforestal", "TIPO_INFRA": "Tipo I - Produccion", "NOMBRE_EQUIP": "Vivero forestal", "TON_VEREDA": 0.64, "AREA_HA_VEREDA": 0.13, "AREA_EQUIP_M2": 201, "N_EQUIP_TIPO": 1}}, {"type": "Feature", "geometry": {"x": -75.55268221099993, "y": 3.985975832000065}, "properties": {"OBJECTID": 836, "VEREDA": "SAN JERONIMO", "MUNICIPIO": "73675", "ESCENARIO": "E3", "CULTIVO": "Agroforestal", "TIPO_INFRA": "Tipo II - Transformacion", "NOMBRE_EQUIP": "Aserradero comunitario", "TON_VEREDA": 0.64, "AREA_HA_VEREDA": 0.13, "AREA_EQUIP_M2": 500.4, "N_EQUIP_TIPO": 1}}, {"type": "Feature", "geometry": {"x": -75.22189924699995, "y": 3.927800449000074}, "properties": {"OBJECTID": 837, "VEREDA": "SAN JERONIMO", "MUNICIPIO": "73675", "ESCENARIO": "E3", "CULTIVO": "Agroforestal", "TIPO_INFRA": "Tipo III - Servicios", "NOMBRE_EQUIP": "Centro formacion ambiental", "TON_VEREDA": 0.64, "AREA_HA_VEREDA": 0.13, "AREA_EQUIP_M2": 300.1, "N_EQUIP_TIPO": 2}}, {"type": "Feature", "geometry": {"x": -75.17467811499995, "y": 3.9174159000000373}, "properties": {"OBJECTID": 838, "VEREDA": "SAN JERONIMO", "MUNICIPIO": "73675", "ESCENARIO": "E3", "CULTIVO": "Agroforestal", "TIPO_INFRA": "Tipo III - Servicios", "NOMBRE_EQUIP": "Ecoturismo rural", "TON_VEREDA": 0.64, "AREA_HA_VEREDA": 0.13, "AREA_EQUIP_M2": 300.1, "N_EQUIP_TIPO": 2}}, {"type": "Feature", "geometry": {"x": -75.07189029999995, "y": 3.818347450000033}, "properties": {"OBJECTID": 839, "VEREDA": "GUAIPA", "MUNICIPIO": "73504", "ESCENARIO": "E3", "CULTIVO": "Agroforestal", "TIPO_INFRA": "Tipo I - Produccion", "NOMBRE_EQUIP": "Vivero forestal", "TON_VEREDA": 25339.81, "AREA_HA_VEREDA": 2726.96, "AREA_EQUIP_M2": 2000, "N_EQUIP_TIPO": 5}}, {"type": "Feature", "geometry": {"x": -74.97557973399995, "y": 3.7091900360000523}, "properties": {"OBJECTID": 840, "VEREDA": "GUAIPA", "MUNICIPIO": "73504", "ESCENARIO": "E3", "CULTIVO": "Agroforestal", "TIPO_INFRA": "Tipo I - Produccion", "NOMBRE_EQUIP": "Sistema silvopastoril", "TON_VEREDA": 25339.81, "AREA_HA_VEREDA": 2726.96, "AREA_EQUIP_M2": 2000, "N_EQUIP_TIPO": 5}}, {"type": "Feature", "geometry": {"x": -75.06598789399999, "y": 3.813086892000058}, "properties": {"OBJECTID": 841, "VEREDA": "GUAIPA", "MUNICIPIO": "73504", "ESCENARIO": "E3", "CULTIVO": "Agroforestal", "TIPO_INFRA": "Tipo I - Produccion", "NOMBRE_EQUIP": "Banco germoplasma", "TON_VEREDA": 25339.81, "AREA_HA_VEREDA": 2726.96, "AREA_EQUIP_M2": 2000, "N_EQUIP_TIPO": 5}}, {"type": "Feature", "geometry": {"x": -74.99082556199994, "y": 3.747881016000065}, "properties": {"OBJECTID": 842, "VEREDA": "GUAIPA", "MUNICIPIO": "73504", "ESCENARIO": "E3", "CULTIVO": "Agroforestal", "TIPO_INFRA": "Tipo I - Produccion", "NOMBRE_EQUIP": "Compostaje", "TON_VEREDA": 25339.81, "AREA_HA_VEREDA": 2726.96, "AREA_EQUIP_M2": 2000, "N_EQUIP_TIPO": 5}}, {"type": "Feature", "geometry": {"x": -74.99276951899998, "y": 3.6751221850000206}, "properties": {"OBJECTID": 843, "VEREDA": "GUAIPA", "MUNICIPIO": "73504", "ESCENARIO": "E3", "CULTIVO": "Agroforestal", "TIPO_INFRA": "Tipo I - Produccion", "NOMBRE_EQUIP": "Centro campo", "TON_VEREDA": 25339.81, "AREA_HA_VEREDA": 2726.96, "AREA_EQUIP_M2": 2000, "N_EQUIP_TIPO": 5}}, {"type": "Feature", "geometry": {"x": -75.22289315899997, "y": 3.8068491770000605}, "properties": {"OBJECTID": 844, "VEREDA": "GUAIPA", "MUNICIPIO": "73504", "ESCENARIO": "E3", "CULTIVO": "Agroforestal", "TIPO_INFRA": "Tipo II - Transformacion", "NOMBRE_EQUIP": "Aserradero comunitario", "TON_VEREDA": 25339.81, "AREA_HA_VEREDA": 2726.96, "AREA_EQUIP_M2": 5000, "N_EQUIP_TIPO": 3}}, {"type": "Feature", "geometry": {"x": -75.22160764799997, "y": 3.8002649370000654}, "properties": {"OBJECTID": 845, "VEREDA": "GUAIPA", "MUNICIPIO": "73504", "ESCENARIO": "E3", "CULTIVO": "Agroforestal", "TIPO_INFRA": "Tipo II - Transformacion", "NOMBRE_EQUIP": "Planta no maderables", "TON_VEREDA": 25339.81, "AREA_HA_VEREDA": 2726.96, "AREA_EQUIP_M2": 5000, "N_EQUIP_TIPO": 3}}, {"type": "Feature", "geometry": {"x": -75.22065437399993, "y": 3.800668596000037}, "properties": {"OBJECTID": 846, "VEREDA": "GUAIPA", "MUNICIPIO": "73504", "ESCENARIO": "E3", "CULTIVO": "Agroforestal", "TIPO_INFRA": "Tipo II - Transformacion", "NOMBRE_EQUIP": "Centro carbon vegetal", "TON_VEREDA": 25339.81, "AREA_HA_VEREDA": 2726.96, "AREA_EQUIP_M2": 5000, "N_EQUIP_TIPO": 3}}, {"type": "Feature", "geometry": {"x": -75.60876498699997, "y": 4.006810077000068}, "properties": {"OBJECTID": 847, "VEREDA": "GUAIPA", "MUNICIPIO": "73504", "ESCENARIO": "E3", "CULTIVO": "Agroforestal", "TIPO_INFRA": "Tipo III - Servicios", "NOMBRE_EQUIP": "Centro formacion ambiental", "TON_VEREDA": 25339.81, "AREA_HA_VEREDA": 2726.96, "AREA_EQUIP_M2": 1500, "N_EQUIP_TIPO": 2}}, {"type": "Feature", "geometry": {"x": -75.27274129999995, "y": 4.00311320000003}, "properties": {"OBJECTID": 848, "VEREDA": "GUAIPA", "MUNICIPIO": "73504", "ESCENARIO": "E3", "CULTIVO": "Agroforestal", "TIPO_INFRA": "Tipo III - Servicios", "NOMBRE_EQUIP": "Ecoturismo rural", "TON_VEREDA": 25339.81, "AREA_HA_VEREDA": 2726.96, "AREA_EQUIP_M2": 1500, "N_EQUIP_TIPO": 2}}, {"type": "Feature", "geometry": {"x": -75.13971635499996, "y": 3.4415473780000525}, "properties": {"OBJECTID": 849, "VEREDA": "PAPAGALA", "MUNICIPIO": "73671", "ESCENARIO": "E3", "CULTIVO": "Agroforestal", "TIPO_INFRA": "Tipo I - Produccion", "NOMBRE_EQUIP": "Vivero forestal", "TON_VEREDA": 40.34, "AREA_HA_VEREDA": 6.65, "AREA_EQUIP_M2": 264.6, "N_EQUIP_TIPO": 1}}, {"type": "Feature", "geometry": {"x": -75.09005963099997, "y": 3.8924644090000697}, "properties": {"OBJECTID": 850, "VEREDA": "PAPAGALA", "MUNICIPIO": "73671", "ESCENARIO": "E3", "CULTIVO": "Agroforestal", "TIPO_INFRA": "Tipo II - Transformacion", "NOMBRE_EQUIP": "Aserradero comunitario", "TON_VEREDA": 40.34, "AREA_HA_VEREDA": 6.65, "AREA_EQUIP_M2": 524.2, "N_EQUIP_TIPO": 1}}, {"type": "Feature", "geometry": {"x": -75.33393039499998, "y": 3.816941257000053}, "properties": {"OBJECTID": 851, "VEREDA": "PAPAGALA", "MUNICIPIO": "73671", "ESCENARIO": "E3", "CULTIVO": "Agroforestal", "TIPO_INFRA": "Tipo III - Servicios", "NOMBRE_EQUIP": "Centro formacion ambiental", "TON_VEREDA": 40.34, "AREA_HA_VEREDA": 6.65, "AREA_EQUIP_M2": 306.7, "N_EQUIP_TIPO": 2}}, {"type": "Feature", "geometry": {"x": -75.18960604499995, "y": 3.4045873630000756}, "properties": {"OBJECTID": 852, "VEREDA": "PAPAGALA", "MUNICIPIO": "73671", "ESCENARIO": "E3", "CULTIVO": "Agroforestal", "TIPO_INFRA": "Tipo III - Servicios", "NOMBRE_EQUIP": "Ecoturismo rural", "TON_VEREDA": 40.34, "AREA_HA_VEREDA": 6.65, "AREA_EQUIP_M2": 306.7, "N_EQUIP_TIPO": 2}}, {"type": "Feature", "geometry": {"x": -74.96893755499997, "y": 3.7284382220000225}, "properties": {"OBJECTID": 853, "VEREDA": "MECHE - GUADUALITO", "MUNICIPIO": "73217", "ESCENARIO": "E3", "CULTIVO": "Cana panelera", "TIPO_INFRA": "Tipo I - Produccion", "NOMBRE_EQUIP": "Vivero cana", "TON_VEREDA": 23661.36, "AREA_HA_VEREDA": 3060.25, "AREA_EQUIP_M2": 2000, "N_EQUIP_TIPO": 5}}, {"type": "Feature", "geometry": {"x": -75.25063210199994, "y": 3.8539249540000355}, "properties": {"OBJECTID": 854, "VEREDA": "MECHE - GUADUALITO", "MUNICIPIO": "73217", "ESCENARIO": "E3", "CULTIVO": "Cana panelera", "TIPO_INFRA": "Tipo I - Produccion", "NOMBRE_EQUIP": "Trapiche movil", "TON_VEREDA": 23661.36, "AREA_HA_VEREDA": 3060.25, "AREA_EQUIP_M2": 2000, "N_EQUIP_TIPO": 5}}, {"type": "Feature", "geometry": {"x": -75.17222467199997, "y": 3.8556267890000413}, "properties": {"OBJECTID": 855, "VEREDA": "MECHE - GUADUALITO", "MUNICIPIO": "73217", "ESCENARIO": "E3", "CULTIVO": "Cana panelera", "TIPO_INFRA": "Tipo I - Produccion", "NOMBRE_EQUIP": "Bodega panela campo", "TON_VEREDA": 23661.36, "AREA_HA_VEREDA": 3060.25, "AREA_EQUIP_M2": 2000, "N_EQUIP_TIPO": 5}}, {"type": "Feature", "geometry": {"x": -75.09476048899995, "y": 3.6171478950000733}, "properties": {"OBJECTID": 856, "VEREDA": "MECHE - GUADUALITO", "MUNICIPIO": "73217", "ESCENARIO": "E3", "CULTIVO": "Cana panelera", "TIPO_INFRA": "Tipo I - Produccion", "NOMBRE_EQUIP": "Sistema riego", "TON_VEREDA": 23661.36, "AREA_HA_VEREDA": 3060.25, "AREA_EQUIP_M2": 2000, "N_EQUIP_TIPO": 5}}, {"type": "Feature", "geometry": {"x": -75.23707554199996, "y": 3.7289563350000208}, "properties": {"OBJECTID": 857, "VEREDA": "MECHE - GUADUALITO", "MUNICIPIO": "73217", "ESCENARIO": "E3", "CULTIVO": "Cana panelera", "TIPO_INFRA": "Tipo I - Produccion", "NOMBRE_EQUIP": "Centro campo", "TON_VEREDA": 23661.36, "AREA_HA_VEREDA": 3060.25, "AREA_EQUIP_M2": 2000, "N_EQUIP_TIPO": 5}}, {"type": "Feature", "geometry": {"x": -75.26512775899994, "y": 3.742034330000024}, "properties": {"OBJECTID": 858, "VEREDA": "MECHE - GUADUALITO", "MUNICIPIO": "73217", "ESCENARIO": "E3", "CULTIVO": "Cana panelera", "TIPO_INFRA": "Tipo II - Transformacion", "NOMBRE_EQUIP": "Trapiche tecnificado", "TON_VEREDA": 23661.36, "AREA_HA_VEREDA": 3060.25, "AREA_EQUIP_M2": 5000, "N_EQUIP_TIPO": 3}}, {"type": "Feature", "geometry": {"x": -75.26311439199998, "y": 3.7378218550000497}, "properties": {"OBJECTID": 859, "VEREDA": "MECHE - GUADUALITO", "MUNICIPIO": "73217", "ESCENARIO": "E3", "CULTIVO": "Cana panelera", "TIPO_INFRA": "Tipo II - Transformacion", "NOMBRE_EQUIP": "Planta panela granulada", "TON_VEREDA": 23661.36, "AREA_HA_VEREDA": 3060.25, "AREA_EQUIP_M2": 5000, "N_EQUIP_TIPO": 3}}, {"type": "Feature", "geometry": {"x": -75.26368427999995, "y": 3.7353675030000204}, "properties": {"OBJECTID": 860, "VEREDA": "MECHE - GUADUALITO", "MUNICIPIO": "73217", "ESCENARIO": "E3", "CULTIVO": "Cana panelera", "TIPO_INFRA": "Tipo II - Transformacion", "NOMBRE_EQUIP": "Laboratorio panelero", "TON_VEREDA": 23661.36, "AREA_HA_VEREDA": 3060.25, "AREA_EQUIP_M2": 5000, "N_EQUIP_TIPO": 3}}, {"type": "Feature", "geometry": {"x": -75.19534294399995, "y": 3.8014042140000583}, "properties": {"OBJECTID": 861, "VEREDA": "MECHE - GUADUALITO", "MUNICIPIO": "73217", "ESCENARIO": "E3", "CULTIVO": "Cana panelera", "TIPO_INFRA": "Tipo III - Servicios", "NOMBRE_EQUIP": "Escuela paneleros", "TON_VEREDA": 23661.36, "AREA_HA_VEREDA": 3060.25, "AREA_EQUIP_M2": 1500, "N_EQUIP_TIPO": 2}}, {"type": "Feature", "geometry": {"x": -75.13883870999996, "y": 3.8131308870000566}, "properties": {"OBJECTID": 862, "VEREDA": "MECHE - GUADUALITO", "MUNICIPIO": "73217", "ESCENARIO": "E3", "CULTIVO": "Cana panelera", "TIPO_INFRA": "Tipo III - Servicios", "NOMBRE_EQUIP": "Punto acopio panela", "TON_VEREDA": 23661.36, "AREA_HA_VEREDA": 3060.25, "AREA_EQUIP_M2": 1500, "N_EQUIP_TIPO": 2}}]}