{"type": "FeatureCollection", "features": [{"type": "Feature", "geometry": {"x": -75.68098934599993, "y": 4.067069907000075}, "properties": {"OBJECTID": 1, "VEREDA": "COCANA", "MUNICIPIO": "73483", "ESCENARIO": "E1", "CULTIVO": "Cafe sombrio", "TIPO_INFRA": "Tipo I - Produccion", "NOMBRE_EQUIP": "Vivero agroforestal", "TON_VEREDA": 169.62, "AREA_HA_VEREDA": 140.38, "AREA_EQUIP_M2": 471.4, "N_EQUIP_TIPO": 1}}, {"type": "Feature", "geometry": {"x": -75.11805252799996, "y": 3.4591548250000415}, "properties": {"OBJECTID": 2, "VEREDA": "COCANA", "MUNICIPIO": "73483", "ESCENARIO": "E1", "CULTIVO": "Cafe sombrio", "TIPO_INFRA": "Tipo II - Transformacion", "NOMBRE_EQUIP": "Planta cafe especial", "TON_VEREDA": 169.62, "AREA_HA_VEREDA": 140.38, "AREA_EQUIP_M2": 601.8, "N_EQUIP_TIPO": 1}}, {"type": "Feature", "geometry": {"x": -75.22348564999999, "y": 3.929592550000052}, "properties": {"OBJECTID": 3, "VEREDA": "COCANA", "MUNICIPIO": "73483", "ESCENARIO": "E1", "CULTIVO": "Cafe sombrio", "TIPO_INFRA": "Tipo III - Servicios", "NOMBRE_EQUIP": "Centro formacion agroforestal", "TON_VEREDA": 169.62, "AREA_HA_VEREDA": 140.38, "AREA_EQUIP_M2": 328.3, "N_EQUIP_TIPO": 2}}, {"type": "Feature", "geometry": {"x": -75.01785224599996, "y": 3.7242990560000635}, "properties": {"OBJECTID": 4, "VEREDA": "COCANA", "MUNICIPIO": "73483", "ESCENARIO": "E1", "CULTIVO": "Cafe sombrio", "TIPO_INFRA": "Tipo III - Servicios", "NOMBRE_EQUIP": "Punto acopio exportacion", "TON_VEREDA": 169.62, "AREA_HA_VEREDA": 140.38, "AREA_EQUIP_M2": 328.3, "N_EQUIP_TIPO": 2}}, {"type": "Feature", "geometry": {"x": -75.28114984799998, "y": 3.8773303200000555}, "properties": {"OBJECTID": 5, "VEREDA": "LA PALMITA", "MUNICIPIO": "73483", "ESCENARIO": "E1", "CULTIVO": "Cafe", "TIPO_INFRA": "Tipo I - Produccion", "NOMBRE_EQUIP": "Vivero cafe", "TON_VEREDA": 748.19, "AREA_HA_VEREDA": 498.79, "AREA_EQUIP_M2": 1397.1, "N_EQUIP_TIPO": 1}}, {"type": "Feature", "geometry": {"x": -75.19040400099993, "y": 3.401322452000045}, "properties": {"OBJECTID": 6, "VEREDA": "LA PALMITA", "MUNICIPIO": "73483", "ESCENARIO": "E1", "CULTIVO": "Cafe", "TIPO_INFRA": "Tipo II - Transformacion", "NOMBRE_EQUIP": "Planta trilla cafe", "TON_VEREDA": 748.19, "AREA_HA_VEREDA": 498.79, "AREA_EQUIP_M2": 948.9, "N_EQUIP_TIPO": 1}}, {"type": "Feature", "geometry": {"x": -75.28699261899999, "y": 3.893323255000041}, "properties": {"OBJECTID": 7, "VEREDA": "LA PALMITA", "MUNICIPIO": "73483", "ESCENARIO": "E1", "CULTIVO": "Cafe", "TIPO_INFRA": "Tipo III - Servicios", "NOMBRE_EQUIP": "Escuela campo cafeteros", "TON_VEREDA": 748.19, "AREA_HA_VEREDA": 498.79, "AREA_EQUIP_M2": 424.7, "N_EQUIP_TIPO": 2}}, {"type": "Feature", "geometry": {"x": -75.12292150799993, "y": 3.8222330900000543}, "properties": {"OBJECTID": 8, "VEREDA": "LA PALMITA", "MUNICIPIO": "73483", "ESCENARIO": "E1", "CULTIVO": "Cafe", "TIPO_INFRA": "Tipo III - Servicios", "NOMBRE_EQUIP": "Centro acopio cafe", "TON_VEREDA": 748.19, "AREA_HA_VEREDA": 498.79, "AREA_EQUIP_M2": 424.7, "N_EQUIP_TIPO": 2}}, {"type": "Feature", "geometry": {"x": -75.09692125699996, "y": 3.578124613000057}, "properties": {"OBJECTID": 9, "VEREDA": "ANACARCO", "MUNICIPIO": "73483", "ESCENARIO": "E1", "CULTIVO": "Cafe sombrio", "TIPO_INFRA": "Tipo I - Produccion", "NOMBRE_EQUIP": "Vivero agroforestal", "TON_VEREDA": 248.75, "AREA_HA_VEREDA": 258.4, "AREA_EQUIP_M2": 598, "N_EQUIP_TIPO": 1}}, {"type": "Feature", "geometry": {"x": -75.08796949599997, "y": 3.4413311810000664}, "properties": {"OBJECTID": 10, "VEREDA": "ANACARCO", "MUNICIPIO": "73483", "ESCENARIO": "E1", "CULTIVO": "Cafe sombrio", "TIPO_INFRA": "Tipo II - Transformacion", "NOMBRE_EQUIP": "Planta cafe especial", "TON_VEREDA": 248.75, "AREA_HA_VEREDA": 258.4, "AREA_EQUIP_M2": 649.2, "N_EQUIP_TIPO": 1}}, {"type": "Feature", "geometry": {"x": -75.06529059299999, "y": 3.676381172000049}, "properties": {"OBJECTID": 11, "VEREDA": "ANACARCO", "MUNICIPIO": "73483", "ESCENARIO": "E1", "CULTIVO": "Cafe sombrio", "TIPO_INFRA": "Tipo III - Servicios", "NOMBRE_EQUIP": "Centro formacion agroforestal", "TON_VEREDA": 248.75, "AREA_HA_VEREDA": 258.4, "AREA_EQUIP_M2": 341.5, "N_EQUIP_TIPO": 2}}, {"type": "Feature", "geometry": {"x": -75.09057167199995, "y": 3.621744038000031}, "properties": {"OBJECTID": 12, "VEREDA": "ANACARCO", "MUNICIPIO": "73483", "ESCENARIO": "E1", "CULTIVO": "Cafe sombrio", "TIPO_INFRA": "Tipo III - Servicios", "NOMBRE_EQUIP": "Punto acopio exportacion", "TON_VEREDA": 248.75, "AREA_HA_VEREDA": 258.4, "AREA_EQUIP_M2": 341.5, "N_EQUIP_TIPO": 2}}, {"type": "Feature", "geometry": {"x": -75.12239202199999, "y": 3.7903797800000234}, "properties": {"OBJECTID": 13, "VEREDA": "PUEBLO NUEVO", "MUNICIPIO": "73483", "ESCENARIO": "E1", "CULTIVO": "Cafe sombrio", "TIPO_INFRA": "Tipo I - Produccion", "NOMBRE_EQUIP": "Vivero agroforestal", "TON_VEREDA": 299.45, "AREA_HA_VEREDA": 333.63, "AREA_EQUIP_M2": 679.1, "N_EQUIP_TIPO": 1}}, {"type": "Feature", "geometry": {"x": -75.12937862299998, "y": 3.446630214000038}, "properties": {"OBJECTID": 14, "VEREDA": "PUEBLO NUEVO", "MUNICIPIO": "73483", "ESCENARIO": "E1", "CULTIVO": "Cafe sombrio", "TIPO_INFRA": "Tipo II - Transformacion", "NOMBRE_EQUIP": "Planta cafe especial", "TON_VEREDA": 299.45, "AREA_HA_VEREDA": 333.63, "AREA_EQUIP_M2": 679.7, "N_EQUIP_TIPO": 1}}, {"type": "Feature", "geometry": {"x": -75.06653431499996, "y": 3.7945648690000553}, "properties": {"OBJECTID": 15, "VEREDA": "PUEBLO NUEVO", "MUNICIPIO": "73483", "ESCENARIO": "E1", "CULTIVO": "Cafe sombrio", "TIPO_INFRA": "Tipo III - Servicios", "NOMBRE_EQUIP": "Centro formacion agroforestal", "TON_VEREDA": 299.45, "AREA_HA_VEREDA": 333.63, "AREA_EQUIP_M2": 349.9, "N_EQUIP_TIPO": 2}}, {"type": "Feature", "geometry": {"x": -75.10729834599994, "y": 3.770102535000035}, "properties": {"OBJECTID": 16, "VEREDA": "PUEBLO NUEVO", "MUNICIPIO": "73483", "ESCENARIO": "E1", "CULTIVO": "Cafe sombrio", "TIPO_INFRA": "Tipo III - Servicios", "NOMBRE_EQUIP": "Punto acopio exportacion", "TON_VEREDA": 299.45, "AREA_HA_VEREDA": 333.63, "AREA_EQUIP_M2": 349.9, "N_EQUIP_TIPO": 2}}, {"type": "Feature", "geometry": {"x": -75.10811634499998, "y": 3.7952693830000612}, "properties": {"OBJECTID": 17, "VEREDA": "CUCUANO", "MUNICIPIO": "73622", "ESCENARIO": "E1", "CULTIVO": "Cafe sombrio", "TIPO_INFRA": "Tipo I - Produccion", "NOMBRE_EQUIP": "Vivero agroforestal", "TON_VEREDA": 413.38, "AREA_HA_VEREDA": 516.73, "AREA_EQUIP_M2": 861.4, "N_EQUIP_TIPO": 1}}, {"type": "Feature", "geometry": {"x": -75.62375463899997, "y": 4.008518953000021}, "properties": {"OBJECTID": 18, "VEREDA": "CUCUANO", "MUNICIPIO": "73622", "ESCENARIO": "E1", "CULTIVO": "Cafe sombrio", "TIPO_INFRA": "Tipo II - Transformacion", "NOMBRE_EQUIP": "Planta cafe especial", "TON_VEREDA": 413.38, "AREA_HA_VEREDA": 516.73, "AREA_EQUIP_M2": 748, "N_EQUIP_TIPO": 1}}, {"type": "Feature", "geometry": {"x": -75.10156339199995, "y": 3.5333209810000312}, "properties": {"OBJECTID": 19, "VEREDA": "CUCUANO", "MUNICIPIO": "73622", "ESCENARIO": "E1", "CULTIVO": "Cafe sombrio", "TIPO_INFRA": "Tipo III - Servicios", "NOMBRE_EQUIP": "Centro formacion agroforestal", "TON_VEREDA": 413.38, "AREA_HA_VEREDA": 516.73, "AREA_EQUIP_M2": 368.9, "N_EQUIP_TIPO": 2}}, {"type": "Feature", "geometry": {"x": -75.00983220799998, "y": 3.7964745240000752}, "properties": {"OBJECTID": 20, "VEREDA": "CUCUANO", "MUNICIPIO": "73622", "ESCENARIO": "E1", "CULTIVO": "Cafe sombrio", "TIPO_INFRA": "Tipo III - Servicios", "NOMBRE_EQUIP": "Punto acopio exportacion", "TON_VEREDA": 413.38, "AREA_HA_VEREDA": 516.73, "AREA_EQUIP_M2": 368.9, "N_EQUIP_TIPO": 2}}, {"type": "Feature", "geometry": {"x": -75.08156705899995, "y": 3.621067551000067}, "properties": {"OBJECTID": 21, "VEREDA": "EL DIAMANTE", "MUNICIPIO": "73622", "ESCENARIO": "E1", "CULTIVO": "Cafe sombrio", "TIPO_INFRA": "Tipo I - Produccion", "NOMBRE_EQUIP": "Vivero agroforestal", "TON_VEREDA": 58.96, "AREA_HA_VEREDA": 73.7, "AREA_EQUIP_M2": 294.3, "N_EQUIP_TIPO": 1}}, {"type": "Feature", "geometry": {"x": -75.57248140499996, "y": 3.991710939000029}, "properties": {"OBJECTID": 22, "VEREDA": "EL DIAMANTE", "MUNICIPIO": "73622", "ESCENARIO": "E1", "CULTIVO": "Cafe sombrio", "TIPO_INFRA": "Tipo II - Transformacion", "NOMBRE_EQUIP": "Planta cafe especial", "TON_VEREDA": 58.96, "AREA_HA_VEREDA": 73.7, "AREA_EQUIP_M2": 535.4, "N_EQUIP_TIPO": 1}}, {"type": "Feature", "geometry": {"x": -75.09815614999997, "y": 3.626269900000068}, "properties": {"OBJECTID": 23, "VEREDA": "EL DIAMANTE", "MUNICIPIO": "73622", "ESCENARIO": "E1", "CULTIVO": "Cafe sombrio", "TIPO_INFRA": "Tipo III - Servicios", "NOMBRE_EQUIP": "Centro formacion agroforestal", "TON_VEREDA": 58.96, "AREA_HA_VEREDA": 73.7, "AREA_EQUIP_M2": 309.8, "N_EQUIP_TIPO": 2}}, {"type": "Feature", "geometry": {"x": -75.13921873999993, "y": 3.933018230000073}, "properties": {"OBJECTID": 24, "VEREDA": "EL DIAMANTE", "MUNICIPIO": "73622", "ESCENARIO": "E1", "CULTIVO": "Cafe sombrio", "TIPO_INFRA": "Tipo III - Servicios", "NOMBRE_EQUIP": "Punto acopio exportacion", "TON_VEREDA": 58.96, "AREA_HA_VEREDA": 73.7, "AREA_EQUIP_M2": 309.8, "N_EQUIP_TIPO": 2}}, {"type": "Feature", "geometry": {"x": -75.19001879499996, "y": 4.0140037670000766}, "properties": {"OBJECTID": 25, "VEREDA": "CUCUANITO", "MUNICIPIO": "73622", "ESCENARIO": "E1", "CULTIVO": "Cafe sombrio", "TIPO_INFRA": "Tipo I - Produccion", "NOMBRE_EQUIP": "Vivero agroforestal", "TON_VEREDA": 401.05, "AREA_HA_VEREDA": 501.31, "AREA_EQUIP_M2": 841.7, "N_EQUIP_TIPO": 1}}, {"type": "Feature", "geometry": {"x": -75.62007080699993, "y": 3.983501226000044}, "properties": {"OBJECTID": 26, "VEREDA": "CUCUANITO", "MUNICIPIO": "73622", "ESCENARIO": "E1", "CULTIVO": "Cafe sombrio", "TIPO_INFRA": "Tipo II - Transformacion", "NOMBRE_EQUIP": "Planta cafe especial", "TON_VEREDA": 401.05, "AREA_HA_VEREDA": 501.31, "AREA_EQUIP_M2": 740.6, "N_EQUIP_TIPO": 1}}, {"type": "Feature", "geometry": {"x": -75.10555411899998, "y": 3.9163688530000513}, "properties": {"OBJECTID": 27, "VEREDA": "CUCUANITO", "MUNICIPIO": "73622", "ESCENARIO": "E1", "CULTIVO": "Cafe sombrio", "TIPO_INFRA": "Tipo III - Servicios", "NOMBRE_EQUIP": "Centro formacion agroforestal", "TON_VEREDA": 401.05, "AREA_HA_VEREDA": 501.31, "AREA_EQUIP_M2": 366.8, "N_EQUIP_TIPO": 2}}, {"type": "Feature", "geometry": {"x": -75.10649310499997, "y": 3.967828318000045}, "properties": {"OBJECTID": 28, "VEREDA": "CUCUANITO", "MUNICIPIO": "73622", "ESCENARIO": "E1", "CULTIVO": "Cafe sombrio", "TIPO_INFRA": "Tipo III - Servicios", "NOMBRE_EQUIP": "Punto acopio exportacion", "TON_VEREDA": 401.05, "AREA_HA_VEREDA": 501.31, "AREA_EQUIP_M2": 366.8, "N_EQUIP_TIPO": 2}}, {"type": "Feature", "geometry": {"x": -75.24366982399994, "y": 3.732835120000061}, "properties": {"OBJECTID": 29, "VEREDA": "LA CEIBA", "MUNICIPIO": "73168", "ESCENARIO": "E1", "CULTIVO": "Cafe sombrio", "TIPO_INFRA": "Tipo I - Produccion", "NOMBRE_EQUIP": "Vivero agroforestal", "TON_VEREDA": 154.15, "AREA_HA_VEREDA": 170.57, "AREA_EQUIP_M2": 446.6, "N_EQUIP_TIPO": 1}}, {"type": "Feature", "geometry": {"x": -75.28976481199999, "y": 3.7540325350000217}, "properties": {"OBJECTID": 30, "VEREDA": "LA CEIBA", "MUNICIPIO": "73168", "ESCENARIO": "E1", "CULTIVO": "Cafe sombrio", "TIPO_INFRA": "Tipo II - Transformacion", "NOMBRE_EQUIP": "Planta cafe especial", "TON_VEREDA": 154.15, "AREA_HA_VEREDA": 170.57, "AREA_EQUIP_M2": 592.5, "N_EQUIP_TIPO": 1}}, {"type": "Feature", "geometry": {"x": -75.11403729999995, "y": 3.8857452500000704}, "properties": {"OBJECTID": 31, "VEREDA": "LA CEIBA", "MUNICIPIO": "73168", "ESCENARIO": "E1", "CULTIVO": "Cafe sombrio", "TIPO_INFRA": "Tipo III - Servicios", "NOMBRE_EQUIP": "Centro formacion agroforestal", "TON_VEREDA": 154.15, "AREA_HA_VEREDA": 170.57, "AREA_EQUIP_M2": 325.7, "N_EQUIP_TIPO": 1}}, {"type": "Feature", "geometry": {"x": -75.24742385299999, "y": 4.068765155000051}, "properties": {"OBJECTID": 32, "VEREDA": "CASTILLA", "MUNICIPIO": "73217", "ESCENARIO": "E1", "CULTIVO": "Cafe sombrio", "TIPO_INFRA": "Tipo I - Produccion", "NOMBRE_EQUIP": "Vivero agroforestal", "TON_VEREDA": 1312.28, "AREA_HA_VEREDA": 891.34, "AREA_EQUIP_M2": 2000, "N_EQUIP_TIPO": 3}}, {"type": "Feature", "geometry": {"x": -75.09554361499994, "y": 3.971602032000021}, "properties": {"OBJECTID": 33, "VEREDA": "CASTILLA", "MUNICIPIO": "73217", "ESCENARIO": "E1", "CULTIVO": "Cafe sombrio", "TIPO_INFRA": "Tipo I - Produccion", "NOMBRE_EQUIP": "Beneficiadero ecologico", "TON_VEREDA": 1312.28, "AREA_HA_VEREDA": 891.34, "AREA_EQUIP_M2": 2000, "N_EQUIP_TIPO": 3}}, {"type": "Feature", "geometry": {"x": -75.09995228399998, "y": 3.7396191310000404}, "properties": {"OBJECTID": 34, "VEREDA": "CASTILLA", "MUNICIPIO": "73217", "ESCENARIO": "E1", "CULTIVO": "Cafe sombrio", "TIPO_INFRA": "Tipo I - Produccion", "NOMBRE_EQUIP": "Secadero solar", "TON_VEREDA": 1312.28, "AREA_HA_VEREDA": 891.34, "AREA_EQUIP_M2": 2000, "N_EQUIP_TIPO": 3}}, {"type": "Feature", "geometry": {"x": -75.08060024599996, "y": 3.8427721580000593}, "properties": {"OBJECTID": 35, "VEREDA": "CASTILLA", "MUNICIPIO": "73217", "ESCENARIO": "E1", "CULTIVO": "Cafe sombrio", "TIPO_INFRA": "Tipo II - Transformacion", "NOMBRE_EQUIP": "Planta cafe especial", "TON_VEREDA": 1312.28, "AREA_HA_VEREDA": 891.34, "AREA_EQUIP_M2": 1287.4, "N_EQUIP_TIPO": 1}}, {"type": "Feature", "geometry": {"x": -75.06966464999994, "y": 3.7711859510000636}, "properties": {"OBJECTID": 36, "VEREDA": "CASTILLA", "MUNICIPIO": "73217", "ESCENARIO": "E1", "CULTIVO": "Cafe sombrio", "TIPO_INFRA": "Tipo III - Servicios", "NOMBRE_EQUIP": "Centro formacion agroforestal", "TON_VEREDA": 1312.28, "AREA_HA_VEREDA": 891.34, "AREA_EQUIP_M2": 518.7, "N_EQUIP_TIPO": 2}}, {"type": "Feature", "geometry": {"x": -75.18072360399998, "y": 3.770897787000024}, "properties": {"OBJECTID": 37, "VEREDA": "CASTILLA", "MUNICIPIO": "73217", "ESCENARIO": "E1", "CULTIVO": "Cafe sombrio", "TIPO_INFRA": "Tipo III - Servicios", "NOMBRE_EQUIP": "Punto acopio exportacion", "TON_VEREDA": 1312.28, "AREA_HA_VEREDA": 891.34, "AREA_EQUIP_M2": 518.7, "N_EQUIP_TIPO": 2}}, {"type": "Feature", "geometry": {"x": -75.09350965799996, "y": 3.9676333430000454}, "properties": {"OBJECTID": 38, "VEREDA": "BOCA DE GUAGUARCO", "MUNICIPIO": "73217", "ESCENARIO": "E1", "CULTIVO": "Cafe", "TIPO_INFRA": "Tipo I - Produccion", "NOMBRE_EQUIP": "Vivero cafe", "TON_VEREDA": 717.7, "AREA_HA_VEREDA": 740.91, "AREA_EQUIP_M2": 1348.3, "N_EQUIP_TIPO": 1}}, {"type": "Feature", "geometry": {"x": -75.06021834199998, "y": 3.6762190490000535}, "properties": {"OBJECTID": 39, "VEREDA": "BOCA DE GUAGUARCO", "MUNICIPIO": "73217", "ESCENARIO": "E1", "CULTIVO": "Cafe", "TIPO_INFRA": "Tipo II - Transformacion", "NOMBRE_EQUIP": "Planta trilla cafe", "TON_VEREDA": 717.7, "AREA_HA_VEREDA": 740.91, "AREA_EQUIP_M2": 930.6, "N_EQUIP_TIPO": 1}}, {"type": "Feature", "geometry": {"x": -75.01168524999997, "y": 3.7954965500000526}, "properties": {"OBJECTID": 40, "VEREDA": "BOCA DE GUAGUARCO", "MUNICIPIO": "73217", "ESCENARIO": "E1", "CULTIVO": "Cafe", "TIPO_INFRA": "Tipo III - Servicios", "NOMBRE_EQUIP": "Escuela campo cafeteros", "TON_VEREDA": 717.7, "AREA_HA_VEREDA": 740.91, "AREA_EQUIP_M2": 419.6, "N_EQUIP_TIPO": 2}}, {"type": "Feature", "geometry": {"x": -75.13008264999996, "y": 3.7653786510000486}, "properties": {"OBJECTID": 41, "VEREDA": "BOCA DE GUAGUARCO", "MUNICIPIO": "73217", "ESCENARIO": "E1", "CULTIVO": "Cafe", "TIPO_INFRA": "Tipo III - Servicios", "NOMBRE_EQUIP": "Centro acopio cafe", "TON_VEREDA": 717.7, "AREA_HA_VEREDA": 740.91, "AREA_EQUIP_M2": 419.6, "N_EQUIP_TIPO": 2}}, {"type": "Feature", "geometry": {"x": -75.13044272899998, "y": 3.9926130050000666}, "properties": {"OBJECTID": 42, "VEREDA": "GUAYAQUIL", "MUNICIPIO": "73217", "ESCENARIO": "E1", "CULTIVO": "Cafe sombrio", "TIPO_INFRA": "Tipo I - Produccion", "NOMBRE_EQUIP": "Vivero agroforestal", "TON_VEREDA": 1649.41, "AREA_HA_VEREDA": 1499.64, "AREA_EQUIP_M2": 2000, "N_EQUIP_TIPO": 3}}, {"type": "Feature", "geometry": {"x": -75.09064636999994, "y": 3.91839516400006}, "properties": {"OBJECTID": 43, "VEREDA": "GUAYAQUIL", "MUNICIPIO": "73217", "ESCENARIO": "E1", "CULTIVO": "Cafe sombrio", "TIPO_INFRA": "Tipo I - Produccion", "NOMBRE_EQUIP": "Beneficiadero ecologico", "TON_VEREDA": 1649.41, "AREA_HA_VEREDA": 1499.64, "AREA_EQUIP_M2": 2000, "N_EQUIP_TIPO": 3}}, {"type": "Feature", "geometry": {"x": -74.99688043599997, "y": 3.700225696000075}, "properties": {"OBJECTID": 44, "VEREDA": "GUAYAQUIL", "MUNICIPIO": "73217", "ESCENARIO": "E1", "CULTIVO": "Cafe sombrio", "TIPO_INFRA": "Tipo I - Produccion", "NOMBRE_EQUIP": "Secadero solar", "TON_VEREDA": 1649.41, "AREA_HA_VEREDA": 1499.64, "AREA_EQUIP_M2": 2000, "N_EQUIP_TIPO": 3}}, {"type": "Feature", "geometry": {"x": -75.03846221799995, "y": 3.7166466390000323}, "properties": {"OBJECTID": 45, "VEREDA": "GUAYAQUIL", "MUNICIPIO": "73217", "ESCENARIO": "E1", "CULTIVO": "Cafe sombrio", "TIPO_INFRA": "Tipo II - Transformacion", "NOMBRE_EQUIP": "Planta cafe especial", "TON_VEREDA": 1649.41, "AREA_HA_VEREDA": 1499.64, "AREA_EQUIP_M2": 1489.6, "N_EQUIP_TIPO": 1}}, {"type": "Feature", "geometry": {"x": -75.10661294399995, "y": 3.5286174310000433}, "properties": {"OBJECTID": 46, "VEREDA": "GUAYAQUIL", "MUNICIPIO": "73217", "ESCENARIO": "E1", "CULTIVO": "Cafe sombrio", "TIPO_INFRA": "Tipo III - Servicios", "NOMBRE_EQUIP": "Centro formacion agroforestal", "TON_VEREDA": 1649.41, "AREA_HA_VEREDA": 1499.64, "AREA_EQUIP_M2": 574.9, "N_EQUIP_TIPO": 2}}, {"type": "Feature", "geometry": {"x": -75.33380947699999, "y": 3.8195406820000244}, "properties": {"OBJECTID": 47, "VEREDA": "GUAYAQUIL", "MUNICIPIO": "73217", "ESCENARIO": "E1", "CULTIVO": "Cafe sombrio", "TIPO_INFRA": "Tipo III - Servicios", "NOMBRE_EQUIP": "Punto acopio exportacion", "TON_VEREDA": 1649.41, "AREA_HA_VEREDA": 1499.64, "AREA_EQUIP_M2": 574.9, "N_EQUIP_TIPO": 2}}, {"type": "Feature", "geometry": {"x": -75.13870637499997, "y": 3.4401658460000704}, "properties": {"OBJECTID": 48, "VEREDA": "ANGOSTURA", "MUNICIPIO": "73217", "ESCENARIO": "E1", "CULTIVO": "Cafe", "TIPO_INFRA": "Tipo I - Produccion", "NOMBRE_EQUIP": "Vivero cafe", "TON_VEREDA": 818.65, "AREA_HA_VEREDA": 618.78, "AREA_EQUIP_M2": 1509.8, "N_EQUIP_TIPO": 2}}, {"type": "Feature", "geometry": {"x": -75.24847681599994, "y": 3.742499738000049}, "properties": {"OBJECTID": 49, "VEREDA": "ANGOSTURA", "MUNICIPIO": "73217", "ESCENARIO": "E1", "CULTIVO": "Cafe", "TIPO_INFRA": "Tipo I - Produccion", "NOMBRE_EQUIP": "Beneficiadero humedo", "TON_VEREDA": 818.65, "AREA_HA_VEREDA": 618.78, "AREA_EQUIP_M2": 1509.8, "N_EQUIP_TIPO": 2}}, {"type": "Feature", "geometry": {"x": -75.08030338099996, "y": 3.7998959670000545}, "properties": {"OBJECTID": 50, "VEREDA": "ANGOSTURA", "MUNICIPIO": "73217", "ESCENARIO": "E1", "CULTIVO": "Cafe", "TIPO_INFRA": "Tipo II - Transformacion", "NOMBRE_EQUIP": "Planta trilla cafe", "TON_VEREDA": 818.65, "AREA_HA_VEREDA": 618.78, "AREA_EQUIP_M2": 991.2, "N_EQUIP_TIPO": 1}}, {"type": "Feature", "geometry": {"x": -75.17966878499993, "y": 3.772898936000047}, "properties": {"OBJECTID": 51, "VEREDA": "ANGOSTURA", "MUNICIPIO": "73217", "ESCENARIO": "E1", "CULTIVO": "Cafe", "TIPO_INFRA": "Tipo III - Servicios", "NOMBRE_EQUIP": "Escuela campo cafeteros", "TON_VEREDA": 818.65, "AREA_HA_VEREDA": 618.78, "AREA_EQUIP_M2": 436.4, "N_EQUIP_TIPO": 2}}, {"type": "Feature", "geometry": {"x": -75.05952608999996, "y": 3.818004685000062}, "properties": {"OBJECTID": 52, "VEREDA": "ANGOSTURA", "MUNICIPIO": "73217", "ESCENARIO": "E1", "CULTIVO": "Cafe", "TIPO_INFRA": "Tipo III - Servicios", "NOMBRE_EQUIP": "Centro acopio cafe", "TON_VEREDA": 818.65, "AREA_HA_VEREDA": 618.78, "AREA_EQUIP_M2": 436.4, "N_EQUIP_TIPO": 2}}, {"type": "Feature", "geometry": {"x": -75.22384514899994, "y": 4.0758603750000475}, "properties": {"OBJECTID": 53, "VEREDA": "SAN MIGUEL", "MUNICIPIO": "73217", "ESCENARIO": "E1", "CULTIVO": "Cafe sombrio", "TIPO_INFRA": "Tipo I - Produccion", "NOMBRE_EQUIP": "Vivero agroforestal", "TON_VEREDA": 894.49, "AREA_HA_VEREDA": 951.53, "AREA_EQUIP_M2": 1631.2, "N_EQUIP_TIPO": 2}}, {"type": "Feature", "geometry": {"x": -75.09862759399994, "y": 3.8003684040000394}, "properties": {"OBJECTID": 54, "VEREDA": "SAN MIGUEL", "MUNICIPIO": "73217", "ESCENARIO": "E1", "CULTIVO": "Cafe sombrio", "TIPO_INFRA": "Tipo I - Produccion", "NOMBRE_EQUIP": "Beneficiadero ecologico", "TON_VEREDA": 894.49, "AREA_HA_VEREDA": 951.53, "AREA_EQUIP_M2": 1631.2, "N_EQUIP_TIPO": 2}}, {"type": "Feature", "geometry": {"x": -75.61637932199994, "y": 4.036224076000053}, "properties": {"OBJECTID": 55, "VEREDA": "SAN MIGUEL", "MUNICIPIO": "73217", "ESCENARIO": "E1", "CULTIVO": "Cafe sombrio", "TIPO_INFRA": "Tipo II - Transformacion", "NOMBRE_EQUIP": "Planta cafe especial", "TON_VEREDA": 894.49, "AREA_HA_VEREDA": 951.53, "AREA_EQUIP_M2": 1036.7, "N_EQUIP_TIPO": 1}}, {"type": "Feature", "geometry": {"x": -74.99786321599998, "y": 3.719931139000039}, "properties": {"OBJECTID": 56, "VEREDA": "SAN MIGUEL", "MUNICIPIO": "73217", "ESCENARIO": "E1", "CULTIVO": "Cafe sombrio", "TIPO_INFRA": "Tipo III - Servicios", "NOMBRE_EQUIP": "Centro formacion agroforestal", "TON_VEREDA": 894.49, "AREA_HA_VEREDA": 951.53, "AREA_EQUIP_M2": 449.1, "N_EQUIP_TIPO": 2}}, {"type": "Feature", "geometry": {"x": -75.01295939899995, "y": 3.795066850000069}, "properties": {"OBJECTID": 57, "VEREDA": "SAN MIGUEL", "MUNICIPIO": "73217", "ESCENARIO": "E1", "CULTIVO": "Cafe sombrio", "TIPO_INFRA": "Tipo III - Servicios", "NOMBRE_EQUIP": "Punto acopio exportacion", "TON_VEREDA": 894.49, "AREA_HA_VEREDA": 951.53, "AREA_EQUIP_M2": 449.1, "N_EQUIP_TIPO": 2}}, {"type": "Feature", "geometry": {"x": -75.16892838899997, "y": 3.7033176770000296}, "properties": {"OBJECTID": 58, "VEREDA": "LA ARENOSA", "MUNICIPIO": "73217", "ESCENARIO": "E1", "CULTIVO": "Cafe sombrio", "TIPO_INFRA": "Tipo I - Produccion", "NOMBRE_EQUIP": "Vivero agroforestal", "TON_VEREDA": 1073.16, "AREA_HA_VEREDA": 892.26, "AREA_EQUIP_M2": 1917.1, "N_EQUIP_TIPO": 2}}, {"type": "Feature", "geometry": {"x": -75.24729005999995, "y": 3.737578676000055}, "properties": {"OBJECTID": 59, "VEREDA": "LA ARENOSA", "MUNICIPIO": "73217", "ESCENARIO": "E1", "CULTIVO": "Cafe sombrio", "TIPO_INFRA": "Tipo I - Produccion", "NOMBRE_EQUIP": "Beneficiadero ecologico", "TON_VEREDA": 1073.16, "AREA_HA_VEREDA": 892.26, "AREA_EQUIP_M2": 1917.1, "N_EQUIP_TIPO": 2}}, {"type": "Feature", "geometry": {"x": -75.04581991199996, "y": 3.753067589000068}, "properties": {"OBJECTID": 60, "VEREDA": "LA ARENOSA", "MUNICIPIO": "73217", "ESCENARIO": "E1", "CULTIVO": "Cafe sombrio", "TIPO_INFRA": "Tipo II - Transformacion", "NOMBRE_EQUIP": "Planta cafe especial", "TON_VEREDA": 1073.16, "AREA_HA_VEREDA": 892.26, "AREA_EQUIP_M2": 1143.9, "N_EQUIP_TIPO": 1}}, {"type": "Feature", "geometry": {"x": -75.59412616699996, "y": 4.0062153750000675}, "properties": {"OBJECTID": 61, "VEREDA": "LA ARENOSA", "MUNICIPIO": "73217", "ESCENARIO": "E1", "CULTIVO": "Cafe sombrio", "TIPO_INFRA": "Tipo III - Servicios", "NOMBRE_EQUIP": "Centro formacion agroforestal", "TON_VEREDA": 1073.16, "AREA_HA_VEREDA": 892.26, "AREA_EQUIP_M2": 478.9, "N_EQUIP_TIPO": 2}}, {"type": "Feature", "geometry": {"x": -75.13133322899995, "y": 3.7107373750000647}, "properties": {"OBJECTID": 62, "VEREDA": "LA ARENOSA", "MUNICIPIO": "73217", "ESCENARIO": "E1", "CULTIVO": "Cafe sombrio", "TIPO_INFRA": "Tipo III - Servicios", "NOMBRE_EQUIP": "Punto acopio exportacion", "TON_VEREDA": 1073.16, "AREA_HA_VEREDA": 892.26, "AREA_EQUIP_M2": 478.9, "N_EQUIP_TIPO": 2}}, {"type": "Feature", "geometry": {"x": -74.96762255599998, "y": 3.7362499330000674}, "properties": {"OBJECTID": 63, "VEREDA": "NUEVA ESPERANZA", "MUNICIPIO": "73217", "ESCENARIO": "E1", "CULTIVO": "Cafe sombrio", "TIPO_INFRA": "Tipo I - Produccion", "NOMBRE_EQUIP": "Vivero agroforestal", "TON_VEREDA": 798.78, "AREA_HA_VEREDA": 651.26, "AREA_EQUIP_M2": 1478, "N_EQUIP_TIPO": 2}}, {"type": "Feature", "geometry": {"x": -75.07476811699996, "y": 3.818081705000054}, "properties": {"OBJECTID": 64, "VEREDA": "NUEVA ESPERANZA", "MUNICIPIO": "73217", "ESCENARIO": "E1", "CULTIVO": "Cafe sombrio", "TIPO_INFRA": "Tipo I - Produccion", "NOMBRE_EQUIP": "Beneficiadero ecologico", "TON_VEREDA": 798.78, "AREA_HA_VEREDA": 651.26, "AREA_EQUIP_M2": 1478, "N_EQUIP_TIPO": 2}}, {"type": "Feature", "geometry": {"x": -75.08489979399997, "y": 3.7465671570000723}, "properties": {"OBJECTID": 65, "VEREDA": "NUEVA ESPERANZA", "MUNICIPIO": "73217", "ESCENARIO": "E1", "CULTIVO": "Cafe sombrio", "TIPO_INFRA": "Tipo II - Transformacion", "NOMBRE_EQUIP": "Planta cafe especial", "TON_VEREDA": 798.78, "AREA_HA_VEREDA": 651.26, "AREA_EQUIP_M2": 979.3, "N_EQUIP_TIPO": 1}}, {"type": "Feature", "geometry": {"x": -75.10893116099999, "y": 3.918102900000065}, "properties": {"OBJECTID": 66, "VEREDA": "NUEVA ESPERANZA", "MUNICIPIO": "73217", "ESCENARIO": "E1", "CULTIVO": "Cafe sombrio", "TIPO_INFRA": "Tipo III - Servicios", "NOMBRE_EQUIP": "Centro formacion agroforestal", "TON_VEREDA": 798.78, "AREA_HA_VEREDA": 651.26, "AREA_EQUIP_M2": 433.1, "N_EQUIP_TIPO": 2}}, {"type": "Feature", "geometry": {"x": -75.60633424999997, "y": 4.01169660000005}, "properties": {"OBJECTID": 67, "VEREDA": "NUEVA ESPERANZA", "MUNICIPIO": "73217", "ESCENARIO": "E1", "CULTIVO": "Cafe sombrio", "TIPO_INFRA": "Tipo III - Servicios", "NOMBRE_EQUIP": "Punto acopio exportacion", "TON_VEREDA": 798.78, "AREA_HA_VEREDA": 651.26, "AREA_EQUIP_M2": 433.1, "N_EQUIP_TIPO": 2}}, {"type": "Feature", "geometry": {"x": -74.98247244499998, "y": 3.7486288650000574}, "properties": {"OBJECTID": 68, "VEREDA": "DOYARE", "MUNICIPIO": "73217", "ESCENARIO": "E1", "CULTIVO": "Cafe", "TIPO_INFRA": "Tipo I - Produccion", "NOMBRE_EQUIP": "Vivero cafe", "TON_VEREDA": 944.17, "AREA_HA_VEREDA": 879.43, "AREA_EQUIP_M2": 1710.7, "N_EQUIP_TIPO": 2}}, {"type": "Feature", "geometry": {"x": -75.12559382199998, "y": 3.747629213000039}, "properties": {"OBJECTID": 69, "VEREDA": "DOYARE", "MUNICIPIO": "73217", "ESCENARIO": "E1", "CULTIVO": "Cafe", "TIPO_INFRA": "Tipo I - Produccion", "NOMBRE_EQUIP": "Beneficiadero humedo", "TON_VEREDA": 944.17, "AREA_HA_VEREDA": 879.43, "AREA_EQUIP_M2": 1710.7, "N_EQUIP_TIPO": 2}}, {"type": "Feature", "geometry": {"x": -75.15974188099995, "y": 3.8345749380000598}, "properties": {"OBJECTID": 70, "VEREDA": "DOYARE", "MUNICIPIO": "73217", "ESCENARIO": "E1", "CULTIVO": "Cafe", "TIPO_INFRA": "Tipo II - Transformacion", "NOMBRE_EQUIP": "Planta trilla cafe", "TON_VEREDA": 944.17, "AREA_HA_VEREDA": 879.43, "AREA_EQUIP_M2": 1066.5, "N_EQUIP_TIPO": 1}}, {"type": "Feature", "geometry": {"x": -75.10560419199999, "y": 3.5283235520000744}, "properties": {"OBJECTID": 71, "VEREDA": "DOYARE", "MUNICIPIO": "73217", "ESCENARIO": "E1", "CULTIVO": "Cafe", "TIPO_INFRA": "Tipo III - Servicios", "NOMBRE_EQUIP": "Escuela campo cafeteros", "TON_VEREDA": 944.17, "AREA_HA_VEREDA": 879.43, "AREA_EQUIP_M2": 457.4, "N_EQUIP_TIPO": 2}}, {"type": "Feature", "geometry": {"x": -75.18320234799995, "y": 3.9923595870000668}, "properties": {"OBJECTID": 72, "VEREDA": "DOYARE", "MUNICIPIO": "73217", "ESCENARIO": "E1", "CULTIVO": "Cafe", "TIPO_INFRA": "Tipo III - Servicios", "NOMBRE_EQUIP": "Centro acopio cafe", "TON_VEREDA": 944.17, "AREA_HA_VEREDA": 879.43, "AREA_EQUIP_M2": 457.4, "N_EQUIP_TIPO": 2}}, {"type": "Feature", "geometry": {"x": -74.97379818399997, "y": 3.740086318000067}, "properties": {"OBJECTID": 73, "VEREDA": "MEDIA LUNA", "MUNICIPIO": "73217", "ESCENARIO": "E1", "CULTIVO": "Cafe sombrio", "TIPO_INFRA": "Tipo I - Produccion", "NOMBRE_EQUIP": "Vivero agroforestal", "TON_VEREDA": 1492.68, "AREA_HA_VEREDA": 1417.78, "AREA_EQUIP_M2": 2000, "N_EQUIP_TIPO": 3}}, {"type": "Feature", "geometry": {"x": -75.08881942999994, "y": 3.664154040000028}, "properties": {"OBJECTID": 74, "VEREDA": "MEDIA LUNA", "MUNICIPIO": "73217", "ESCENARIO": "E1", "CULTIVO": "Cafe sombrio", "TIPO_INFRA": "Tipo I - Produccion", "NOMBRE_EQUIP": "Beneficiadero ecologico", "TON_VEREDA": 1492.68, "AREA_HA_VEREDA": 1417.78, "AREA_EQUIP_M2": 2000, "N_EQUIP_TIPO": 3}}, {"type": "Feature", "geometry": {"x": -75.09499178799996, "y": 3.6785095660000593}, "properties": {"OBJECTID": 75, "VEREDA": "MEDIA LUNA", "MUNICIPIO": "73217", "ESCENARIO": "E1", "CULTIVO": "Cafe sombrio", "TIPO_INFRA": "Tipo I - Produccion", "NOMBRE_EQUIP": "Secadero solar", "TON_VEREDA": 1492.68, "AREA_HA_VEREDA": 1417.78, "AREA_EQUIP_M2": 2000, "N_EQUIP_TIPO": 3}}, {"type": "Feature", "geometry": {"x": -75.11257981999995, "y": 3.774585066000043}, "properties": {"OBJECTID": 76, "VEREDA": "MEDIA LUNA", "MUNICIPIO": "73217", "ESCENARIO": "E1", "CULTIVO": "Cafe sombrio", "TIPO_INFRA": "Tipo II - Transformacion", "NOMBRE_EQUIP": "Planta cafe especial", "TON_VEREDA": 1492.68, "AREA_HA_VEREDA": 1417.78, "AREA_EQUIP_M2": 1395.6, "N_EQUIP_TIPO": 1}}, {"type": "Feature", "geometry": {"x": -75.15692064399997, "y": 3.927479839000057}, "properties": {"OBJECTID": 77, "VEREDA": "MEDIA LUNA", "MUNICIPIO": "73217", "ESCENARIO": "E1", "CULTIVO": "Cafe sombrio", "TIPO_INFRA": "Tipo III - Servicios", "NOMBRE_EQUIP": "Centro formacion agroforestal", "TON_VEREDA": 1492.68, "AREA_HA_VEREDA": 1417.78, "AREA_EQUIP_M2": 548.8, "N_EQUIP_TIPO": 2}}, {"type": "Feature", "geometry": {"x": -75.11107637399994, "y": 3.942648992000045}, "properties": {"OBJECTID": 78, "VEREDA": "MEDIA LUNA", "MUNICIPIO": "73217", "ESCENARIO": "E1", "CULTIVO": "Cafe sombrio", "TIPO_INFRA": "Tipo III - Servicios", "NOMBRE_EQUIP": "Punto acopio exportacion", "TON_VEREDA": 1492.68, "AREA_HA_VEREDA": 1417.78, "AREA_EQUIP_M2": 548.8, "N_EQUIP_TIPO": 2}}, {"type": "Feature", "geometry": {"x": -75.28868657599998, "y": 3.932746942000051}, "properties": {"OBJECTID": 79, "VEREDA": "HILARQUITO", "MUNICIPIO": "73217", "ESCENARIO": "E1", "CULTIVO": "Cafe sombrio", "TIPO_INFRA": "Tipo I - Produccion", "NOMBRE_EQUIP": "Vivero agroforestal", "TON_VEREDA": 970.24, "AREA_HA_VEREDA": 887.18, "AREA_EQUIP_M2": 1752.4, "N_EQUIP_TIPO": 2}}, {"type": "Feature", "geometry": {"x": -75.19898780799997, "y": 4.02373992400004}, "properties": {"OBJECTID": 80, "VEREDA": "HILARQUITO", "MUNICIPIO": "73217", "ESCENARIO": "E1", "CULTIVO": "Cafe sombrio", "TIPO_INFRA": "Tipo I - Produccion", "NOMBRE_EQUIP": "Beneficiadero ecologico", "TON_VEREDA": 970.24, "AREA_HA_VEREDA": 887.18, "AREA_EQUIP_M2": 1752.4, "N_EQUIP_TIPO": 2}}, {"type": "Feature", "geometry": {"x": -75.10517650899999, "y": 3.727315641000075}, "properties": {"OBJECTID": 81, "VEREDA": "HILARQUITO", "MUNICIPIO": "73217", "ESCENARIO": "E1", "CULTIVO": "Cafe sombrio", "TIPO_INFRA": "Tipo II - Transformacion", "NOMBRE_EQUIP": "Planta cafe especial", "TON_VEREDA": 970.24, "AREA_HA_VEREDA": 887.18, "AREA_EQUIP_M2": 1082.1, "N_EQUIP_TIPO": 1}}, {"type": "Feature", "geometry": {"x": -75.19531084999994, "y": 3.7962572000000705}, "properties": {"OBJECTID": 82, "VEREDA": "HILARQUITO", "MUNICIPIO": "73217", "ESCENARIO": "E1", "CULTIVO": "Cafe sombrio", "TIPO_INFRA": "Tipo III - Servicios", "NOMBRE_EQUIP": "Centro formacion agroforestal", "TON_VEREDA": 970.24, "AREA_HA_VEREDA": 887.18, "AREA_EQUIP_M2": 461.7, "N_EQUIP_TIPO": 2}}, {"type": "Feature", "geometry": {"x": -75.13217059699997, "y": 3.9747125660000506}, "properties": {"OBJECTID": 83, "VEREDA": "HILARQUITO", "MUNICIPIO": "73217", "ESCENARIO": "E1", "CULTIVO": "Cafe sombrio", "TIPO_INFRA": "Tipo III - Servicios", "NOMBRE_EQUIP": "Punto acopio exportacion", "TON_VEREDA": 970.24, "AREA_HA_VEREDA": 887.18, "AREA_EQUIP_M2": 461.7, "N_EQUIP_TIPO": 2}}, {"type": "Feature", "geometry": {"x": -75.20047936199995, "y": 3.8123910300000716}, "properties": {"OBJECTID": 84, "VEREDA": "AGUA FRIA", "MUNICIPIO": "73217", "ESCENARIO": "E1", "CULTIVO": "Cafe sombrio", "TIPO_INFRA": "Tipo I - Produccion", "NOMBRE_EQUIP": "Vivero agroforestal", "TON_VEREDA": 175.94, "AREA_HA_VEREDA": 138.41, "AREA_EQUIP_M2": 481.5, "N_EQUIP_TIPO": 1}}, {"type": "Feature", "geometry": {"x": -75.14705604999995, "y": 3.74374560800004}, "properties": {"OBJECTID": 85, "VEREDA": "AGUA FRIA", "MUNICIPIO": "73217", "ESCENARIO": "E1", "CULTIVO": "Cafe sombrio", "TIPO_INFRA": "Tipo II - Transformacion", "NOMBRE_EQUIP": "Planta cafe especial", "TON_VEREDA": 175.94, "AREA_HA_VEREDA": 138.41, "AREA_EQUIP_M2": 605.6, "N_EQUIP_TIPO": 1}}, {"type": "Feature", "geometry": {"x": -75.25977395199999, "y": 3.7265104650000467}, "properties": {"OBJECTID": 86, "VEREDA": "AGUA FRIA", "MUNICIPIO": "73217", "ESCENARIO": "E1", "CULTIVO": "Cafe sombrio", "TIPO_INFRA": "Tipo III - Servicios", "NOMBRE_EQUIP": "Centro formacion agroforestal", "TON_VEREDA": 175.94, "AREA_HA_VEREDA": 138.41, "AREA_EQUIP_M2": 329.3, "N_EQUIP_TIPO": 2}}, {"type": "Feature", "geometry": {"x": -75.10945921499996, "y": 3.5262922720000347}, "properties": {"OBJECTID": 87, "VEREDA": "AGUA FRIA", "MUNICIPIO": "73217", "ESCENARIO": "E1", "CULTIVO": "Cafe sombrio", "TIPO_INFRA": "Tipo III - Servicios", "NOMBRE_EQUIP": "Punto acopio exportacion", "TON_VEREDA": 175.94, "AREA_HA_VEREDA": 138.41, "AREA_EQUIP_M2": 329.3, "N_EQUIP_TIPO": 2}}, {"type": "Feature", "geometry": {"x": -75.21314528799996, "y": 4.047689040000023}, "properties": {"OBJECTID": 88, "VEREDA": "BALSILLAS", "MUNICIPIO": "73217", "ESCENARIO": "E1", "CULTIVO": "Cafe sombrio", "TIPO_INFRA": "Tipo I - Produccion", "NOMBRE_EQUIP": "Vivero agroforestal", "TON_VEREDA": 2297.02, "AREA_HA_VEREDA": 1923.42, "AREA_EQUIP_M2": 2000, "N_EQUIP_TIPO": 5}}, {"type": "Feature", "geometry": {"x": -75.15140972199998, "y": 3.465328538000051}, "properties": {"OBJECTID": 89, "VEREDA": "BALSILLAS", "MUNICIPIO": "73217", "ESCENARIO": "E1", "CULTIVO": "Cafe sombrio", "TIPO_INFRA": "Tipo I - Produccion", "NOMBRE_EQUIP": "Beneficiadero ecologico", "TON_VEREDA": 2297.02, "AREA_HA_VEREDA": 1923.42, "AREA_EQUIP_M2": 2000, "N_EQUIP_TIPO": 5}}, {"type": "Feature", "geometry": {"x": -75.24178878099997, "y": 3.7306026080000265}, "properties": {"OBJECTID": 90, "VEREDA": "BALSILLAS", "MUNICIPIO": "73217", "ESCENARIO": "E1", "CULTIVO": "Cafe sombrio", "TIPO_INFRA": "Tipo I - Produccion", "NOMBRE_EQUIP": "Secadero solar", "TON_VEREDA": 2297.02, "AREA_HA_VEREDA": 1923.42, "AREA_EQUIP_M2": 2000, "N_EQUIP_TIPO": 5}}, {"type": "Feature", "geometry": {"x": -75.17733817699997, "y": 3.8590341470000453}, "properties": {"OBJECTID": 91, "VEREDA": "BALSILLAS", "MUNICIPIO": "73217", "ESCENARIO": "E1", "CULTIVO": "Cafe sombrio", "TIPO_INFRA": "Tipo I - Produccion", "NOMBRE_EQUIP": "Compostaje", "TON_VEREDA": 2297.02, "AREA_HA_VEREDA": 1923.42, "AREA_EQUIP_M2": 2000, "N_EQUIP_TIPO": 5}}, {"type": "Feature", "geometry": {"x": -75.66316244999996, "y": 4.062330072000066}, "properties": {"OBJECTID": 92, "VEREDA": "BALSILLAS", "MUNICIPIO": "73217", "ESCENARIO": "E1", "CULTIVO": "Cafe sombrio", "TIPO_INFRA": "Tipo I - Produccion", "NOMBRE_EQUIP": "Lombricultivo", "TON_VEREDA": 2297.02, "AREA_HA_VEREDA": 1923.42, "AREA_EQUIP_M2": 2000, "N_EQUIP_TIPO": 5}}, {"type": "Feature", "geometry": {"x": -75.16317718299996, "y": 3.447455494000053}, "properties": {"OBJECTID": 93, "VEREDA": "BALSILLAS", "MUNICIPIO": "73217", "ESCENARIO": "E1", "CULTIVO": "Cafe sombrio", "TIPO_INFRA": "Tipo II - Transformacion", "NOMBRE_EQUIP": "Planta cafe especial", "TON_VEREDA": 2297.02, "AREA_HA_VEREDA": 1923.42, "AREA_EQUIP_M2": 1878.2, "N_EQUIP_TIPO": 1}}, {"type": "Feature", "geometry": {"x": -75.05988114999997, "y": 3.8216300010000737}, "properties": {"OBJECTID": 94, "VEREDA": "BALSILLAS", "MUNICIPIO": "73217", "ESCENARIO": "E1", "CULTIVO": "Cafe sombrio", "TIPO_INFRA": "Tipo III - Servicios", "NOMBRE_EQUIP": "Centro formacion agroforestal", "TON_VEREDA": 2297.02, "AREA_HA_VEREDA": 1923.42, "AREA_EQUIP_M2": 682.8, "N_EQUIP_TIPO": 2}}, {"type": "Feature", "geometry": {"x": -75.15649634299996, "y": 3.7500663990000476}, "properties": {"OBJECTID": 95, "VEREDA": "BALSILLAS", "MUNICIPIO": "73217", "ESCENARIO": "E1", "CULTIVO": "Cafe sombrio", "TIPO_INFRA": "Tipo III - Servicios", "NOMBRE_EQUIP": "Punto acopio exportacion", "TON_VEREDA": 2297.02, "AREA_HA_VEREDA": 1923.42, "AREA_EQUIP_M2": 682.8, "N_EQUIP_TIPO": 2}}, {"type": "Feature", "geometry": {"x": -75.05287352299996, "y": 3.735738561000062}, "properties": {"OBJECTID": 96, "VEREDA": "ZARAGOZA - TAMARINDO", "MUNICIPIO": "73217", "ESCENARIO": "E1", "CULTIVO": "Cafe sombrio", "TIPO_INFRA": "Tipo I - Produccion", "NOMBRE_EQUIP": "Vivero agroforestal", "TON_VEREDA": 233.22, "AREA_HA_VEREDA": 255.83, "AREA_EQUIP_M2": 573.1, "N_EQUIP_TIPO": 1}}, {"type": "Feature", "geometry": {"x": -75.14787815199998, "y": 3.7883906470000284}, "properties": {"OBJECTID": 97, "VEREDA": "ZARAGOZA - TAMARINDO", "MUNICIPIO": "73217", "ESCENARIO": "E1", "CULTIVO": "Cafe sombrio", "TIPO_INFRA": "Tipo II - Transformacion", "NOMBRE_EQUIP": "Planta cafe especial", "TON_VEREDA": 233.22, "AREA_HA_VEREDA": 255.83, "AREA_EQUIP_M2": 639.9, "N_EQUIP_TIPO": 1}}, {"type": "Feature", "geometry": {"x": -75.19001434999996, "y": 3.405000950000044}, "properties": {"OBJECTID": 98, "VEREDA": "ZARAGOZA - TAMARINDO", "MUNICIPIO": "73217", "ESCENARIO": "E1", "CULTIVO": "Cafe sombrio", "TIPO_INFRA": "Tipo III - Servicios", "NOMBRE_EQUIP": "Centro formacion agroforestal", "TON_VEREDA": 233.22, "AREA_HA_VEREDA": 255.83, "AREA_EQUIP_M2": 338.9, "N_EQUIP_TIPO": 2}}, {"type": "Feature", "geometry": {"x": -75.11707134399995, "y": 3.7740972890000535}, "properties": {"OBJECTID": 99, "VEREDA": "ZARAGOZA - TAMARINDO", "MUNICIPIO": "73217", "ESCENARIO": "E1", "CULTIVO": "Cafe sombrio", "TIPO_INFRA": "Tipo III - Servicios", "NOMBRE_EQUIP": "Punto acopio exportacion", "TON_VEREDA": 233.22, "AREA_HA_VEREDA": 255.83, "AREA_EQUIP_M2": 338.9, "N_EQUIP_TIPO": 2}}, {"type": "Feature", "geometry": {"x": -75.27126519399997, "y": 3.9513132840000367}, "properties": {"OBJECTID": 100, "VEREDA": "CHENCHE - ZARAGOZA", "MUNICIPIO": "73217", "ESCENARIO": "E1", "CULTIVO": "Cafe", "TIPO_INFRA": "Tipo I - Produccion", "NOMBRE_EQUIP": "Vivero cafe", "TON_VEREDA": 419.51, "AREA_HA_VEREDA": 279.68, "AREA_EQUIP_M2": 871.2, "N_EQUIP_TIPO": 1}}, {"type": "Feature", "geometry": {"x": -75.16215529399994, "y": 3.778692880000051}, "properties": {"OBJECTID": 101, "VEREDA": "CHENCHE - ZARAGOZA", "MUNICIPIO": "73217", "ESCENARIO": "E1", "CULTIVO": "Cafe", "TIPO_INFRA": "Tipo II - Transformacion", "NOMBRE_EQUIP": "Planta trilla cafe", "TON_VEREDA": 419.51, "AREA_HA_VEREDA": 279.68, "AREA_EQUIP_M2": 751.7, "N_EQUIP_TIPO": 1}}, {"type": "Feature", "geometry": {"x": -75.09175414999999, "y": 3.6212187500000255}, "properties": {"OBJECTID": 102, "VEREDA": "CHENCHE - ZARAGOZA", "MUNICIPIO": "73217", "ESCENARIO": "E1", "CULTIVO": "Cafe", "TIPO_INFRA": "Tipo III - Servicios", "NOMBRE_EQUIP": "Escuela campo cafeteros", "TON_VEREDA": 419.51, "AREA_HA_VEREDA": 279.68, "AREA_EQUIP_M2": 369.9, "N_EQUIP_TIPO": 2}}, {"type": "Feature", "geometry": {"x": -75.15484964999996, "y": 3.743738649000022}, "properties": {"OBJECTID": 103, "VEREDA": "CHENCHE - ZARAGOZA", "MUNICIPIO": "73217", "ESCENARIO": "E1", "CULTIVO": "Cafe", "TIPO_INFRA": "Tipo III - Servicios", "NOMBRE_EQUIP": "Centro acopio cafe", "TON_VEREDA": 419.51, "AREA_HA_VEREDA": 279.68, "AREA_EQUIP_M2": 369.9, "N_EQUIP_TIPO": 2}}, {"type": "Feature", "geometry": {"x": -75.21967569999998, "y": 3.9451931010000294}, "properties": {"OBJECTID": 104, "VEREDA": "TOTARCO - BOGOTACITO", "MUNICIPIO": "73217", "ESCENARIO": "E1", "CULTIVO": "Cafe sombrio", "TIPO_INFRA": "Tipo I - Produccion", "NOMBRE_EQUIP": "Vivero agroforestal", "TON_VEREDA": 20, "AREA_HA_VEREDA": 25, "AREA_EQUIP_M2": 232, "N_EQUIP_TIPO": 1}}, {"type": "Feature", "geometry": {"x": -75.17163039199994, "y": 3.708327759000042}, "properties": {"OBJECTID": 105, "VEREDA": "TOTARCO - BOGOTACITO", "MUNICIPIO": "73217", "ESCENARIO": "E1", "CULTIVO": "Cafe sombrio", "TIPO_INFRA": "Tipo II - Transformacion", "NOMBRE_EQUIP": "Planta cafe especial", "TON_VEREDA": 20, "AREA_HA_VEREDA": 25, "AREA_EQUIP_M2": 512, "N_EQUIP_TIPO": 1}}, {"type": "Feature", "geometry": {"x": -75.17216436599995, "y": 3.7730156680000277}, "properties": {"OBJECTID": 106, "VEREDA": "TOTARCO - BOGOTACITO", "MUNICIPIO": "73217", "ESCENARIO": "E1", "CULTIVO": "Cafe sombrio", "TIPO_INFRA": "Tipo III - Servicios", "NOMBRE_EQUIP": "Centro formacion agroforestal", "TON_VEREDA": 20, "AREA_HA_VEREDA": 25, "AREA_EQUIP_M2": 303.3, "N_EQUIP_TIPO": 2}}, {"type": "Feature", "geometry": {"x": -75.10245086599997, "y": 3.8431399780000675}, "properties": {"OBJECTID": 107, "VEREDA": "TOTARCO - BOGOTACITO", "MUNICIPIO": "73217", "ESCENARIO": "E1", "CULTIVO": "Cafe sombrio", "TIPO_INFRA": "Tipo III - Servicios", "NOMBRE_EQUIP": "Punto acopio exportacion", "TON_VEREDA": 20, "AREA_HA_VEREDA": 25, "AREA_EQUIP_M2": 303.3, "N_EQUIP_TIPO": 2}}, {"type": "Feature", "geometry": {"x": -75.16077565799998, "y": 3.6799538030000463}, "properties": {"OBJECTID": 108, "VEREDA": "TOTARCO", "MUNICIPIO": "73217", "ESCENARIO": "E1", "CULTIVO": "Cafe sombrio", "TIPO_INFRA": "Tipo I - Produccion", "NOMBRE_EQUIP": "Vivero agroforestal", "TON_VEREDA": 988.78, "AREA_HA_VEREDA": 1228.77, "AREA_EQUIP_M2": 1782, "N_EQUIP_TIPO": 2}}, {"type": "Feature", "geometry": {"x": -75.15793838199994, "y": 3.6953556270000263}, "properties": {"OBJECTID": 109, "VEREDA": "TOTARCO", "MUNICIPIO": "73217", "ESCENARIO": "E1", "CULTIVO": "Cafe sombrio", "TIPO_INFRA": "Tipo I - Produccion", "NOMBRE_EQUIP": "Beneficiadero ecologico", "TON_VEREDA": 988.78, "AREA_HA_VEREDA": 1228.77, "AREA_EQUIP_M2": 1782, "N_EQUIP_TIPO": 2}}, {"type": "Feature", "geometry": {"x": -75.18161918499999, "y": 3.7037968180000576}, "properties": {"OBJECTID": 110, "VEREDA": "TOTARCO", "MUNICIPIO": "73217", "ESCENARIO": "E1", "CULTIVO": "Cafe sombrio", "TIPO_INFRA": "Tipo II - Transformacion", "NOMBRE_EQUIP": "Planta cafe especial", "TON_VEREDA": 988.78, "AREA_HA_VEREDA": 1228.77, "AREA_EQUIP_M2": 1093.3, "N_EQUIP_TIPO": 1}}, {"type": "Feature", "geometry": {"x": -75.17839698399996, "y": 3.4293615610000643}, "properties": {"OBJECTID": 111, "VEREDA": "TOTARCO", "MUNICIPIO": "73217", "ESCENARIO": "E1", "CULTIVO": "Cafe sombrio", "TIPO_INFRA": "Tipo III - Servicios", "NOMBRE_EQUIP": "Centro formacion agroforestal", "TON_VEREDA": 988.78, "AREA_HA_VEREDA": 1228.77, "AREA_EQUIP_M2": 464.8, "N_EQUIP_TIPO": 2}}, {"type": "Feature", "geometry": {"x": -75.20158602799995, "y": 3.7789744440000277}, "properties": {"OBJECTID": 112, "VEREDA": "TOTARCO", "MUNICIPIO": "73217", "ESCENARIO": "E1", "CULTIVO": "Cafe sombrio", "TIPO_INFRA": "Tipo III - Servicios", "NOMBRE_EQUIP": "Punto acopio exportacion", "TON_VEREDA": 988.78, "AREA_HA_VEREDA": 1228.77, "AREA_EQUIP_M2": 464.8, "N_EQUIP_TIPO": 2}}, {"type": "Feature", "geometry": {"x": -75.09052095099997, "y": 3.914425627000071}, "properties": {"OBJECTID": 113, "VEREDA": "ZANJA HONDA", "MUNICIPIO": "73217", "ESCENARIO": "E1", "CULTIVO": "Cafe sombrio", "TIPO_INFRA": "Tipo I - Produccion", "NOMBRE_EQUIP": "Vivero agroforestal", "TON_VEREDA": 144.36, "AREA_HA_VEREDA": 165.62, "AREA_EQUIP_M2": 431, "N_EQUIP_TIPO": 1}}, {"type": "Feature", "geometry": {"x": -75.19560335999995, "y": 3.7567824390000624}, "properties": {"OBJECTID": 114, "VEREDA": "ZANJA HONDA", "MUNICIPIO": "73217", "ESCENARIO": "E1", "CULTIVO": "Cafe sombrio", "TIPO_INFRA": "Tipo II - Transformacion", "NOMBRE_EQUIP": "Planta cafe especial", "TON_VEREDA": 144.36, "AREA_HA_VEREDA": 165.62, "AREA_EQUIP_M2": 586.6, "N_EQUIP_TIPO": 1}}, {"type": "Feature", "geometry": {"x": -75.09782410499997, "y": 3.6213433830000668}, "properties": {"OBJECTID": 115, "VEREDA": "ZANJA HONDA", "MUNICIPIO": "73217", "ESCENARIO": "E1", "CULTIVO": "Cafe sombrio", "TIPO_INFRA": "Tipo III - Servicios", "NOMBRE_EQUIP": "Centro formacion agroforestal", "TON_VEREDA": 144.36, "AREA_HA_VEREDA": 165.62, "AREA_EQUIP_M2": 324.1, "N_EQUIP_TIPO": 2}}, {"type": "Feature", "geometry": {"x": -75.04754073299995, "y": 3.69835603100006}, "properties": {"OBJECTID": 116, "VEREDA": "ZANJA HONDA", "MUNICIPIO": "73217", "ESCENARIO": "E1", "CULTIVO": "Cafe sombrio", "TIPO_INFRA": "Tipo III - Servicios", "NOMBRE_EQUIP": "Punto acopio exportacion", "TON_VEREDA": 144.36, "AREA_HA_VEREDA": 165.62, "AREA_EQUIP_M2": 324.1, "N_EQUIP_TIPO": 2}}, {"type": "Feature", "geometry": {"x": -75.03442269699997, "y": 3.563247009000065}, "properties": {"OBJECTID": 117, "VEREDA": "BUENA VISTA", "MUNICIPIO": "73217", "ESCENARIO": "E1", "CULTIVO": "Cafe", "TIPO_INFRA": "Tipo I - Produccion", "NOMBRE_EQUIP": "Vivero cafe", "TON_VEREDA": 985.98, "AREA_HA_VEREDA": 1101.99, "AREA_EQUIP_M2": 1777.6, "N_EQUIP_TIPO": 2}}, {"type": "Feature", "geometry": {"x": -75.08288105299994, "y": 3.6205677320000405}, "properties": {"OBJECTID": 118, "VEREDA": "BUENA VISTA", "MUNICIPIO": "73217", "ESCENARIO": "E1", "CULTIVO": "Cafe", "TIPO_INFRA": "Tipo I - Produccion", "NOMBRE_EQUIP": "Beneficiadero humedo", "TON_VEREDA": 985.98, "AREA_HA_VEREDA": 1101.99, "AREA_EQUIP_M2": 1777.6, "N_EQUIP_TIPO": 2}}, {"type": "Feature", "geometry": {"x": -75.22114639899996, "y": 3.751629021000042}, "properties": {"OBJECTID": 119, "VEREDA": "BUENA VISTA", "MUNICIPIO": "73217", "ESCENARIO": "E1", "CULTIVO": "Cafe", "TIPO_INFRA": "Tipo II - Transformacion", "NOMBRE_EQUIP": "Planta trilla cafe", "TON_VEREDA": 985.98, "AREA_HA_VEREDA": 1101.99, "AREA_EQUIP_M2": 1091.6, "N_EQUIP_TIPO": 1}}, {"type": "Feature", "geometry": {"x": -75.11673079799994, "y": 3.738274843000056}, "properties": {"OBJECTID": 120, "VEREDA": "BUENA VISTA", "MUNICIPIO": "73217", "ESCENARIO": "E1", "CULTIVO": "Cafe", "TIPO_INFRA": "Tipo III - Servicios", "NOMBRE_EQUIP": "Escuela campo cafeteros", "TON_VEREDA": 985.98, "AREA_HA_VEREDA": 1101.99, "AREA_EQUIP_M2": 464.3, "N_EQUIP_TIPO": 2}}, {"type": "Feature", "geometry": {"x": -75.18281258599995, "y": 3.9865596040000355}, "properties": {"OBJECTID": 121, "VEREDA": "BUENA VISTA", "MUNICIPIO": "73217", "ESCENARIO": "E1", "CULTIVO": "Cafe", "TIPO_INFRA": "Tipo III - Servicios", "NOMBRE_EQUIP": "Centro acopio cafe", "TON_VEREDA": 985.98, "AREA_HA_VEREDA": 1101.99, "AREA_EQUIP_M2": 464.3, "N_EQUIP_TIPO": 2}}, {"type": "Feature", "geometry": {"x": -75.14291193199995, "y": 3.44494105900003}, "properties": {"OBJECTID": 122, "VEREDA": "MESAS DE INCA", "MUNICIPIO": "73217", "ESCENARIO": "E1", "CULTIVO": "Cacao", "TIPO_INFRA": "Tipo I - Produccion", "NOMBRE_EQUIP": "Vivero cacao", "TON_VEREDA": 116.03, "AREA_HA_VEREDA": 103.3, "AREA_EQUIP_M2": 385.7, "N_EQUIP_TIPO": 1}}, {"type": "Feature", "geometry": {"x": -75.00169780699997, "y": 3.717668831000026}, "properties": {"OBJECTID": 123, "VEREDA": "MESAS DE INCA", "MUNICIPIO": "73217", "ESCENARIO": "E1", "CULTIVO": "Cacao", "TIPO_INFRA": "Tipo II - Transformacion", "NOMBRE_EQUIP": "Planta beneficio cacao", "TON_VEREDA": 116.03, "AREA_HA_VEREDA": 103.3, "AREA_EQUIP_M2": 569.6, "N_EQUIP_TIPO": 1}}, {"type": "Feature", "geometry": {"x": -75.06088971099996, "y": 3.8189492740000333}, "properties": {"OBJECTID": 124, "VEREDA": "MESAS DE INCA", "MUNICIPIO": "73217", "ESCENARIO": "E1", "CULTIVO": "Cacao", "TIPO_INFRA": "Tipo III - Servicios", "NOMBRE_EQUIP": "Escuela campo cacaoteros", "TON_VEREDA": 116.03, "AREA_HA_VEREDA": 103.3, "AREA_EQUIP_M2": 319.3, "N_EQUIP_TIPO": 2}}, {"type": "Feature", "geometry": {"x": -75.09822389899995, "y": 3.6282589000000485}, "properties": {"OBJECTID": 125, "VEREDA": "MESAS DE INCA", "MUNICIPIO": "73217", "ESCENARIO": "E1", "CULTIVO": "Cacao", "TIPO_INFRA": "Tipo III - Servicios", "NOMBRE_EQUIP": "Centro asistencia tecnica", "TON_VEREDA": 116.03, "AREA_HA_VEREDA": 103.3, "AREA_EQUIP_M2": 319.3, "N_EQUIP_TIPO": 2}}, {"type": "Feature", "geometry": {"x": -75.16810387499999, "y": 3.692400906000046}, "properties": {"OBJECTID": 126, "VEREDA": "MESA DE SAN JUAN", "MUNICIPIO": "73217", "ESCENARIO": "E1", "CULTIVO": "Cafe", "TIPO_INFRA": "Tipo I - Produccion", "NOMBRE_EQUIP": "Vivero cafe", "TON_VEREDA": 546.24, "AREA_HA_VEREDA": 397.13, "AREA_EQUIP_M2": 1074, "N_EQUIP_TIPO": 1}}, {"type": "Feature", "geometry": {"x": -74.99565304699996, "y": 3.735293554000066}, "properties": {"OBJECTID": 127, "VEREDA": "MESA DE SAN JUAN", "MUNICIPIO": "73217", "ESCENARIO": "E1", "CULTIVO": "Cafe", "TIPO_INFRA": "Tipo II - Transformacion", "NOMBRE_EQUIP": "Planta trilla cafe", "TON_VEREDA": 546.24, "AREA_HA_VEREDA": 397.13, "AREA_EQUIP_M2": 827.7, "N_EQUIP_TIPO": 1}}, {"type": "Feature", "geometry": {"x": -75.10166843399998, "y": 3.5321734150000452}, "properties": {"OBJECTID": 128, "VEREDA": "MESA DE SAN JUAN", "MUNICIPIO": "73217", "ESCENARIO": "E1", "CULTIVO": "Cafe", "TIPO_INFRA": "Tipo III - Servicios", "NOMBRE_EQUIP": "Escuela campo cafeteros", "TON_VEREDA": 546.24, "AREA_HA_VEREDA": 397.13, "AREA_EQUIP_M2": 391, "N_EQUIP_TIPO": 2}}, {"type": "Feature", "geometry": {"x": -75.06058580099995, "y": 3.8183060500000465}, "properties": {"OBJECTID": 129, "VEREDA": "MESA DE SAN JUAN", "MUNICIPIO": "73217", "ESCENARIO": "E1", "CULTIVO": "Cafe", "TIPO_INFRA": "Tipo III - Servicios", "NOMBRE_EQUIP": "Centro acopio cafe", "TON_VEREDA": 546.24, "AREA_HA_VEREDA": 397.13, "AREA_EQUIP_M2": 391, "N_EQUIP_TIPO": 2}}, {"type": "Feature", "geometry": {"x": -75.65230369499994, "y": 4.049911269000063}, "properties": {"OBJECTID": 130, "VEREDA": "CHENCHE", "MUNICIPIO": "73217", "ESCENARIO": "E1", "CULTIVO": "Cafe", "TIPO_INFRA": "Tipo I - Produccion", "NOMBRE_EQUIP": "Vivero cafe", "TON_VEREDA": 2061.5, "AREA_HA_VEREDA": 1798.09, "AREA_EQUIP_M2": 2000, "N_EQUIP_TIPO": 4}}, {"type": "Feature", "geometry": {"x": -75.03425879599996, "y": 3.8172189440000466}, "properties": {"OBJECTID": 131, "VEREDA": "CHENCHE", "MUNICIPIO": "73217", "ESCENARIO": "E1", "CULTIVO": "Cafe", "TIPO_INFRA": "Tipo I - Produccion", "NOMBRE_EQUIP": "Beneficiadero humedo", "TON_VEREDA": 2061.5, "AREA_HA_VEREDA": 1798.09, "AREA_EQUIP_M2": 2000, "N_EQUIP_TIPO": 4}}, {"type": "Feature", "geometry": {"x": -75.16842910699995, "y": 3.686187420000067}, "properties": {"OBJECTID": 132, "VEREDA": "CHENCHE", "MUNICIPIO": "73217", "ESCENARIO": "E1", "CULTIVO": "Cafe", "TIPO_INFRA": "Tipo I - Produccion", "NOMBRE_EQUIP": "Marquesina secado", "TON_VEREDA": 2061.5, "AREA_HA_VEREDA": 1798.09, "AREA_EQUIP_M2": 2000, "N_EQUIP_TIPO": 4}}, {"type": "Feature", "geometry": {"x": -75.14756968699999, "y": 3.448367757000028}, "properties": {"OBJECTID": 133, "VEREDA": "CHENCHE", "MUNICIPIO": "73217", "ESCENARIO": "E1", "CULTIVO": "Cafe", "TIPO_INFRA": "Tipo I - Produccion", "NOMBRE_EQUIP": "Tanques fermentacion", "TON_VEREDA": 2061.5, "AREA_HA_VEREDA": 1798.09, "AREA_EQUIP_M2": 2000, "N_EQUIP_TIPO": 4}}, {"type": "Feature", "geometry": {"x": -75.11806076099998, "y": 3.8174387470000397}, "properties": {"OBJECTID": 134, "VEREDA": "CHENCHE", "MUNICIPIO": "73217", "ESCENARIO": "E1", "CULTIVO": "Cafe", "TIPO_INFRA": "Tipo II - Transformacion", "NOMBRE_EQUIP": "Planta trilla cafe", "TON_VEREDA": 2061.5, "AREA_HA_VEREDA": 1798.09, "AREA_EQUIP_M2": 1736.9, "N_EQUIP_TIPO": 1}}, {"type": "Feature", "geometry": {"x": -75.11355689999994, "y": 3.8406737500000645}, "properties": {"OBJECTID": 135, "VEREDA": "CHENCHE", "MUNICIPIO": "73217", "ESCENARIO": "E1", "CULTIVO": "Cafe", "TIPO_INFRA": "Tipo III - Servicios", "NOMBRE_EQUIP": "Escuela campo cafeteros", "TON_VEREDA": 2061.5, "AREA_HA_VEREDA": 1798.09, "AREA_EQUIP_M2": 643.6, "N_EQUIP_TIPO": 2}}, {"type": "Feature", "geometry": {"x": -75.09423505099994, "y": 3.912016450000067}, "properties": {"OBJECTID": 136, "VEREDA": "CHENCHE", "MUNICIPIO": "73217", "ESCENARIO": "E1", "CULTIVO": "Cafe", "TIPO_INFRA": "Tipo III - Servicios", "NOMBRE_EQUIP": "Centro acopio cafe", "TON_VEREDA": 2061.5, "AREA_HA_VEREDA": 1798.09, "AREA_EQUIP_M2": 643.6, "N_EQUIP_TIPO": 2}}, {"type": "Feature", "geometry": {"x": -75.24787317899995, "y": 4.094118170000058}, "properties": {"OBJECTID": 137, "VEREDA": "BOCA DE HILARCO", "MUNICIPIO": "73217", "ESCENARIO": "E1", "CULTIVO": "Cafe sombrio", "TIPO_INFRA": "Tipo I - Produccion", "NOMBRE_EQUIP": "Vivero agroforestal", "TON_VEREDA": 337.39, "AREA_HA_VEREDA": 345.76, "AREA_EQUIP_M2": 739.8, "N_EQUIP_TIPO": 1}}, {"type": "Feature", "geometry": {"x": -75.00766069899998, "y": 3.7603301620000593}, "properties": {"OBJECTID": 138, "VEREDA": "BOCA DE HILARCO", "MUNICIPIO": "73217", "ESCENARIO": "E1", "CULTIVO": "Cafe sombrio", "TIPO_INFRA": "Tipo II - Transformacion", "NOMBRE_EQUIP": "Planta cafe especial", "TON_VEREDA": 337.39, "AREA_HA_VEREDA": 345.76, "AREA_EQUIP_M2": 702.4, "N_EQUIP_TIPO": 1}}, {"type": "Feature", "geometry": {"x": -75.09169489299995, "y": 3.648893514000065}, "properties": {"OBJECTID": 139, "VEREDA": "BOCA DE HILARCO", "MUNICIPIO": "73217", "ESCENARIO": "E1", "CULTIVO": "Cafe sombrio", "TIPO_INFRA": "Tipo III - Servicios", "NOMBRE_EQUIP": "Centro formacion agroforestal", "TON_VEREDA": 337.39, "AREA_HA_VEREDA": 345.76, "AREA_EQUIP_M2": 356.2, "N_EQUIP_TIPO": 2}}, {"type": "Feature", "geometry": {"x": -75.18152076599995, "y": 3.994581485000026}, "properties": {"OBJECTID": 140, "VEREDA": "BOCA DE HILARCO", "MUNICIPIO": "73217", "ESCENARIO": "E1", "CULTIVO": "Cafe sombrio", "TIPO_INFRA": "Tipo III - Servicios", "NOMBRE_EQUIP": "Punto acopio exportacion", "TON_VEREDA": 337.39, "AREA_HA_VEREDA": 345.76, "AREA_EQUIP_M2": 356.2, "N_EQUIP_TIPO": 2}}, {"type": "Feature", "geometry": {"x": -75.01137662399998, "y": 3.6689604140000256}, "properties": {"OBJECTID": 141, "VEREDA": "YABERCO", "MUNICIPIO": "73217", "ESCENARIO": "E1", "CULTIVO": "Cafe", "TIPO_INFRA": "Tipo I - Produccion", "NOMBRE_EQUIP": "Vivero cafe", "TON_VEREDA": 886.5, "AREA_HA_VEREDA": 743.51, "AREA_EQUIP_M2": 1618.4, "N_EQUIP_TIPO": 2}}, {"type": "Feature", "geometry": {"x": -75.66771442199996, "y": 4.067583594000041}, "properties": {"OBJECTID": 142, "VEREDA": "YABERCO", "MUNICIPIO": "73217", "ESCENARIO": "E1", "CULTIVO": "Cafe", "TIPO_INFRA": "Tipo I - Produccion", "NOMBRE_EQUIP": "Beneficiadero humedo", "TON_VEREDA": 886.5, "AREA_HA_VEREDA": 743.51, "AREA_EQUIP_M2": 1618.4, "N_EQUIP_TIPO": 2}}, {"type": "Feature", "geometry": {"x": -75.03480701899997, "y": 3.792311879000067}, "properties": {"OBJECTID": 143, "VEREDA": "YABERCO", "MUNICIPIO": "73217", "ESCENARIO": "E1", "CULTIVO": "Cafe", "TIPO_INFRA": "Tipo II - Transformacion", "NOMBRE_EQUIP": "Planta trilla cafe", "TON_VEREDA": 886.5, "AREA_HA_VEREDA": 743.51, "AREA_EQUIP_M2": 1031.9, "N_EQUIP_TIPO": 1}}, {"type": "Feature", "geometry": {"x": -75.09421428099995, "y": 3.7003287570000225}, "properties": {"OBJECTID": 144, "VEREDA": "YABERCO", "MUNICIPIO": "73217", "ESCENARIO": "E1", "CULTIVO": "Cafe", "TIPO_INFRA": "Tipo III - Servicios", "NOMBRE_EQUIP": "Escuela campo cafeteros", "TON_VEREDA": 886.5, "AREA_HA_VEREDA": 743.51, "AREA_EQUIP_M2": 447.8, "N_EQUIP_TIPO": 2}}, {"type": "Feature", "geometry": {"x": -75.12237109099993, "y": 3.8110262710000598}, "properties": {"OBJECTID": 145, "VEREDA": "YABERCO", "MUNICIPIO": "73217", "ESCENARIO": "E1", "CULTIVO": "Cafe", "TIPO_INFRA": "Tipo III - Servicios", "NOMBRE_EQUIP": "Centro acopio cafe", "TON_VEREDA": 886.5, "AREA_HA_VEREDA": 743.51, "AREA_EQUIP_M2": 447.8, "N_EQUIP_TIPO": 2}}, {"type": "Feature", "geometry": {"x": -75.16811622399996, "y": 3.483991599000035}, "properties": {"OBJECTID": 146, "VEREDA": "SANTA MARTA", "MUNICIPIO": "73217", "ESCENARIO": "E1", "CULTIVO": "Cafe sombrio", "TIPO_INFRA": "Tipo I - Produccion", "NOMBRE_EQUIP": "Vivero agroforestal", "TON_VEREDA": 1282.07, "AREA_HA_VEREDA": 1370.46, "AREA_EQUIP_M2": 2000, "N_EQUIP_TIPO": 3}}, {"type": "Feature", "geometry": {"x": -75.08167645699996, "y": 3.4455713190000665}, "properties": {"OBJECTID": 147, "VEREDA": "SANTA MARTA", "MUNICIPIO": "73217", "ESCENARIO": "E1", "CULTIVO": "Cafe sombrio", "TIPO_INFRA": "Tipo I - Produccion", "NOMBRE_EQUIP": "Beneficiadero ecologico", "TON_VEREDA": 1282.07, "AREA_HA_VEREDA": 1370.46, "AREA_EQUIP_M2": 2000, "N_EQUIP_TIPO": 3}}, {"type": "Feature", "geometry": {"x": -75.20373718099995, "y": 3.9296810740000296}, "properties": {"OBJECTID": 148, "VEREDA": "SANTA MARTA", "MUNICIPIO": "73217", "ESCENARIO": "E1", "CULTIVO": "Cafe sombrio", "TIPO_INFRA": "Tipo I - Produccion", "NOMBRE_EQUIP": "Secadero solar", "TON_VEREDA": 1282.07, "AREA_HA_VEREDA": 1370.46, "AREA_EQUIP_M2": 2000, "N_EQUIP_TIPO": 3}}, {"type": "Feature", "geometry": {"x": -75.11778579199995, "y": 3.870639896000057}, "properties": {"OBJECTID": 149, "VEREDA": "SANTA MARTA", "MUNICIPIO": "73217", "ESCENARIO": "E1", "CULTIVO": "Cafe sombrio", "TIPO_INFRA": "Tipo II - Transformacion", "NOMBRE_EQUIP": "Planta cafe especial", "TON_VEREDA": 1282.07, "AREA_HA_VEREDA": 1370.46, "AREA_EQUIP_M2": 1269.2, "N_EQUIP_TIPO": 1}}, {"type": "Feature", "geometry": {"x": -75.08909424499996, "y": 3.62220837600006}, "properties": {"OBJECTID": 150, "VEREDA": "SANTA MARTA", "MUNICIPIO": "73217", "ESCENARIO": "E1", "CULTIVO": "Cafe sombrio", "TIPO_INFRA": "Tipo III - Servicios", "NOMBRE_EQUIP": "Centro formacion agroforestal", "TON_VEREDA": 1282.07, "AREA_HA_VEREDA": 1370.46, "AREA_EQUIP_M2": 513.7, "N_EQUIP_TIPO": 2}}, {"type": "Feature", "geometry": {"x": -75.14573515799998, "y": 3.7912056670000425}, "properties": {"OBJECTID": 151, "VEREDA": "SANTA MARTA", "MUNICIPIO": "73217", "ESCENARIO": "E1", "CULTIVO": "Cafe sombrio", "TIPO_INFRA": "Tipo III - Servicios", "NOMBRE_EQUIP": "Punto acopio exportacion", "TON_VEREDA": 1282.07, "AREA_HA_VEREDA": 1370.46, "AREA_EQUIP_M2": 513.7, "N_EQUIP_TIPO": 2}}, {"type": "Feature", "geometry": {"x": -75.07091887099995, "y": 3.666225771000029}, "properties": {"OBJECTID": 152, "VEREDA": "GUAGUARCO", "MUNICIPIO": "73217", "ESCENARIO": "E1", "CULTIVO": "Cafe sombrio", "TIPO_INFRA": "Tipo I - Produccion", "NOMBRE_EQUIP": "Vivero agroforestal", "TON_VEREDA": 401.11, "AREA_HA_VEREDA": 465.15, "AREA_EQUIP_M2": 841.8, "N_EQUIP_TIPO": 1}}, {"type": "Feature", "geometry": {"x": -75.08740902999995, "y": 3.6978806140000415}, "properties": {"OBJECTID": 153, "VEREDA": "GUAGUARCO", "MUNICIPIO": "73217", "ESCENARIO": "E1", "CULTIVO": "Cafe sombrio", "TIPO_INFRA": "Tipo II - Transformacion", "NOMBRE_EQUIP": "Planta cafe especial", "TON_VEREDA": 401.11, "AREA_HA_VEREDA": 465.15, "AREA_EQUIP_M2": 740.7, "N_EQUIP_TIPO": 1}}, {"type": "Feature", "geometry": {"x": -75.22495008699997, "y": 3.9340498140000477}, "properties": {"OBJECTID": 154, "VEREDA": "GUAGUARCO", "MUNICIPIO": "73217", "ESCENARIO": "E1", "CULTIVO": "Cafe sombrio", "TIPO_INFRA": "Tipo III - Servicios", "NOMBRE_EQUIP": "Centro formacion agroforestal", "TON_VEREDA": 401.11, "AREA_HA_VEREDA": 465.15, "AREA_EQUIP_M2": 366.9, "N_EQUIP_TIPO": 2}}, {"type": "Feature", "geometry": {"x": -75.07340939999995, "y": 3.7656008710000606}, "properties": {"OBJECTID": 155, "VEREDA": "GUAGUARCO", "MUNICIPIO": "73217", "ESCENARIO": "E1", "CULTIVO": "Cafe sombrio", "TIPO_INFRA": "Tipo III - Servicios", "NOMBRE_EQUIP": "Punto acopio exportacion", "TON_VEREDA": 401.11, "AREA_HA_VEREDA": 465.15, "AREA_EQUIP_M2": 366.9, "N_EQUIP_TIPO": 2}}, {"type": "Feature", "geometry": {"x": -75.13814878899996, "y": 3.436299211000062}, "properties": {"OBJECTID": 156, "VEREDA": "CHENCHE - AMAYARCO", "MUNICIPIO": "73217", "ESCENARIO": "E1", "CULTIVO": "Cafe", "TIPO_INFRA": "Tipo I - Produccion", "NOMBRE_EQUIP": "Vivero cafe", "TON_VEREDA": 203.12, "AREA_HA_VEREDA": 135.42, "AREA_EQUIP_M2": 525, "N_EQUIP_TIPO": 1}}, {"type": "Feature", "geometry": {"x": -75.18557172099997, "y": 3.77559900600005}, "properties": {"OBJECTID": 157, "VEREDA": "CHENCHE - AMAYARCO", "MUNICIPIO": "73217", "ESCENARIO": "E1", "CULTIVO": "Cafe", "TIPO_INFRA": "Tipo II - Transformacion", "NOMBRE_EQUIP": "Planta trilla cafe", "TON_VEREDA": 203.12, "AREA_HA_VEREDA": 135.42, "AREA_EQUIP_M2": 621.9, "N_EQUIP_TIPO": 1}}, {"type": "Feature", "geometry": {"x": -75.10136959999994, "y": 3.5323391000000584}, "properties": {"OBJECTID": 158, "VEREDA": "CHENCHE - AMAYARCO", "MUNICIPIO": "73217", "ESCENARIO": "E1", "CULTIVO": "Cafe", "TIPO_INFRA": "Tipo III - Servicios", "NOMBRE_EQUIP": "Escuela campo cafeteros", "TON_VEREDA": 203.12, "AREA_HA_VEREDA": 135.42, "AREA_EQUIP_M2": 333.9, "N_EQUIP_TIPO": 2}}, {"type": "Feature", "geometry": {"x": -75.23870640599995, "y": 4.076834290000022}, "properties": {"OBJECTID": 159, "VEREDA": "CHENCHE - AMAYARCO", "MUNICIPIO": "73217", "ESCENARIO": "E1", "CULTIVO": "Cafe", "TIPO_INFRA": "Tipo III - Servicios", "NOMBRE_EQUIP": "Centro acopio cafe", "TON_VEREDA": 203.12, "AREA_HA_VEREDA": 135.42, "AREA_EQUIP_M2": 333.9, "N_EQUIP_TIPO": 2}}, {"type": "Feature", "geometry": {"x": -75.15251100099994, "y": 3.666209482000056}, "properties": {"OBJECTID": 160, "VEREDA": "IMBA", "MUNICIPIO": "73483", "ESCENARIO": "E1", "CULTIVO": "Cafe sombrio", "TIPO_INFRA": "Tipo I - Produccion", "NOMBRE_EQUIP": "Vivero agroforestal", "TON_VEREDA": 176.72, "AREA_HA_VEREDA": 194.17, "AREA_EQUIP_M2": 482.7, "N_EQUIP_TIPO": 1}}, {"type": "Feature", "geometry": {"x": -75.13790487799997, "y": 3.623093996000023}, "properties": {"OBJECTID": 161, "VEREDA": "IMBA", "MUNICIPIO": "73483", "ESCENARIO": "E1", "CULTIVO": "Cafe sombrio", "TIPO_INFRA": "Tipo II - Transformacion", "NOMBRE_EQUIP": "Planta cafe especial", "TON_VEREDA": 176.72, "AREA_HA_VEREDA": 194.17, "AREA_EQUIP_M2": 606, "N_EQUIP_TIPO": 1}}, {"type": "Feature", "geometry": {"x": -75.07618889499997, "y": 3.8654218050000395}, "properties": {"OBJECTID": 162, "VEREDA": "IMBA", "MUNICIPIO": "73483", "ESCENARIO": "E1", "CULTIVO": "Cafe sombrio", "TIPO_INFRA": "Tipo III - Servicios", "NOMBRE_EQUIP": "Centro formacion agroforestal", "TON_VEREDA": 176.72, "AREA_HA_VEREDA": 194.17, "AREA_EQUIP_M2": 329.5, "N_EQUIP_TIPO": 2}}, {"type": "Feature", "geometry": {"x": -75.09440868299998, "y": 3.618074050000075}, "properties": {"OBJECTID": 163, "VEREDA": "IMBA", "MUNICIPIO": "73483", "ESCENARIO": "E1", "CULTIVO": "Cafe sombrio", "TIPO_INFRA": "Tipo III - Servicios", "NOMBRE_EQUIP": "Punto acopio exportacion", "TON_VEREDA": 176.72, "AREA_HA_VEREDA": 194.17, "AREA_EQUIP_M2": 329.5, "N_EQUIP_TIPO": 2}}, {"type": "Feature", "geometry": {"x": -75.21823998599996, "y": 4.10268601100006}, "properties": {"OBJECTID": 164, "VEREDA": "ANCHIQUE-RINCON", "MUNICIPIO": "73483", "ESCENARIO": "E1", "CULTIVO": "Cafe sombrio", "TIPO_INFRA": "Tipo I - Produccion", "NOMBRE_EQUIP": "Vivero agroforestal", "TON_VEREDA": 92.57, "AREA_HA_VEREDA": 93.97, "AREA_EQUIP_M2": 348.1, "N_EQUIP_TIPO": 1}}, {"type": "Feature", "geometry": {"x": -75.09622561499998, "y": 3.5838472360000537}, "properties": {"OBJECTID": 165, "VEREDA": "ANCHIQUE-RINCON", "MUNICIPIO": "73483", "ESCENARIO": "E1", "CULTIVO": "Cafe sombrio", "TIPO_INFRA": "Tipo II - Transformacion", "NOMBRE_EQUIP": "Planta cafe especial", "TON_VEREDA": 92.57, "AREA_HA_VEREDA": 93.97, "AREA_EQUIP_M2": 555.5, "N_EQUIP_TIPO": 1}}, {"type": "Feature", "geometry": {"x": -75.20676109999994, "y": 3.9008192680000207}, "properties": {"OBJECTID": 166, "VEREDA": "ANCHIQUE-RINCON", "MUNICIPIO": "73483", "ESCENARIO": "E1", "CULTIVO": "Cafe sombrio", "TIPO_INFRA": "Tipo III - Servicios", "NOMBRE_EQUIP": "Centro formacion agroforestal", "TON_VEREDA": 92.57, "AREA_HA_VEREDA": 93.97, "AREA_EQUIP_M2": 315.4, "N_EQUIP_TIPO": 2}}, {"type": "Feature", "geometry": {"x": -75.08997587599998, "y": 3.70207180400007}, "properties": {"OBJECTID": 167, "VEREDA": "ANCHIQUE-RINCON", "MUNICIPIO": "73483", "ESCENARIO": "E1", "CULTIVO": "Cafe sombrio", "TIPO_INFRA": "Tipo III - Servicios", "NOMBRE_EQUIP": "Punto acopio exportacion", "TON_VEREDA": 92.57, "AREA_HA_VEREDA": 93.97, "AREA_EQUIP_M2": 315.4, "N_EQUIP_TIPO": 2}}, {"type": "Feature", "geometry": {"x": -75.25087760299994, "y": 4.06367091900006}, "properties": {"OBJECTID": 168, "VEREDA": "ANCHIQUE-CAMINO RURAL", "MUNICIPIO": "73483", "ESCENARIO": "E1", "CULTIVO": "Cafe sombrio", "TIPO_INFRA": "Tipo I - Produccion", "NOMBRE_EQUIP": "Vivero agroforestal", "TON_VEREDA": 348.35, "AREA_HA_VEREDA": 398.15, "AREA_EQUIP_M2": 757.4, "N_EQUIP_TIPO": 1}}, {"type": "Feature", "geometry": {"x": -75.11274078499997, "y": 3.584874004000028}, "properties": {"OBJECTID": 169, "VEREDA": "ANCHIQUE-CAMINO RURAL", "MUNICIPIO": "73483", "ESCENARIO": "E1", "CULTIVO": "Cafe sombrio", "TIPO_INFRA": "Tipo II - Transformacion", "NOMBRE_EQUIP": "Planta cafe especial", "TON_VEREDA": 348.35, "AREA_HA_VEREDA": 398.15, "AREA_EQUIP_M2": 709, "N_EQUIP_TIPO": 1}}, {"type": "Feature", "geometry": {"x": -75.20679164599994, "y": 3.876707578000037}, "properties": {"OBJECTID": 170, "VEREDA": "ANCHIQUE-CAMINO RURAL", "MUNICIPIO": "73483", "ESCENARIO": "E1", "CULTIVO": "Cafe sombrio", "TIPO_INFRA": "Tipo III - Servicios", "NOMBRE_EQUIP": "Centro formacion agroforestal", "TON_VEREDA": 348.35, "AREA_HA_VEREDA": 398.15, "AREA_EQUIP_M2": 358.1, "N_EQUIP_TIPO": 2}}, {"type": "Feature", "geometry": {"x": -75.06074414899996, "y": 3.8173978510000666}, "properties": {"OBJECTID": 171, "VEREDA": "ANCHIQUE-CAMINO RURAL", "MUNICIPIO": "73483", "ESCENARIO": "E1", "CULTIVO": "Cafe sombrio", "TIPO_INFRA": "Tipo III - Servicios", "NOMBRE_EQUIP": "Punto acopio exportacion", "TON_VEREDA": 348.35, "AREA_HA_VEREDA": 398.15, "AREA_EQUIP_M2": 358.1, "N_EQUIP_TIPO": 2}}, {"type": "Feature", "geometry": {"x": -75.61627124799998, "y": 3.993650065000054}, "properties": {"OBJECTID": 172, "VEREDA": "PALMALTA", "MUNICIPIO": "73483", "ESCENARIO": "E1", "CULTIVO": "Cafe sombrio", "TIPO_INFRA": "Tipo I - Produccion", "NOMBRE_EQUIP": "Vivero agroforestal", "TON_VEREDA": 326.01, "AREA_HA_VEREDA": 366.56, "AREA_EQUIP_M2": 721.6, "N_EQUIP_TIPO": 1}}, {"type": "Feature", "geometry": {"x": -75.12054802499995, "y": 3.672815668000055}, "properties": {"OBJECTID": 173, "VEREDA": "PALMALTA", "MUNICIPIO": "73483", "ESCENARIO": "E1", "CULTIVO": "Cafe sombrio", "TIPO_INFRA": "Tipo II - Transformacion", "NOMBRE_EQUIP": "Planta cafe especial", "TON_VEREDA": 326.01, "AREA_HA_VEREDA": 366.56, "AREA_EQUIP_M2": 695.6, "N_EQUIP_TIPO": 1}}, {"type": "Feature", "geometry": {"x": -75.15421425899996, "y": 3.83830998600007}, "properties": {"OBJECTID": 174, "VEREDA": "PALMALTA", "MUNICIPIO": "73483", "ESCENARIO": "E1", "CULTIVO": "Cafe sombrio", "TIPO_INFRA": "Tipo III - Servicios", "NOMBRE_EQUIP": "Centro formacion agroforestal", "TON_VEREDA": 326.01, "AREA_HA_VEREDA": 366.56, "AREA_EQUIP_M2": 354.3, "N_EQUIP_TIPO": 2}}, {"type": "Feature", "geometry": {"x": -75.11147776199994, "y": 3.67559432500002}, "properties": {"OBJECTID": 175, "VEREDA": "PALMALTA", "MUNICIPIO": "73483", "ESCENARIO": "E1", "CULTIVO": "Cafe sombrio", "TIPO_INFRA": "Tipo III - Servicios", "NOMBRE_EQUIP": "Punto acopio exportacion", "TON_VEREDA": 326.01, "AREA_HA_VEREDA": 366.56, "AREA_EQUIP_M2": 354.3, "N_EQUIP_TIPO": 2}}, {"type": "Feature", "geometry": {"x": -75.67752804499997, "y": 4.05217355000002}, "properties": {"OBJECTID": 176, "VEREDA": "APARCO", "MUNICIPIO": "73483", "ESCENARIO": "E1", "CULTIVO": "Cafe sombrio", "TIPO_INFRA": "Tipo I - Produccion", "NOMBRE_EQUIP": "Vivero agroforestal", "TON_VEREDA": 991.11, "AREA_HA_VEREDA": 846.49, "AREA_EQUIP_M2": 1785.8, "N_EQUIP_TIPO": 2}}, {"type": "Feature", "geometry": {"x": -75.22740361099994, "y": 3.970482860000061}, "properties": {"OBJECTID": 177, "VEREDA": "APARCO", "MUNICIPIO": "73483", "ESCENARIO": "E1", "CULTIVO": "Cafe sombrio", "TIPO_INFRA": "Tipo I - Produccion", "NOMBRE_EQUIP": "Beneficiadero ecologico", "TON_VEREDA": 991.11, "AREA_HA_VEREDA": 846.49, "AREA_EQUIP_M2": 1785.8, "N_EQUIP_TIPO": 2}}, {"type": "Feature", "geometry": {"x": -75.09376056899998, "y": 3.6024413480000703}, "properties": {"OBJECTID": 178, "VEREDA": "APARCO", "MUNICIPIO": "73483", "ESCENARIO": "E1", "CULTIVO": "Cafe sombrio", "TIPO_INFRA": "Tipo II - Transformacion", "NOMBRE_EQUIP": "Planta cafe especial", "TON_VEREDA": 991.11, "AREA_HA_VEREDA": 846.49, "AREA_EQUIP_M2": 1094.7, "N_EQUIP_TIPO": 1}}, {"type": "Feature", "geometry": {"x": -75.13665549399997, "y": 3.7178401360000635}, "properties": {"OBJECTID": 179, "VEREDA": "APARCO", "MUNICIPIO": "73483", "ESCENARIO": "E1", "CULTIVO": "Cafe sombrio", "TIPO_INFRA": "Tipo III - Servicios", "NOMBRE_EQUIP": "Centro formacion agroforestal", "TON_VEREDA": 991.11, "AREA_HA_VEREDA": 846.49, "AREA_EQUIP_M2": 465.2, "N_EQUIP_TIPO": 2}}, {"type": "Feature", "geometry": {"x": -75.09677384999998, "y": 3.623761850000051}, "properties": {"OBJECTID": 180, "VEREDA": "APARCO", "MUNICIPIO": "73483", "ESCENARIO": "E1", "CULTIVO": "Cafe sombrio", "TIPO_INFRA": "Tipo III - Servicios", "NOMBRE_EQUIP": "Punto acopio exportacion", "TON_VEREDA": 991.11, "AREA_HA_VEREDA": 846.49, "AREA_EQUIP_M2": 465.2, "N_EQUIP_TIPO": 2}}, {"type": "Feature", "geometry": {"x": -75.06265612199996, "y": 3.6406196060000298}, "properties": {"OBJECTID": 181, "VEREDA": "EL POIRA", "MUNICIPIO": "73483", "ESCENARIO": "E1", "CULTIVO": "Cafe sombrio", "TIPO_INFRA": "Tipo I - Produccion", "NOMBRE_EQUIP": "Vivero agroforestal", "TON_VEREDA": 1442.59, "AREA_HA_VEREDA": 1128.93, "AREA_EQUIP_M2": 2000, "N_EQUIP_TIPO": 3}}, {"type": "Feature", "geometry": {"x": -75.07776211299995, "y": 3.817771612000058}, "properties": {"OBJECTID": 182, "VEREDA": "EL POIRA", "MUNICIPIO": "73483", "ESCENARIO": "E1", "CULTIVO": "Cafe sombrio", "TIPO_INFRA": "Tipo I - Produccion", "NOMBRE_EQUIP": "Beneficiadero ecologico", "TON_VEREDA": 1442.59, "AREA_HA_VEREDA": 1128.93, "AREA_EQUIP_M2": 2000, "N_EQUIP_TIPO": 3}}, {"type": "Feature", "geometry": {"x": -75.17249447899997, "y": 3.705933812000069}, "properties": {"OBJECTID": 183, "VEREDA": "EL POIRA", "MUNICIPIO": "73483", "ESCENARIO": "E1", "CULTIVO": "Cafe sombrio", "TIPO_INFRA": "Tipo I - Produccion", "NOMBRE_EQUIP": "Secadero solar", "TON_VEREDA": 1442.59, "AREA_HA_VEREDA": 1128.93, "AREA_EQUIP_M2": 2000, "N_EQUIP_TIPO": 3}}, {"type": "Feature", "geometry": {"x": -75.07543742099995, "y": 3.645368046000044}, "properties": {"OBJECTID": 184, "VEREDA": "EL POIRA", "MUNICIPIO": "73483", "ESCENARIO": "E1", "CULTIVO": "Cafe sombrio", "TIPO_INFRA": "Tipo II - Transformacion", "NOMBRE_EQUIP": "Planta cafe especial", "TON_VEREDA": 1442.59, "AREA_HA_VEREDA": 1128.93, "AREA_EQUIP_M2": 1365.6, "N_EQUIP_TIPO": 1}}, {"type": "Feature", "geometry": {"x": -75.09396904199997, "y": 3.625365544000033}, "properties": {"OBJECTID": 185, "VEREDA": "EL POIRA", "MUNICIPIO": "73483", "ESCENARIO": "E1", "CULTIVO": "Cafe sombrio", "TIPO_INFRA": "Tipo III - Servicios", "NOMBRE_EQUIP": "Centro formacion agroforestal", "TON_VEREDA": 1442.59, "AREA_HA_VEREDA": 1128.93, "AREA_EQUIP_M2": 540.4, "N_EQUIP_TIPO": 2}}, {"type": "Feature", "geometry": {"x": -75.05641898999994, "y": 3.721448980000048}, "properties": {"OBJECTID": 186, "VEREDA": "EL POIRA", "MUNICIPIO": "73483", "ESCENARIO": "E1", "CULTIVO": "Cafe sombrio", "TIPO_INFRA": "Tipo III - Servicios", "NOMBRE_EQUIP": "Punto acopio exportacion", "TON_VEREDA": 1442.59, "AREA_HA_VEREDA": 1128.93, "AREA_EQUIP_M2": 540.4, "N_EQUIP_TIPO": 2}}, {"type": "Feature", "geometry": {"x": -74.97491959499996, "y": 3.7147066710000445}, "properties": {"OBJECTID": 187, "VEREDA": "BALOCA", "MUNICIPIO": "73483", "ESCENARIO": "E1", "CULTIVO": "Cafe sombrio", "TIPO_INFRA": "Tipo I - Produccion", "NOMBRE_EQUIP": "Vivero agroforestal", "TON_VEREDA": 1126.91, "AREA_HA_VEREDA": 960.53, "AREA_EQUIP_M2": 2000, "N_EQUIP_TIPO": 2}}, {"type": "Feature", "geometry": {"x": -75.05748183599997, "y": 3.804931399000054}, "properties": {"OBJECTID": 188, "VEREDA": "BALOCA", "MUNICIPIO": "73483", "ESCENARIO": "E1", "CULTIVO": "Cafe sombrio", "TIPO_INFRA": "Tipo I - Produccion", "NOMBRE_EQUIP": "Beneficiadero ecologico", "TON_VEREDA": 1126.91, "AREA_HA_VEREDA": 960.53, "AREA_EQUIP_M2": 2000, "N_EQUIP_TIPO": 2}}, {"type": "Feature", "geometry": {"x": -75.11091357599997, "y": 3.6600899560000357}, "properties": {"OBJECTID": 189, "VEREDA": "BALOCA", "MUNICIPIO": "73483", "ESCENARIO": "E1", "CULTIVO": "Cafe sombrio", "TIPO_INFRA": "Tipo II - Transformacion", "NOMBRE_EQUIP": "Planta cafe especial", "TON_VEREDA": 1126.91, "AREA_HA_VEREDA": 960.53, "AREA_EQUIP_M2": 1176.1, "N_EQUIP_TIPO": 1}}, {"type": "Feature", "geometry": {"x": -75.07395519399995, "y": 3.8213622850000206}, "properties": {"OBJECTID": 190, "VEREDA": "BALOCA", "MUNICIPIO": "73483", "ESCENARIO": "E1", "CULTIVO": "Cafe sombrio", "TIPO_INFRA": "Tipo III - Servicios", "NOMBRE_EQUIP": "Centro formacion agroforestal", "TON_VEREDA": 1126.91, "AREA_HA_VEREDA": 960.53, "AREA_EQUIP_M2": 487.8, "N_EQUIP_TIPO": 2}}, {"type": "Feature", "geometry": {"x": -75.06987180899995, "y": 3.8221938960000443}, "properties": {"OBJECTID": 191, "VEREDA": "BALOCA", "MUNICIPIO": "73483", "ESCENARIO": "E1", "CULTIVO": "Cafe sombrio", "TIPO_INFRA": "Tipo III - Servicios", "NOMBRE_EQUIP": "Punto acopio exportacion", "TON_VEREDA": 1126.91, "AREA_HA_VEREDA": 960.53, "AREA_EQUIP_M2": 487.8, "N_EQUIP_TIPO": 2}}, {"type": "Feature", "geometry": {"x": -75.30084626099995, "y": 3.9642503230000443}, "properties": {"OBJECTID": 192, "VEREDA": "LOS ANGELES", "MUNICIPIO": "73483", "ESCENARIO": "E1", "CULTIVO": "Cafe sombrio", "TIPO_INFRA": "Tipo I - Produccion", "NOMBRE_EQUIP": "Vivero agroforestal", "TON_VEREDA": 1366.92, "AREA_HA_VEREDA": 1314.06, "AREA_EQUIP_M2": 2000, "N_EQUIP_TIPO": 3}}, {"type": "Feature", "geometry": {"x": -75.07661174799995, "y": 3.55762375300003}, "properties": {"OBJECTID": 193, "VEREDA": "LOS ANGELES", "MUNICIPIO": "73483", "ESCENARIO": "E1", "CULTIVO": "Cafe sombrio", "TIPO_INFRA": "Tipo I - Produccion", "NOMBRE_EQUIP": "Beneficiadero ecologico", "TON_VEREDA": 1366.92, "AREA_HA_VEREDA": 1314.06, "AREA_EQUIP_M2": 2000, "N_EQUIP_TIPO": 3}}, {"type": "Feature", "geometry": {"x": -75.21983399499999, "y": 4.104845491000049}, "properties": {"OBJECTID": 194, "VEREDA": "LOS ANGELES", "MUNICIPIO": "73483", "ESCENARIO": "E1", "CULTIVO": "Cafe sombrio", "TIPO_INFRA": "Tipo I - Produccion", "NOMBRE_EQUIP": "Secadero solar", "TON_VEREDA": 1366.92, "AREA_HA_VEREDA": 1314.06, "AREA_EQUIP_M2": 2000, "N_EQUIP_TIPO": 3}}, {"type": "Feature", "geometry": {"x": -75.06742384299997, "y": 3.5914649460000305}, "properties": {"OBJECTID": 195, "VEREDA": "LOS ANGELES", "MUNICIPIO": "73483", "ESCENARIO": "E1", "CULTIVO": "Cafe sombrio", "TIPO_INFRA": "Tipo II - Transformacion", "NOMBRE_EQUIP": "Planta cafe especial", "TON_VEREDA": 1366.92, "AREA_HA_VEREDA": 1314.06, "AREA_EQUIP_M2": 1320.2, "N_EQUIP_TIPO": 1}}, {"type": "Feature", "geometry": {"x": -75.27991311199997, "y": 3.872148621000065}, "properties": {"OBJECTID": 196, "VEREDA": "LOS ANGELES", "MUNICIPIO": "73483", "ESCENARIO": "E1", "CULTIVO": "Cafe sombrio", "TIPO_INFRA": "Tipo III - Servicios", "NOMBRE_EQUIP": "Centro formacion agroforestal", "TON_VEREDA": 1366.92, "AREA_HA_VEREDA": 1314.06, "AREA_EQUIP_M2": 527.8, "N_EQUIP_TIPO": 2}}, {"type": "Feature", "geometry": {"x": -75.14481026299995, "y": 3.78756710600004}, "properties": {"OBJECTID": 197, "VEREDA": "LOS ANGELES", "MUNICIPIO": "73483", "ESCENARIO": "E1", "CULTIVO": "Cafe sombrio", "TIPO_INFRA": "Tipo III - Servicios", "NOMBRE_EQUIP": "Punto acopio exportacion", "TON_VEREDA": 1366.92, "AREA_HA_VEREDA": 1314.06, "AREA_EQUIP_M2": 527.8, "N_EQUIP_TIPO": 2}}, {"type": "Feature", "geometry": {"x": -75.04616233799999, "y": 3.657062751000069}, "properties": {"OBJECTID": 198, "VEREDA": "TAMIRCO", "MUNICIPIO": "73483", "ESCENARIO": "E1", "CULTIVO": "Cafe sombrio", "TIPO_INFRA": "Tipo I - Produccion", "NOMBRE_EQUIP": "Vivero agroforestal", "TON_VEREDA": 1077.09, "AREA_HA_VEREDA": 1167.88, "AREA_EQUIP_M2": 1923.3, "N_EQUIP_TIPO": 2}}, {"type": "Feature", "geometry": {"x": -75.63453252199997, "y": 4.022864543000026}, "properties": {"OBJECTID": 199, "VEREDA": "TAMIRCO", "MUNICIPIO": "73483", "ESCENARIO": "E1", "CULTIVO": "Cafe sombrio", "TIPO_INFRA": "Tipo I - Produccion", "NOMBRE_EQUIP": "Beneficiadero ecologico", "TON_VEREDA": 1077.09, "AREA_HA_VEREDA": 1167.88, "AREA_EQUIP_M2": 1923.3, "N_EQUIP_TIPO": 2}}, {"type": "Feature", "geometry": {"x": -75.04731456199994, "y": 3.608153325000046}, "properties": {"OBJECTID": 200, "VEREDA": "TAMIRCO", "MUNICIPIO": "73483", "ESCENARIO": "E1", "CULTIVO": "Cafe sombrio", "TIPO_INFRA": "Tipo II - Transformacion", "NOMBRE_EQUIP": "Planta cafe especial", "TON_VEREDA": 1077.09, "AREA_HA_VEREDA": 1167.88, "AREA_EQUIP_M2": 1146.3, "N_EQUIP_TIPO": 1}}, {"type": "Feature", "geometry": {"x": -75.12249191199999, "y": 3.9433677320000697}, "properties": {"OBJECTID": 201, "VEREDA": "TAMIRCO", "MUNICIPIO": "73483", "ESCENARIO": "E1", "CULTIVO": "Cafe sombrio", "TIPO_INFRA": "Tipo III - Servicios", "NOMBRE_EQUIP": "Centro formacion agroforestal", "TON_VEREDA": 1077.09, "AREA_HA_VEREDA": 1167.88, "AREA_EQUIP_M2": 479.5, "N_EQUIP_TIPO": 2}}, {"type": "Feature", "geometry": {"x": -75.22549314399998, "y": 3.9345395020000637}, "properties": {"OBJECTID": 202, "VEREDA": "TAMIRCO", "MUNICIPIO": "73483", "ESCENARIO": "E1", "CULTIVO": "Cafe sombrio", "TIPO_INFRA": "Tipo III - Servicios", "NOMBRE_EQUIP": "Punto acopio exportacion", "TON_VEREDA": 1077.09, "AREA_HA_VEREDA": 1167.88, "AREA_EQUIP_M2": 479.5, "N_EQUIP_TIPO": 2}}, {"type": "Feature", "geometry": {"x": -75.14836723999997, "y": 3.7820676520000234}, "properties": {"OBJECTID": 203, "VEREDA": "GUASIMAL", "MUNICIPIO": "73483", "ESCENARIO": "E1", "CULTIVO": "Cafe sombrio", "TIPO_INFRA": "Tipo I - Produccion", "NOMBRE_EQUIP": "Vivero agroforestal", "TON_VEREDA": 618.05, "AREA_HA_VEREDA": 412.07, "AREA_EQUIP_M2": 1188.9, "N_EQUIP_TIPO": 1}}, {"type": "Feature", "geometry": {"x": -75.11385402399998, "y": 3.565140867000025}, "properties": {"OBJECTID": 204, "VEREDA": "GUASIMAL", "MUNICIPIO": "73483", "ESCENARIO": "E1", "CULTIVO": "Cafe sombrio", "TIPO_INFRA": "Tipo II - Transformacion", "NOMBRE_EQUIP": "Planta cafe especial", "TON_VEREDA": 618.05, "AREA_HA_VEREDA": 412.07, "AREA_EQUIP_M2": 870.8, "N_EQUIP_TIPO": 1}}, {"type": "Feature", "geometry": {"x": -75.06563518899998, "y": 3.8184191690000375}, "properties": {"OBJECTID": 205, "VEREDA": "GUASIMAL", "MUNICIPIO": "73483", "ESCENARIO": "E1", "CULTIVO": "Cafe sombrio", "TIPO_INFRA": "Tipo III - Servicios", "NOMBRE_EQUIP": "Centro formacion agroforestal", "TON_VEREDA": 618.05, "AREA_HA_VEREDA": 412.07, "AREA_EQUIP_M2": 403, "N_EQUIP_TIPO": 2}}, {"type": "Feature", "geometry": {"x": -75.27216452799996, "y": 3.9993599500000414}, "properties": {"OBJECTID": 206, "VEREDA": "GUASIMAL", "MUNICIPIO": "73483", "ESCENARIO": "E1", "CULTIVO": "Cafe sombrio", "TIPO_INFRA": "Tipo III - Servicios", "NOMBRE_EQUIP": "Punto acopio exportacion", "TON_VEREDA": 618.05, "AREA_HA_VEREDA": 412.07, "AREA_EQUIP_M2": 403, "N_EQUIP_TIPO": 2}}, {"type": "Feature", "geometry": {"x": -75.13703231199997, "y": 4.006684104000044}, "properties": {"OBJECTID": 207, "VEREDA": "LA VIRGINIA", "MUNICIPIO": "73483", "ESCENARIO": "E1", "CULTIVO": "Cafe sombrio", "TIPO_INFRA": "Tipo I - Produccion", "NOMBRE_EQUIP": "Vivero agroforestal", "TON_VEREDA": 297.74, "AREA_HA_VEREDA": 205.32, "AREA_EQUIP_M2": 676.4, "N_EQUIP_TIPO": 1}}, {"type": "Feature", "geometry": {"x": -75.13488527099997, "y": 3.5173213290000263}, "properties": {"OBJECTID": 208, "VEREDA": "LA VIRGINIA", "MUNICIPIO": "73483", "ESCENARIO": "E1", "CULTIVO": "Cafe sombrio", "TIPO_INFRA": "Tipo II - Transformacion", "NOMBRE_EQUIP": "Planta cafe especial", "TON_VEREDA": 297.74, "AREA_HA_VEREDA": 205.32, "AREA_EQUIP_M2": 678.6, "N_EQUIP_TIPO": 1}}, {"type": "Feature", "geometry": {"x": -75.20578111299994, "y": 3.8371742500000323}, "properties": {"OBJECTID": 209, "VEREDA": "LA VIRGINIA", "MUNICIPIO": "73483", "ESCENARIO": "E1", "CULTIVO": "Cafe sombrio", "TIPO_INFRA": "Tipo III - Servicios", "NOMBRE_EQUIP": "Centro formacion agroforestal", "TON_VEREDA": 297.74, "AREA_HA_VEREDA": 205.32, "AREA_EQUIP_M2": 349.6, "N_EQUIP_TIPO": 2}}, {"type": "Feature", "geometry": {"x": -75.18742487099996, "y": 3.4416780760000734}, "properties": {"OBJECTID": 210, "VEREDA": "LA VIRGINIA", "MUNICIPIO": "73483", "ESCENARIO": "E1", "CULTIVO": "Cafe sombrio", "TIPO_INFRA": "Tipo III - Servicios", "NOMBRE_EQUIP": "Punto acopio exportacion", "TON_VEREDA": 297.74, "AREA_HA_VEREDA": 205.32, "AREA_EQUIP_M2": 349.6, "N_EQUIP_TIPO": 2}}, {"type": "Feature", "geometry": {"x": -75.27547553599999, "y": 4.042775623000068}, "properties": {"OBJECTID": 211, "VEREDA": "VELU", "MUNICIPIO": "73483", "ESCENARIO": "E1", "CULTIVO": "Cafe sombrio", "TIPO_INFRA": "Tipo I - Produccion", "NOMBRE_EQUIP": "Vivero agroforestal", "TON_VEREDA": 1337.78, "AREA_HA_VEREDA": 1068.6, "AREA_EQUIP_M2": 2000, "N_EQUIP_TIPO": 3}}, {"type": "Feature", "geometry": {"x": -75.32723773199996, "y": 3.8086843790000557}, "properties": {"OBJECTID": 212, "VEREDA": "VELU", "MUNICIPIO": "73483", "ESCENARIO": "E1", "CULTIVO": "Cafe sombrio", "TIPO_INFRA": "Tipo I - Produccion", "NOMBRE_EQUIP": "Beneficiadero ecologico", "TON_VEREDA": 1337.78, "AREA_HA_VEREDA": 1068.6, "AREA_EQUIP_M2": 2000, "N_EQUIP_TIPO": 3}}, {"type": "Feature", "geometry": {"x": -75.12076847299994, "y": 3.9846942540000327}, "properties": {"OBJECTID": 213, "VEREDA": "VELU", "MUNICIPIO": "73483", "ESCENARIO": "E1", "CULTIVO": "Cafe sombrio", "TIPO_INFRA": "Tipo I - Produccion", "NOMBRE_EQUIP": "Secadero solar", "TON_VEREDA": 1337.78, "AREA_HA_VEREDA": 1068.6, "AREA_EQUIP_M2": 2000, "N_EQUIP_TIPO": 3}}, {"type": "Feature", "geometry": {"x": -75.09872248799996, "y": 3.5380054540000287}, "properties": {"OBJECTID": 214, "VEREDA": "VELU", "MUNICIPIO": "73483", "ESCENARIO": "E1", "CULTIVO": "Cafe sombrio", "TIPO_INFRA": "Tipo II - Transformacion", "NOMBRE_EQUIP": "Planta cafe especial", "TON_VEREDA": 1337.78, "AREA_HA_VEREDA": 1068.6, "AREA_EQUIP_M2": 1302.7, "N_EQUIP_TIPO": 1}}, {"type": "Feature", "geometry": {"x": -75.16078934299998, "y": 3.922816724000029}, "properties": {"OBJECTID": 215, "VEREDA": "VELU", "MUNICIPIO": "73483", "ESCENARIO": "E1", "CULTIVO": "Cafe sombrio", "TIPO_INFRA": "Tipo III - Servicios", "NOMBRE_EQUIP": "Centro formacion agroforestal", "TON_VEREDA": 1337.78, "AREA_HA_VEREDA": 1068.6, "AREA_EQUIP_M2": 523, "N_EQUIP_TIPO": 2}}, {"type": "Feature", "geometry": {"x": -75.19338365099998, "y": 3.8013561400000526}, "properties": {"OBJECTID": 216, "VEREDA": "VELU", "MUNICIPIO": "73483", "ESCENARIO": "E1", "CULTIVO": "Cafe sombrio", "TIPO_INFRA": "Tipo III - Servicios", "NOMBRE_EQUIP": "Punto acopio exportacion", "TON_VEREDA": 1337.78, "AREA_HA_VEREDA": 1068.6, "AREA_EQUIP_M2": 523, "N_EQUIP_TIPO": 2}}, {"type": "Feature", "geometry": {"x": -75.32700240799994, "y": 3.7988721530000475}, "properties": {"OBJECTID": 217, "VEREDA": "POCHARCO", "MUNICIPIO": "73483", "ESCENARIO": "E1", "CULTIVO": "Cafe sombrio", "TIPO_INFRA": "Tipo I - Produccion", "NOMBRE_EQUIP": "Vivero agroforestal", "TON_VEREDA": 1429.45, "AREA_HA_VEREDA": 1704.36, "AREA_EQUIP_M2": 2000, "N_EQUIP_TIPO": 3}}, {"type": "Feature", "geometry": {"x": -75.04421114299998, "y": 3.8103680510000686}, "properties": {"OBJECTID": 218, "VEREDA": "POCHARCO", "MUNICIPIO": "73483", "ESCENARIO": "E1", "CULTIVO": "Cafe sombrio", "TIPO_INFRA": "Tipo I - Produccion", "NOMBRE_EQUIP": "Beneficiadero ecologico", "TON_VEREDA": 1429.45, "AREA_HA_VEREDA": 1704.36, "AREA_EQUIP_M2": 2000, "N_EQUIP_TIPO": 3}}, {"type": "Feature", "geometry": {"x": -75.15702737499998, "y": 3.470634136000058}, "properties": {"OBJECTID": 219, "VEREDA": "POCHARCO", "MUNICIPIO": "73483", "ESCENARIO": "E1", "CULTIVO": "Cafe sombrio", "TIPO_INFRA": "Tipo I - Produccion", "NOMBRE_EQUIP": "Secadero solar", "TON_VEREDA": 1429.45, "AREA_HA_VEREDA": 1704.36, "AREA_EQUIP_M2": 2000, "N_EQUIP_TIPO": 3}}, {"type": "Feature", "geometry": {"x": -75.02391565899995, "y": 3.632351862000064}, "properties": {"OBJECTID": 220, "VEREDA": "POCHARCO", "MUNICIPIO": "73483", "ESCENARIO": "E1", "CULTIVO": "Cafe sombrio", "TIPO_INFRA": "Tipo II - Transformacion", "NOMBRE_EQUIP": "Planta cafe especial", "TON_VEREDA": 1429.45, "AREA_HA_VEREDA": 1704.36, "AREA_EQUIP_M2": 1357.7, "N_EQUIP_TIPO": 1}}, {"type": "Feature", "geometry": {"x": -75.21733680399996, "y": 3.923225832000071}, "properties": {"OBJECTID": 221, "VEREDA": "POCHARCO", "MUNICIPIO": "73483", "ESCENARIO": "E1", "CULTIVO": "Cafe sombrio", "TIPO_INFRA": "Tipo III - Servicios", "NOMBRE_EQUIP": "Centro formacion agroforestal", "TON_VEREDA": 1429.45, "AREA_HA_VEREDA": 1704.36, "AREA_EQUIP_M2": 538.2, "N_EQUIP_TIPO": 2}}, {"type": "Feature", "geometry": {"x": -75.17893098499997, "y": 3.8156779130000587}, "properties": {"OBJECTID": 222, "VEREDA": "POCHARCO", "MUNICIPIO": "73483", "ESCENARIO": "E1", "CULTIVO": "Cafe sombrio", "TIPO_INFRA": "Tipo III - Servicios", "NOMBRE_EQUIP": "Punto acopio exportacion", "TON_VEREDA": 1429.45, "AREA_HA_VEREDA": 1704.36, "AREA_EQUIP_M2": 538.2, "N_EQUIP_TIPO": 2}}, {"type": "Feature", "geometry": {"x": -75.26726814699998, "y": 4.044631142000071}, "properties": {"OBJECTID": 223, "VEREDA": "BATEAS", "MUNICIPIO": "73483", "ESCENARIO": "E1", "CULTIVO": "Cafe sombrio", "TIPO_INFRA": "Tipo I - Produccion", "NOMBRE_EQUIP": "Vivero agroforestal", "TON_VEREDA": 782.83, "AREA_HA_VEREDA": 818.02, "AREA_EQUIP_M2": 1452.5, "N_EQUIP_TIPO": 2}}, {"type": "Feature", "geometry": {"x": -75.06447706799997, "y": 3.6611880260000476}, "properties": {"OBJECTID": 224, "VEREDA": "BATEAS", "MUNICIPIO": "73483", "ESCENARIO": "E1", "CULTIVO": "Cafe sombrio", "TIPO_INFRA": "Tipo I - Produccion", "NOMBRE_EQUIP": "Beneficiadero ecologico", "TON_VEREDA": 782.83, "AREA_HA_VEREDA": 818.02, "AREA_EQUIP_M2": 1452.5, "N_EQUIP_TIPO": 2}}, {"type": "Feature", "geometry": {"x": -75.03991163799998, "y": 3.5771974960000534}, "properties": {"OBJECTID": 225, "VEREDA": "BATEAS", "MUNICIPIO": "73483", "ESCENARIO": "E1", "CULTIVO": "Cafe sombrio", "TIPO_INFRA": "Tipo II - Transformacion", "NOMBRE_EQUIP": "Planta cafe especial", "TON_VEREDA": 782.83, "AREA_HA_VEREDA": 818.02, "AREA_EQUIP_M2": 969.7, "N_EQUIP_TIPO": 1}}, {"type": "Feature", "geometry": {"x": -75.05867010099996, "y": 3.66605561800003}, "properties": {"OBJECTID": 226, "VEREDA": "BATEAS", "MUNICIPIO": "73483", "ESCENARIO": "E1", "CULTIVO": "Cafe sombrio", "TIPO_INFRA": "Tipo III - Servicios", "NOMBRE_EQUIP": "Centro formacion agroforestal", "TON_VEREDA": 782.83, "AREA_HA_VEREDA": 818.02, "AREA_EQUIP_M2": 430.5, "N_EQUIP_TIPO": 2}}, {"type": "Feature", "geometry": {"x": -75.09540059999995, "y": 3.622429450000027}, "properties": {"OBJECTID": 227, "VEREDA": "BATEAS", "MUNICIPIO": "73483", "ESCENARIO": "E1", "CULTIVO": "Cafe sombrio", "TIPO_INFRA": "Tipo III - Servicios", "NOMBRE_EQUIP": "Punto acopio exportacion", "TON_VEREDA": 782.83, "AREA_HA_VEREDA": 818.02, "AREA_EQUIP_M2": 430.5, "N_EQUIP_TIPO": 2}}, {"type": "Feature", "geometry": {"x": -75.24921123299998, "y": 4.042635226000073}, "properties": {"OBJECTID": 228, "VEREDA": "PLANES-POCHARCO", "MUNICIPIO": "73483", "ESCENARIO": "E1", "CULTIVO": "Cacao", "TIPO_INFRA": "Tipo I - Produccion", "NOMBRE_EQUIP": "Vivero cacao", "TON_VEREDA": 26, "AREA_HA_VEREDA": 32.46, "AREA_EQUIP_M2": 241.6, "N_EQUIP_TIPO": 1}}, {"type": "Feature", "geometry": {"x": -75.00716007799997, "y": 3.605710504000058}, "properties": {"OBJECTID": 229, "VEREDA": "PLANES-POCHARCO", "MUNICIPIO": "73483", "ESCENARIO": "E1", "CULTIVO": "Cacao", "TIPO_INFRA": "Tipo II - Transformacion", "NOMBRE_EQUIP": "Planta beneficio cacao", "TON_VEREDA": 26, "AREA_HA_VEREDA": 32.46, "AREA_EQUIP_M2": 515.6, "N_EQUIP_TIPO": 1}}, {"type": "Feature", "geometry": {"x": -75.17958145999995, "y": 3.4290340010000477}, "properties": {"OBJECTID": 230, "VEREDA": "PLANES-POCHARCO", "MUNICIPIO": "73483", "ESCENARIO": "E1", "CULTIVO": "Cacao", "TIPO_INFRA": "Tipo III - Servicios", "NOMBRE_EQUIP": "Escuela campo cacaoteros", "TON_VEREDA": 26, "AREA_HA_VEREDA": 32.46, "AREA_EQUIP_M2": 304.3, "N_EQUIP_TIPO": 2}}, {"type": "Feature", "geometry": {"x": -75.02712444399998, "y": 3.813560864000067}, "properties": {"OBJECTID": 231, "VEREDA": "PLANES-POCHARCO", "MUNICIPIO": "73483", "ESCENARIO": "E1", "CULTIVO": "Cacao", "TIPO_INFRA": "Tipo III - Servicios", "NOMBRE_EQUIP": "Centro asistencia tecnica", "TON_VEREDA": 26, "AREA_HA_VEREDA": 32.46, "AREA_EQUIP_M2": 304.3, "N_EQUIP_TIPO": 2}}, {"type": "Feature", "geometry": {"x": -75.31516345599994, "y": 3.965535720000048}, "properties": {"OBJECTID": 232, "VEREDA": "YAVI", "MUNICIPIO": "73483", "ESCENARIO": "E1", "CULTIVO": "Cacao", "TIPO_INFRA": "Tipo I - Produccion", "NOMBRE_EQUIP": "Vivero cacao", "TON_VEREDA": 1295.81, "AREA_HA_VEREDA": 1256.02, "AREA_EQUIP_M2": 2000, "N_EQUIP_TIPO": 3}}, {"type": "Feature", "geometry": {"x": -75.05384357299994, "y": 3.6586757560000365}, "properties": {"OBJECTID": 233, "VEREDA": "YAVI", "MUNICIPIO": "73483", "ESCENARIO": "E1", "CULTIVO": "Cacao", "TIPO_INFRA": "Tipo I - Produccion", "NOMBRE_EQUIP": "Centro fermentacion", "TON_VEREDA": 1295.81, "AREA_HA_VEREDA": 1256.02, "AREA_EQUIP_M2": 2000, "N_EQUIP_TIPO": 3}}, {"type": "Feature", "geometry": {"x": -75.13842186599999, "y": 3.438088144000062}, "properties": {"OBJECTID": 234, "VEREDA": "YAVI", "MUNICIPIO": "73483", "ESCENARIO": "E1", "CULTIVO": "Cacao", "TIPO_INFRA": "Tipo I - Produccion", "NOMBRE_EQUIP": "Secadero solar", "TON_VEREDA": 1295.81, "AREA_HA_VEREDA": 1256.02, "AREA_EQUIP_M2": 2000, "N_EQUIP_TIPO": 3}}, {"type": "Feature", "geometry": {"x": -74.99991218499997, "y": 3.6626407240000276}, "properties": {"OBJECTID": 235, "VEREDA": "YAVI", "MUNICIPIO": "73483", "ESCENARIO": "E1", "CULTIVO": "Cacao", "TIPO_INFRA": "Tipo II - Transformacion", "NOMBRE_EQUIP": "Planta beneficio cacao", "TON_VEREDA": 1295.81, "AREA_HA_VEREDA": 1256.02, "AREA_EQUIP_M2": 1277.5, "N_EQUIP_TIPO": 1}}, {"type": "Feature", "geometry": {"x": -75.09460151499997, "y": 3.620708334000028}, "properties": {"OBJECTID": 236, "VEREDA": "YAVI", "MUNICIPIO": "73483", "ESCENARIO": "E1", "CULTIVO": "Cacao", "TIPO_INFRA": "Tipo III - Servicios", "NOMBRE_EQUIP": "Escuela campo cacaoteros", "TON_VEREDA": 1295.81, "AREA_HA_VEREDA": 1256.02, "AREA_EQUIP_M2": 516, "N_EQUIP_TIPO": 2}}, {"type": "Feature", "geometry": {"x": -75.09768787699994, "y": 3.621278478000022}, "properties": {"OBJECTID": 237, "VEREDA": "YAVI", "MUNICIPIO": "73483", "ESCENARIO": "E1", "CULTIVO": "Cacao", "TIPO_INFRA": "Tipo III - Servicios", "NOMBRE_EQUIP": "Centro asistencia tecnica", "TON_VEREDA": 1295.81, "AREA_HA_VEREDA": 1256.02, "AREA_EQUIP_M2": 516, "N_EQUIP_TIPO": 2}}, {"type": "Feature", "geometry": {"x": -75.17023305399994, "y": 3.784500597000033}, "properties": {"OBJECTID": 238, "VEREDA": "CALABOZO", "MUNICIPIO": "73504", "ESCENARIO": "E1", "CULTIVO": "Cafe sombrio", "TIPO_INFRA": "Tipo I - Produccion", "NOMBRE_EQUIP": "Vivero agroforestal", "TON_VEREDA": 569.48, "AREA_HA_VEREDA": 569.34, "AREA_EQUIP_M2": 1111.2, "N_EQUIP_TIPO": 1}}, {"type": "Feature", "geometry": {"x": -75.23708196899997, "y": 4.086576621000063}, "properties": {"OBJECTID": 239, "VEREDA": "CALABOZO", "MUNICIPIO": "73504", "ESCENARIO": "E1", "CULTIVO": "Cafe sombrio", "TIPO_INFRA": "Tipo II - Transformacion", "NOMBRE_EQUIP": "Planta cafe especial", "TON_VEREDA": 569.48, "AREA_HA_VEREDA": 569.34, "AREA_EQUIP_M2": 841.7, "N_EQUIP_TIPO": 1}}, {"type": "Feature", "geometry": {"x": -75.06196369999998, "y": 3.7744193500000733}, "properties": {"OBJECTID": 240, "VEREDA": "CALABOZO", "MUNICIPIO": "73504", "ESCENARIO": "E1", "CULTIVO": "Cafe sombrio", "TIPO_INFRA": "Tipo III - Servicios", "NOMBRE_EQUIP": "Centro formacion agroforestal", "TON_VEREDA": 569.48, "AREA_HA_VEREDA": 569.34, "AREA_EQUIP_M2": 394.9, "N_EQUIP_TIPO": 2}}, {"type": "Feature", "geometry": {"x": -75.06610714399994, "y": 3.770402562000072}, "properties": {"OBJECTID": 241, "VEREDA": "CALABOZO", "MUNICIPIO": "73504", "ESCENARIO": "E1", "CULTIVO": "Cafe sombrio", "TIPO_INFRA": "Tipo III - Servicios", "NOMBRE_EQUIP": "Punto acopio exportacion", "TON_VEREDA": 569.48, "AREA_HA_VEREDA": 569.34, "AREA_EQUIP_M2": 394.9, "N_EQUIP_TIPO": 2}}, {"type": "Feature", "geometry": {"x": -75.20276293199998, "y": 3.8092146580000303}, "properties": {"OBJECTID": 242, "VEREDA": "GUAVIO-CALABOZO", "MUNICIPIO": "73504", "ESCENARIO": "E1", "CULTIVO": "Cafe sombrio", "TIPO_INFRA": "Tipo I - Produccion", "NOMBRE_EQUIP": "Vivero agroforestal", "TON_VEREDA": 664.7, "AREA_HA_VEREDA": 739.67, "AREA_EQUIP_M2": 1263.5, "N_EQUIP_TIPO": 1}}, {"type": "Feature", "geometry": {"x": -75.22951752299997, "y": 4.056599759000051}, "properties": {"OBJECTID": 243, "VEREDA": "GUAVIO-CALABOZO", "MUNICIPIO": "73504", "ESCENARIO": "E1", "CULTIVO": "Cafe sombrio", "TIPO_INFRA": "Tipo II - Transformacion", "NOMBRE_EQUIP": "Planta cafe especial", "TON_VEREDA": 664.7, "AREA_HA_VEREDA": 739.67, "AREA_EQUIP_M2": 898.8, "N_EQUIP_TIPO": 1}}, {"type": "Feature", "geometry": {"x": -75.27712809699995, "y": 3.9783283220000385}, "properties": {"OBJECTID": 244, "VEREDA": "GUAVIO-CALABOZO", "MUNICIPIO": "73504", "ESCENARIO": "E1", "CULTIVO": "Cafe sombrio", "TIPO_INFRA": "Tipo III - Servicios", "NOMBRE_EQUIP": "Centro formacion agroforestal", "TON_VEREDA": 664.7, "AREA_HA_VEREDA": 739.67, "AREA_EQUIP_M2": 410.8, "N_EQUIP_TIPO": 2}}, {"type": "Feature", "geometry": {"x": -75.22199404999998, "y": 3.9282975010000314}, "properties": {"OBJECTID": 245, "VEREDA": "GUAVIO-CALABOZO", "MUNICIPIO": "73504", "ESCENARIO": "E1", "CULTIVO": "Cafe sombrio", "TIPO_INFRA": "Tipo III - Servicios", "NOMBRE_EQUIP": "Punto acopio exportacion", "TON_VEREDA": 664.7, "AREA_HA_VEREDA": 739.67, "AREA_EQUIP_M2": 410.8, "N_EQUIP_TIPO": 2}}, {"type": "Feature", "geometry": {"x": -75.14011079899996, "y": 3.693763936000039}, "properties": {"OBJECTID": 246, "VEREDA": "EL TRIUNFO", "MUNICIPIO": "73504", "ESCENARIO": "E1", "CULTIVO": "Cafe sombrio", "TIPO_INFRA": "Tipo I - Produccion", "NOMBRE_EQUIP": "Vivero agroforestal", "TON_VEREDA": 191.01, "AREA_HA_VEREDA": 238.76, "AREA_EQUIP_M2": 505.6, "N_EQUIP_TIPO": 1}}, {"type": "Feature", "geometry": {"x": -75.26246076199999, "y": 4.0492091760000335}, "properties": {"OBJECTID": 247, "VEREDA": "EL TRIUNFO", "MUNICIPIO": "73504", "ESCENARIO": "E1", "CULTIVO": "Cafe sombrio", "TIPO_INFRA": "Tipo II - Transformacion", "NOMBRE_EQUIP": "Planta cafe especial", "TON_VEREDA": 191.01, "AREA_HA_VEREDA": 238.76, "AREA_EQUIP_M2": 614.6, "N_EQUIP_TIPO": 1}}, {"type": "Feature", "geometry": {"x": -75.22535624999995, "y": 3.9356536000000233}, "properties": {"OBJECTID": 248, "VEREDA": "EL TRIUNFO", "MUNICIPIO": "73504", "ESCENARIO": "E1", "CULTIVO": "Cafe sombrio", "TIPO_INFRA": "Tipo III - Servicios", "NOMBRE_EQUIP": "Centro formacion agroforestal", "TON_VEREDA": 191.01, "AREA_HA_VEREDA": 238.76, "AREA_EQUIP_M2": 331.8, "N_EQUIP_TIPO": 2}}, {"type": "Feature", "geometry": {"x": -75.23546664599996, "y": 3.934500895000042}, "properties": {"OBJECTID": 249, "VEREDA": "EL TRIUNFO", "MUNICIPIO": "73504", "ESCENARIO": "E1", "CULTIVO": "Cafe sombrio", "TIPO_INFRA": "Tipo III - Servicios", "NOMBRE_EQUIP": "Punto acopio exportacion", "TON_VEREDA": 191.01, "AREA_HA_VEREDA": 238.76, "AREA_EQUIP_M2": 331.8, "N_EQUIP_TIPO": 2}}, {"type": "Feature", "geometry": {"x": -75.25795654699994, "y": 4.05846959400003}, "properties": {"OBJECTID": 250, "VEREDA": "FLAUTILLO", "MUNICIPIO": "73504", "ESCENARIO": "E1", "CULTIVO": "Cafe sombrio", "TIPO_INFRA": "Tipo I - Produccion", "NOMBRE_EQUIP": "Vivero agroforestal", "TON_VEREDA": 93.01, "AREA_HA_VEREDA": 79.89, "AREA_EQUIP_M2": 348.8, "N_EQUIP_TIPO": 1}}, {"type": "Feature", "geometry": {"x": -75.20602552099996, "y": 4.0079352370000265}, "properties": {"OBJECTID": 251, "VEREDA": "FLAUTILLO", "MUNICIPIO": "73504", "ESCENARIO": "E1", "CULTIVO": "Cafe sombrio", "TIPO_INFRA": "Tipo II - Transformacion", "NOMBRE_EQUIP": "Planta cafe especial", "TON_VEREDA": 93.01, "AREA_HA_VEREDA": 79.89, "AREA_EQUIP_M2": 555.8, "N_EQUIP_TIPO": 1}}, {"type": "Feature", "geometry": {"x": -75.09795894899997, "y": 3.626480572000048}, "properties": {"OBJECTID": 252, "VEREDA": "FLAUTILLO", "MUNICIPIO": "73504", "ESCENARIO": "E1", "CULTIVO": "Cafe sombrio", "TIPO_INFRA": "Tipo III - Servicios", "NOMBRE_EQUIP": "Centro formacion agroforestal", "TON_VEREDA": 93.01, "AREA_HA_VEREDA": 79.89, "AREA_EQUIP_M2": 315.5, "N_EQUIP_TIPO": 2}}, {"type": "Feature", "geometry": {"x": -75.15843594999996, "y": 3.459055800000044}, "properties": {"OBJECTID": 253, "VEREDA": "FLAUTILLO", "MUNICIPIO": "73504", "ESCENARIO": "E1", "CULTIVO": "Cafe sombrio", "TIPO_INFRA": "Tipo III - Servicios", "NOMBRE_EQUIP": "Punto acopio exportacion", "TON_VEREDA": 93.01, "AREA_HA_VEREDA": 79.89, "AREA_EQUIP_M2": 315.5, "N_EQUIP_TIPO": 2}}, {"type": "Feature", "geometry": {"x": -75.14076303299998, "y": 4.007481320000068}, "properties": {"OBJECTID": 254, "VEREDA": "SAN FRANCISCO", "MUNICIPIO": "73504", "ESCENARIO": "E1", "CULTIVO": "Cafe sombrio", "TIPO_INFRA": "Tipo I - Produccion", "NOMBRE_EQUIP": "Vivero agroforestal", "TON_VEREDA": 36.71, "AREA_HA_VEREDA": 24.59, "AREA_EQUIP_M2": 258.7, "N_EQUIP_TIPO": 1}}, {"type": "Feature", "geometry": {"x": -75.14584863399995, "y": 3.9989302800000246}, "properties": {"OBJECTID": 255, "VEREDA": "SAN FRANCISCO", "MUNICIPIO": "73504", "ESCENARIO": "E1", "CULTIVO": "Cafe sombrio", "TIPO_INFRA": "Tipo II - Transformacion", "NOMBRE_EQUIP": "Planta cafe especial", "TON_VEREDA": 36.71, "AREA_HA_VEREDA": 24.59, "AREA_EQUIP_M2": 522, "N_EQUIP_TIPO": 1}}, {"type": "Feature", "geometry": {"x": -75.22390162599999, "y": 3.9348873930000536}, "properties": {"OBJECTID": 256, "VEREDA": "SAN FRANCISCO", "MUNICIPIO": "73504", "ESCENARIO": "E1", "CULTIVO": "Cafe sombrio", "TIPO_INFRA": "Tipo III - Servicios", "NOMBRE_EQUIP": "Centro formacion agroforestal", "TON_VEREDA": 36.71, "AREA_HA_VEREDA": 24.59, "AREA_EQUIP_M2": 306.1, "N_EQUIP_TIPO": 2}}, {"type": "Feature", "geometry": {"x": -75.05745043499996, "y": 3.6732307380000293}, "properties": {"OBJECTID": 257, "VEREDA": "SAN FRANCISCO", "MUNICIPIO": "73504", "ESCENARIO": "E1", "CULTIVO": "Cafe sombrio", "TIPO_INFRA": "Tipo III - Servicios", "NOMBRE_EQUIP": "Punto acopio exportacion", "TON_VEREDA": 36.71, "AREA_HA_VEREDA": 24.59, "AREA_EQUIP_M2": 306.1, "N_EQUIP_TIPO": 2}}, {"type": "Feature", "geometry": {"x": -75.28857241599997, "y": 3.708876235000048}, "properties": {"OBJECTID": 258, "VEREDA": "PUENTE CUCUANA", "MUNICIPIO": "73504", "ESCENARIO": "E1", "CULTIVO": "Cafe sombrio", "TIPO_INFRA": "Tipo I - Produccion", "NOMBRE_EQUIP": "Vivero agroforestal", "TON_VEREDA": 195.76, "AREA_HA_VEREDA": 175.56, "AREA_EQUIP_M2": 513.2, "N_EQUIP_TIPO": 1}}, {"type": "Feature", "geometry": {"x": -75.10554625599997, "y": 3.963451952000071}, "properties": {"OBJECTID": 259, "VEREDA": "PUENTE CUCUANA", "MUNICIPIO": "73504", "ESCENARIO": "E1", "CULTIVO": "Cafe sombrio", "TIPO_INFRA": "Tipo II - Transformacion", "NOMBRE_EQUIP": "Planta cafe especial", "TON_VEREDA": 195.76, "AREA_HA_VEREDA": 175.56, "AREA_EQUIP_M2": 617.5, "N_EQUIP_TIPO": 1}}, {"type": "Feature", "geometry": {"x": -75.08845825199995, "y": 3.9481590200000483}, "properties": {"OBJECTID": 260, "VEREDA": "PUENTE CUCUANA", "MUNICIPIO": "73504", "ESCENARIO": "E1", "CULTIVO": "Cafe sombrio", "TIPO_INFRA": "Tipo III - Servicios", "NOMBRE_EQUIP": "Centro formacion agroforestal", "TON_VEREDA": 195.76, "AREA_HA_VEREDA": 175.56, "AREA_EQUIP_M2": 332.6, "N_EQUIP_TIPO": 2}}, {"type": "Feature", "geometry": {"x": -75.11975749999993, "y": 3.771373800000049}, "properties": {"OBJECTID": 261, "VEREDA": "PUENTE CUCUANA", "MUNICIPIO": "73504", "ESCENARIO": "E1", "CULTIVO": "Cafe sombrio", "TIPO_INFRA": "Tipo III - Servicios", "NOMBRE_EQUIP": "Punto acopio exportacion", "TON_VEREDA": 195.76, "AREA_HA_VEREDA": 175.56, "AREA_EQUIP_M2": 332.6, "N_EQUIP_TIPO": 2}}, {"type": "Feature", "geometry": {"x": -75.10918708699995, "y": 3.690135471000076}, "properties": {"OBJECTID": 262, "VEREDA": "BOCA DE CUCUANA", "MUNICIPIO": "73504", "ESCENARIO": "E1", "CULTIVO": "Cafe sombrio", "TIPO_INFRA": "Tipo I - Produccion", "NOMBRE_EQUIP": "Vivero agroforestal", "TON_VEREDA": 356.98, "AREA_HA_VEREDA": 341.95, "AREA_EQUIP_M2": 771.2, "N_EQUIP_TIPO": 1}}, {"type": "Feature", "geometry": {"x": -75.09546154399999, "y": 3.9313661340000294}, "properties": {"OBJECTID": 263, "VEREDA": "BOCA DE CUCUANA", "MUNICIPIO": "73504", "ESCENARIO": "E1", "CULTIVO": "Cafe sombrio", "TIPO_INFRA": "Tipo II - Transformacion", "NOMBRE_EQUIP": "Planta cafe especial", "TON_VEREDA": 356.98, "AREA_HA_VEREDA": 341.95, "AREA_EQUIP_M2": 714.2, "N_EQUIP_TIPO": 1}}, {"type": "Feature", "geometry": {"x": -75.12229383099998, "y": 3.556646084000022}, "properties": {"OBJECTID": 264, "VEREDA": "BOCA DE CUCUANA", "MUNICIPIO": "73504", "ESCENARIO": "E1", "CULTIVO": "Cafe sombrio", "TIPO_INFRA": "Tipo III - Servicios", "NOMBRE_EQUIP": "Centro formacion agroforestal", "TON_VEREDA": 356.98, "AREA_HA_VEREDA": 341.95, "AREA_EQUIP_M2": 359.5, "N_EQUIP_TIPO": 2}}, {"type": "Feature", "geometry": {"x": -75.60320586299997, "y": 4.021727099000032}, "properties": {"OBJECTID": 265, "VEREDA": "BOCA DE CUCUANA", "MUNICIPIO": "73504", "ESCENARIO": "E1", "CULTIVO": "Cafe sombrio", "TIPO_INFRA": "Tipo III - Servicios", "NOMBRE_EQUIP": "Punto acopio exportacion", "TON_VEREDA": 356.98, "AREA_HA_VEREDA": 341.95, "AREA_EQUIP_M2": 359.5, "N_EQUIP_TIPO": 2}}, {"type": "Feature", "geometry": {"x": -75.15355074399997, "y": 3.467760156000054}, "properties": {"OBJECTID": 266, "VEREDA": "MESA DE ORTEGA", "MUNICIPIO": "73504", "ESCENARIO": "E1", "CULTIVO": "Cafe sombrio", "TIPO_INFRA": "Tipo I - Produccion", "NOMBRE_EQUIP": "Vivero agroforestal", "TON_VEREDA": 2462.88, "AREA_HA_VEREDA": 2575.7, "AREA_EQUIP_M2": 2000, "N_EQUIP_TIPO": 5}}, {"type": "Feature", "geometry": {"x": -75.06349800299995, "y": 3.5906778260000465}, "properties": {"OBJECTID": 267, "VEREDA": "MESA DE ORTEGA", "MUNICIPIO": "73504", "ESCENARIO": "E1", "CULTIVO": "Cafe sombrio", "TIPO_INFRA": "Tipo I - Produccion", "NOMBRE_EQUIP": "Beneficiadero ecologico", "TON_VEREDA": 2462.88, "AREA_HA_VEREDA": 2575.7, "AREA_EQUIP_M2": 2000, "N_EQUIP_TIPO": 5}}, {"type": "Feature", "geometry": {"x": -75.34436876799998, "y": 3.8077970930000333}, "properties": {"OBJECTID": 268, "VEREDA": "MESA DE ORTEGA", "MUNICIPIO": "73504", "ESCENARIO": "E1", "CULTIVO": "Cafe sombrio", "TIPO_INFRA": "Tipo I - Produccion", "NOMBRE_EQUIP": "Secadero solar", "TON_VEREDA": 2462.88, "AREA_HA_VEREDA": 2575.7, "AREA_EQUIP_M2": 2000, "N_EQUIP_TIPO": 5}}, {"type": "Feature", "geometry": {"x": -75.11569854999993, "y": 3.6943196390000708}, "properties": {"OBJECTID": 269, "VEREDA": "MESA DE ORTEGA", "MUNICIPIO": "73504", "ESCENARIO": "E1", "CULTIVO": "Cafe sombrio", "TIPO_INFRA": "Tipo I - Produccion", "NOMBRE_EQUIP": "Compostaje", "TON_VEREDA": 2462.88, "AREA_HA_VEREDA": 2575.7, "AREA_EQUIP_M2": 2000, "N_EQUIP_TIPO": 5}}, {"type": "Feature", "geometry": {"x": -75.15333469799998, "y": 3.473423490000073}, "properties": {"OBJECTID": 270, "VEREDA": "MESA DE ORTEGA", "MUNICIPIO": "73504", "ESCENARIO": "E1", "CULTIVO": "Cafe sombrio", "TIPO_INFRA": "Tipo I - Produccion", "NOMBRE_EQUIP": "Lombricultivo", "TON_VEREDA": 2462.88, "AREA_HA_VEREDA": 2575.7, "AREA_EQUIP_M2": 2000, "N_EQUIP_TIPO": 5}}, {"type": "Feature", "geometry": {"x": -75.26140961299996, "y": 4.014771720000056}, "properties": {"OBJECTID": 271, "VEREDA": "MESA DE ORTEGA", "MUNICIPIO": "73504", "ESCENARIO": "E1", "CULTIVO": "Cafe sombrio", "TIPO_INFRA": "Tipo II - Transformacion", "NOMBRE_EQUIP": "Planta cafe especial", "TON_VEREDA": 2462.88, "AREA_HA_VEREDA": 2575.7, "AREA_EQUIP_M2": 1977.7, "N_EQUIP_TIPO": 1}}, {"type": "Feature", "geometry": {"x": -75.21879057799998, "y": 3.935442644000034}, "properties": {"OBJECTID": 272, "VEREDA": "MESA DE ORTEGA", "MUNICIPIO": "73504", "ESCENARIO": "E1", "CULTIVO": "Cafe sombrio", "TIPO_INFRA": "Tipo III - Servicios", "NOMBRE_EQUIP": "Centro formacion agroforestal", "TON_VEREDA": 2462.88, "AREA_HA_VEREDA": 2575.7, "AREA_EQUIP_M2": 710.5, "N_EQUIP_TIPO": 2}}, {"type": "Feature", "geometry": {"x": -75.21742067999998, "y": 3.935246057000029}, "properties": {"OBJECTID": 273, "VEREDA": "MESA DE ORTEGA", "MUNICIPIO": "73504", "ESCENARIO": "E1", "CULTIVO": "Cafe sombrio", "TIPO_INFRA": "Tipo III - Servicios", "NOMBRE_EQUIP": "Punto acopio exportacion", "TON_VEREDA": 2462.88, "AREA_HA_VEREDA": 2575.7, "AREA_EQUIP_M2": 710.5, "N_EQUIP_TIPO": 2}}, {"type": "Feature", "geometry": {"x": -75.24000998199995, "y": 3.996801577000042}, "properties": {"OBJECTID": 274, "VEREDA": "LAS PALMAS", "MUNICIPIO": "73504", "ESCENARIO": "E1", "CULTIVO": "Cafe sombrio", "TIPO_INFRA": "Tipo I - Produccion", "NOMBRE_EQUIP": "Vivero agroforestal", "TON_VEREDA": 9.72, "AREA_HA_VEREDA": 12.15, "AREA_EQUIP_M2": 215.6, "N_EQUIP_TIPO": 1}}, {"type": "Feature", "geometry": {"x": -75.28409357499999, "y": 4.042020871000034}, "properties": {"OBJECTID": 275, "VEREDA": "LAS PALMAS", "MUNICIPIO": "73504", "ESCENARIO": "E1", "CULTIVO": "Cafe sombrio", "TIPO_INFRA": "Tipo II - Transformacion", "NOMBRE_EQUIP": "Planta cafe especial", "TON_VEREDA": 9.72, "AREA_HA_VEREDA": 12.15, "AREA_EQUIP_M2": 505.8, "N_EQUIP_TIPO": 1}}, {"type": "Feature", "geometry": {"x": -75.17199876099994, "y": 3.6937011560000315}, "properties": {"OBJECTID": 276, "VEREDA": "LAS PALMAS", "MUNICIPIO": "73504", "ESCENARIO": "E1", "CULTIVO": "Cafe sombrio", "TIPO_INFRA": "Tipo III - Servicios", "NOMBRE_EQUIP": "Centro formacion agroforestal", "TON_VEREDA": 9.72, "AREA_HA_VEREDA": 12.15, "AREA_EQUIP_M2": 301.6, "N_EQUIP_TIPO": 2}}, {"type": "Feature", "geometry": {"x": -75.06746176199994, "y": 3.8211459770000715}, "properties": {"OBJECTID": 277, "VEREDA": "LAS PALMAS", "MUNICIPIO": "73504", "ESCENARIO": "E1", "CULTIVO": "Cafe sombrio", "TIPO_INFRA": "Tipo III - Servicios", "NOMBRE_EQUIP": "Punto acopio exportacion", "TON_VEREDA": 9.72, "AREA_HA_VEREDA": 12.15, "AREA_EQUIP_M2": 301.6, "N_EQUIP_TIPO": 2}}, {"type": "Feature", "geometry": {"x": -75.07189029999995, "y": 3.818347450000033}, "properties": {"OBJECTID": 278, "VEREDA": "CENTRO", "MUNICIPIO": "73504", "ESCENARIO": "E1", "CULTIVO": "Cafe sombrio", "TIPO_INFRA": "Tipo I - Produccion", "NOMBRE_EQUIP": "Vivero agroforestal", "TON_VEREDA": 98.11, "AREA_HA_VEREDA": 99.21, "AREA_EQUIP_M2": 357, "N_EQUIP_TIPO": 1}}, {"type": "Feature", "geometry": {"x": -75.24274404299996, "y": 3.922489141000028}, "properties": {"OBJECTID": 279, "VEREDA": "CENTRO", "MUNICIPIO": "73504", "ESCENARIO": "E1", "CULTIVO": "Cafe sombrio", "TIPO_INFRA": "Tipo II - Transformacion", "NOMBRE_EQUIP": "Planta cafe especial", "TON_VEREDA": 98.11, "AREA_HA_VEREDA": 99.21, "AREA_EQUIP_M2": 558.9, "N_EQUIP_TIPO": 1}}, {"type": "Feature", "geometry": {"x": -75.04493623199994, "y": 3.7031456130000606}, "properties": {"OBJECTID": 280, "VEREDA": "CENTRO", "MUNICIPIO": "73504", "ESCENARIO": "E1", "CULTIVO": "Cafe sombrio", "TIPO_INFRA": "Tipo III - Servicios", "NOMBRE_EQUIP": "Centro formacion agroforestal", "TON_VEREDA": 98.11, "AREA_HA_VEREDA": 99.21, "AREA_EQUIP_M2": 316.4, "N_EQUIP_TIPO": 2}}, {"type": "Feature", "geometry": {"x": -75.16575446899998, "y": 3.9698982220000403}, "properties": {"OBJECTID": 281, "VEREDA": "CENTRO", "MUNICIPIO": "73504", "ESCENARIO": "E1", "CULTIVO": "Cafe sombrio", "TIPO_INFRA": "Tipo III - Servicios", "NOMBRE_EQUIP": "Punto acopio exportacion", "TON_VEREDA": 98.11, "AREA_HA_VEREDA": 99.21, "AREA_EQUIP_M2": 316.4, "N_EQUIP_TIPO": 2}}, {"type": "Feature", "geometry": {"x": -74.97557973399995, "y": 3.7091900360000523}, "properties": {"OBJECTID": 282, "VEREDA": "PALERMO", "MUNICIPIO": "73504", "ESCENARIO": "E1", "CULTIVO": "Cafe sombrio", "TIPO_INFRA": "Tipo I - Produccion", "NOMBRE_EQUIP": "Vivero agroforestal", "TON_VEREDA": 529.33, "AREA_HA_VEREDA": 633.85, "AREA_EQUIP_M2": 1046.9, "N_EQUIP_TIPO": 1}}, {"type": "Feature", "geometry": {"x": -75.18027125899994, "y": 3.892262537000022}, "properties": {"OBJECTID": 283, "VEREDA": "PALERMO", "MUNICIPIO": "73504", "ESCENARIO": "E1", "CULTIVO": "Cafe sombrio", "TIPO_INFRA": "Tipo II - Transformacion", "NOMBRE_EQUIP": "Planta cafe especial", "TON_VEREDA": 529.33, "AREA_HA_VEREDA": 633.85, "AREA_EQUIP_M2": 817.6, "N_EQUIP_TIPO": 1}}, {"type": "Feature", "geometry": {"x": -75.07581645199997, "y": 3.672752176000074}, "properties": {"OBJECTID": 284, "VEREDA": "PALERMO", "MUNICIPIO": "73504", "ESCENARIO": "E1", "CULTIVO": "Cafe sombrio", "TIPO_INFRA": "Tipo III - Servicios", "NOMBRE_EQUIP": "Centro formacion agroforestal", "TON_VEREDA": 529.33, "AREA_HA_VEREDA": 633.85, "AREA_EQUIP_M2": 388.2, "N_EQUIP_TIPO": 2}}, {"type": "Feature", "geometry": {"x": -75.22282536999995, "y": 3.9351959730000203}, "properties": {"OBJECTID": 285, "VEREDA": "PALERMO", "MUNICIPIO": "73504", "ESCENARIO": "E1", "CULTIVO": "Cafe sombrio", "TIPO_INFRA": "Tipo III - Servicios", "NOMBRE_EQUIP": "Punto acopio exportacion", "TON_VEREDA": 529.33, "AREA_HA_VEREDA": 633.85, "AREA_EQUIP_M2": 388.2, "N_EQUIP_TIPO": 2}}, {"type": "Feature", "geometry": {"x": -75.06598789399999, "y": 3.813086892000058}, "properties": {"OBJECTID": 286, "VEREDA": "ACEITUNO", "MUNICIPIO": "73504", "ESCENARIO": "E1", "CULTIVO": "Cafe sombrio", "TIPO_INFRA": "Tipo I - Produccion", "NOMBRE_EQUIP": "Vivero agroforestal", "TON_VEREDA": 34.56, "AREA_HA_VEREDA": 26.79, "AREA_EQUIP_M2": 255.3, "N_EQUIP_TIPO": 1}}, {"type": "Feature", "geometry": {"x": -75.17376634999994, "y": 3.919988012000033}, "properties": {"OBJECTID": 287, "VEREDA": "ACEITUNO", "MUNICIPIO": "73504", "ESCENARIO": "E1", "CULTIVO": "Cafe sombrio", "TIPO_INFRA": "Tipo II - Transformacion", "NOMBRE_EQUIP": "Planta cafe especial", "TON_VEREDA": 34.56, "AREA_HA_VEREDA": 26.79, "AREA_EQUIP_M2": 520.7, "N_EQUIP_TIPO": 1}}, {"type": "Feature", "geometry": {"x": -75.21676514999996, "y": 3.9226985500000637}, "properties": {"OBJECTID": 288, "VEREDA": "ACEITUNO", "MUNICIPIO": "73504", "ESCENARIO": "E1", "CULTIVO": "Cafe sombrio", "TIPO_INFRA": "Tipo III - Servicios", "NOMBRE_EQUIP": "Centro formacion agroforestal", "TON_VEREDA": 34.56, "AREA_HA_VEREDA": 26.79, "AREA_EQUIP_M2": 305.8, "N_EQUIP_TIPO": 2}}, {"type": "Feature", "geometry": {"x": -75.27268320499996, "y": 4.0018594050000615}, "properties": {"OBJECTID": 289, "VEREDA": "ACEITUNO", "MUNICIPIO": "73504", "ESCENARIO": "E1", "CULTIVO": "Cafe sombrio", "TIPO_INFRA": "Tipo III - Servicios", "NOMBRE_EQUIP": "Punto acopio exportacion", "TON_VEREDA": 34.56, "AREA_HA_VEREDA": 26.79, "AREA_EQUIP_M2": 305.8, "N_EQUIP_TIPO": 2}}, {"type": "Feature", "geometry": {"x": -74.99082556199994, "y": 3.747881016000065}, "properties": {"OBJECTID": 290, "VEREDA": "SAN ANTINIO", "MUNICIPIO": "73504", "ESCENARIO": "E1", "CULTIVO": "Cafe sombrio", "TIPO_INFRA": "Tipo I - Produccion", "NOMBRE_EQUIP": "Vivero agroforestal", "TON_VEREDA": 362.67, "AREA_HA_VEREDA": 312.31, "AREA_EQUIP_M2": 780.3, "N_EQUIP_TIPO": 1}}, {"type": "Feature", "geometry": {"x": -75.15721370499995, "y": 3.9064378320000515}, "properties": {"OBJECTID": 291, "VEREDA": "SAN ANTINIO", "MUNICIPIO": "73504", "ESCENARIO": "E1", "CULTIVO": "Cafe sombrio", "TIPO_INFRA": "Tipo II - Transformacion", "NOMBRE_EQUIP": "Planta cafe especial", "TON_VEREDA": 362.67, "AREA_HA_VEREDA": 312.31, "AREA_EQUIP_M2": 717.6, "N_EQUIP_TIPO": 1}}, {"type": "Feature", "geometry": {"x": -75.10545610199995, "y": 3.6522321880000277}, "properties": {"OBJECTID": 292, "VEREDA": "SAN ANTINIO", "MUNICIPIO": "73504", "ESCENARIO": "E1", "CULTIVO": "Cafe sombrio", "TIPO_INFRA": "Tipo III - Servicios", "NOMBRE_EQUIP": "Centro formacion agroforestal", "TON_VEREDA": 362.67, "AREA_HA_VEREDA": 312.31, "AREA_EQUIP_M2": 360.4, "N_EQUIP_TIPO": 2}}, {"type": "Feature", "geometry": {"x": -75.12166590299995, "y": 3.9486519500000554}, "properties": {"OBJECTID": 293, "VEREDA": "SAN ANTINIO", "MUNICIPIO": "73504", "ESCENARIO": "E1", "CULTIVO": "Cafe sombrio", "TIPO_INFRA": "Tipo III - Servicios", "NOMBRE_EQUIP": "Punto acopio exportacion", "TON_VEREDA": 362.67, "AREA_HA_VEREDA": 312.31, "AREA_EQUIP_M2": 360.4, "N_EQUIP_TIPO": 2}}, {"type": "Feature", "geometry": {"x": -74.99276951899998, "y": 3.6751221850000206}, "properties": {"OBJECTID": 294, "VEREDA": "GUATAVITA", "MUNICIPIO": "73504", "ESCENARIO": "E1", "CULTIVO": "Cafe", "TIPO_INFRA": "Tipo I - Produccion", "NOMBRE_EQUIP": "Vivero cafe", "TON_VEREDA": 876.24, "AREA_HA_VEREDA": 820.92, "AREA_EQUIP_M2": 1602, "N_EQUIP_TIPO": 2}}, {"type": "Feature", "geometry": {"x": -75.13971635499996, "y": 3.4415473780000525}, "properties": {"OBJECTID": 295, "VEREDA": "GUATAVITA", "MUNICIPIO": "73504", "ESCENARIO": "E1", "CULTIVO": "Cafe", "TIPO_INFRA": "Tipo I - Produccion", "NOMBRE_EQUIP": "Beneficiadero humedo", "TON_VEREDA": 876.24, "AREA_HA_VEREDA": 820.92, "AREA_EQUIP_M2": 1602, "N_EQUIP_TIPO": 2}}, {"type": "Feature", "geometry": {"x": -75.15294807099997, "y": 3.900401102000046}, "properties": {"OBJECTID": 296, "VEREDA": "GUATAVITA", "MUNICIPIO": "73504", "ESCENARIO": "E1", "CULTIVO": "Cafe", "TIPO_INFRA": "Tipo II - Transformacion", "NOMBRE_EQUIP": "Planta trilla cafe", "TON_VEREDA": 876.24, "AREA_HA_VEREDA": 820.92, "AREA_EQUIP_M2": 1025.7, "N_EQUIP_TIPO": 1}}, {"type": "Feature", "geometry": {"x": -75.22206325699995, "y": 3.9274495930000626}, "properties": {"OBJECTID": 297, "VEREDA": "GUATAVITA", "MUNICIPIO": "73504", "ESCENARIO": "E1", "CULTIVO": "Cafe", "TIPO_INFRA": "Tipo III - Servicios", "NOMBRE_EQUIP": "Escuela campo cafeteros", "TON_VEREDA": 876.24, "AREA_HA_VEREDA": 820.92, "AREA_EQUIP_M2": 446, "N_EQUIP_TIPO": 2}}, {"type": "Feature", "geometry": {"x": -75.01538185699997, "y": 3.7246727730000657}, "properties": {"OBJECTID": 298, "VEREDA": "GUATAVITA", "MUNICIPIO": "73504", "ESCENARIO": "E1", "CULTIVO": "Cafe", "TIPO_INFRA": "Tipo III - Servicios", "NOMBRE_EQUIP": "Centro acopio cafe", "TON_VEREDA": 876.24, "AREA_HA_VEREDA": 820.92, "AREA_EQUIP_M2": 446, "N_EQUIP_TIPO": 2}}, {"type": "Feature", "geometry": {"x": -74.96893755499997, "y": 3.7284382220000225}, "properties": {"OBJECTID": 299, "VEREDA": "LA SORTIJA", "MUNICIPIO": "73504", "ESCENARIO": "E1", "CULTIVO": "Cafe sombrio", "TIPO_INFRA": "Tipo I - Produccion", "NOMBRE_EQUIP": "Vivero agroforestal", "TON_VEREDA": 570.29, "AREA_HA_VEREDA": 644.09, "AREA_EQUIP_M2": 1112.5, "N_EQUIP_TIPO": 1}}, {"type": "Feature", "geometry": {"x": -75.20395826199996, "y": 3.8839771130000713}, "properties": {"OBJECTID": 300, "VEREDA": "LA SORTIJA", "MUNICIPIO": "73504", "ESCENARIO": "E1", "CULTIVO": "Cafe sombrio", "TIPO_INFRA": "Tipo II - Transformacion", "NOMBRE_EQUIP": "Planta cafe especial", "TON_VEREDA": 570.29, "AREA_HA_VEREDA": 644.09, "AREA_EQUIP_M2": 842.2, "N_EQUIP_TIPO": 1}}, {"type": "Feature", "geometry": {"x": -75.14057384899996, "y": 3.7555229500000564}, "properties": {"OBJECTID": 301, "VEREDA": "LA SORTIJA", "MUNICIPIO": "73504", "ESCENARIO": "E1", "CULTIVO": "Cafe sombrio", "TIPO_INFRA": "Tipo III - Servicios", "NOMBRE_EQUIP": "Centro formacion agroforestal", "TON_VEREDA": 570.29, "AREA_HA_VEREDA": 644.09, "AREA_EQUIP_M2": 395, "N_EQUIP_TIPO": 2}}, {"type": "Feature", "geometry": {"x": -75.09975524699996, "y": 3.615318101000071}, "properties": {"OBJECTID": 302, "VEREDA": "LA SORTIJA", "MUNICIPIO": "73504", "ESCENARIO": "E1", "CULTIVO": "Cafe sombrio", "TIPO_INFRA": "Tipo III - Servicios", "NOMBRE_EQUIP": "Punto acopio exportacion", "TON_VEREDA": 570.29, "AREA_HA_VEREDA": 644.09, "AREA_EQUIP_M2": 395, "N_EQUIP_TIPO": 2}}, {"type": "Feature", "geometry": {"x": -75.25063210199994, "y": 3.8539249540000355}, "properties": {"OBJECTID": 303, "VEREDA": "POCARA", "MUNICIPIO": "73504", "ESCENARIO": "E1", "CULTIVO": "Cafe sombrio", "TIPO_INFRA": "Tipo I - Produccion", "NOMBRE_EQUIP": "Vivero agroforestal", "TON_VEREDA": 789.83, "AREA_HA_VEREDA": 861.06, "AREA_EQUIP_M2": 1463.7, "N_EQUIP_TIPO": 2}}, {"type": "Feature", "geometry": {"x": -75.17222467199997, "y": 3.8556267890000413}, "properties": {"OBJECTID": 304, "VEREDA": "POCARA", "MUNICIPIO": "73504", "ESCENARIO": "E1", "CULTIVO": "Cafe sombrio", "TIPO_INFRA": "Tipo I - Produccion", "NOMBRE_EQUIP": "Beneficiadero ecologico", "TON_VEREDA": 789.83, "AREA_HA_VEREDA": 861.06, "AREA_EQUIP_M2": 1463.7, "N_EQUIP_TIPO": 2}}, {"type": "Feature", "geometry": {"x": -75.23842883099996, "y": 3.8935489130000747}, "properties": {"OBJECTID": 305, "VEREDA": "POCARA", "MUNICIPIO": "73504", "ESCENARIO": "E1", "CULTIVO": "Cafe sombrio", "TIPO_INFRA": "Tipo II - Transformacion", "NOMBRE_EQUIP": "Planta cafe especial", "TON_VEREDA": 789.83, "AREA_HA_VEREDA": 861.06, "AREA_EQUIP_M2": 973.9, "N_EQUIP_TIPO": 1}}, {"type": "Feature", "geometry": {"x": -75.11387547099997, "y": 3.9822773620000476}, "properties": {"OBJECTID": 306, "VEREDA": "POCARA", "MUNICIPIO": "73504", "ESCENARIO": "E1", "CULTIVO": "Cafe sombrio", "TIPO_INFRA": "Tipo III - Servicios", "NOMBRE_EQUIP": "Centro formacion agroforestal", "TON_VEREDA": 789.83, "AREA_HA_VEREDA": 861.06, "AREA_EQUIP_M2": 431.6, "N_EQUIP_TIPO": 2}}, {"type": "Feature", "geometry": {"x": -75.26550634799997, "y": 3.9686189370000307}, "properties": {"OBJECTID": 307, "VEREDA": "POCARA", "MUNICIPIO": "73504", "ESCENARIO": "E1", "CULTIVO": "Cafe sombrio", "TIPO_INFRA": "Tipo III - Servicios", "NOMBRE_EQUIP": "Punto acopio exportacion", "TON_VEREDA": 789.83, "AREA_HA_VEREDA": 861.06, "AREA_EQUIP_M2": 431.6, "N_EQUIP_TIPO": 2}}, {"type": "Feature", "geometry": {"x": -75.09476048899995, "y": 3.6171478950000733}, "properties": {"OBJECTID": 308, "VEREDA": "ARROYUELO", "MUNICIPIO": "73504", "ESCENARIO": "E1", "CULTIVO": "Cafe sombrio", "TIPO_INFRA": "Tipo I - Produccion", "NOMBRE_EQUIP": "Vivero agroforestal", "TON_VEREDA": 533.06, "AREA_HA_VEREDA": 584.8, "AREA_EQUIP_M2": 1052.9, "N_EQUIP_TIPO": 1}}, {"type": "Feature", "geometry": {"x": -75.20279776099994, "y": 3.9152158360000726}, "properties": {"OBJECTID": 309, "VEREDA": "ARROYUELO", "MUNICIPIO": "73504", "ESCENARIO": "E1", "CULTIVO": "Cafe sombrio", "TIPO_INFRA": "Tipo II - Transformacion", "NOMBRE_EQUIP": "Planta cafe especial", "TON_VEREDA": 533.06, "AREA_HA_VEREDA": 584.8, "AREA_EQUIP_M2": 819.8, "N_EQUIP_TIPO": 1}}, {"type": "Feature", "geometry": {"x": -75.13790586099998, "y": 3.91512276800006}, "properties": {"OBJECTID": 310, "VEREDA": "ARROYUELO", "MUNICIPIO": "73504", "ESCENARIO": "E1", "CULTIVO": "Cafe sombrio", "TIPO_INFRA": "Tipo III - Servicios", "NOMBRE_EQUIP": "Centro formacion agroforestal", "TON_VEREDA": 533.06, "AREA_HA_VEREDA": 584.8, "AREA_EQUIP_M2": 388.8, "N_EQUIP_TIPO": 2}}, {"type": "Feature", "geometry": {"x": -75.12542634999994, "y": 3.916531500000076}, "properties": {"OBJECTID": 311, "VEREDA": "ARROYUELO", "MUNICIPIO": "73504", "ESCENARIO": "E1", "CULTIVO": "Cafe sombrio", "TIPO_INFRA": "Tipo III - Servicios", "NOMBRE_EQUIP": "Punto acopio exportacion", "TON_VEREDA": 533.06, "AREA_HA_VEREDA": 584.8, "AREA_EQUIP_M2": 388.8, "N_EQUIP_TIPO": 2}}, {"type": "Feature", "geometry": {"x": -75.23707554199996, "y": 3.7289563350000208}, "properties": {"OBJECTID": 312, "VEREDA": "TAQUIMA", "MUNICIPIO": "73504", "ESCENARIO": "E1", "CULTIVO": "Cafe sombrio", "TIPO_INFRA": "Tipo I - Produccion", "NOMBRE_EQUIP": "Vivero agroforestal", "TON_VEREDA": 436.46, "AREA_HA_VEREDA": 488.69, "AREA_EQUIP_M2": 898.3, "N_EQUIP_TIPO": 1}}, {"type": "Feature", "geometry": {"x": -75.28169926699996, "y": 3.9044422200000213}, "properties": {"OBJECTID": 313, "VEREDA": "TAQUIMA", "MUNICIPIO": "73504", "ESCENARIO": "E1", "CULTIVO": "Cafe sombrio", "TIPO_INFRA": "Tipo II - Transformacion", "NOMBRE_EQUIP": "Planta cafe especial", "TON_VEREDA": 436.46, "AREA_HA_VEREDA": 488.69, "AREA_EQUIP_M2": 761.9, "N_EQUIP_TIPO": 1}}, {"type": "Feature", "geometry": {"x": -75.22068358499996, "y": 3.930817682000054}, "properties": {"OBJECTID": 314, "VEREDA": "TAQUIMA", "MUNICIPIO": "73504", "ESCENARIO": "E1", "CULTIVO": "Cafe sombrio", "TIPO_INFRA": "Tipo III - Servicios", "NOMBRE_EQUIP": "Centro formacion agroforestal", "TON_VEREDA": 436.46, "AREA_HA_VEREDA": 488.69, "AREA_EQUIP_M2": 372.7, "N_EQUIP_TIPO": 2}}, {"type": "Feature", "geometry": {"x": -75.06100615499997, "y": 3.8218441410000423}, "properties": {"OBJECTID": 315, "VEREDA": "TAQUIMA", "MUNICIPIO": "73504", "ESCENARIO": "E1", "CULTIVO": "Cafe sombrio", "TIPO_INFRA": "Tipo III - Servicios", "NOMBRE_EQUIP": "Punto acopio exportacion", "TON_VEREDA": 436.46, "AREA_HA_VEREDA": 488.69, "AREA_EQUIP_M2": 372.7, "N_EQUIP_TIPO": 2}}, {"type": "Feature", "geometry": {"x": -75.15871761099999, "y": 3.4793388000000505}, "properties": {"OBJECTID": 316, "VEREDA": "LOANY TOY", "MUNICIPIO": "73504", "ESCENARIO": "E1", "CULTIVO": "Cafe sombrio", "TIPO_INFRA": "Tipo I - Produccion", "NOMBRE_EQUIP": "Vivero agroforestal", "TON_VEREDA": 390.18, "AREA_HA_VEREDA": 285.57, "AREA_EQUIP_M2": 824.3, "N_EQUIP_TIPO": 1}}, {"type": "Feature", "geometry": {"x": -75.27338319399996, "y": 3.9446025630000463}, "properties": {"OBJECTID": 317, "VEREDA": "LOANY TOY", "MUNICIPIO": "73504", "ESCENARIO": "E1", "CULTIVO": "Cafe sombrio", "TIPO_INFRA": "Tipo II - Transformacion", "NOMBRE_EQUIP": "Planta cafe especial", "TON_VEREDA": 390.18, "AREA_HA_VEREDA": 285.57, "AREA_EQUIP_M2": 734.1, "N_EQUIP_TIPO": 1}}, {"type": "Feature", "geometry": {"x": -75.04438624899996, "y": 3.75345462100006}, "properties": {"OBJECTID": 318, "VEREDA": "LOANY TOY", "MUNICIPIO": "73504", "ESCENARIO": "E1", "CULTIVO": "Cafe sombrio", "TIPO_INFRA": "Tipo III - Servicios", "NOMBRE_EQUIP": "Centro formacion agroforestal", "TON_VEREDA": 390.18, "AREA_HA_VEREDA": 285.57, "AREA_EQUIP_M2": 365, "N_EQUIP_TIPO": 2}}, {"type": "Feature", "geometry": {"x": -75.28445325199993, "y": 3.855453717000046}, "properties": {"OBJECTID": 319, "VEREDA": "LOANY TOY", "MUNICIPIO": "73504", "ESCENARIO": "E1", "CULTIVO": "Cafe sombrio", "TIPO_INFRA": "Tipo III - Servicios", "NOMBRE_EQUIP": "Punto acopio exportacion", "TON_VEREDA": 390.18, "AREA_HA_VEREDA": 285.57, "AREA_EQUIP_M2": 365, "N_EQUIP_TIPO": 2}}, {"type": "Feature", "geometry": {"x": -75.09439726899996, "y": 3.9712775780000698}, "properties": {"OBJECTID": 320, "VEREDA": "PILU", "MUNICIPIO": "73504", "ESCENARIO": "E1", "CULTIVO": "Cafe sombrio", "TIPO_INFRA": "Tipo I - Produccion", "NOMBRE_EQUIP": "Vivero agroforestal", "TON_VEREDA": 135.63, "AREA_HA_VEREDA": 162.15, "AREA_EQUIP_M2": 417, "N_EQUIP_TIPO": 1}}, {"type": "Feature", "geometry": {"x": -75.30525579499994, "y": 3.934036560000038}, "properties": {"OBJECTID": 321, "VEREDA": "PILU", "MUNICIPIO": "73504", "ESCENARIO": "E1", "CULTIVO": "Cafe sombrio", "TIPO_INFRA": "Tipo II - Transformacion", "NOMBRE_EQUIP": "Planta cafe especial", "TON_VEREDA": 135.63, "AREA_HA_VEREDA": 162.15, "AREA_EQUIP_M2": 581.4, "N_EQUIP_TIPO": 1}}, {"type": "Feature", "geometry": {"x": -75.05388412999997, "y": 3.774388044000034}, "properties": {"OBJECTID": 322, "VEREDA": "PILU", "MUNICIPIO": "73504", "ESCENARIO": "E1", "CULTIVO": "Cafe sombrio", "TIPO_INFRA": "Tipo III - Servicios", "NOMBRE_EQUIP": "Centro formacion agroforestal", "TON_VEREDA": 135.63, "AREA_HA_VEREDA": 162.15, "AREA_EQUIP_M2": 322.6, "N_EQUIP_TIPO": 2}}, {"type": "Feature", "geometry": {"x": -75.60062693499998, "y": 4.011915735000059}, "properties": {"OBJECTID": 323, "VEREDA": "PILU", "MUNICIPIO": "73504", "ESCENARIO": "E1", "CULTIVO": "Cafe sombrio", "TIPO_INFRA": "Tipo III - Servicios", "NOMBRE_EQUIP": "Punto acopio exportacion", "TON_VEREDA": 135.63, "AREA_HA_VEREDA": 162.15, "AREA_EQUIP_M2": 322.6, "N_EQUIP_TIPO": 2}}, {"type": "Feature", "geometry": {"x": -75.08901276599994, "y": 3.814135924000027}, "properties": {"OBJECTID": 324, "VEREDA": "EL VERGEL", "MUNICIPIO": "73504", "ESCENARIO": "E1", "CULTIVO": "Cafe sombrio", "TIPO_INFRA": "Tipo I - Produccion", "NOMBRE_EQUIP": "Vivero agroforestal", "TON_VEREDA": 179.41, "AREA_HA_VEREDA": 224.26, "AREA_EQUIP_M2": 487.1, "N_EQUIP_TIPO": 1}}, {"type": "Feature", "geometry": {"x": -75.30579497299993, "y": 3.9563337450000517}, "properties": {"OBJECTID": 325, "VEREDA": "EL VERGEL", "MUNICIPIO": "73504", "ESCENARIO": "E1", "CULTIVO": "Cafe sombrio", "TIPO_INFRA": "Tipo II - Transformacion", "NOMBRE_EQUIP": "Planta cafe especial", "TON_VEREDA": 179.41, "AREA_HA_VEREDA": 224.26, "AREA_EQUIP_M2": 607.6, "N_EQUIP_TIPO": 1}}, {"type": "Feature", "geometry": {"x": -75.29347756799996, "y": 3.8816177740000626}, "properties": {"OBJECTID": 326, "VEREDA": "EL VERGEL", "MUNICIPIO": "73504", "ESCENARIO": "E1", "CULTIVO": "Cafe sombrio", "TIPO_INFRA": "Tipo III - Servicios", "NOMBRE_EQUIP": "Centro formacion agroforestal", "TON_VEREDA": 179.41, "AREA_HA_VEREDA": 224.26, "AREA_EQUIP_M2": 329.9, "N_EQUIP_TIPO": 2}}, {"type": "Feature", "geometry": {"x": -75.22169145999999, "y": 3.938985348000074}, "properties": {"OBJECTID": 327, "VEREDA": "EL VERGEL", "MUNICIPIO": "73504", "ESCENARIO": "E1", "CULTIVO": "Cafe sombrio", "TIPO_INFRA": "Tipo III - Servicios", "NOMBRE_EQUIP": "Punto acopio exportacion", "TON_VEREDA": 179.41, "AREA_HA_VEREDA": 224.26, "AREA_EQUIP_M2": 329.9, "N_EQUIP_TIPO": 2}}, {"type": "Feature", "geometry": {"x": -75.27904987599999, "y": 4.042356450000057}, "properties": {"OBJECTID": 328, "VEREDA": "PORVENIR", "MUNICIPIO": "73504", "ESCENARIO": "E1", "CULTIVO": "Cafe sombrio", "TIPO_INFRA": "Tipo I - Produccion", "NOMBRE_EQUIP": "Vivero agroforestal", "TON_VEREDA": 4.38, "AREA_HA_VEREDA": 5.47, "AREA_EQUIP_M2": 207, "N_EQUIP_TIPO": 1}}, {"type": "Feature", "geometry": {"x": -75.32836299499996, "y": 3.9579309190000345}, "properties": {"OBJECTID": 329, "VEREDA": "PORVENIR", "MUNICIPIO": "73504", "ESCENARIO": "E1", "CULTIVO": "Cafe sombrio", "TIPO_INFRA": "Tipo II - Transformacion", "NOMBRE_EQUIP": "Planta cafe especial", "TON_VEREDA": 4.38, "AREA_HA_VEREDA": 5.47, "AREA_EQUIP_M2": 502.6, "N_EQUIP_TIPO": 1}}, {"type": "Feature", "geometry": {"x": -75.06231439599998, "y": 3.819716890000052}, "properties": {"OBJECTID": 330, "VEREDA": "PORVENIR", "MUNICIPIO": "73504", "ESCENARIO": "E1", "CULTIVO": "Cafe sombrio", "TIPO_INFRA": "Tipo III - Servicios", "NOMBRE_EQUIP": "Centro formacion agroforestal", "TON_VEREDA": 4.38, "AREA_HA_VEREDA": 5.47, "AREA_EQUIP_M2": 300.7, "N_EQUIP_TIPO": 2}}, {"type": "Feature", "geometry": {"x": -75.12211231599997, "y": 3.6993114520000745}, "properties": {"OBJECTID": 331, "VEREDA": "PORVENIR", "MUNICIPIO": "73504", "ESCENARIO": "E1", "CULTIVO": "Cafe sombrio", "TIPO_INFRA": "Tipo III - Servicios", "NOMBRE_EQUIP": "Punto acopio exportacion", "TON_VEREDA": 4.38, "AREA_HA_VEREDA": 5.47, "AREA_EQUIP_M2": 300.7, "N_EQUIP_TIPO": 2}}, {"type": "Feature", "geometry": {"x": -75.11215811799997, "y": 3.7982690000000616}, "properties": {"OBJECTID": 332, "VEREDA": "LAS BRISAS", "MUNICIPIO": "73504", "ESCENARIO": "E1", "CULTIVO": "Cafe sombrio", "TIPO_INFRA": "Tipo I - Produccion", "NOMBRE_EQUIP": "Vivero agroforestal", "TON_VEREDA": 27.78, "AREA_HA_VEREDA": 34.72, "AREA_EQUIP_M2": 244.4, "N_EQUIP_TIPO": 1}}, {"type": "Feature", "geometry": {"x": -75.32938106599994, "y": 3.93440206300005}, "properties": {"OBJECTID": 333, "VEREDA": "LAS BRISAS", "MUNICIPIO": "73504", "ESCENARIO": "E1", "CULTIVO": "Cafe sombrio", "TIPO_INFRA": "Tipo II - Transformacion", "NOMBRE_EQUIP": "Planta cafe especial", "TON_VEREDA": 27.78, "AREA_HA_VEREDA": 34.72, "AREA_EQUIP_M2": 516.7, "N_EQUIP_TIPO": 1}}, {"type": "Feature", "geometry": {"x": -75.21726671699997, "y": 3.922873237000033}, "properties": {"OBJECTID": 334, "VEREDA": "LAS BRISAS", "MUNICIPIO": "73504", "ESCENARIO": "E1", "CULTIVO": "Cafe sombrio", "TIPO_INFRA": "Tipo III - Servicios", "NOMBRE_EQUIP": "Centro formacion agroforestal", "TON_VEREDA": 27.78, "AREA_HA_VEREDA": 34.72, "AREA_EQUIP_M2": 304.6, "N_EQUIP_TIPO": 2}}, {"type": "Feature", "geometry": {"x": -75.21837194899996, "y": 3.9364445570000726}, "properties": {"OBJECTID": 335, "VEREDA": "LAS BRISAS", "MUNICIPIO": "73504", "ESCENARIO": "E1", "CULTIVO": "Cafe sombrio", "TIPO_INFRA": "Tipo III - Servicios", "NOMBRE_EQUIP": "Punto acopio exportacion", "TON_VEREDA": 27.78, "AREA_HA_VEREDA": 34.72, "AREA_EQUIP_M2": 304.6, "N_EQUIP_TIPO": 2}}, {"type": "Feature", "geometry": {"x": -75.09941468199997, "y": 3.974364468000033}, "properties": {"OBJECTID": 336, "VEREDA": "MESA DE LIMON", "MUNICIPIO": "73504", "ESCENARIO": "E1", "CULTIVO": "Cafe sombrio", "TIPO_INFRA": "Tipo I - Produccion", "NOMBRE_EQUIP": "Vivero agroforestal", "TON_VEREDA": 15.4, "AREA_HA_VEREDA": 19.25, "AREA_EQUIP_M2": 224.6, "N_EQUIP_TIPO": 1}}, {"type": "Feature", "geometry": {"x": -75.33232343699996, "y": 3.9204247190000387}, "properties": {"OBJECTID": 337, "VEREDA": "MESA DE LIMON", "MUNICIPIO": "73504", "ESCENARIO": "E1", "CULTIVO": "Cafe sombrio", "TIPO_INFRA": "Tipo II - Transformacion", "NOMBRE_EQUIP": "Planta cafe especial", "TON_VEREDA": 15.4, "AREA_HA_VEREDA": 19.25, "AREA_EQUIP_M2": 509.2, "N_EQUIP_TIPO": 1}}, {"type": "Feature", "geometry": {"x": -75.10241241999995, "y": 3.9412719780000316}, "properties": {"OBJECTID": 338, "VEREDA": "MESA DE LIMON", "MUNICIPIO": "73504", "ESCENARIO": "E1", "CULTIVO": "Cafe sombrio", "TIPO_INFRA": "Tipo III - Servicios", "NOMBRE_EQUIP": "Centro formacion agroforestal", "TON_VEREDA": 15.4, "AREA_HA_VEREDA": 19.25, "AREA_EQUIP_M2": 302.6, "N_EQUIP_TIPO": 2}}, {"type": "Feature", "geometry": {"x": -75.33134834599997, "y": 3.8190130370000475}, "properties": {"OBJECTID": 339, "VEREDA": "MESA DE LIMON", "MUNICIPIO": "73504", "ESCENARIO": "E1", "CULTIVO": "Cafe sombrio", "TIPO_INFRA": "Tipo III - Servicios", "NOMBRE_EQUIP": "Punto acopio exportacion", "TON_VEREDA": 15.4, "AREA_HA_VEREDA": 19.25, "AREA_EQUIP_M2": 302.6, "N_EQUIP_TIPO": 2}}, {"type": "Feature", "geometry": {"x": -75.14586021899999, "y": 4.009098557000073}, "properties": {"OBJECTID": 340, "VEREDA": "SAMARIA", "MUNICIPIO": "73504", "ESCENARIO": "E1", "CULTIVO": "Cafe sombrio", "TIPO_INFRA": "Tipo I - Produccion", "NOMBRE_EQUIP": "Vivero agroforestal", "TON_VEREDA": 2.76, "AREA_HA_VEREDA": 3.45, "AREA_EQUIP_M2": 204.4, "N_EQUIP_TIPO": 1}}, {"type": "Feature", "geometry": {"x": -75.35200333299997, "y": 3.9073309860000336}, "properties": {"OBJECTID": 341, "VEREDA": "SAMARIA", "MUNICIPIO": "73504", "ESCENARIO": "E1", "CULTIVO": "Cafe sombrio", "TIPO_INFRA": "Tipo II - Transformacion", "NOMBRE_EQUIP": "Planta cafe especial", "TON_VEREDA": 2.76, "AREA_HA_VEREDA": 3.45, "AREA_EQUIP_M2": 501.7, "N_EQUIP_TIPO": 1}}, {"type": "Feature", "geometry": {"x": -75.09485233399994, "y": 3.6259253450000415}, "properties": {"OBJECTID": 342, "VEREDA": "SAMARIA", "MUNICIPIO": "73504", "ESCENARIO": "E1", "CULTIVO": "Cafe sombrio", "TIPO_INFRA": "Tipo III - Servicios", "NOMBRE_EQUIP": "Centro formacion agroforestal", "TON_VEREDA": 2.76, "AREA_HA_VEREDA": 3.45, "AREA_EQUIP_M2": 300.5, "N_EQUIP_TIPO": 2}}, {"type": "Feature", "geometry": {"x": -75.17176812699995, "y": 3.4423262490000752}, "properties": {"OBJECTID": 343, "VEREDA": "SAMARIA", "MUNICIPIO": "73504", "ESCENARIO": "E1", "CULTIVO": "Cafe sombrio", "TIPO_INFRA": "Tipo III - Servicios", "NOMBRE_EQUIP": "Punto acopio exportacion", "TON_VEREDA": 2.76, "AREA_HA_VEREDA": 3.45, "AREA_EQUIP_M2": 300.5, "N_EQUIP_TIPO": 2}}, {"type": "Feature", "geometry": {"x": -75.29072939499997, "y": 3.939144757000065}, "properties": {"OBJECTID": 344, "VEREDA": "OLAYA HERRERA", "MUNICIPIO": "73504", "ESCENARIO": "E1", "CULTIVO": "Cafe", "TIPO_INFRA": "Tipo I - Produccion", "NOMBRE_EQUIP": "Vivero cafe", "TON_VEREDA": 1077.26, "AREA_HA_VEREDA": 718.18, "AREA_EQUIP_M2": 1923.6, "N_EQUIP_TIPO": 2}}, {"type": "Feature", "geometry": {"x": -75.05484599999994, "y": 3.8046898000000624}, "properties": {"OBJECTID": 345, "VEREDA": "OLAYA HERRERA", "MUNICIPIO": "73504", "ESCENARIO": "E1", "CULTIVO": "Cafe", "TIPO_INFRA": "Tipo I - Produccion", "NOMBRE_EQUIP": "Beneficiadero humedo", "TON_VEREDA": 1077.26, "AREA_HA_VEREDA": 718.18, "AREA_EQUIP_M2": 1923.6, "N_EQUIP_TIPO": 2}}, {"type": "Feature", "geometry": {"x": -75.34292281499995, "y": 3.827269453000042}, "properties": {"OBJECTID": 346, "VEREDA": "OLAYA HERRERA", "MUNICIPIO": "73504", "ESCENARIO": "E1", "CULTIVO": "Cafe", "TIPO_INFRA": "Tipo II - Transformacion", "NOMBRE_EQUIP": "Planta trilla cafe", "TON_VEREDA": 1077.26, "AREA_HA_VEREDA": 718.18, "AREA_EQUIP_M2": 1146.4, "N_EQUIP_TIPO": 1}}, {"type": "Feature", "geometry": {"x": -75.10950340199997, "y": 3.772904355000037}, "properties": {"OBJECTID": 347, "VEREDA": "OLAYA HERRERA", "MUNICIPIO": "73504", "ESCENARIO": "E1", "CULTIVO": "Cafe", "TIPO_INFRA": "Tipo III - Servicios", "NOMBRE_EQUIP": "Escuela campo cafeteros", "TON_VEREDA": 1077.26, "AREA_HA_VEREDA": 718.18, "AREA_EQUIP_M2": 479.5, "N_EQUIP_TIPO": 2}}, {"type": "Feature", "geometry": {"x": -75.09309493399996, "y": 3.911530072000062}, "properties": {"OBJECTID": 348, "VEREDA": "OLAYA HERRERA", "MUNICIPIO": "73504", "ESCENARIO": "E1", "CULTIVO": "Cafe", "TIPO_INFRA": "Tipo III - Servicios", "NOMBRE_EQUIP": "Centro acopio cafe", "TON_VEREDA": 1077.26, "AREA_HA_VEREDA": 718.18, "AREA_EQUIP_M2": 479.5, "N_EQUIP_TIPO": 2}}, {"type": "Feature", "geometry": {"x": -75.14853123499995, "y": 3.45163872400002}, "properties": {"OBJECTID": 349, "VEREDA": "BOCA DE PERALONSO", "MUNICIPIO": "73504", "ESCENARIO": "E1", "CULTIVO": "Cafe sombrio", "TIPO_INFRA": "Tipo I - Produccion", "NOMBRE_EQUIP": "Vivero agroforestal", "TON_VEREDA": 410.08, "AREA_HA_VEREDA": 273.58, "AREA_EQUIP_M2": 856.1, "N_EQUIP_TIPO": 1}}, {"type": "Feature", "geometry": {"x": -75.28991265099995, "y": 3.8588729290000288}, "properties": {"OBJECTID": 350, "VEREDA": "BOCA DE PERALONSO", "MUNICIPIO": "73504", "ESCENARIO": "E1", "CULTIVO": "Cafe sombrio", "TIPO_INFRA": "Tipo II - Transformacion", "NOMBRE_EQUIP": "Planta cafe especial", "TON_VEREDA": 410.08, "AREA_HA_VEREDA": 273.58, "AREA_EQUIP_M2": 746.1, "N_EQUIP_TIPO": 1}}, {"type": "Feature", "geometry": {"x": -75.11388215399995, "y": 3.8914547920000473}, "properties": {"OBJECTID": 351, "VEREDA": "BOCA DE PERALONSO", "MUNICIPIO": "73504", "ESCENARIO": "E1", "CULTIVO": "Cafe sombrio", "TIPO_INFRA": "Tipo III - Servicios", "NOMBRE_EQUIP": "Centro formacion agroforestal", "TON_VEREDA": 410.08, "AREA_HA_VEREDA": 273.58, "AREA_EQUIP_M2": 368.3, "N_EQUIP_TIPO": 2}}, {"type": "Feature", "geometry": {"x": -75.15148906299999, "y": 3.927881626000044}, "properties": {"OBJECTID": 352, "VEREDA": "BOCA DE PERALONSO", "MUNICIPIO": "73504", "ESCENARIO": "E1", "CULTIVO": "Cafe sombrio", "TIPO_INFRA": "Tipo III - Servicios", "NOMBRE_EQUIP": "Punto acopio exportacion", "TON_VEREDA": 410.08, "AREA_HA_VEREDA": 273.58, "AREA_EQUIP_M2": 368.3, "N_EQUIP_TIPO": 2}}, {"type": "Feature", "geometry": {"x": -75.64113154399996, "y": 4.031129039000064}, "properties": {"OBJECTID": 353, "VEREDA": "NUEVA ESPERANZA - PLAYA VERDE", "MUNICIPIO": "73504", "ESCENARIO": "E1", "CULTIVO": "Cafe sombrio", "TIPO_INFRA": "Tipo I - Produccion", "NOMBRE_EQUIP": "Vivero agroforestal", "TON_VEREDA": 26.49, "AREA_HA_VEREDA": 32.93, "AREA_EQUIP_M2": 242.4, "N_EQUIP_TIPO": 1}}, {"type": "Feature", "geometry": {"x": -75.30862638999997, "y": 3.8752007940000226}, "properties": {"OBJECTID": 354, "VEREDA": "NUEVA ESPERANZA - PLAYA VERDE", "MUNICIPIO": "73504", "ESCENARIO": "E1", "CULTIVO": "Cafe sombrio", "TIPO_INFRA": "Tipo II - Transformacion", "NOMBRE_EQUIP": "Planta cafe especial", "TON_VEREDA": 26.49, "AREA_HA_VEREDA": 32.93, "AREA_EQUIP_M2": 515.9, "N_EQUIP_TIPO": 1}}, {"type": "Feature", "geometry": {"x": -75.10200190299997, "y": 3.532389326000043}, "properties": {"OBJECTID": 355, "VEREDA": "NUEVA ESPERANZA - PLAYA VERDE", "MUNICIPIO": "73504", "ESCENARIO": "E1", "CULTIVO": "Cafe sombrio", "TIPO_INFRA": "Tipo III - Servicios", "NOMBRE_EQUIP": "Centro formacion agroforestal", "TON_VEREDA": 26.49, "AREA_HA_VEREDA": 32.93, "AREA_EQUIP_M2": 304.4, "N_EQUIP_TIPO": 2}}, {"type": "Feature", "geometry": {"x": -75.08862236599998, "y": 3.9508574240000485}, "properties": {"OBJECTID": 356, "VEREDA": "NUEVA ESPERANZA - PLAYA VERDE", "MUNICIPIO": "73504", "ESCENARIO": "E1", "CULTIVO": "Cafe sombrio", "TIPO_INFRA": "Tipo III - Servicios", "NOMBRE_EQUIP": "Punto acopio exportacion", "TON_VEREDA": 26.49, "AREA_HA_VEREDA": 32.93, "AREA_EQUIP_M2": 304.4, "N_EQUIP_TIPO": 2}}, {"type": "Feature", "geometry": {"x": -75.16613836399995, "y": 3.7834471080000753}, "properties": {"OBJECTID": 357, "VEREDA": "PALOMA", "MUNICIPIO": "73504", "ESCENARIO": "E1", "CULTIVO": "Cafe sombrio", "TIPO_INFRA": "Tipo I - Produccion", "NOMBRE_EQUIP": "Vivero agroforestal", "TON_VEREDA": 230.66, "AREA_HA_VEREDA": 288.32, "AREA_EQUIP_M2": 569.1, "N_EQUIP_TIPO": 1}}, {"type": "Feature", "geometry": {"x": -75.30932405499993, "y": 3.9022810460000414}, "properties": {"OBJECTID": 358, "VEREDA": "PALOMA", "MUNICIPIO": "73504", "ESCENARIO": "E1", "CULTIVO": "Cafe sombrio", "TIPO_INFRA": "Tipo II - Transformacion", "NOMBRE_EQUIP": "Planta cafe especial", "TON_VEREDA": 230.66, "AREA_HA_VEREDA": 288.32, "AREA_EQUIP_M2": 638.4, "N_EQUIP_TIPO": 1}}, {"type": "Feature", "geometry": {"x": -75.07898729899995, "y": 3.6004523500000687}, "properties": {"OBJECTID": 359, "VEREDA": "PALOMA", "MUNICIPIO": "73504", "ESCENARIO": "E1", "CULTIVO": "Cafe sombrio", "TIPO_INFRA": "Tipo III - Servicios", "NOMBRE_EQUIP": "Centro formacion agroforestal", "TON_VEREDA": 230.66, "AREA_HA_VEREDA": 288.32, "AREA_EQUIP_M2": 338.4, "N_EQUIP_TIPO": 2}}, {"type": "Feature", "geometry": {"x": -75.14414268999997, "y": 4.010711582000056}, "properties": {"OBJECTID": 360, "VEREDA": "PALOMA", "MUNICIPIO": "73504", "ESCENARIO": "E1", "CULTIVO": "Cafe sombrio", "TIPO_INFRA": "Tipo III - Servicios", "NOMBRE_EQUIP": "Punto acopio exportacion", "TON_VEREDA": 230.66, "AREA_HA_VEREDA": 288.32, "AREA_EQUIP_M2": 338.4, "N_EQUIP_TIPO": 2}}, {"type": "Feature", "geometry": {"x": -75.25275371399994, "y": 4.056775833000074}, "properties": {"OBJECTID": 361, "VEREDA": "VUELTA DEL RIO", "MUNICIPIO": "73504", "ESCENARIO": "E1", "CULTIVO": "Cafe sombrio", "TIPO_INFRA": "Tipo I - Produccion", "NOMBRE_EQUIP": "Vivero agroforestal", "TON_VEREDA": 714.56, "AREA_HA_VEREDA": 609.98, "AREA_EQUIP_M2": 1343.3, "N_EQUIP_TIPO": 1}}, {"type": "Feature", "geometry": {"x": -75.19176648999996, "y": 3.8591460350000375}, "properties": {"OBJECTID": 362, "VEREDA": "VUELTA DEL RIO", "MUNICIPIO": "73504", "ESCENARIO": "E1", "CULTIVO": "Cafe sombrio", "TIPO_INFRA": "Tipo II - Transformacion", "NOMBRE_EQUIP": "Planta cafe especial", "TON_VEREDA": 714.56, "AREA_HA_VEREDA": 609.98, "AREA_EQUIP_M2": 928.7, "N_EQUIP_TIPO": 1}}, {"type": "Feature", "geometry": {"x": -75.02273158999998, "y": 3.72444192100005}, "properties": {"OBJECTID": 363, "VEREDA": "VUELTA DEL RIO", "MUNICIPIO": "73504", "ESCENARIO": "E1", "CULTIVO": "Cafe sombrio", "TIPO_INFRA": "Tipo III - Servicios", "NOMBRE_EQUIP": "Centro formacion agroforestal", "TON_VEREDA": 714.56, "AREA_HA_VEREDA": 609.98, "AREA_EQUIP_M2": 419.1, "N_EQUIP_TIPO": 2}}, {"type": "Feature", "geometry": {"x": -75.06133164799996, "y": 3.682679497000038}, "properties": {"OBJECTID": 364, "VEREDA": "VUELTA DEL RIO", "MUNICIPIO": "73504", "ESCENARIO": "E1", "CULTIVO": "Cafe sombrio", "TIPO_INFRA": "Tipo III - Servicios", "NOMBRE_EQUIP": "Punto acopio exportacion", "TON_VEREDA": 714.56, "AREA_HA_VEREDA": 609.98, "AREA_EQUIP_M2": 419.1, "N_EQUIP_TIPO": 2}}, {"type": "Feature", "geometry": {"x": -75.14274838099993, "y": 3.912730469000053}, "properties": {"OBJECTID": 365, "VEREDA": "AHICO", "MUNICIPIO": "73504", "ESCENARIO": "E1", "CULTIVO": "Cafe", "TIPO_INFRA": "Tipo I - Produccion", "NOMBRE_EQUIP": "Vivero cafe", "TON_VEREDA": 245.35, "AREA_HA_VEREDA": 163.57, "AREA_EQUIP_M2": 592.6, "N_EQUIP_TIPO": 1}}, {"type": "Feature", "geometry": {"x": -75.20802189799997, "y": 3.8366169070000637}, "properties": {"OBJECTID": 366, "VEREDA": "AHICO", "MUNICIPIO": "73504", "ESCENARIO": "E1", "CULTIVO": "Cafe", "TIPO_INFRA": "Tipo II - Transformacion", "NOMBRE_EQUIP": "Planta trilla cafe", "TON_VEREDA": 245.35, "AREA_HA_VEREDA": 163.57, "AREA_EQUIP_M2": 647.2, "N_EQUIP_TIPO": 1}}, {"type": "Feature", "geometry": {"x": -75.13723337099998, "y": 3.861961809000036}, "properties": {"OBJECTID": 367, "VEREDA": "AHICO", "MUNICIPIO": "73504", "ESCENARIO": "E1", "CULTIVO": "Cafe", "TIPO_INFRA": "Tipo III - Servicios", "NOMBRE_EQUIP": "Escuela campo cafeteros", "TON_VEREDA": 245.35, "AREA_HA_VEREDA": 163.57, "AREA_EQUIP_M2": 340.9, "N_EQUIP_TIPO": 2}}, {"type": "Feature", "geometry": {"x": -75.19073221199994, "y": 3.799035983000067}, "properties": {"OBJECTID": 368, "VEREDA": "AHICO", "MUNICIPIO": "73504", "ESCENARIO": "E1", "CULTIVO": "Cafe", "TIPO_INFRA": "Tipo III - Servicios", "NOMBRE_EQUIP": "Centro acopio cafe", "TON_VEREDA": 245.35, "AREA_HA_VEREDA": 163.57, "AREA_EQUIP_M2": 340.9, "N_EQUIP_TIPO": 2}}, {"type": "Feature", "geometry": {"x": -75.03143143299997, "y": 3.820473595000067}, "properties": {"OBJECTID": 369, "VEREDA": "LA CALERA", "MUNICIPIO": "73504", "ESCENARIO": "E1", "CULTIVO": "Cafe sombrio", "TIPO_INFRA": "Tipo I - Produccion", "NOMBRE_EQUIP": "Vivero agroforestal", "TON_VEREDA": 340.16, "AREA_HA_VEREDA": 337.98, "AREA_EQUIP_M2": 744.2, "N_EQUIP_TIPO": 1}}, {"type": "Feature", "geometry": {"x": -75.29979002699997, "y": 3.7856181470000365}, "properties": {"OBJECTID": 370, "VEREDA": "LA CALERA", "MUNICIPIO": "73504", "ESCENARIO": "E1", "CULTIVO": "Cafe sombrio", "TIPO_INFRA": "Tipo II - Transformacion", "NOMBRE_EQUIP": "Planta cafe especial", "TON_VEREDA": 340.16, "AREA_HA_VEREDA": 337.98, "AREA_EQUIP_M2": 704.1, "N_EQUIP_TIPO": 1}}, {"type": "Feature", "geometry": {"x": -75.06374152499995, "y": 3.677483253000048}, "properties": {"OBJECTID": 371, "VEREDA": "LA CALERA", "MUNICIPIO": "73504", "ESCENARIO": "E1", "CULTIVO": "Cafe sombrio", "TIPO_INFRA": "Tipo III - Servicios", "NOMBRE_EQUIP": "Centro formacion agroforestal", "TON_VEREDA": 340.16, "AREA_HA_VEREDA": 337.98, "AREA_EQUIP_M2": 356.7, "N_EQUIP_TIPO": 2}}, {"type": "Feature", "geometry": {"x": -74.99288103199996, "y": 3.670210065000049}, "properties": {"OBJECTID": 372, "VEREDA": "LA CALERA", "MUNICIPIO": "73504", "ESCENARIO": "E1", "CULTIVO": "Cafe sombrio", "TIPO_INFRA": "Tipo III - Servicios", "NOMBRE_EQUIP": "Punto acopio exportacion", "TON_VEREDA": 340.16, "AREA_HA_VEREDA": 337.98, "AREA_EQUIP_M2": 356.7, "N_EQUIP_TIPO": 2}}, {"type": "Feature", "geometry": {"x": -75.06576376299995, "y": 3.5606563870000514}, "properties": {"OBJECTID": 373, "VEREDA": "CANALI", "MUNICIPIO": "73504", "ESCENARIO": "E1", "CULTIVO": "Cafe sombrio", "TIPO_INFRA": "Tipo I - Produccion", "NOMBRE_EQUIP": "Vivero agroforestal", "TON_VEREDA": 748.27, "AREA_HA_VEREDA": 671.72, "AREA_EQUIP_M2": 1397.2, "N_EQUIP_TIPO": 1}}, {"type": "Feature", "geometry": {"x": -75.29402369299999, "y": 3.8140748030000395}, "properties": {"OBJECTID": 374, "VEREDA": "CANALI", "MUNICIPIO": "73504", "ESCENARIO": "E1", "CULTIVO": "Cafe sombrio", "TIPO_INFRA": "Tipo II - Transformacion", "NOMBRE_EQUIP": "Planta cafe especial", "TON_VEREDA": 748.27, "AREA_HA_VEREDA": 671.72, "AREA_EQUIP_M2": 949, "N_EQUIP_TIPO": 1}}, {"type": "Feature", "geometry": {"x": -75.12170395599998, "y": 3.9744856930000765}, "properties": {"OBJECTID": 375, "VEREDA": "CANALI", "MUNICIPIO": "73504", "ESCENARIO": "E1", "CULTIVO": "Cafe sombrio", "TIPO_INFRA": "Tipo III - Servicios", "NOMBRE_EQUIP": "Centro formacion agroforestal", "TON_VEREDA": 748.27, "AREA_HA_VEREDA": 671.72, "AREA_EQUIP_M2": 424.7, "N_EQUIP_TIPO": 2}}, {"type": "Feature", "geometry": {"x": -75.19196290899998, "y": 3.724230663000071}, "properties": {"OBJECTID": 376, "VEREDA": "CANALI", "MUNICIPIO": "73504", "ESCENARIO": "E1", "CULTIVO": "Cafe sombrio", "TIPO_INFRA": "Tipo III - Servicios", "NOMBRE_EQUIP": "Punto acopio exportacion", "TON_VEREDA": 748.27, "AREA_HA_VEREDA": 671.72, "AREA_EQUIP_M2": 424.7, "N_EQUIP_TIPO": 2}}, {"type": "Feature", "geometry": {"x": -75.13778311099998, "y": 3.4339850320000664}, "properties": {"OBJECTID": 377, "VEREDA": "RINCON DE CANALI", "MUNICIPIO": "73504", "ESCENARIO": "E1", "CULTIVO": "Cafe sombrio", "TIPO_INFRA": "Tipo I - Produccion", "NOMBRE_EQUIP": "Vivero agroforestal", "TON_VEREDA": 178.64, "AREA_HA_VEREDA": 186.59, "AREA_EQUIP_M2": 485.8, "N_EQUIP_TIPO": 1}}, {"type": "Feature", "geometry": {"x": -75.28174915599999, "y": 3.8460886550000737}, "properties": {"OBJECTID": 378, "VEREDA": "RINCON DE CANALI", "MUNICIPIO": "73504", "ESCENARIO": "E1", "CULTIVO": "Cafe sombrio", "TIPO_INFRA": "Tipo II - Transformacion", "NOMBRE_EQUIP": "Planta cafe especial", "TON_VEREDA": 178.64, "AREA_HA_VEREDA": 186.59, "AREA_EQUIP_M2": 607.2, "N_EQUIP_TIPO": 1}}, {"type": "Feature", "geometry": {"x": -75.31504049899996, "y": 3.9621650090000458}, "properties": {"OBJECTID": 379, "VEREDA": "RINCON DE CANALI", "MUNICIPIO": "73504", "ESCENARIO": "E1", "CULTIVO": "Cafe sombrio", "TIPO_INFRA": "Tipo III - Servicios", "NOMBRE_EQUIP": "Centro formacion agroforestal", "TON_VEREDA": 178.64, "AREA_HA_VEREDA": 186.59, "AREA_EQUIP_M2": 329.8, "N_EQUIP_TIPO": 2}}, {"type": "Feature", "geometry": {"x": -75.00133126799994, "y": 3.728693662000069}, "properties": {"OBJECTID": 380, "VEREDA": "RINCON DE CANALI", "MUNICIPIO": "73504", "ESCENARIO": "E1", "CULTIVO": "Cafe sombrio", "TIPO_INFRA": "Tipo III - Servicios", "NOMBRE_EQUIP": "Punto acopio exportacion", "TON_VEREDA": 178.64, "AREA_HA_VEREDA": 186.59, "AREA_EQUIP_M2": 329.8, "N_EQUIP_TIPO": 2}}, {"type": "Feature", "geometry": {"x": -75.20252021999994, "y": 4.088425570000027}, "properties": {"OBJECTID": 381, "VEREDA": "POTOSI", "MUNICIPIO": "73504", "ESCENARIO": "E1", "CULTIVO": "Cafe sombrio", "TIPO_INFRA": "Tipo I - Produccion", "NOMBRE_EQUIP": "Vivero agroforestal", "TON_VEREDA": 450.61, "AREA_HA_VEREDA": 396.92, "AREA_EQUIP_M2": 921, "N_EQUIP_TIPO": 1}}, {"type": "Feature", "geometry": {"x": -75.24684209399999, "y": 3.8590557250000757}, "properties": {"OBJECTID": 382, "VEREDA": "POTOSI", "MUNICIPIO": "73504", "ESCENARIO": "E1", "CULTIVO": "Cafe sombrio", "TIPO_INFRA": "Tipo II - Transformacion", "NOMBRE_EQUIP": "Planta cafe especial", "TON_VEREDA": 450.61, "AREA_HA_VEREDA": 396.92, "AREA_EQUIP_M2": 770.4, "N_EQUIP_TIPO": 1}}, {"type": "Feature", "geometry": {"x": -75.22234606499995, "y": 4.106187336000062}, "properties": {"OBJECTID": 383, "VEREDA": "POTOSI", "MUNICIPIO": "73504", "ESCENARIO": "E1", "CULTIVO": "Cafe sombrio", "TIPO_INFRA": "Tipo III - Servicios", "NOMBRE_EQUIP": "Centro formacion agroforestal", "TON_VEREDA": 450.61, "AREA_HA_VEREDA": 396.92, "AREA_EQUIP_M2": 375.1, "N_EQUIP_TIPO": 2}}, {"type": "Feature", "geometry": {"x": -75.12674346099999, "y": 3.7122191570000496}, "properties": {"OBJECTID": 384, "VEREDA": "POTOSI", "MUNICIPIO": "73504", "ESCENARIO": "E1", "CULTIVO": "Cafe sombrio", "TIPO_INFRA": "Tipo III - Servicios", "NOMBRE_EQUIP": "Punto acopio exportacion", "TON_VEREDA": 450.61, "AREA_HA_VEREDA": 396.92, "AREA_EQUIP_M2": 375.1, "N_EQUIP_TIPO": 2}}, {"type": "Feature", "geometry": {"x": -75.11890722299995, "y": 3.747511915000075}, "properties": {"OBJECTID": 385, "VEREDA": "CALLEJON DE CANALI", "MUNICIPIO": "73504", "ESCENARIO": "E1", "CULTIVO": "Cafe sombrio", "TIPO_INFRA": "Tipo I - Produccion", "NOMBRE_EQUIP": "Vivero agroforestal", "TON_VEREDA": 112.87, "AREA_HA_VEREDA": 141.09, "AREA_EQUIP_M2": 380.6, "N_EQUIP_TIPO": 1}}, {"type": "Feature", "geometry": {"x": -75.26140533399996, "y": 3.8427054880000355}, "properties": {"OBJECTID": 386, "VEREDA": "CALLEJON DE CANALI", "MUNICIPIO": "73504", "ESCENARIO": "E1", "CULTIVO": "Cafe sombrio", "TIPO_INFRA": "Tipo II - Transformacion", "NOMBRE_EQUIP": "Planta cafe especial", "TON_VEREDA": 112.87, "AREA_HA_VEREDA": 141.09, "AREA_EQUIP_M2": 567.7, "N_EQUIP_TIPO": 1}}, {"type": "Feature", "geometry": {"x": -75.19752179899996, "y": 3.796012800000028}, "properties": {"OBJECTID": 387, "VEREDA": "CALLEJON DE CANALI", "MUNICIPIO": "73504", "ESCENARIO": "E1", "CULTIVO": "Cafe sombrio", "TIPO_INFRA": "Tipo III - Servicios", "NOMBRE_EQUIP": "Centro formacion agroforestal", "TON_VEREDA": 112.87, "AREA_HA_VEREDA": 141.09, "AREA_EQUIP_M2": 318.8, "N_EQUIP_TIPO": 2}}, {"type": "Feature", "geometry": {"x": -75.31588493199996, "y": 3.961706889000027}, "properties": {"OBJECTID": 388, "VEREDA": "CALLEJON DE CANALI", "MUNICIPIO": "73504", "ESCENARIO": "E1", "CULTIVO": "Cafe sombrio", "TIPO_INFRA": "Tipo III - Servicios", "NOMBRE_EQUIP": "Punto acopio exportacion", "TON_VEREDA": 112.87, "AREA_HA_VEREDA": 141.09, "AREA_EQUIP_M2": 318.8, "N_EQUIP_TIPO": 2}}, {"type": "Feature", "geometry": {"x": -75.13235126199999, "y": 3.9964282140000478}, "properties": {"OBJECTID": 389, "VEREDA": "ALTO DE ORTEGA", "MUNICIPIO": "73504", "ESCENARIO": "E1", "CULTIVO": "Cafe sombrio", "TIPO_INFRA": "Tipo I - Produccion", "NOMBRE_EQUIP": "Vivero agroforestal", "TON_VEREDA": 168.83, "AREA_HA_VEREDA": 206.66, "AREA_EQUIP_M2": 470.1, "N_EQUIP_TIPO": 1}}, {"type": "Feature", "geometry": {"x": -75.28966730099995, "y": 3.9893358550000357}, "properties": {"OBJECTID": 390, "VEREDA": "ALTO DE ORTEGA", "MUNICIPIO": "73504", "ESCENARIO": "E1", "CULTIVO": "Cafe sombrio", "TIPO_INFRA": "Tipo II - Transformacion", "NOMBRE_EQUIP": "Planta cafe especial", "TON_VEREDA": 168.83, "AREA_HA_VEREDA": 206.66, "AREA_EQUIP_M2": 601.3, "N_EQUIP_TIPO": 1}}, {"type": "Feature", "geometry": {"x": -75.22923299799999, "y": 3.7800379880000605}, "properties": {"OBJECTID": 391, "VEREDA": "ALTO DE ORTEGA", "MUNICIPIO": "73504", "ESCENARIO": "E1", "CULTIVO": "Cafe sombrio", "TIPO_INFRA": "Tipo III - Servicios", "NOMBRE_EQUIP": "Centro formacion agroforestal", "TON_VEREDA": 168.83, "AREA_HA_VEREDA": 206.66, "AREA_EQUIP_M2": 328.1, "N_EQUIP_TIPO": 2}}, {"type": "Feature", "geometry": {"x": -75.21602421899996, "y": 3.9214159280000445}, "properties": {"OBJECTID": 392, "VEREDA": "ALTO DE ORTEGA", "MUNICIPIO": "73504", "ESCENARIO": "E1", "CULTIVO": "Cafe sombrio", "TIPO_INFRA": "Tipo III - Servicios", "NOMBRE_EQUIP": "Punto acopio exportacion", "TON_VEREDA": 168.83, "AREA_HA_VEREDA": 206.66, "AREA_EQUIP_M2": 328.1, "N_EQUIP_TIPO": 2}}, {"type": "Feature", "geometry": {"x": -75.06013702599995, "y": 3.8067750850000266}, "properties": {"OBJECTID": 393, "VEREDA": "CALARMA", "MUNICIPIO": "73504", "ESCENARIO": "E1", "CULTIVO": "Cafe sombrio", "TIPO_INFRA": "Tipo I - Produccion", "NOMBRE_EQUIP": "Vivero agroforestal", "TON_VEREDA": 650.21, "AREA_HA_VEREDA": 764.25, "AREA_EQUIP_M2": 1240.3, "N_EQUIP_TIPO": 1}}, {"type": "Feature", "geometry": {"x": -75.29312229499999, "y": 3.965474155000038}, "properties": {"OBJECTID": 394, "VEREDA": "CALARMA", "MUNICIPIO": "73504", "ESCENARIO": "E1", "CULTIVO": "Cafe sombrio", "TIPO_INFRA": "Tipo II - Transformacion", "NOMBRE_EQUIP": "Planta cafe especial", "TON_VEREDA": 650.21, "AREA_HA_VEREDA": 764.25, "AREA_EQUIP_M2": 890.1, "N_EQUIP_TIPO": 1}}, {"type": "Feature", "geometry": {"x": -75.05389982499997, "y": 3.774828788000036}, "properties": {"OBJECTID": 395, "VEREDA": "CALARMA", "MUNICIPIO": "73504", "ESCENARIO": "E1", "CULTIVO": "Cafe sombrio", "TIPO_INFRA": "Tipo III - Servicios", "NOMBRE_EQUIP": "Centro formacion agroforestal", "TON_VEREDA": 650.21, "AREA_HA_VEREDA": 764.25, "AREA_EQUIP_M2": 408.4, "N_EQUIP_TIPO": 2}}, {"type": "Feature", "geometry": {"x": -75.09489299999996, "y": 3.9119959010000684}, "properties": {"OBJECTID": 396, "VEREDA": "CALARMA", "MUNICIPIO": "73504", "ESCENARIO": "E1", "CULTIVO": "Cafe sombrio", "TIPO_INFRA": "Tipo III - Servicios", "NOMBRE_EQUIP": "Punto acopio exportacion", "TON_VEREDA": 650.21, "AREA_HA_VEREDA": 764.25, "AREA_EQUIP_M2": 408.4, "N_EQUIP_TIPO": 2}}, {"type": "Feature", "geometry": {"x": -75.32550141399997, "y": 3.908166417000075}, "properties": {"OBJECTID": 397, "VEREDA": "ALTOZANO", "MUNICIPIO": "73504", "ESCENARIO": "E1", "CULTIVO": "Cafe sombrio", "TIPO_INFRA": "Tipo I - Produccion", "NOMBRE_EQUIP": "Vivero agroforestal", "TON_VEREDA": 472.71, "AREA_HA_VEREDA": 505.58, "AREA_EQUIP_M2": 956.3, "N_EQUIP_TIPO": 1}}, {"type": "Feature", "geometry": {"x": -75.27409803299997, "y": 3.9706635500000402}, "properties": {"OBJECTID": 398, "VEREDA": "ALTOZANO", "MUNICIPIO": "73504", "ESCENARIO": "E1", "CULTIVO": "Cafe sombrio", "TIPO_INFRA": "Tipo II - Transformacion", "NOMBRE_EQUIP": "Planta cafe especial", "TON_VEREDA": 472.71, "AREA_HA_VEREDA": 505.58, "AREA_EQUIP_M2": 783.6, "N_EQUIP_TIPO": 1}}, {"type": "Feature", "geometry": {"x": -75.22446889999998, "y": 3.9343835500000637}, "properties": {"OBJECTID": 399, "VEREDA": "ALTOZANO", "MUNICIPIO": "73504", "ESCENARIO": "E1", "CULTIVO": "Cafe sombrio", "TIPO_INFRA": "Tipo III - Servicios", "NOMBRE_EQUIP": "Centro formacion agroforestal", "TON_VEREDA": 472.71, "AREA_HA_VEREDA": 505.58, "AREA_EQUIP_M2": 378.8, "N_EQUIP_TIPO": 2}}, {"type": "Feature", "geometry": {"x": -75.16643404999996, "y": 3.6982794000000467}, "properties": {"OBJECTID": 400, "VEREDA": "ALTOZANO", "MUNICIPIO": "73504", "ESCENARIO": "E1", "CULTIVO": "Cafe sombrio", "TIPO_INFRA": "Tipo III - Servicios", "NOMBRE_EQUIP": "Punto acopio exportacion", "TON_VEREDA": 472.71, "AREA_HA_VEREDA": 505.58, "AREA_EQUIP_M2": 378.8, "N_EQUIP_TIPO": 2}}, {"type": "Feature", "geometry": {"x": -75.05061562099996, "y": 3.650374103000047}, "properties": {"OBJECTID": 401, "VEREDA": "CHIQUINIMA", "MUNICIPIO": "73504", "ESCENARIO": "E1", "CULTIVO": "Cafe sombrio", "TIPO_INFRA": "Tipo I - Produccion", "NOMBRE_EQUIP": "Vivero agroforestal", "TON_VEREDA": 880.95, "AREA_HA_VEREDA": 844.24, "AREA_EQUIP_M2": 1609.5, "N_EQUIP_TIPO": 2}}, {"type": "Feature", "geometry": {"x": -75.08559478399997, "y": 3.9542904020000265}, "properties": {"OBJECTID": 402, "VEREDA": "CHIQUINIMA", "MUNICIPIO": "73504", "ESCENARIO": "E1", "CULTIVO": "Cafe sombrio", "TIPO_INFRA": "Tipo I - Produccion", "NOMBRE_EQUIP": "Beneficiadero ecologico", "TON_VEREDA": 880.95, "AREA_HA_VEREDA": 844.24, "AREA_EQUIP_M2": 1609.5, "N_EQUIP_TIPO": 2}}, {"type": "Feature", "geometry": {"x": -75.23356873699998, "y": 3.9786922880000475}, "properties": {"OBJECTID": 403, "VEREDA": "CHIQUINIMA", "MUNICIPIO": "73504", "ESCENARIO": "E1", "CULTIVO": "Cafe sombrio", "TIPO_INFRA": "Tipo II - Transformacion", "NOMBRE_EQUIP": "Planta cafe especial", "TON_VEREDA": 880.95, "AREA_HA_VEREDA": 844.24, "AREA_EQUIP_M2": 1028.6, "N_EQUIP_TIPO": 1}}, {"type": "Feature", "geometry": {"x": -75.19250944999999, "y": 3.795555400000069}, "properties": {"OBJECTID": 404, "VEREDA": "CHIQUINIMA", "MUNICIPIO": "73504", "ESCENARIO": "E1", "CULTIVO": "Cafe sombrio", "TIPO_INFRA": "Tipo III - Servicios", "NOMBRE_EQUIP": "Centro formacion agroforestal", "TON_VEREDA": 880.95, "AREA_HA_VEREDA": 844.24, "AREA_EQUIP_M2": 446.8, "N_EQUIP_TIPO": 2}}, {"type": "Feature", "geometry": {"x": -75.11685387099999, "y": 3.8331054220000738}, "properties": {"OBJECTID": 405, "VEREDA": "CHIQUINIMA", "MUNICIPIO": "73504", "ESCENARIO": "E1", "CULTIVO": "Cafe sombrio", "TIPO_INFRA": "Tipo III - Servicios", "NOMBRE_EQUIP": "Punto acopio exportacion", "TON_VEREDA": 880.95, "AREA_HA_VEREDA": 844.24, "AREA_EQUIP_M2": 446.8, "N_EQUIP_TIPO": 2}}, {"type": "Feature", "geometry": {"x": -75.15395532899998, "y": 3.4225676490000296}, "properties": {"OBJECTID": 406, "VEREDA": "GUAVIO", "MUNICIPIO": "73504", "ESCENARIO": "E1", "CULTIVO": "Cafe sombrio", "TIPO_INFRA": "Tipo I - Produccion", "NOMBRE_EQUIP": "Vivero agroforestal", "TON_VEREDA": 514.33, "AREA_HA_VEREDA": 521.03, "AREA_EQUIP_M2": 1022.9, "N_EQUIP_TIPO": 1}}, {"type": "Feature", "geometry": {"x": -75.22940168799994, "y": 4.029955912000048}, "properties": {"OBJECTID": 407, "VEREDA": "GUAVIO", "MUNICIPIO": "73504", "ESCENARIO": "E1", "CULTIVO": "Cafe sombrio", "TIPO_INFRA": "Tipo II - Transformacion", "NOMBRE_EQUIP": "Planta cafe especial", "TON_VEREDA": 514.33, "AREA_HA_VEREDA": 521.03, "AREA_EQUIP_M2": 808.6, "N_EQUIP_TIPO": 1}}, {"type": "Feature", "geometry": {"x": -75.09774234899999, "y": 3.6176282500000525}, "properties": {"OBJECTID": 408, "VEREDA": "GUAVIO", "MUNICIPIO": "73504", "ESCENARIO": "E1", "CULTIVO": "Cafe sombrio", "TIPO_INFRA": "Tipo III - Servicios", "NOMBRE_EQUIP": "Centro formacion agroforestal", "TON_VEREDA": 514.33, "AREA_HA_VEREDA": 521.03, "AREA_EQUIP_M2": 385.7, "N_EQUIP_TIPO": 2}}, {"type": "Feature", "geometry": {"x": -75.10486789899994, "y": 3.5298647500000584}, "properties": {"OBJECTID": 409, "VEREDA": "GUAVIO", "MUNICIPIO": "73504", "ESCENARIO": "E1", "CULTIVO": "Cafe sombrio", "TIPO_INFRA": "Tipo III - Servicios", "NOMBRE_EQUIP": "Punto acopio exportacion", "TON_VEREDA": 514.33, "AREA_HA_VEREDA": 521.03, "AREA_EQUIP_M2": 385.7, "N_EQUIP_TIPO": 2}}, {"type": "Feature", "geometry": {"x": -74.98813665099993, "y": 3.6464674470000205}, "properties": {"OBJECTID": 410, "VEREDA": "HATO DE IGLESIA", "MUNICIPIO": "73504", "ESCENARIO": "E1", "CULTIVO": "Cafe sombrio", "TIPO_INFRA": "Tipo I - Produccion", "NOMBRE_EQUIP": "Vivero agroforestal", "TON_VEREDA": 1591.81, "AREA_HA_VEREDA": 1803.94, "AREA_EQUIP_M2": 2000, "N_EQUIP_TIPO": 3}}, {"type": "Feature", "geometry": {"x": -75.20214131699998, "y": 3.4023725380000656}, "properties": {"OBJECTID": 411, "VEREDA": "HATO DE IGLESIA", "MUNICIPIO": "73504", "ESCENARIO": "E1", "CULTIVO": "Cafe sombrio", "TIPO_INFRA": "Tipo I - Produccion", "NOMBRE_EQUIP": "Beneficiadero ecologico", "TON_VEREDA": 1591.81, "AREA_HA_VEREDA": 1803.94, "AREA_EQUIP_M2": 2000, "N_EQUIP_TIPO": 3}}, {"type": "Feature", "geometry": {"x": -74.99394913199995, "y": 3.7488937260000625}, "properties": {"OBJECTID": 412, "VEREDA": "HATO DE IGLESIA", "MUNICIPIO": "73504", "ESCENARIO": "E1", "CULTIVO": "Cafe sombrio", "TIPO_INFRA": "Tipo I - Produccion", "NOMBRE_EQUIP": "Secadero solar", "TON_VEREDA": 1591.81, "AREA_HA_VEREDA": 1803.94, "AREA_EQUIP_M2": 2000, "N_EQUIP_TIPO": 3}}, {"type": "Feature", "geometry": {"x": -75.13427288299994, "y": 3.9584206470000254}, "properties": {"OBJECTID": 413, "VEREDA": "HATO DE IGLESIA", "MUNICIPIO": "73504", "ESCENARIO": "E1", "CULTIVO": "Cafe sombrio", "TIPO_INFRA": "Tipo II - Transformacion", "NOMBRE_EQUIP": "Planta cafe especial", "TON_VEREDA": 1591.81, "AREA_HA_VEREDA": 1803.94, "AREA_EQUIP_M2": 1455.1, "N_EQUIP_TIPO": 1}}, {"type": "Feature", "geometry": {"x": -75.07361512199998, "y": 3.6430704260000653}, "properties": {"OBJECTID": 414, "VEREDA": "HATO DE IGLESIA", "MUNICIPIO": "73504", "ESCENARIO": "E1", "CULTIVO": "Cafe sombrio", "TIPO_INFRA": "Tipo III - Servicios", "NOMBRE_EQUIP": "Centro formacion agroforestal", "TON_VEREDA": 1591.81, "AREA_HA_VEREDA": 1803.94, "AREA_EQUIP_M2": 565.3, "N_EQUIP_TIPO": 2}}, {"type": "Feature", "geometry": {"x": -75.02041930099995, "y": 3.6933618490000413}, "properties": {"OBJECTID": 415, "VEREDA": "HATO DE IGLESIA", "MUNICIPIO": "73504", "ESCENARIO": "E1", "CULTIVO": "Cafe sombrio", "TIPO_INFRA": "Tipo III - Servicios", "NOMBRE_EQUIP": "Punto acopio exportacion", "TON_VEREDA": 1591.81, "AREA_HA_VEREDA": 1803.94, "AREA_EQUIP_M2": 565.3, "N_EQUIP_TIPO": 2}}, {"type": "Feature", "geometry": {"x": -75.16569725899996, "y": 3.700795431000074}, "properties": {"OBJECTID": 416, "VEREDA": "BOCAS DE TETUAN", "MUNICIPIO": "73504", "ESCENARIO": "E1", "CULTIVO": "Cafe", "TIPO_INFRA": "Tipo I - Produccion", "NOMBRE_EQUIP": "Vivero cafe", "TON_VEREDA": 103.17, "AREA_HA_VEREDA": 68.78, "AREA_EQUIP_M2": 365.1, "N_EQUIP_TIPO": 1}}, {"type": "Feature", "geometry": {"x": -75.17667021899996, "y": 3.8660876590000726}, "properties": {"OBJECTID": 417, "VEREDA": "BOCAS DE TETUAN", "MUNICIPIO": "73504", "ESCENARIO": "E1", "CULTIVO": "Cafe", "TIPO_INFRA": "Tipo II - Transformacion", "NOMBRE_EQUIP": "Planta trilla cafe", "TON_VEREDA": 103.17, "AREA_HA_VEREDA": 68.78, "AREA_EQUIP_M2": 561.9, "N_EQUIP_TIPO": 1}}, {"type": "Feature", "geometry": {"x": -75.12306483499998, "y": 3.5900144750000322}, "properties": {"OBJECTID": 418, "VEREDA": "BOCAS DE TETUAN", "MUNICIPIO": "73504", "ESCENARIO": "E1", "CULTIVO": "Cafe", "TIPO_INFRA": "Tipo III - Servicios", "NOMBRE_EQUIP": "Escuela campo cafeteros", "TON_VEREDA": 103.17, "AREA_HA_VEREDA": 68.78, "AREA_EQUIP_M2": 317.2, "N_EQUIP_TIPO": 2}}, {"type": "Feature", "geometry": {"x": -75.09545912199997, "y": 3.9674218450000467}, "properties": {"OBJECTID": 419, "VEREDA": "BOCAS DE TETUAN", "MUNICIPIO": "73504", "ESCENARIO": "E1", "CULTIVO": "Cafe", "TIPO_INFRA": "Tipo III - Servicios", "NOMBRE_EQUIP": "Centro acopio cafe", "TON_VEREDA": 103.17, "AREA_HA_VEREDA": 68.78, "AREA_EQUIP_M2": 317.2, "N_EQUIP_TIPO": 2}}, {"type": "Feature", "geometry": {"x": -75.18365503299998, "y": 3.704175684000063}, "properties": {"OBJECTID": 420, "VEREDA": "EL SALADO", "MUNICIPIO": "73504", "ESCENARIO": "E1", "CULTIVO": "Cafe sombrio", "TIPO_INFRA": "Tipo I - Produccion", "NOMBRE_EQUIP": "Vivero agroforestal", "TON_VEREDA": 364.29, "AREA_HA_VEREDA": 391.57, "AREA_EQUIP_M2": 782.9, "N_EQUIP_TIPO": 1}}, {"type": "Feature", "geometry": {"x": -75.23930880999995, "y": 3.832321327000045}, "properties": {"OBJECTID": 421, "VEREDA": "EL SALADO", "MUNICIPIO": "73504", "ESCENARIO": "E1", "CULTIVO": "Cafe sombrio", "TIPO_INFRA": "Tipo II - Transformacion", "NOMBRE_EQUIP": "Planta cafe especial", "TON_VEREDA": 364.29, "AREA_HA_VEREDA": 391.57, "AREA_EQUIP_M2": 718.6, "N_EQUIP_TIPO": 1}}, {"type": "Feature", "geometry": {"x": -75.17611684699995, "y": 3.9159094840000535}, "properties": {"OBJECTID": 422, "VEREDA": "EL SALADO", "MUNICIPIO": "73504", "ESCENARIO": "E1", "CULTIVO": "Cafe sombrio", "TIPO_INFRA": "Tipo III - Servicios", "NOMBRE_EQUIP": "Centro formacion agroforestal", "TON_VEREDA": 364.29, "AREA_HA_VEREDA": 391.57, "AREA_EQUIP_M2": 360.7, "N_EQUIP_TIPO": 2}}, {"type": "Feature", "geometry": {"x": -75.09647400299997, "y": 3.620143219000056}, "properties": {"OBJECTID": 423, "VEREDA": "EL SALADO", "MUNICIPIO": "73504", "ESCENARIO": "E1", "CULTIVO": "Cafe sombrio", "TIPO_INFRA": "Tipo III - Servicios", "NOMBRE_EQUIP": "Punto acopio exportacion", "TON_VEREDA": 364.29, "AREA_HA_VEREDA": 391.57, "AREA_EQUIP_M2": 360.7, "N_EQUIP_TIPO": 2}}, {"type": "Feature", "geometry": {"x": -75.34051954999995, "y": 3.820257869000045}, "properties": {"OBJECTID": 424, "VEREDA": "MANGALES", "MUNICIPIO": "73504", "ESCENARIO": "E1", "CULTIVO": "Cafe sombrio", "TIPO_INFRA": "Tipo I - Produccion", "NOMBRE_EQUIP": "Vivero agroforestal", "TON_VEREDA": 44.87, "AREA_HA_VEREDA": 56.08, "AREA_EQUIP_M2": 271.8, "N_EQUIP_TIPO": 1}}, {"type": "Feature", "geometry": {"x": -75.33201923899998, "y": 3.8979291350000267}, "properties": {"OBJECTID": 425, "VEREDA": "MANGALES", "MUNICIPIO": "73504", "ESCENARIO": "E1", "CULTIVO": "Cafe sombrio", "TIPO_INFRA": "Tipo II - Transformacion", "NOMBRE_EQUIP": "Planta cafe especial", "TON_VEREDA": 44.87, "AREA_HA_VEREDA": 56.08, "AREA_EQUIP_M2": 526.9, "N_EQUIP_TIPO": 1}}, {"type": "Feature", "geometry": {"x": -75.12155893699997, "y": 3.900389050000058}, "properties": {"OBJECTID": 426, "VEREDA": "MANGALES", "MUNICIPIO": "73504", "ESCENARIO": "E1", "CULTIVO": "Cafe sombrio", "TIPO_INFRA": "Tipo III - Servicios", "NOMBRE_EQUIP": "Centro formacion agroforestal", "TON_VEREDA": 44.87, "AREA_HA_VEREDA": 56.08, "AREA_EQUIP_M2": 307.5, "N_EQUIP_TIPO": 2}}, {"type": "Feature", "geometry": {"x": -75.01751619299995, "y": 3.727433743000063}, "properties": {"OBJECTID": 427, "VEREDA": "MANGALES", "MUNICIPIO": "73504", "ESCENARIO": "E1", "CULTIVO": "Cafe sombrio", "TIPO_INFRA": "Tipo III - Servicios", "NOMBRE_EQUIP": "Punto acopio exportacion", "TON_VEREDA": 44.87, "AREA_HA_VEREDA": 56.08, "AREA_EQUIP_M2": 307.5, "N_EQUIP_TIPO": 2}}, {"type": "Feature", "geometry": {"x": -75.26779692199995, "y": 3.9801705100000504}, "properties": {"OBJECTID": 428, "VEREDA": "SAN NICOLAS", "MUNICIPIO": "73504", "ESCENARIO": "E1", "CULTIVO": "Cafe sombrio", "TIPO_INFRA": "Tipo I - Produccion", "NOMBRE_EQUIP": "Vivero agroforestal", "TON_VEREDA": 16.33, "AREA_HA_VEREDA": 20.41, "AREA_EQUIP_M2": 226.1, "N_EQUIP_TIPO": 1}}, {"type": "Feature", "geometry": {"x": -75.35669340999993, "y": 3.8996877540000696}, "properties": {"OBJECTID": 429, "VEREDA": "SAN NICOLAS", "MUNICIPIO": "73504", "ESCENARIO": "E1", "CULTIVO": "Cafe sombrio", "TIPO_INFRA": "Tipo II - Transformacion", "NOMBRE_EQUIP": "Planta cafe especial", "TON_VEREDA": 16.33, "AREA_HA_VEREDA": 20.41, "AREA_EQUIP_M2": 509.8, "N_EQUIP_TIPO": 1}}, {"type": "Feature", "geometry": {"x": -75.06083485199997, "y": 3.8183888790000537}, "properties": {"OBJECTID": 430, "VEREDA": "SAN NICOLAS", "MUNICIPIO": "73504", "ESCENARIO": "E1", "CULTIVO": "Cafe sombrio", "TIPO_INFRA": "Tipo III - Servicios", "NOMBRE_EQUIP": "Centro formacion agroforestal", "TON_VEREDA": 16.33, "AREA_HA_VEREDA": 20.41, "AREA_EQUIP_M2": 302.7, "N_EQUIP_TIPO": 2}}, {"type": "Feature", "geometry": {"x": -75.62285173699996, "y": 4.024079521000033}, "properties": {"OBJECTID": 431, "VEREDA": "SAN NICOLAS", "MUNICIPIO": "73504", "ESCENARIO": "E1", "CULTIVO": "Cafe sombrio", "TIPO_INFRA": "Tipo III - Servicios", "NOMBRE_EQUIP": "Punto acopio exportacion", "TON_VEREDA": 16.33, "AREA_HA_VEREDA": 20.41, "AREA_EQUIP_M2": 302.7, "N_EQUIP_TIPO": 2}}, {"type": "Feature", "geometry": {"x": -75.00724072699995, "y": 3.6880479920000653}, "properties": {"OBJECTID": 432, "VEREDA": "CHICUAMBE", "MUNICIPIO": "73504", "ESCENARIO": "E1", "CULTIVO": "Cafe sombrio", "TIPO_INFRA": "Tipo I - Produccion", "NOMBRE_EQUIP": "Vivero agroforestal", "TON_VEREDA": 932.65, "AREA_HA_VEREDA": 999.21, "AREA_EQUIP_M2": 1692.2, "N_EQUIP_TIPO": 2}}, {"type": "Feature", "geometry": {"x": -75.05670472799994, "y": 3.6608575920000703}, "properties": {"OBJECTID": 433, "VEREDA": "CHICUAMBE", "MUNICIPIO": "73504", "ESCENARIO": "E1", "CULTIVO": "Cafe sombrio", "TIPO_INFRA": "Tipo I - Produccion", "NOMBRE_EQUIP": "Beneficiadero ecologico", "TON_VEREDA": 932.65, "AREA_HA_VEREDA": 999.21, "AREA_EQUIP_M2": 1692.2, "N_EQUIP_TIPO": 2}}, {"type": "Feature", "geometry": {"x": -75.14516720199998, "y": 3.9344414280000706}, "properties": {"OBJECTID": 434, "VEREDA": "CHICUAMBE", "MUNICIPIO": "73504", "ESCENARIO": "E1", "CULTIVO": "Cafe sombrio", "TIPO_INFRA": "Tipo II - Transformacion", "NOMBRE_EQUIP": "Planta cafe especial", "TON_VEREDA": 932.65, "AREA_HA_VEREDA": 999.21, "AREA_EQUIP_M2": 1059.6, "N_EQUIP_TIPO": 1}}, {"type": "Feature", "geometry": {"x": -75.15833096399996, "y": 3.488837090000061}, "properties": {"OBJECTID": 435, "VEREDA": "CHICUAMBE", "MUNICIPIO": "73504", "ESCENARIO": "E1", "CULTIVO": "Cafe sombrio", "TIPO_INFRA": "Tipo III - Servicios", "NOMBRE_EQUIP": "Centro formacion agroforestal", "TON_VEREDA": 932.65, "AREA_HA_VEREDA": 999.21, "AREA_EQUIP_M2": 455.4, "N_EQUIP_TIPO": 2}}, {"type": "Feature", "geometry": {"x": -75.21994230599995, "y": 3.9354153540000425}, "properties": {"OBJECTID": 436, "VEREDA": "CHICUAMBE", "MUNICIPIO": "73504", "ESCENARIO": "E1", "CULTIVO": "Cafe sombrio", "TIPO_INFRA": "Tipo III - Servicios", "NOMBRE_EQUIP": "Punto acopio exportacion", "TON_VEREDA": 932.65, "AREA_HA_VEREDA": 999.21, "AREA_EQUIP_M2": 455.4, "N_EQUIP_TIPO": 2}}, {"type": "Feature", "geometry": {"x": -75.16252573999998, "y": 3.6813040010000577}, "properties": {"OBJECTID": 437, "VEREDA": "TOPORCO", "MUNICIPIO": "73504", "ESCENARIO": "E1", "CULTIVO": "Cafe sombrio", "TIPO_INFRA": "Tipo I - Produccion", "NOMBRE_EQUIP": "Vivero agroforestal", "TON_VEREDA": 35.29, "AREA_HA_VEREDA": 43.89, "AREA_EQUIP_M2": 256.5, "N_EQUIP_TIPO": 1}}, {"type": "Feature", "geometry": {"x": -75.17897579299995, "y": 3.9408582300000603}, "properties": {"OBJECTID": 438, "VEREDA": "TOPORCO", "MUNICIPIO": "73504", "ESCENARIO": "E1", "CULTIVO": "Cafe sombrio", "TIPO_INFRA": "Tipo II - Transformacion", "NOMBRE_EQUIP": "Planta cafe especial", "TON_VEREDA": 35.29, "AREA_HA_VEREDA": 43.89, "AREA_EQUIP_M2": 521.2, "N_EQUIP_TIPO": 1}}, {"type": "Feature", "geometry": {"x": -75.18167752299996, "y": 3.8358879000000456}, "properties": {"OBJECTID": 439, "VEREDA": "TOPORCO", "MUNICIPIO": "73504", "ESCENARIO": "E1", "CULTIVO": "Cafe sombrio", "TIPO_INFRA": "Tipo III - Servicios", "NOMBRE_EQUIP": "Centro formacion agroforestal", "TON_VEREDA": 35.29, "AREA_HA_VEREDA": 43.89, "AREA_EQUIP_M2": 305.9, "N_EQUIP_TIPO": 2}}, {"type": "Feature", "geometry": {"x": -75.17876022599995, "y": 3.7785056830000485}, "properties": {"OBJECTID": 440, "VEREDA": "TOPORCO", "MUNICIPIO": "73504", "ESCENARIO": "E1", "CULTIVO": "Cafe sombrio", "TIPO_INFRA": "Tipo III - Servicios", "NOMBRE_EQUIP": "Punto acopio exportacion", "TON_VEREDA": 35.29, "AREA_HA_VEREDA": 43.89, "AREA_EQUIP_M2": 305.9, "N_EQUIP_TIPO": 2}}, {"type": "Feature", "geometry": {"x": -75.55330466399994, "y": 3.9870979170000282}, "properties": {"OBJECTID": 441, "VEREDA": "TORTUGAS", "MUNICIPIO": "73563", "ESCENARIO": "E1", "CULTIVO": "Cacao", "TIPO_INFRA": "Tipo I - Produccion", "NOMBRE_EQUIP": "Vivero cacao", "TON_VEREDA": 12.51, "AREA_HA_VEREDA": 10.42, "AREA_EQUIP_M2": 220, "N_EQUIP_TIPO": 1}}, {"type": "Feature", "geometry": {"x": -74.99128600799997, "y": 3.6892957860000593}, "properties": {"OBJECTID": 442, "VEREDA": "TORTUGAS", "MUNICIPIO": "73563", "ESCENARIO": "E1", "CULTIVO": "Cacao", "TIPO_INFRA": "Tipo II - Transformacion", "NOMBRE_EQUIP": "Planta beneficio cacao", "TON_VEREDA": 12.51, "AREA_HA_VEREDA": 10.42, "AREA_EQUIP_M2": 507.5, "N_EQUIP_TIPO": 1}}, {"type": "Feature", "geometry": {"x": -74.99203490999997, "y": 3.68462802800002}, "properties": {"OBJECTID": 443, "VEREDA": "TORTUGAS", "MUNICIPIO": "73563", "ESCENARIO": "E1", "CULTIVO": "Cacao", "TIPO_INFRA": "Tipo III - Servicios", "NOMBRE_EQUIP": "Escuela campo cacaoteros", "TON_VEREDA": 12.51, "AREA_HA_VEREDA": 10.42, "AREA_EQUIP_M2": 302.1, "N_EQUIP_TIPO": 2}}, {"type": "Feature", "geometry": {"x": -75.21442384999995, "y": 3.9150229500000364}, "properties": {"OBJECTID": 444, "VEREDA": "TORTUGAS", "MUNICIPIO": "73563", "ESCENARIO": "E1", "CULTIVO": "Cacao", "TIPO_INFRA": "Tipo III - Servicios", "NOMBRE_EQUIP": "Centro asistencia tecnica", "TON_VEREDA": 12.51, "AREA_HA_VEREDA": 10.42, "AREA_EQUIP_M2": 302.1, "N_EQUIP_TIPO": 2}}, {"type": "Feature", "geometry": {"x": -75.15034223299995, "y": 3.4578855350000595}, "properties": {"OBJECTID": 445, "VEREDA": "PEÑON ALTO", "MUNICIPIO": "73563", "ESCENARIO": "E1", "CULTIVO": "Cafe", "TIPO_INFRA": "Tipo I - Produccion", "NOMBRE_EQUIP": "Vivero cafe", "TON_VEREDA": 49.19, "AREA_HA_VEREDA": 35.52, "AREA_EQUIP_M2": 278.7, "N_EQUIP_TIPO": 1}}, {"type": "Feature", "geometry": {"x": -74.96393894799996, "y": 3.726395941000021}, "properties": {"OBJECTID": 446, "VEREDA": "PEÑON ALTO", "MUNICIPIO": "73563", "ESCENARIO": "E1", "CULTIVO": "Cafe", "TIPO_INFRA": "Tipo II - Transformacion", "NOMBRE_EQUIP": "Planta trilla cafe", "TON_VEREDA": 49.19, "AREA_HA_VEREDA": 35.52, "AREA_EQUIP_M2": 529.5, "N_EQUIP_TIPO": 1}}, {"type": "Feature", "geometry": {"x": -75.16562059999995, "y": 3.698021299000061}, "properties": {"OBJECTID": 447, "VEREDA": "PEÑON ALTO", "MUNICIPIO": "73563", "ESCENARIO": "E1", "CULTIVO": "Cafe", "TIPO_INFRA": "Tipo III - Servicios", "NOMBRE_EQUIP": "Escuela campo cafeteros", "TON_VEREDA": 49.19, "AREA_HA_VEREDA": 35.52, "AREA_EQUIP_M2": 308.2, "N_EQUIP_TIPO": 2}}, {"type": "Feature", "geometry": {"x": -75.08064386599995, "y": 3.722083777000023}, "properties": {"OBJECTID": 448, "VEREDA": "PEÑON ALTO", "MUNICIPIO": "73563", "ESCENARIO": "E1", "CULTIVO": "Cafe", "TIPO_INFRA": "Tipo III - Servicios", "NOMBRE_EQUIP": "Centro acopio cafe", "TON_VEREDA": 49.19, "AREA_HA_VEREDA": 35.52, "AREA_EQUIP_M2": 308.2, "N_EQUIP_TIPO": 2}}, {"type": "Feature", "geometry": {"x": -75.15901020599995, "y": 3.6792830090000734}, "properties": {"OBJECTID": 449, "VEREDA": "HILARCO", "MUNICIPIO": "73585", "ESCENARIO": "E1", "CULTIVO": "Cafe", "TIPO_INFRA": "Tipo I - Produccion", "NOMBRE_EQUIP": "Vivero cafe", "TON_VEREDA": 36.28, "AREA_HA_VEREDA": 30.63, "AREA_EQUIP_M2": 258, "N_EQUIP_TIPO": 1}}, {"type": "Feature", "geometry": {"x": -74.98821923999998, "y": 3.770490463000044}, "properties": {"OBJECTID": 450, "VEREDA": "HILARCO", "MUNICIPIO": "73585", "ESCENARIO": "E1", "CULTIVO": "Cafe", "TIPO_INFRA": "Tipo II - Transformacion", "NOMBRE_EQUIP": "Planta trilla cafe", "TON_VEREDA": 36.28, "AREA_HA_VEREDA": 30.63, "AREA_EQUIP_M2": 521.8, "N_EQUIP_TIPO": 1}}, {"type": "Feature", "geometry": {"x": -75.11845055899994, "y": 3.52766050200006}, "properties": {"OBJECTID": 451, "VEREDA": "HILARCO", "MUNICIPIO": "73585", "ESCENARIO": "E1", "CULTIVO": "Cafe", "TIPO_INFRA": "Tipo III - Servicios", "NOMBRE_EQUIP": "Escuela campo cafeteros", "TON_VEREDA": 36.28, "AREA_HA_VEREDA": 30.63, "AREA_EQUIP_M2": 306, "N_EQUIP_TIPO": 2}}, {"type": "Feature", "geometry": {"x": -75.09910316699995, "y": 3.581293259000063}, "properties": {"OBJECTID": 452, "VEREDA": "HILARCO", "MUNICIPIO": "73585", "ESCENARIO": "E1", "CULTIVO": "Cafe", "TIPO_INFRA": "Tipo III - Servicios", "NOMBRE_EQUIP": "Centro acopio cafe", "TON_VEREDA": 36.28, "AREA_HA_VEREDA": 30.63, "AREA_EQUIP_M2": 306, "N_EQUIP_TIPO": 2}}, {"type": "Feature", "geometry": {"x": -75.16196772899997, "y": 4.001891745000023}, "properties": {"OBJECTID": 453, "VEREDA": "CHENCHE ASOLEADO", "MUNICIPIO": "73585", "ESCENARIO": "E1", "CULTIVO": "Cafe sombrio", "TIPO_INFRA": "Tipo I - Produccion", "NOMBRE_EQUIP": "Vivero agroforestal", "TON_VEREDA": 18.65, "AREA_HA_VEREDA": 18.29, "AREA_EQUIP_M2": 229.8, "N_EQUIP_TIPO": 1}}, {"type": "Feature", "geometry": {"x": -75.00982166299997, "y": 3.790946980000058}, "properties": {"OBJECTID": 454, "VEREDA": "CHENCHE ASOLEADO", "MUNICIPIO": "73585", "ESCENARIO": "E1", "CULTIVO": "Cafe sombrio", "TIPO_INFRA": "Tipo II - Transformacion", "NOMBRE_EQUIP": "Planta cafe especial", "TON_VEREDA": 18.65, "AREA_HA_VEREDA": 18.29, "AREA_EQUIP_M2": 511.2, "N_EQUIP_TIPO": 1}}, {"type": "Feature", "geometry": {"x": -74.99201474899996, "y": 3.7585071010000206}, "properties": {"OBJECTID": 455, "VEREDA": "CHENCHE ASOLEADO", "MUNICIPIO": "73585", "ESCENARIO": "E1", "CULTIVO": "Cafe sombrio", "TIPO_INFRA": "Tipo III - Servicios", "NOMBRE_EQUIP": "Centro formacion agroforestal", "TON_VEREDA": 18.65, "AREA_HA_VEREDA": 18.29, "AREA_EQUIP_M2": 303.1, "N_EQUIP_TIPO": 2}}, {"type": "Feature", "geometry": {"x": -75.28106411199997, "y": 3.8430326820000573}, "properties": {"OBJECTID": 456, "VEREDA": "CHENCHE ASOLEADO", "MUNICIPIO": "73585", "ESCENARIO": "E1", "CULTIVO": "Cafe sombrio", "TIPO_INFRA": "Tipo III - Servicios", "NOMBRE_EQUIP": "Punto acopio exportacion", "TON_VEREDA": 18.65, "AREA_HA_VEREDA": 18.29, "AREA_EQUIP_M2": 303.1, "N_EQUIP_TIPO": 2}}, {"type": "Feature", "geometry": {"x": -75.17616298699994, "y": 3.8596042390000207}, "properties": {"OBJECTID": 457, "VEREDA": "COYA", "MUNICIPIO": "73585", "ESCENARIO": "E1", "CULTIVO": "Cafe", "TIPO_INFRA": "Tipo I - Produccion", "NOMBRE_EQUIP": "Vivero cafe", "TON_VEREDA": 1.49, "AREA_HA_VEREDA": 0.99, "AREA_EQUIP_M2": 202.4, "N_EQUIP_TIPO": 1}}, {"type": "Feature", "geometry": {"x": -75.02749444599993, "y": 3.8106447960000764}, "properties": {"OBJECTID": 458, "VEREDA": "COYA", "MUNICIPIO": "73585", "ESCENARIO": "E1", "CULTIVO": "Cafe", "TIPO_INFRA": "Tipo II - Transformacion", "NOMBRE_EQUIP": "Planta trilla cafe", "TON_VEREDA": 1.49, "AREA_HA_VEREDA": 0.99, "AREA_EQUIP_M2": 500.9, "N_EQUIP_TIPO": 1}}, {"type": "Feature", "geometry": {"x": -75.24230459099994, "y": 3.892215633000035}, "properties": {"OBJECTID": 459, "VEREDA": "COYA", "MUNICIPIO": "73585", "ESCENARIO": "E1", "CULTIVO": "Cafe", "TIPO_INFRA": "Tipo III - Servicios", "NOMBRE_EQUIP": "Escuela campo cafeteros", "TON_VEREDA": 1.49, "AREA_HA_VEREDA": 0.99, "AREA_EQUIP_M2": 300.2, "N_EQUIP_TIPO": 2}}, {"type": "Feature", "geometry": {"x": -75.12920845199994, "y": 3.8219265800000244}, "properties": {"OBJECTID": 460, "VEREDA": "COYA", "MUNICIPIO": "73585", "ESCENARIO": "E1", "CULTIVO": "Cafe", "TIPO_INFRA": "Tipo III - Servicios", "NOMBRE_EQUIP": "Centro acopio cafe", "TON_VEREDA": 1.49, "AREA_HA_VEREDA": 0.99, "AREA_EQUIP_M2": 300.2, "N_EQUIP_TIPO": 2}}, {"type": "Feature", "geometry": {"x": -75.16316683299993, "y": 3.6759153790000596}, "properties": {"OBJECTID": 461, "VEREDA": "EL REDIL-JABALCON", "MUNICIPIO": "73671", "ESCENARIO": "E1", "CULTIVO": "Cafe", "TIPO_INFRA": "Tipo I - Produccion", "NOMBRE_EQUIP": "Vivero cafe", "TON_VEREDA": 2.49, "AREA_HA_VEREDA": 1.66, "AREA_EQUIP_M2": 204, "N_EQUIP_TIPO": 1}}, {"type": "Feature", "geometry": {"x": -75.05550586599998, "y": 3.8353717120000397}, "properties": {"OBJECTID": 462, "VEREDA": "EL REDIL-JABALCON", "MUNICIPIO": "73671", "ESCENARIO": "E1", "CULTIVO": "Cafe", "TIPO_INFRA": "Tipo II - Transformacion", "NOMBRE_EQUIP": "Planta trilla cafe", "TON_VEREDA": 2.49, "AREA_HA_VEREDA": 1.66, "AREA_EQUIP_M2": 501.5, "N_EQUIP_TIPO": 1}}, {"type": "Feature", "geometry": {"x": -75.10855416499999, "y": 3.5262490720000415}, "properties": {"OBJECTID": 463, "VEREDA": "EL REDIL-JABALCON", "MUNICIPIO": "73671", "ESCENARIO": "E1", "CULTIVO": "Cafe", "TIPO_INFRA": "Tipo III - Servicios", "NOMBRE_EQUIP": "Escuela campo cafeteros", "TON_VEREDA": 2.49, "AREA_HA_VEREDA": 1.66, "AREA_EQUIP_M2": 300.4, "N_EQUIP_TIPO": 2}}, {"type": "Feature", "geometry": {"x": -75.12196819699994, "y": 3.8644104700000526}, "properties": {"OBJECTID": 464, "VEREDA": "EL REDIL-JABALCON", "MUNICIPIO": "73671", "ESCENARIO": "E1", "CULTIVO": "Cafe", "TIPO_INFRA": "Tipo III - Servicios", "NOMBRE_EQUIP": "Centro acopio cafe", "TON_VEREDA": 2.49, "AREA_HA_VEREDA": 1.66, "AREA_EQUIP_M2": 300.4, "N_EQUIP_TIPO": 2}}, {"type": "Feature", "geometry": {"x": -75.23657129399999, "y": 3.9901478190000716}, "properties": {"OBJECTID": 465, "VEREDA": "TONOGO", "MUNICIPIO": "73678", "ESCENARIO": "E1", "CULTIVO": "Cafe", "TIPO_INFRA": "Tipo I - Produccion", "NOMBRE_EQUIP": "Vivero cafe", "TON_VEREDA": 0.06, "AREA_HA_VEREDA": 0.04, "AREA_EQUIP_M2": 200.1, "N_EQUIP_TIPO": 1}}, {"type": "Feature", "geometry": {"x": -75.19910049399994, "y": 4.094791496000028}, "properties": {"OBJECTID": 466, "VEREDA": "TONOGO", "MUNICIPIO": "73678", "ESCENARIO": "E1", "CULTIVO": "Cafe", "TIPO_INFRA": "Tipo II - Transformacion", "NOMBRE_EQUIP": "Planta trilla cafe", "TON_VEREDA": 0.06, "AREA_HA_VEREDA": 0.04, "AREA_EQUIP_M2": 500, "N_EQUIP_TIPO": 1}}, {"type": "Feature", "geometry": {"x": -75.18954443799998, "y": 3.40119045900002}, "properties": {"OBJECTID": 467, "VEREDA": "TONOGO", "MUNICIPIO": "73678", "ESCENARIO": "E1", "CULTIVO": "Cafe", "TIPO_INFRA": "Tipo III - Servicios", "NOMBRE_EQUIP": "Escuela campo cafeteros", "TON_VEREDA": 0.06, "AREA_HA_VEREDA": 0.04, "AREA_EQUIP_M2": 300, "N_EQUIP_TIPO": 2}}, {"type": "Feature", "geometry": {"x": -75.19110099399995, "y": 3.709563046000028}, "properties": {"OBJECTID": 468, "VEREDA": "TONOGO", "MUNICIPIO": "73678", "ESCENARIO": "E1", "CULTIVO": "Cafe", "TIPO_INFRA": "Tipo III - Servicios", "NOMBRE_EQUIP": "Centro acopio cafe", "TON_VEREDA": 0.06, "AREA_HA_VEREDA": 0.04, "AREA_EQUIP_M2": 300, "N_EQUIP_TIPO": 2}}, {"type": "Feature", "geometry": {"x": -75.07755526699998, "y": 3.6668472740000198}, "properties": {"OBJECTID": 469, "VEREDA": "SANTA LUCIA", "MUNICIPIO": "73678", "ESCENARIO": "E1", "CULTIVO": "Cafe", "TIPO_INFRA": "Tipo I - Produccion", "NOMBRE_EQUIP": "Vivero cafe", "TON_VEREDA": 43.53, "AREA_HA_VEREDA": 29.49, "AREA_EQUIP_M2": 269.6, "N_EQUIP_TIPO": 1}}, {"type": "Feature", "geometry": {"x": -75.15897880099999, "y": 4.007042499000022}, "properties": {"OBJECTID": 470, "VEREDA": "SANTA LUCIA", "MUNICIPIO": "73678", "ESCENARIO": "E1", "CULTIVO": "Cafe", "TIPO_INFRA": "Tipo II - Transformacion", "NOMBRE_EQUIP": "Planta trilla cafe", "TON_VEREDA": 43.53, "AREA_HA_VEREDA": 29.49, "AREA_EQUIP_M2": 526.1, "N_EQUIP_TIPO": 1}}, {"type": "Feature", "geometry": {"x": -75.09183120699998, "y": 3.623627053000064}, "properties": {"OBJECTID": 471, "VEREDA": "SANTA LUCIA", "MUNICIPIO": "73678", "ESCENARIO": "E1", "CULTIVO": "Cafe", "TIPO_INFRA": "Tipo III - Servicios", "NOMBRE_EQUIP": "Escuela campo cafeteros", "TON_VEREDA": 43.53, "AREA_HA_VEREDA": 29.49, "AREA_EQUIP_M2": 307.3, "N_EQUIP_TIPO": 2}}, {"type": "Feature", "geometry": {"x": -75.19127140999996, "y": 3.7964886850000426}, "properties": {"OBJECTID": 472, "VEREDA": "SANTA LUCIA", "MUNICIPIO": "73678", "ESCENARIO": "E1", "CULTIVO": "Cafe", "TIPO_INFRA": "Tipo III - Servicios", "NOMBRE_EQUIP": "Centro acopio cafe", "TON_VEREDA": 43.53, "AREA_HA_VEREDA": 29.49, "AREA_EQUIP_M2": 307.3, "N_EQUIP_TIPO": 2}}, {"type": "Feature", "geometry": {"x": -75.16212723999996, "y": 3.67886971300004}, "properties": {"OBJECTID": 473, "VEREDA": "CAÑADA", "MUNICIPIO": "73678", "ESCENARIO": "E1", "CULTIVO": "Cafe", "TIPO_INFRA": "Tipo I - Produccion", "NOMBRE_EQUIP": "Vivero cafe", "TON_VEREDA": 4.94, "AREA_HA_VEREDA": 3.29, "AREA_EQUIP_M2": 207.9, "N_EQUIP_TIPO": 1}}, {"type": "Feature", "geometry": {"x": -75.20540667499995, "y": 4.0384227840000335}, "properties": {"OBJECTID": 474, "VEREDA": "CAÑADA", "MUNICIPIO": "73678", "ESCENARIO": "E1", "CULTIVO": "Cafe", "TIPO_INFRA": "Tipo II - Transformacion", "NOMBRE_EQUIP": "Planta trilla cafe", "TON_VEREDA": 4.94, "AREA_HA_VEREDA": 3.29, "AREA_EQUIP_M2": 503, "N_EQUIP_TIPO": 1}}, {"type": "Feature", "geometry": {"x": -75.04833733999999, "y": 3.7011748480000506}, "properties": {"OBJECTID": 475, "VEREDA": "CAÑADA", "MUNICIPIO": "73678", "ESCENARIO": "E1", "CULTIVO": "Cafe", "TIPO_INFRA": "Tipo III - Servicios", "NOMBRE_EQUIP": "Escuela campo cafeteros", "TON_VEREDA": 4.94, "AREA_HA_VEREDA": 3.29, "AREA_EQUIP_M2": 300.8, "N_EQUIP_TIPO": 2}}, {"type": "Feature", "geometry": {"x": -75.04164682199996, "y": 3.748201335000033}, "properties": {"OBJECTID": 476, "VEREDA": "CAÑADA", "MUNICIPIO": "73678", "ESCENARIO": "E1", "CULTIVO": "Cafe", "TIPO_INFRA": "Tipo III - Servicios", "NOMBRE_EQUIP": "Centro acopio cafe", "TON_VEREDA": 4.94, "AREA_HA_VEREDA": 3.29, "AREA_EQUIP_M2": 300.8, "N_EQUIP_TIPO": 2}}, {"type": "Feature", "geometry": {"x": -75.14615996199996, "y": 3.6954893320000224}, "properties": {"OBJECTID": 477, "VEREDA": "Neme", "MUNICIPIO": "73854", "ESCENARIO": "E1", "CULTIVO": "Cafe", "TIPO_INFRA": "Tipo I - Produccion", "NOMBRE_EQUIP": "Vivero cafe", "TON_VEREDA": 24.48, "AREA_HA_VEREDA": 16.32, "AREA_EQUIP_M2": 239.2, "N_EQUIP_TIPO": 1}}, {"type": "Feature", "geometry": {"x": -75.21488193199997, "y": 4.108856703000072}, "properties": {"OBJECTID": 478, "VEREDA": "Neme", "MUNICIPIO": "73854", "ESCENARIO": "E1", "CULTIVO": "Cafe", "TIPO_INFRA": "Tipo II - Transformacion", "NOMBRE_EQUIP": "Planta trilla cafe", "TON_VEREDA": 24.48, "AREA_HA_VEREDA": 16.32, "AREA_EQUIP_M2": 514.7, "N_EQUIP_TIPO": 1}}, {"type": "Feature", "geometry": {"x": -75.21844551499998, "y": 3.9558737510000697}, "properties": {"OBJECTID": 479, "VEREDA": "Neme", "MUNICIPIO": "73854", "ESCENARIO": "E1", "CULTIVO": "Cafe", "TIPO_INFRA": "Tipo III - Servicios", "NOMBRE_EQUIP": "Escuela campo cafeteros", "TON_VEREDA": 24.48, "AREA_HA_VEREDA": 16.32, "AREA_EQUIP_M2": 304.1, "N_EQUIP_TIPO": 1}}, {"type": "Feature", "geometry": {"x": -75.13975580499994, "y": 4.010020121000025}, "properties": {"OBJECTID": 480, "VEREDA": "MERCADILLO", "MUNICIPIO": "73483", "ESCENARIO": "E1", "CULTIVO": "Cafe sombrio", "TIPO_INFRA": "Tipo I - Produccion", "NOMBRE_EQUIP": "Vivero agroforestal", "TON_VEREDA": 1157.32, "AREA_HA_VEREDA": 1058.15, "AREA_EQUIP_M2": 2000, "N_EQUIP_TIPO": 2}}, {"type": "Feature", "geometry": {"x": -75.12798904899995, "y": 3.579652696000039}, "properties": {"OBJECTID": 481, "VEREDA": "MERCADILLO", "MUNICIPIO": "73483", "ESCENARIO": "E1", "CULTIVO": "Cafe sombrio", "TIPO_INFRA": "Tipo I - Produccion", "NOMBRE_EQUIP": "Beneficiadero ecologico", "TON_VEREDA": 1157.32, "AREA_HA_VEREDA": 1058.15, "AREA_EQUIP_M2": 2000, "N_EQUIP_TIPO": 2}}, {"type": "Feature", "geometry": {"x": -75.09038292499997, "y": 3.482405652000068}, "properties": {"OBJECTID": 482, "VEREDA": "MERCADILLO", "MUNICIPIO": "73483", "ESCENARIO": "E1", "CULTIVO": "Cafe sombrio", "TIPO_INFRA": "Tipo II - Transformacion", "NOMBRE_EQUIP": "Planta cafe especial", "TON_VEREDA": 1157.32, "AREA_HA_VEREDA": 1058.15, "AREA_EQUIP_M2": 1194.4, "N_EQUIP_TIPO": 1}}, {"type": "Feature", "geometry": {"x": -75.01312147099998, "y": 3.795089543000074}, "properties": {"OBJECTID": 483, "VEREDA": "MERCADILLO", "MUNICIPIO": "73483", "ESCENARIO": "E1", "CULTIVO": "Cafe sombrio", "TIPO_INFRA": "Tipo III - Servicios", "NOMBRE_EQUIP": "Centro formacion agroforestal", "TON_VEREDA": 1157.32, "AREA_HA_VEREDA": 1058.15, "AREA_EQUIP_M2": 492.9, "N_EQUIP_TIPO": 2}}, {"type": "Feature", "geometry": {"x": -75.02771110899994, "y": 3.6520639790000473}, "properties": {"OBJECTID": 484, "VEREDA": "MERCADILLO", "MUNICIPIO": "73483", "ESCENARIO": "E1", "CULTIVO": "Cafe sombrio", "TIPO_INFRA": "Tipo III - Servicios", "NOMBRE_EQUIP": "Punto acopio exportacion", "TON_VEREDA": 1157.32, "AREA_HA_VEREDA": 1058.15, "AREA_EQUIP_M2": 492.9, "N_EQUIP_TIPO": 2}}, {"type": "Feature", "geometry": {"x": -75.12875343599995, "y": 3.694667485000025}, "properties": {"OBJECTID": 485, "VEREDA": "TINAJA", "MUNICIPIO": "73483", "ESCENARIO": "E1", "CULTIVO": "Cafe sombrio", "TIPO_INFRA": "Tipo I - Produccion", "NOMBRE_EQUIP": "Vivero agroforestal", "TON_VEREDA": 1516.92, "AREA_HA_VEREDA": 1509.11, "AREA_EQUIP_M2": 2000, "N_EQUIP_TIPO": 3}}, {"type": "Feature", "geometry": {"x": -75.25125223899994, "y": 4.039297286000021}, "properties": {"OBJECTID": 486, "VEREDA": "TINAJA", "MUNICIPIO": "73483", "ESCENARIO": "E1", "CULTIVO": "Cafe sombrio", "TIPO_INFRA": "Tipo I - Produccion", "NOMBRE_EQUIP": "Beneficiadero ecologico", "TON_VEREDA": 1516.92, "AREA_HA_VEREDA": 1509.11, "AREA_EQUIP_M2": 2000, "N_EQUIP_TIPO": 3}}, {"type": "Feature", "geometry": {"x": -75.24620805399996, "y": 4.09915182900005}, "properties": {"OBJECTID": 487, "VEREDA": "TINAJA", "MUNICIPIO": "73483", "ESCENARIO": "E1", "CULTIVO": "Cafe sombrio", "TIPO_INFRA": "Tipo I - Produccion", "NOMBRE_EQUIP": "Secadero solar", "TON_VEREDA": 1516.92, "AREA_HA_VEREDA": 1509.11, "AREA_EQUIP_M2": 2000, "N_EQUIP_TIPO": 3}}, {"type": "Feature", "geometry": {"x": -75.05905633699996, "y": 3.5337839700000586}, "properties": {"OBJECTID": 488, "VEREDA": "TINAJA", "MUNICIPIO": "73483", "ESCENARIO": "E1", "CULTIVO": "Cafe sombrio", "TIPO_INFRA": "Tipo II - Transformacion", "NOMBRE_EQUIP": "Planta cafe especial", "TON_VEREDA": 1516.92, "AREA_HA_VEREDA": 1509.11, "AREA_EQUIP_M2": 1410.2, "N_EQUIP_TIPO": 1}}, {"type": "Feature", "geometry": {"x": -75.09624384999995, "y": 3.616812150000044}, "properties": {"OBJECTID": 489, "VEREDA": "TINAJA", "MUNICIPIO": "73483", "ESCENARIO": "E1", "CULTIVO": "Cafe sombrio", "TIPO_INFRA": "Tipo III - Servicios", "NOMBRE_EQUIP": "Centro formacion agroforestal", "TON_VEREDA": 1516.92, "AREA_HA_VEREDA": 1509.11, "AREA_EQUIP_M2": 552.8, "N_EQUIP_TIPO": 2}}, {"type": "Feature", "geometry": {"x": -75.01736326699995, "y": 3.7332810130000667}, "properties": {"OBJECTID": 490, "VEREDA": "TINAJA", "MUNICIPIO": "73483", "ESCENARIO": "E1", "CULTIVO": "Cafe sombrio", "TIPO_INFRA": "Tipo III - Servicios", "NOMBRE_EQUIP": "Punto acopio exportacion", "TON_VEREDA": 1516.92, "AREA_HA_VEREDA": 1509.11, "AREA_EQUIP_M2": 552.8, "N_EQUIP_TIPO": 2}}, {"type": "Feature", "geometry": {"x": -75.12077409899996, "y": 3.6944291060000296}, "properties": {"OBJECTID": 491, "VEREDA": "YACO", "MUNICIPIO": "73483", "ESCENARIO": "E1", "CULTIVO": "Cafe", "TIPO_INFRA": "Tipo I - Produccion", "NOMBRE_EQUIP": "Vivero cafe", "TON_VEREDA": 445.44, "AREA_HA_VEREDA": 296.96, "AREA_EQUIP_M2": 912.7, "N_EQUIP_TIPO": 1}}, {"type": "Feature", "geometry": {"x": -75.14433948199996, "y": 3.4814257210000505}, "properties": {"OBJECTID": 492, "VEREDA": "YACO", "MUNICIPIO": "73483", "ESCENARIO": "E1", "CULTIVO": "Cafe", "TIPO_INFRA": "Tipo II - Transformacion", "NOMBRE_EQUIP": "Planta trilla cafe", "TON_VEREDA": 445.44, "AREA_HA_VEREDA": 296.96, "AREA_EQUIP_M2": 767.3, "N_EQUIP_TIPO": 1}}, {"type": "Feature", "geometry": {"x": -75.09579394199994, "y": 3.961558207000053}, "properties": {"OBJECTID": 493, "VEREDA": "YACO", "MUNICIPIO": "73483", "ESCENARIO": "E1", "CULTIVO": "Cafe", "TIPO_INFRA": "Tipo III - Servicios", "NOMBRE_EQUIP": "Escuela campo cafeteros", "TON_VEREDA": 445.44, "AREA_HA_VEREDA": 296.96, "AREA_EQUIP_M2": 374.2, "N_EQUIP_TIPO": 2}}, {"type": "Feature", "geometry": {"x": -75.19441064999995, "y": 3.801608700000031}, "properties": {"OBJECTID": 494, "VEREDA": "YACO", "MUNICIPIO": "73483", "ESCENARIO": "E1", "CULTIVO": "Cafe", "TIPO_INFRA": "Tipo III - Servicios", "NOMBRE_EQUIP": "Centro acopio cafe", "TON_VEREDA": 445.44, "AREA_HA_VEREDA": 296.96, "AREA_EQUIP_M2": 374.2, "N_EQUIP_TIPO": 2}}, {"type": "Feature", "geometry": {"x": -75.19093628799999, "y": 3.8251642010000637}, "properties": {"OBJECTID": 495, "VEREDA": "LA MOLANA", "MUNICIPIO": "73483", "ESCENARIO": "E1", "CULTIVO": "Cafe", "TIPO_INFRA": "Tipo I - Produccion", "NOMBRE_EQUIP": "Vivero cafe", "TON_VEREDA": 373.64, "AREA_HA_VEREDA": 249.09, "AREA_EQUIP_M2": 797.8, "N_EQUIP_TIPO": 1}}, {"type": "Feature", "geometry": {"x": -75.14494161199997, "y": 3.4994907820000662}, "properties": {"OBJECTID": 496, "VEREDA": "LA MOLANA", "MUNICIPIO": "73483", "ESCENARIO": "E1", "CULTIVO": "Cafe", "TIPO_INFRA": "Tipo II - Transformacion", "NOMBRE_EQUIP": "Planta trilla cafe", "TON_VEREDA": 373.64, "AREA_HA_VEREDA": 249.09, "AREA_EQUIP_M2": 724.2, "N_EQUIP_TIPO": 1}}, {"type": "Feature", "geometry": {"x": -75.24268763199996, "y": 3.8969624580000755}, "properties": {"OBJECTID": 497, "VEREDA": "LA MOLANA", "MUNICIPIO": "73483", "ESCENARIO": "E1", "CULTIVO": "Cafe", "TIPO_INFRA": "Tipo III - Servicios", "NOMBRE_EQUIP": "Escuela campo cafeteros", "TON_VEREDA": 373.64, "AREA_HA_VEREDA": 249.09, "AREA_EQUIP_M2": 362.3, "N_EQUIP_TIPO": 2}}, {"type": "Feature", "geometry": {"x": -75.03060045799998, "y": 3.7169318280000425}, "properties": {"OBJECTID": 498, "VEREDA": "LA MOLANA", "MUNICIPIO": "73483", "ESCENARIO": "E1", "CULTIVO": "Cafe", "TIPO_INFRA": "Tipo III - Servicios", "NOMBRE_EQUIP": "Centro acopio cafe", "TON_VEREDA": 373.64, "AREA_HA_VEREDA": 249.09, "AREA_EQUIP_M2": 362.3, "N_EQUIP_TIPO": 2}}, {"type": "Feature", "geometry": {"x": -75.04828689399994, "y": 3.565329082000062}, "properties": {"OBJECTID": 499, "VEREDA": "EL COCO", "MUNICIPIO": "73622", "ESCENARIO": "E1", "CULTIVO": "Cafe sombrio", "TIPO_INFRA": "Tipo I - Produccion", "NOMBRE_EQUIP": "Vivero agroforestal", "TON_VEREDA": 2618.72, "AREA_HA_VEREDA": 3273.41, "AREA_EQUIP_M2": 2000, "N_EQUIP_TIPO": 5}}, {"type": "Feature", "geometry": {"x": -75.17537384399998, "y": 3.702353136000056}, "properties": {"OBJECTID": 500, "VEREDA": "EL COCO", "MUNICIPIO": "73622", "ESCENARIO": "E1", "CULTIVO": "Cafe sombrio", "TIPO_INFRA": "Tipo I - Produccion", "NOMBRE_EQUIP": "Beneficiadero ecologico", "TON_VEREDA": 2618.72, "AREA_HA_VEREDA": 3273.41, "AREA_EQUIP_M2": 2000, "N_EQUIP_TIPO": 5}}, {"type": "Feature", "geometry": {"x": -75.22498220199998, "y": 3.945211898000025}, "properties": {"OBJECTID": 501, "VEREDA": "EL COCO", "MUNICIPIO": "73622", "ESCENARIO": "E1", "CULTIVO": "Cafe sombrio", "TIPO_INFRA": "Tipo I - Produccion", "NOMBRE_EQUIP": "Secadero solar", "TON_VEREDA": 2618.72, "AREA_HA_VEREDA": 3273.41, "AREA_EQUIP_M2": 2000, "N_EQUIP_TIPO": 5}}, {"type": "Feature", "geometry": {"x": -75.17554456299996, "y": 3.8595552260000545}, "properties": {"OBJECTID": 502, "VEREDA": "EL COCO", "MUNICIPIO": "73622", "ESCENARIO": "E1", "CULTIVO": "Cafe sombrio", "TIPO_INFRA": "Tipo I - Produccion", "NOMBRE_EQUIP": "Compostaje", "TON_VEREDA": 2618.72, "AREA_HA_VEREDA": 3273.41, "AREA_EQUIP_M2": 2000, "N_EQUIP_TIPO": 5}}, {"type": "Feature", "geometry": {"x": -75.16782631999996, "y": 3.8640472120000595}, "properties": {"OBJECTID": 503, "VEREDA": "EL COCO", "MUNICIPIO": "73622", "ESCENARIO": "E1", "CULTIVO": "Cafe sombrio", "TIPO_INFRA": "Tipo I - Produccion", "NOMBRE_EQUIP": "Lombricultivo", "TON_VEREDA": 2618.72, "AREA_HA_VEREDA": 3273.41, "AREA_EQUIP_M2": 2000, "N_EQUIP_TIPO": 5}}, {"type": "Feature", "geometry": {"x": -75.66440715099998, "y": 4.047780494000051}, "properties": {"OBJECTID": 504, "VEREDA": "EL COCO", "MUNICIPIO": "73622", "ESCENARIO": "E1", "CULTIVO": "Cafe sombrio", "TIPO_INFRA": "Tipo II - Transformacion", "NOMBRE_EQUIP": "Planta cafe especial", "TON_VEREDA": 2618.72, "AREA_HA_VEREDA": 3273.41, "AREA_EQUIP_M2": 2071.2, "N_EQUIP_TIPO": 1}}, {"type": "Feature", "geometry": {"x": -75.22559336499995, "y": 3.7798793830000363}, "properties": {"OBJECTID": 505, "VEREDA": "EL COCO", "MUNICIPIO": "73622", "ESCENARIO": "E1", "CULTIVO": "Cafe sombrio", "TIPO_INFRA": "Tipo III - Servicios", "NOMBRE_EQUIP": "Centro formacion agroforestal", "TON_VEREDA": 2618.72, "AREA_HA_VEREDA": 3273.41, "AREA_EQUIP_M2": 736.5, "N_EQUIP_TIPO": 2}}, {"type": "Feature", "geometry": {"x": -75.19696310699999, "y": 3.7588883930000634}, "properties": {"OBJECTID": 506, "VEREDA": "EL COCO", "MUNICIPIO": "73622", "ESCENARIO": "E1", "CULTIVO": "Cafe sombrio", "TIPO_INFRA": "Tipo III - Servicios", "NOMBRE_EQUIP": "Punto acopio exportacion", "TON_VEREDA": 2618.72, "AREA_HA_VEREDA": 3273.41, "AREA_EQUIP_M2": 736.5, "N_EQUIP_TIPO": 2}}, {"type": "Feature", "geometry": {"x": -75.23633627699996, "y": 3.7545029190000605}, "properties": {"OBJECTID": 507, "VEREDA": "YERBA BUENA", "MUNICIPIO": "73622", "ESCENARIO": "E1", "CULTIVO": "Cafe sombrio", "TIPO_INFRA": "Tipo I - Produccion", "NOMBRE_EQUIP": "Vivero agroforestal", "TON_VEREDA": 27.76, "AREA_HA_VEREDA": 34.7, "AREA_EQUIP_M2": 244.4, "N_EQUIP_TIPO": 1}}, {"type": "Feature", "geometry": {"x": -75.69267932399998, "y": 4.077354886000023}, "properties": {"OBJECTID": 508, "VEREDA": "YERBA BUENA", "MUNICIPIO": "73622", "ESCENARIO": "E1", "CULTIVO": "Cafe sombrio", "TIPO_INFRA": "Tipo II - Transformacion", "NOMBRE_EQUIP": "Planta cafe especial", "TON_VEREDA": 27.76, "AREA_HA_VEREDA": 34.7, "AREA_EQUIP_M2": 516.7, "N_EQUIP_TIPO": 1}}, {"type": "Feature", "geometry": {"x": -75.09656749999994, "y": 3.626103100000023}, "properties": {"OBJECTID": 509, "VEREDA": "YERBA BUENA", "MUNICIPIO": "73622", "ESCENARIO": "E1", "CULTIVO": "Cafe sombrio", "TIPO_INFRA": "Tipo III - Servicios", "NOMBRE_EQUIP": "Centro formacion agroforestal", "TON_VEREDA": 27.76, "AREA_HA_VEREDA": 34.7, "AREA_EQUIP_M2": 304.6, "N_EQUIP_TIPO": 2}}, {"type": "Feature", "geometry": {"x": -75.06331079899996, "y": 3.818353200000047}, "properties": {"OBJECTID": 510, "VEREDA": "YERBA BUENA", "MUNICIPIO": "73622", "ESCENARIO": "E1", "CULTIVO": "Cafe sombrio", "TIPO_INFRA": "Tipo III - Servicios", "NOMBRE_EQUIP": "Punto acopio exportacion", "TON_VEREDA": 27.76, "AREA_HA_VEREDA": 34.7, "AREA_EQUIP_M2": 304.6, "N_EQUIP_TIPO": 2}}, {"type": "Feature", "geometry": {"x": -75.10210046599997, "y": 3.7984408590000385}, "properties": {"OBJECTID": 511, "VEREDA": "SAN MARCOS", "MUNICIPIO": "73622", "ESCENARIO": "E1", "CULTIVO": "Cafe sombrio", "TIPO_INFRA": "Tipo I - Produccion", "NOMBRE_EQUIP": "Vivero agroforestal", "TON_VEREDA": 1.3, "AREA_HA_VEREDA": 1.62, "AREA_EQUIP_M2": 202.1, "N_EQUIP_TIPO": 1}}, {"type": "Feature", "geometry": {"x": -75.63966445199998, "y": 4.080054811000025}, "properties": {"OBJECTID": 512, "VEREDA": "SAN MARCOS", "MUNICIPIO": "73622", "ESCENARIO": "E1", "CULTIVO": "Cafe sombrio", "TIPO_INFRA": "Tipo II - Transformacion", "NOMBRE_EQUIP": "Planta cafe especial", "TON_VEREDA": 1.3, "AREA_HA_VEREDA": 1.62, "AREA_EQUIP_M2": 500.8, "N_EQUIP_TIPO": 1}}, {"type": "Feature", "geometry": {"x": -75.19523701899999, "y": 3.7968124320000243}, "properties": {"OBJECTID": 513, "VEREDA": "SAN MARCOS", "MUNICIPIO": "73622", "ESCENARIO": "E1", "CULTIVO": "Cafe sombrio", "TIPO_INFRA": "Tipo III - Servicios", "NOMBRE_EQUIP": "Centro formacion agroforestal", "TON_VEREDA": 1.3, "AREA_HA_VEREDA": 1.62, "AREA_EQUIP_M2": 300.2, "N_EQUIP_TIPO": 2}}, {"type": "Feature", "geometry": {"x": -75.24100340999996, "y": 3.889185987000076}, "properties": {"OBJECTID": 514, "VEREDA": "SAN MARCOS", "MUNICIPIO": "73622", "ESCENARIO": "E1", "CULTIVO": "Cafe sombrio", "TIPO_INFRA": "Tipo III - Servicios", "NOMBRE_EQUIP": "Punto acopio exportacion", "TON_VEREDA": 1.3, "AREA_HA_VEREDA": 1.62, "AREA_EQUIP_M2": 300.2, "N_EQUIP_TIPO": 2}}, {"type": "Feature", "geometry": {"x": -75.16946349999995, "y": 3.7014125630000763}, "properties": {"OBJECTID": 515, "VEREDA": "LA LEGIA", "MUNICIPIO": "73675", "ESCENARIO": "E1", "CULTIVO": "Cafe sombrio", "TIPO_INFRA": "Tipo I - Produccion", "NOMBRE_EQUIP": "Vivero agroforestal", "TON_VEREDA": 62.79, "AREA_HA_VEREDA": 78.48, "AREA_EQUIP_M2": 300.5, "N_EQUIP_TIPO": 1}}, {"type": "Feature", "geometry": {"x": -75.57750643699995, "y": 3.9796347370000262}, "properties": {"OBJECTID": 516, "VEREDA": "LA LEGIA", "MUNICIPIO": "73675", "ESCENARIO": "E1", "CULTIVO": "Cafe sombrio", "TIPO_INFRA": "Tipo II - Transformacion", "NOMBRE_EQUIP": "Planta cafe especial", "TON_VEREDA": 62.79, "AREA_HA_VEREDA": 78.48, "AREA_EQUIP_M2": 537.7, "N_EQUIP_TIPO": 1}}, {"type": "Feature", "geometry": {"x": -75.22072429399998, "y": 3.938661090000039}, "properties": {"OBJECTID": 517, "VEREDA": "LA LEGIA", "MUNICIPIO": "73675", "ESCENARIO": "E1", "CULTIVO": "Cafe sombrio", "TIPO_INFRA": "Tipo III - Servicios", "NOMBRE_EQUIP": "Centro formacion agroforestal", "TON_VEREDA": 62.79, "AREA_HA_VEREDA": 78.48, "AREA_EQUIP_M2": 310.5, "N_EQUIP_TIPO": 2}}, {"type": "Feature", "geometry": {"x": -75.18664238999997, "y": 3.4392038530000377}, "properties": {"OBJECTID": 518, "VEREDA": "LA LEGIA", "MUNICIPIO": "73675", "ESCENARIO": "E1", "CULTIVO": "Cafe sombrio", "TIPO_INFRA": "Tipo III - Servicios", "NOMBRE_EQUIP": "Punto acopio exportacion", "TON_VEREDA": 62.79, "AREA_HA_VEREDA": 78.48, "AREA_EQUIP_M2": 310.5, "N_EQUIP_TIPO": 2}}, {"type": "Feature", "geometry": {"x": -75.68098934599993, "y": 4.067069907000075}, "properties": {"OBJECTID": 519, "VEREDA": "EL PATA", "MUNICIPIO": "41016", "ESCENARIO": "E1", "CULTIVO": "Cafe", "TIPO_INFRA": "Tipo I - Produccion", "NOMBRE_EQUIP": "Vivero cafe", "TON_VEREDA": 8.09, "AREA_HA_VEREDA": 5.39, "AREA_EQUIP_M2": 212.9, "N_EQUIP_TIPO": 1}}, {"type": "Feature", "geometry": {"x": -75.20373395299998, "y": 3.411172089000047}, "properties": {"OBJECTID": 520, "VEREDA": "EL PATA", "MUNICIPIO": "41016", "ESCENARIO": "E1", "CULTIVO": "Cafe", "TIPO_INFRA": "Tipo II - Transformacion", "NOMBRE_EQUIP": "Planta trilla cafe", "TON_VEREDA": 8.09, "AREA_HA_VEREDA": 5.39, "AREA_EQUIP_M2": 504.9, "N_EQUIP_TIPO": 1}}, {"type": "Feature", "geometry": {"x": -75.10229494999999, "y": 3.53204050100004}, "properties": {"OBJECTID": 521, "VEREDA": "EL PATA", "MUNICIPIO": "41016", "ESCENARIO": "E1", "CULTIVO": "Cafe", "TIPO_INFRA": "Tipo III - Servicios", "NOMBRE_EQUIP": "Escuela campo cafeteros", "TON_VEREDA": 8.09, "AREA_HA_VEREDA": 5.39, "AREA_EQUIP_M2": 301.3, "N_EQUIP_TIPO": 1}}, {"type": "Feature", "geometry": {"x": -75.28114984799998, "y": 3.8773303200000555}, "properties": {"OBJECTID": 522, "VEREDA": "LA GUTIERREZ", "MUNICIPIO": "41872", "ESCENARIO": "E1", "CULTIVO": "Cafe sombrio", "TIPO_INFRA": "Tipo I - Produccion", "NOMBRE_EQUIP": "Vivero agroforestal", "TON_VEREDA": 2.8, "AREA_HA_VEREDA": 2.4, "AREA_EQUIP_M2": 204.5, "N_EQUIP_TIPO": 1}}, {"type": "Feature", "geometry": {"x": -75.10101196399995, "y": 3.429442338000058}, "properties": {"OBJECTID": 523, "VEREDA": "LA GUTIERREZ", "MUNICIPIO": "41872", "ESCENARIO": "E1", "CULTIVO": "Cafe sombrio", "TIPO_INFRA": "Tipo II - Transformacion", "NOMBRE_EQUIP": "Planta cafe especial", "TON_VEREDA": 2.8, "AREA_HA_VEREDA": 2.4, "AREA_EQUIP_M2": 501.7, "N_EQUIP_TIPO": 1}}, {"type": "Feature", "geometry": {"x": -75.12227466899998, "y": 3.9835627010000394}, "properties": {"OBJECTID": 524, "VEREDA": "LA GUTIERREZ", "MUNICIPIO": "41872", "ESCENARIO": "E1", "CULTIVO": "Cafe sombrio", "TIPO_INFRA": "Tipo III - Servicios", "NOMBRE_EQUIP": "Centro formacion agroforestal", "TON_VEREDA": 2.8, "AREA_HA_VEREDA": 2.4, "AREA_EQUIP_M2": 300.5, "N_EQUIP_TIPO": 1}}, {"type": "Feature", "geometry": {"x": -75.09692125699996, "y": 3.578124613000057}, "properties": {"OBJECTID": 525, "VEREDA": "SAN JERONIMO", "MUNICIPIO": "73675", "ESCENARIO": "E1", "CULTIVO": "Cafe sombrio", "TIPO_INFRA": "Tipo I - Produccion", "NOMBRE_EQUIP": "Vivero agroforestal", "TON_VEREDA": 0.1, "AREA_HA_VEREDA": 0.13, "AREA_EQUIP_M2": 200.2, "N_EQUIP_TIPO": 1}}, {"type": "Feature", "geometry": {"x": -75.54598578899999, "y": 3.9800726370000348}, "properties": {"OBJECTID": 526, "VEREDA": "SAN JERONIMO", "MUNICIPIO": "73675", "ESCENARIO": "E1", "CULTIVO": "Cafe sombrio", "TIPO_INFRA": "Tipo II - Transformacion", "NOMBRE_EQUIP": "Planta cafe especial", "TON_VEREDA": 0.1, "AREA_HA_VEREDA": 0.13, "AREA_EQUIP_M2": 500.1, "N_EQUIP_TIPO": 1}}, {"type": "Feature", "geometry": {"x": -74.99246882199998, "y": 3.7545063480000636}, "properties": {"OBJECTID": 527, "VEREDA": "SAN JERONIMO", "MUNICIPIO": "73675", "ESCENARIO": "E1", "CULTIVO": "Cafe sombrio", "TIPO_INFRA": "Tipo III - Servicios", "NOMBRE_EQUIP": "Centro formacion agroforestal", "TON_VEREDA": 0.1, "AREA_HA_VEREDA": 0.13, "AREA_EQUIP_M2": 300, "N_EQUIP_TIPO": 2}}, {"type": "Feature", "geometry": {"x": -75.27007882399994, "y": 3.8447412540000414}, "properties": {"OBJECTID": 528, "VEREDA": "SAN JERONIMO", "MUNICIPIO": "73675", "ESCENARIO": "E1", "CULTIVO": "Cafe sombrio", "TIPO_INFRA": "Tipo III - Servicios", "NOMBRE_EQUIP": "Punto acopio exportacion", "TON_VEREDA": 0.1, "AREA_HA_VEREDA": 0.13, "AREA_EQUIP_M2": 300, "N_EQUIP_TIPO": 2}}, {"type": "Feature", "geometry": {"x": -75.12239202199999, "y": 3.7903797800000234}, "properties": {"OBJECTID": 529, "VEREDA": "GUAIPA", "MUNICIPIO": "73504", "ESCENARIO": "E1", "CULTIVO": "Cafe sombrio", "TIPO_INFRA": "Tipo I - Produccion", "NOMBRE_EQUIP": "Vivero agroforestal", "TON_VEREDA": 3820.27, "AREA_HA_VEREDA": 2726.96, "AREA_EQUIP_M2": 2000, "N_EQUIP_TIPO": 5}}, {"type": "Feature", "geometry": {"x": -75.10811634499998, "y": 3.7952693830000612}, "properties": {"OBJECTID": 530, "VEREDA": "GUAIPA", "MUNICIPIO": "73504", "ESCENARIO": "E1", "CULTIVO": "Cafe sombrio", "TIPO_INFRA": "Tipo I - Produccion", "NOMBRE_EQUIP": "Beneficiadero ecologico", "TON_VEREDA": 3820.27, "AREA_HA_VEREDA": 2726.96, "AREA_EQUIP_M2": 2000, "N_EQUIP_TIPO": 5}}, {"type": "Feature", "geometry": {"x": -75.08156705899995, "y": 3.621067551000067}, "properties": {"OBJECTID": 531, "VEREDA": "GUAIPA", "MUNICIPIO": "73504", "ESCENARIO": "E1", "CULTIVO": "Cafe sombrio", "TIPO_INFRA": "Tipo I - Produccion", "NOMBRE_EQUIP": "Secadero solar", "TON_VEREDA": 3820.27, "AREA_HA_VEREDA": 2726.96, "AREA_EQUIP_M2": 2000, "N_EQUIP_TIPO": 5}}, {"type": "Feature", "geometry": {"x": -75.19001879499996, "y": 4.0140037670000766}, "properties": {"OBJECTID": 532, "VEREDA": "GUAIPA", "MUNICIPIO": "73504", "ESCENARIO": "E1", "CULTIVO": "Cafe sombrio", "TIPO_INFRA": "Tipo I - Produccion", "NOMBRE_EQUIP": "Compostaje", "TON_VEREDA": 3820.27, "AREA_HA_VEREDA": 2726.96, "AREA_EQUIP_M2": 2000, "N_EQUIP_TIPO": 5}}, {"type": "Feature", "geometry": {"x": -75.24366982399994, "y": 3.732835120000061}, "properties": {"OBJECTID": 533, "VEREDA": "GUAIPA", "MUNICIPIO": "73504", "ESCENARIO": "E1", "CULTIVO": "Cafe sombrio", "TIPO_INFRA": "Tipo I - Produccion", "NOMBRE_EQUIP": "Lombricultivo", "TON_VEREDA": 3820.27, "AREA_HA_VEREDA": 2726.96, "AREA_EQUIP_M2": 2000, "N_EQUIP_TIPO": 5}}, {"type": "Feature", "geometry": {"x": -75.21756452399995, "y": 3.8046951210000657}, "properties": {"OBJECTID": 534, "VEREDA": "GUAIPA", "MUNICIPIO": "73504", "ESCENARIO": "E1", "CULTIVO": "Cafe sombrio", "TIPO_INFRA": "Tipo II - Transformacion", "NOMBRE_EQUIP": "Planta cafe especial", "TON_VEREDA": 3820.27, "AREA_HA_VEREDA": 2726.96, "AREA_EQUIP_M2": 2792.2, "N_EQUIP_TIPO": 2}}, {"type": "Feature", "geometry": {"x": -75.21914193399994, "y": 3.804370163000044}, "properties": {"OBJECTID": 535, "VEREDA": "GUAIPA", "MUNICIPIO": "73504", "ESCENARIO": "E1", "CULTIVO": "Cafe sombrio", "TIPO_INFRA": "Tipo II - Transformacion", "NOMBRE_EQUIP": "Planta maderables", "TON_VEREDA": 3820.27, "AREA_HA_VEREDA": 2726.96, "AREA_EQUIP_M2": 2792.2, "N_EQUIP_TIPO": 2}}, {"type": "Feature", "geometry": {"x": -75.14409308099994, "y": 3.9395435310000266}, "properties": {"OBJECTID": 536, "VEREDA": "GUAIPA", "MUNICIPIO": "73504", "ESCENARIO": "E1", "CULTIVO": "Cafe sombrio", "TIPO_INFRA": "Tipo III - Servicios", "NOMBRE_EQUIP": "Centro formacion agroforestal", "TON_VEREDA": 3820.27, "AREA_HA_VEREDA": 2726.96, "AREA_EQUIP_M2": 936.7, "N_EQUIP_TIPO": 2}}, {"type": "Feature", "geometry": {"x": -75.09605748299998, "y": 3.5325701500000264}, "properties": {"OBJECTID": 537, "VEREDA": "GUAIPA", "MUNICIPIO": "73504", "ESCENARIO": "E1", "CULTIVO": "Cafe sombrio", "TIPO_INFRA": "Tipo III - Servicios", "NOMBRE_EQUIP": "Punto acopio exportacion", "TON_VEREDA": 3820.27, "AREA_HA_VEREDA": 2726.96, "AREA_EQUIP_M2": 936.7, "N_EQUIP_TIPO": 2}}, {"type": "Feature", "geometry": {"x": -75.24742385299999, "y": 4.068765155000051}, "properties": {"OBJECTID": 538, "VEREDA": "PAPAGALA", "MUNICIPIO": "73671", "ESCENARIO": "E1", "CULTIVO": "Cafe sombrio", "TIPO_INFRA": "Tipo I - Produccion", "NOMBRE_EQUIP": "Vivero agroforestal", "TON_VEREDA": 6.31, "AREA_HA_VEREDA": 6.65, "AREA_EQUIP_M2": 210.1, "N_EQUIP_TIPO": 1}}, {"type": "Feature", "geometry": {"x": -75.09131427299997, "y": 3.900681281000061}, "properties": {"OBJECTID": 539, "VEREDA": "PAPAGALA", "MUNICIPIO": "73671", "ESCENARIO": "E1", "CULTIVO": "Cafe sombrio", "TIPO_INFRA": "Tipo II - Transformacion", "NOMBRE_EQUIP": "Planta cafe especial", "TON_VEREDA": 6.31, "AREA_HA_VEREDA": 6.65, "AREA_EQUIP_M2": 503.8, "N_EQUIP_TIPO": 1}}, {"type": "Feature", "geometry": {"x": -75.22058388799996, "y": 3.9346688440000435}, "properties": {"OBJECTID": 540, "VEREDA": "PAPAGALA", "MUNICIPIO": "73671", "ESCENARIO": "E1", "CULTIVO": "Cafe sombrio", "TIPO_INFRA": "Tipo III - Servicios", "NOMBRE_EQUIP": "Centro formacion agroforestal", "TON_VEREDA": 6.31, "AREA_HA_VEREDA": 6.65, "AREA_EQUIP_M2": 301.1, "N_EQUIP_TIPO": 2}}, {"type": "Feature", "geometry": {"x": -75.10934539499993, "y": 3.930851386000029}, "properties": {"OBJECTID": 541, "VEREDA": "PAPAGALA", "MUNICIPIO": "73671", "ESCENARIO": "E1", "CULTIVO": "Cafe sombrio", "TIPO_INFRA": "Tipo III - Servicios", "NOMBRE_EQUIP": "Punto acopio exportacion", "TON_VEREDA": 6.31, "AREA_HA_VEREDA": 6.65, "AREA_EQUIP_M2": 301.1, "N_EQUIP_TIPO": 2}}, {"type": "Feature", "geometry": {"x": -75.09554361499994, "y": 3.971602032000021}, "properties": {"OBJECTID": 542, "VEREDA": "MECHE - GUADUALITO", "MUNICIPIO": "73217", "ESCENARIO": "E1", "CULTIVO": "Cafe", "TIPO_INFRA": "Tipo I - Produccion", "NOMBRE_EQUIP": "Vivero cafe", "TON_VEREDA": 3618.61, "AREA_HA_VEREDA": 3060.25, "AREA_EQUIP_M2": 2000, "N_EQUIP_TIPO": 5}}, {"type": "Feature", "geometry": {"x": -75.09995228399998, "y": 3.7396191310000404}, "properties": {"OBJECTID": 543, "VEREDA": "MECHE - GUADUALITO", "MUNICIPIO": "73217", "ESCENARIO": "E1", "CULTIVO": "Cafe", "TIPO_INFRA": "Tipo I - Produccion", "NOMBRE_EQUIP": "Beneficiadero humedo", "TON_VEREDA": 3618.61, "AREA_HA_VEREDA": 3060.25, "AREA_EQUIP_M2": 2000, "N_EQUIP_TIPO": 5}}, {"type": "Feature", "geometry": {"x": -75.09350965799996, "y": 3.9676333430000454}, "properties": {"OBJECTID": 544, "VEREDA": "MECHE - GUADUALITO", "MUNICIPIO": "73217", "ESCENARIO": "E1", "CULTIVO": "Cafe", "TIPO_INFRA": "Tipo I - Produccion", "NOMBRE_EQUIP": "Marquesina secado", "TON_VEREDA": 3618.61, "AREA_HA_VEREDA": 3060.25, "AREA_EQUIP_M2": 2000, "N_EQUIP_TIPO": 5}}, {"type": "Feature", "geometry": {"x": -75.13044272899998, "y": 3.9926130050000666}, "properties": {"OBJECTID": 545, "VEREDA": "MECHE - GUADUALITO", "MUNICIPIO": "73217", "ESCENARIO": "E1", "CULTIVO": "Cafe", "TIPO_INFRA": "Tipo I - Produccion", "NOMBRE_EQUIP": "Tanques fermentacion", "TON_VEREDA": 3618.61, "AREA_HA_VEREDA": 3060.25, "AREA_EQUIP_M2": 2000, "N_EQUIP_TIPO": 5}}, {"type": "Feature", "geometry": {"x": -75.09064636999994, "y": 3.91839516400006}, "properties": {"OBJECTID": 546, "VEREDA": "MECHE - GUADUALITO", "MUNICIPIO": "73217", "ESCENARIO": "E1", "CULTIVO": "Cafe", "TIPO_INFRA": "Tipo I - Produccion", "NOMBRE_EQUIP": "Bodega cafe", "TON_VEREDA": 3618.61, "AREA_HA_VEREDA": 3060.25, "AREA_EQUIP_M2": 2000, "N_EQUIP_TIPO": 5}}, {"type": "Feature", "geometry": {"x": -75.26342221999994, "y": 3.7413694570000757}, "properties": {"OBJECTID": 547, "VEREDA": "MECHE - GUADUALITO", "MUNICIPIO": "73217", "ESCENARIO": "E1", "CULTIVO": "Cafe", "TIPO_INFRA": "Tipo II - Transformacion", "NOMBRE_EQUIP": "Planta trilla cafe", "TON_VEREDA": 3618.61, "AREA_HA_VEREDA": 3060.25, "AREA_EQUIP_M2": 2671.2, "N_EQUIP_TIPO": 2}}, {"type": "Feature", "geometry": {"x": -75.26310847799994, "y": 3.738472972000068}, "properties": {"OBJECTID": 548, "VEREDA": "MECHE - GUADUALITO", "MUNICIPIO": "73217", "ESCENARIO": "E1", "CULTIVO": "Cafe", "TIPO_INFRA": "Tipo II - Transformacion", "NOMBRE_EQUIP": "Laboratorio catacion", "TON_VEREDA": 3618.61, "AREA_HA_VEREDA": 3060.25, "AREA_EQUIP_M2": 2671.2, "N_EQUIP_TIPO": 2}}, {"type": "Feature", "geometry": {"x": -75.10441695999998, "y": 3.919043092000038}, "properties": {"OBJECTID": 549, "VEREDA": "MECHE - GUADUALITO", "MUNICIPIO": "73217", "ESCENARIO": "E1", "CULTIVO": "Cafe", "TIPO_INFRA": "Tipo III - Servicios", "NOMBRE_EQUIP": "Escuela campo cafeteros", "TON_VEREDA": 3618.61, "AREA_HA_VEREDA": 3060.25, "AREA_EQUIP_M2": 903.1, "N_EQUIP_TIPO": 2}}, {"type": "Feature", "geometry": {"x": -75.21862714299994, "y": 3.932557660000043}, "properties": {"OBJECTID": 550, "VEREDA": "MECHE - GUADUALITO", "MUNICIPIO": "73217", "ESCENARIO": "E1", "CULTIVO": "Cafe", "TIPO_INFRA": "Tipo III - Servicios", "NOMBRE_EQUIP": "Centro acopio cafe", "TON_VEREDA": 3618.61, "AREA_HA_VEREDA": 3060.25, "AREA_EQUIP_M2": 903.1, "N_EQUIP_TIPO": 2}}]}