{"type":"FeatureCollection","features":[{"type":"Feature","geometry":{"type":"LineString","coordinates":[[-75.22379,3.92968],[-75.22318,3.9295]]},"properties":{"NIVEL_PROP":"N3-Terciaria"}},{"type":"Feature","geometry":{"type":"LineString","coordinates":[[-75.01629,3.72302],[-75.01648,3.72308],[-75.01654,3.72313],[-75.01657,3.72326],[-75.0166,3.72347],[-75.01665,3.72361],[-75.01674,3.72368],[-75.01686,3.72371],[-75.01704,3.72374],[-75.01722,3.72383],[-75.01743,3.72403],[-75.01755,3.72423],[-75.01761,3.72432],[-75.01772,3.7244],[-75.01795,3.72445],[-75.01828,3.72456],[-75.01836,3.72463],[-75.01842,3.72469],[-75.01866,3.72475],[-75.01883,3.7248],[-75.01903,3.72496],[-75.01911,3.72516],[-75.0192,3.72531],[-75.01948,3.7256]]},"properties":{"NIVEL_PROP":"N3-Camino vecinal"}},{"type":"Feature","geometry":{"type":"LineString","coordinates":[[-75.28703,3.89284],[-75.28708,3.89316],[-75.28708,3.89325],[-75.28693,3.89355],[-75.28682,3.89379]]},"properties":{"NIVEL_PROP":"N3-Terciaria"}},{"type":"Feature","geometry":{"type":"LineString","coordinates":[[-75.12401,3.8213],[-75.12386,3.82137],[-75.12377,3.82147],[-75.12364,3.82177],[-75.12308,3.82229],[-75.12242,3.82266],[-75.12199,3.82276],[-75.12161,3.82281]]},"properties":{"NIVEL_PROP":"N3-Camino vecinal"}},{"type":"Feature","geometry":{"type":"LineString","coordinates":[[-75.06634,3.67609],[-75.06609,3.67617],[-75.06602,3.6762],[-75.06581,3.67633],[-75.06567,3.67644],[-75.06566,3.67644],[-75.06566,3.67645],[-75.06565,3.67645],[-75.06499,3.67645],[-75.06419,3.67648]]},"properties":{"NIVEL_PROP":"N3-Servicio"}},{"type":"Feature","geometry":{"type":"LineString","coordinates":[[-75.093,3.62254],[-75.09227,3.6223],[-75.0919,3.62218],[-75.09149,3.62204],[-75.09068,3.62178],[-75.09035,3.62167],[-75.08957,3.62142],[-75.08897,3.62122],[-75.0885,3.62107],[-75.08814,3.62095]]},"properties":{"NIVEL_PROP":"N3-Terciaria"}},{"type":"Feature","geometry":{"type":"LineString","coordinates":[[-75.0693,3.7948],[-75.06915,3.79477],[-75.06792,3.79468],[-75.06584,3.79451],[-75.06377,3.79435]]},"properties":{"NIVEL_PROP":"N3-Terciaria"}},{"type":"Feature","geometry":{"type":"LineString","coordinates":[[-75.10881,3.76846],[-75.10863,3.76845],[-75.10834,3.76844],[-75.10822,3.76846],[-75.10776,3.76864],[-75.10756,3.76871],[-75.10752,3.76874],[-75.10751,3.7688],[-75.10746,3.769],[-75.10731,3.76951],[-75.10706,3.7701],[-75.10686,3.77062],[-75.10682,3.77073],[-75.10682,3.77085],[-75.10681,3.7714],[-75.10677,3.77213],[-75.10676,3.77259]]},"properties":{"NIVEL_PROP":"N3-Camino vecinal"}},{"type":"Feature","geometry":{"type":"LineString","coordinates":[[-75.10105,3.533],[-75.1016,3.53336],[-75.1021,3.5336]]},"properties":{"NIVEL_PROP":"N3-Terciaria"}},{"type":"Feature","geometry":{"type":"LineString","coordinates":[[-75.00985,3.79742],[-75.00994,3.79657],[-75.00991,3.79639],[-75.00959,3.79556]]},"properties":{"NIVEL_PROP":"N3-Terciaria"}},{"type":"Feature","geometry":{"type":"LineString","coordinates":[[-75.09817,3.62645],[-75.09814,3.62609]]},"properties":{"NIVEL_PROP":"N3-Terciaria"}},{"type":"Feature","geometry":{"type":"LineString","coordinates":[[-75.14327,3.92905],[-75.14313,3.92933],[-75.14283,3.92974],[-75.14253,3.92994],[-75.14216,3.92996],[-75.1417,3.92997],[-75.14145,3.92993],[-75.14124,3.92999],[-75.14118,3.93019],[-75.14095,3.93055],[-75.14055,3.93061],[-75.14021,3.93066],[-75.14006,3.93085],[-75.13996,3.9313],[-75.13989,3.93159],[-75.14001,3.93175],[-75.14003,3.93221],[-75.13989,3.93278],[-75.13977,3.93308],[-75.13963,3.93345],[-75.13951,3.93384],[-75.13934,3.93456],[-75.13916,3.93464],[-75.139,3.93457],[-75.13881,3.9345],[-75.13873,3.9347],[-75.1388,3.93492],[-75.13872,3.93522],[-75.13845,3.93536],[-75.1381,3.93544],[-75.13735,3.93546],[-75.13705,3.93541],[-75.13655,3.93521],[-75.1361,3.93533],[-75.13558,3.9357],[-75.13534,3.93571],[-75.13487,3.93563],[-75.1344,3.93569]]},"properties":{"NIVEL_PROP":"N3-Terciaria"}},{"type":"Feature","geometry":{"type":"LineString","coordinates":[[-75.10609,3.91704],[-75.10577,3.91687],[-75.10558,3.9167],[-75.10547,3.91664],[-75.10545,3.91658],[-75.10547,3.9165],[-75.10543,3.91619],[-75.10538,3.91596],[-75.10538,3.91575],[-75.10539,3.91548]]},"properties":{"NIVEL_PROP":"N3-Terciaria"}},{"type":"Feature","geometry":{"type":"LineString","coordinates":[[-75.10653,3.96688],[-75.10648,3.96769],[-75.10646,3.96818],[-75.10647,3.96851],[-75.10663,3.96873]]},"properties":{"NIVEL_PROP":"N3-Terciaria"}},{"type":"Feature","geometry":{"type":"LineString","coordinates":[[-75.11394,3.88572],[-75.11414,3.88578]]},"properties":{"NIVEL_PROP":"N3-Terciaria"}},{"type":"Feature","geometry":{"type":"LineString","coordinates":[[-75.06966,3.77116],[-75.06967,3.77121]]},"properties":{"NIVEL_PROP":"N3-Terciaria"}},{"type":"Feature","geometry":{"type":"LineString","coordinates":[[-75.17993,3.7719],[-75.18008,3.77171],[-75.18038,3.77134],[-75.18049,3.77114],[-75.18056,3.77094],[-75.18063,3.77084],[-75.18084,3.77071],[-75.1814,3.77017],[-75.1816,3.76996]]},"properties":{"NIVEL_PROP":"N3-Terciaria"}},{"type":"Feature","geometry":{"type":"LineString","coordinates":[[-75.01166,3.79499],[-75.01171,3.796]]},"properties":{"NIVEL_PROP":"N3-Terciaria"}},{"type":"Feature","geometry":{"type":"LineString","coordinates":[[-75.13006,3.76535],[-75.1301,3.76541]]},"properties":{"NIVEL_PROP":"N3-Terciaria"}},{"type":"Feature","geometry":{"type":"LineString","coordinates":[[-75.10741,3.5294],[-75.10742,3.52916],[-75.10741,3.52912],[-75.10738,3.52909],[-75.10735,3.52907],[-75.10723,3.52897],[-75.10709,3.52887],[-75.10704,3.52884],[-75.10697,3.52881],[-75.1069,3.52877],[-75.10679,3.5287],[-75.10675,3.52867],[-75.10669,3.52863],[-75.1063,3.5284],[-75.10618,3.52832],[-75.1061,3.52827],[-75.10604,3.52823],[-75.10596,3.52818],[-75.10589,3.52816],[-75.10576,3.5281],[-75.10556,3.52803]]},"properties":{"NIVEL_PROP":"N3-Terciaria"}},{"type":"Feature","geometry":{"type":"LineString","coordinates":[[-75.33161,3.81837],[-75.33244,3.8188],[-75.3332,3.8191],[-75.33358,3.81935],[-75.33432,3.81977],[-75.33469,3.81998],[-75.33526,3.82044],[-75.33577,3.82077],[-75.33588,3.82091]]},"properties":{"NIVEL_PROP":"N3-Terciaria"}},{"type":"Feature","geometry":{"type":"LineString","coordinates":[[-75.17915,3.77272],[-75.17942,3.77277],[-75.17986,3.77301],[-75.18006,3.77306],[-75.18019,3.77307]]},"properties":{"NIVEL_PROP":"N3-Terciaria"}},{"type":"Feature","geometry":{"type":"LineString","coordinates":[[-75.05954,3.81774],[-75.05954,3.81789],[-75.05949,3.81799],[-75.05955,3.81825],[-75.05955,3.81827]]},"properties":{"NIVEL_PROP":"N3-Terciaria"}},{"type":"Feature","geometry":{"type":"LineString","coordinates":[[-74.9976,3.7205],[-74.9977,3.72033],[-74.9978,3.72004],[-74.998,3.71966],[-74.99811,3.71935]]},"properties":{"NIVEL_PROP":"N3-Terciaria"}},{"type":"Feature","geometry":{"type":"LineString","coordinates":[[-75.01282,3.79494],[-75.0131,3.7952]]},"properties":{"NIVEL_PROP":"N3-Terciaria"}},{"type":"Feature","geometry":{"type":"LineString","coordinates":[[-75.60151,4.01168],[-75.60122,4.01163],[-75.60072,4.01153],[-75.60043,4.01139],[-75.60003,4.01106],[-75.59972,4.01093],[-75.59943,4.01084],[-75.5991,4.01084],[-75.59891,4.01073],[-75.59882,4.01042],[-75.59888,4.01013],[-75.59873,4.00968],[-75.59843,4.0093],[-75.59784,4.00943],[-75.59761,4.00932],[-75.59749,4.00908],[-75.59751,4.00887],[-75.59769,4.00851],[-75.59768,4.00818],[-75.59759,4.00798],[-75.59697,4.00798],[-75.59584,4.00775],[-75.59532,4.00698],[-75.59537,4.00674],[-75.5953,4.00657],[-75.59516,4.00649],[-75.59453,4.00656],[-75.59429,4.0068],[-75.59413,4.00687],[-75.59382,4.00675],[-75.5936,4.0068],[-75.59345,4.00691],[-75.59327,4.00692],[-75.59258,4.00685],[-75.59202,4.00673],[-75.59197,4.0065],[-75.59199,4.00618],[-75.5918,4.00577],[-75.59171,4.00538],[-75.59152,4.00505],[-75.59151,4.00479],[-75.59169,4.00408],[-75.59197,4.00352],[-75.59295,4.0031],[-75.59307,4.00286],[-75.593,4.00262],[-75.59232,4.0026],[-75.59187,4.00244],[-75.59158,4.00254],[-75.5914,4.00292],[-75.59072,4.0039],[-75.59038,4.00399],[-75.59014,4.00379],[-75.59044,4.00307],[-75.59015,4.00253],[-75.58977,4.00232],[-75.58953,4.00269],[-75.58925,4.00387],[-75.58917,4.00436],[-75.58916,4.00437]]},"properties":{"NIVEL_PROP":"N2-Secundaria"}},{"type":"Feature","geometry":{"type":"LineString","coordinates":[[-75.13509,3.71036],[-75.13482,3.71078],[-75.13459,3.7111],[-75.13441,3.71118],[-75.13422,3.71122],[-75.13402,3.71128],[-75.13382,3.71132],[-75.13346,3.7113],[-75.1332,3.7112],[-75.13281,3.71101],[-75.13235,3.71088],[-75.13176,3.71081],[-75.1309,3.71077],[-75.13073,3.71075],[-75.13062,3.71069],[-75.1305,3.71056],[-75.13016,3.71017],[-75.13003,3.71009],[-75.12988,3.71004],[-75.12967,3.71],[-75.12934,3.70997],[-75.12924,3.70998],[-75.1292,3.71003],[-75.12911,3.71056],[-75.12908,3.71077],[-75.12902,3.71082],[-75.12892,3.71083],[-75.12877,3.71083],[-75.12761,3.71075]]},"properties":{"NIVEL_PROP":"N3-Camino vecinal"}},{"type":"Feature","geometry":{"type":"LineString","coordinates":[[-75.10944,3.91769],[-75.10931,3.91779],[-75.10911,3.91788],[-75.10884,3.91804],[-75.1088,3.91817],[-75.10869,3.91846],[-75.10861,3.91853],[-75.10849,3.91856]]},"properties":{"NIVEL_PROP":"N3-Terciaria"}},{"type":"Feature","geometry":{"type":"LineString","coordinates":[[-75.60609,4.01153],[-75.60658,4.01186]]},"properties":{"NIVEL_PROP":"N2-Secundaria"}},{"type":"Feature","geometry":{"type":"LineString","coordinates":[[-75.10556,3.52803],[-75.10561,3.52824],[-75.10563,3.52835],[-75.10563,3.52842],[-75.10562,3.52851],[-75.10559,3.52858],[-75.10556,3.52861]]},"properties":{"NIVEL_PROP":"N3-Terciaria"}},{"type":"Feature","geometry":{"type":"LineString","coordinates":[[-75.18332,3.99184],[-75.18314,3.99266],[-75.18306,3.99287]]},"properties":{"NIVEL_PROP":"N3-Terciaria"}},{"type":"Feature","geometry":{"type":"LineString","coordinates":[[-75.15761,3.93205],[-75.15748,3.9321],[-75.1574,3.93205],[-75.15737,3.93197],[-75.15746,3.93133],[-75.15752,3.93102],[-75.15762,3.93093],[-75.15778,3.93077],[-75.15787,3.93048],[-75.15794,3.93013],[-75.158,3.92995],[-75.15835,3.92901],[-75.1585,3.92858],[-75.15841,3.92844],[-75.15838,3.92809],[-75.15839,3.92784],[-75.15821,3.92743],[-75.158,3.92724],[-75.15771,3.92688],[-75.15747,3.92645],[-75.15716,3.92608],[-75.15696,3.92592],[-75.15668,3.92547],[-75.15642,3.92532],[-75.15605,3.92516],[-75.15504,3.92507],[-75.15473,3.92495],[-75.15427,3.92467],[-75.15409,3.92447],[-75.1541,3.92423],[-75.15418,3.92403],[-75.1543,3.92388],[-75.15437,3.92373]]},"properties":{"NIVEL_PROP":"N3-Terciaria"}},{"type":"Feature","geometry":{"type":"LineString","coordinates":[[-75.10988,3.94255],[-75.11004,3.94258],[-75.11051,3.94264],[-75.11078,3.94274],[-75.11114,3.94274],[-75.11144,3.94273],[-75.11162,3.94266],[-75.11206,3.94255],[-75.11226,3.9425]]},"properties":{"NIVEL_PROP":"N3-Terciaria"}},{"type":"Feature","geometry":{"type":"LineString","coordinates":[[-75.19525,3.79603],[-75.19537,3.79648]]},"properties":{"NIVEL_PROP":"N3-Terciaria"}},{"type":"Feature","geometry":{"type":"LineString","coordinates":[[-75.13251,3.97357],[-75.13249,3.97404],[-75.13238,3.97442],[-75.13223,3.97458],[-75.13205,3.9748],[-75.13188,3.97507],[-75.13183,3.97524],[-75.13191,3.97557],[-75.13208,3.97581]]},"properties":{"NIVEL_PROP":"N3-Camino vecinal"}},{"type":"Feature","geometry":{"type":"LineString","coordinates":[[-75.21241,3.76569],[-75.21251,3.76497],[-75.2126,3.76419],[-75.21267,3.76408],[-75.21274,3.76395],[-75.21287,3.76376],[-75.21418,3.76197],[-75.21571,3.75988],[-75.21718,3.75786],[-75.21814,3.75529],[-75.21823,3.75513],[-75.21834,3.75498],[-75.22054,3.75332],[-75.22185,3.7514],[-75.22483,3.74833],[-75.22629,3.74686],[-75.22702,3.74613],[-75.2289,3.74453],[-75.22955,3.744],[-75.22973,3.74386],[-75.23022,3.74347],[-75.23087,3.7431],[-75.23119,3.74291],[-75.23151,3.74268],[-75.23165,3.74256],[-75.23177,3.74241],[-75.23201,3.74211],[-75.23407,3.73907],[-75.23559,3.73676],[-75.23572,3.7366],[-75.23586,3.73646],[-75.2362,3.73615],[-75.23734,3.73524],[-75.23809,3.73465],[-75.23828,3.73449],[-75.2385,3.73436],[-75.23895,3.7342],[-75.23918,3.73413],[-75.23929,3.73414],[-75.23942,3.7342],[-75.23986,3.73479],[-75.24005,3.73503],[-75.24014,3.73514],[-75.24025,3.73522],[-75.24033,3.73526],[-75.24042,3.73527],[-75.24051,3.73526],[-75.24059,3.73523],[-75.2408,3.73506],[-75.24096,3.73493],[-75.24106,3.73488],[-75.24119,3.73484],[-75.24368,3.73506],[-75.24373,3.73507],[-75.24379,3.7351],[-75.24384,3.73515],[-75.24388,3.73521],[-75.24405,3.7356],[-75.24413,3.73582],[-75.24424,3.736],[-75.24561,3.73744],[-75.2457,3.73753],[-75.24573,3.73758],[-75.24574,3.73765],[-75.24568,3.73839],[-75.24578,3.7386],[-75.24594,3.73878],[-75.24618,3.73892],[-75.24646,3.73901],[-75.24759,3.73922],[-75.24774,3.7392],[-75.24787,3.73912],[-75.24827,3.7387],[-75.24847,3.7385],[-75.24857,3.73842],[-75.24862,3.73839],[-75.24869,3.73837],[-75.25181,3.73865],[-75.2519,3.73869],[-75.25199,3.73876],[-75.25217,3.73887],[-75.25227,3.73891],[-75.25237,3.73893],[-75.25346,3.73889],[-75.25454,3.73886],[-75.25563,3.73883],[-75.25574,3.73883],[-75.25585,3.73879],[-75.25727,3.73789],[-75.25805,3.73745],[-75.25841,3.73724],[-75.25963,3.73674],[-75.25986,3.73665],[-75.26011,3.73661],[-75.26059,3.73656],[-75.26073,3.73649],[-75.26087,3.7364],[-75.2611,3.73623],[-75.26135,3.73611],[-75.26188,3.73598],[-75.26216,3.73591],[-75.26231,3.73585],[-75.26242,3.73576],[-75.26254,3.73565],[-75.26262,3.73547],[-75.26278,3.7351],[-75.26319,3.73377],[-75.2633,3.73335],[-75.26344,3.73295],[-75.26361,3.7327],[-75.26381,3.73246],[-75.26422,3.73198],[-75.26436,3.73184],[-75.26449,3.73169],[-75.26462,3.73153],[-75.26474,3.73141],[-75.26488,3.73129],[-75.26494,3.73126],[-75.26504,3.73126],[-75.26519,3.73127],[-75.26553,3.73134],[-75.26664,3.73154],[-75.2671,3.7316],[-75.26738,3.73165],[-75.26752,3.73166],[-75.26766,3.73164],[-75.2678,3.73162],[-75.26793,3.73158],[-75.26815,3.73145],[-75.26838,3.7313],[-75.26863,3.73117],[-75.26906,3.73099],[-75.26928,3.73093],[-75.26952,3.7309],[-75.26962,3.73088],[-75.26971,3.73085],[-75.26975,3.73079],[-75.26978,3.73071],[-75.26987,3.73048],[-75.26992,3.73035],[-75.27002,3.73025],[-75.27015,3.7302],[-75.27032,3.73016],[-75.27046,3.73013],[-75.27054,3.7301],[-75.2706,3.73004],[-75.27075,3.72974],[-75.27083,3.72963],[-75.27091,3.7296],[-75.27101,3.72958],[-75.27125,3.72955],[-75.27137,3.72952],[-75.27146,3.72945],[-75.27151,3.72939],[-75.27156,3.72932],[-75.27163,3.72918],[-75.27181,3.72895],[-75.27209,3.72868],[-75.27222,3.72855],[-75.27238,3.72845],[-75.27263,3.72842],[-75.27275,3.72839],[-75.27287,3.72832],[-75.27294,3.72821],[-75.27298,3.72805],[-75.27302,3.72784],[-75.27311,3.72767],[-75.27341,3.72738],[-75.27377,3.72712],[-75.27414,3.72686],[-75.27433,3.72673],[-75.27443,3.72668],[-75.27454,3.72664],[-75.2749,3.72656],[-75.27529,3.72649],[-75.27597,3.72628],[-75.27617,3.72621],[-75.27635,3.7261],[-75.27643,3.72602],[-75.27651,3.72591],[-75.27664,3.72547],[-75.27669,3.72536],[-75.27678,3.72529],[-75.27701,3.72518],[-75.27731,3.72505],[-75.27745,3.72499],[-75.27759,3.72489],[-75.27765,3.7248],[-75.27767,3.72469],[-75.27768,3.72408],[-75.2777,3.72401],[-75.27772,3.72395],[-75.27779,3.72388],[-75.2779,3.72381],[-75.27798,3.72379],[-75.27807,3.72377],[-75.27819,3.72381],[-75.27832,3.7239],[-75.27849,3.72406],[-75.27862,3.72409],[-75.27872,3.72408],[-75.27883,3.724],[-75.27908,3.72372],[-75.27925,3.72344],[-75.27938,3.7233],[-75.27981,3.72303],[-75.27986,3.72299],[-75.27993,3.72292],[-75.27997,3.72287],[-75.28,3.72279],[-75.28004,3.72271],[-75.28011,3.72262],[-75.28025,3.72247],[-75.28037,3.72234],[-75.28042,3.72225],[-75.28043,3.72214],[-75.28044,3.72198],[-75.28062,3.7216],[-75.28072,3.72131],[-75.28079,3.72096],[-75.28087,3.72081],[-75.28105,3.72071],[-75.28123,3.72065],[-75.28134,3.7206],[-75.28145,3.72051],[-75.28154,3.72031],[-75.28161,3.72006],[-75.28174,3.71984],[-75.28232,3.71912],[-75.28254,3.71868],[-75.28305,3.71792],[-75.28314,3.71747],[-75.28328,3.71673],[-75.28345,3.71562],[-75.28344,3.7155],[-75.28339,3.7154],[-75.28329,3.71522],[-75.28322,3.7151],[-75.28319,3.71499],[-75.2832,3.71487],[-75.2833,3.71463],[-75.28337,3.71443],[-75.28352,3.71404],[-75.28358,3.7137],[-75.28365,3.71331],[-75.28386,3.71264],[-75.28391,3.71244],[-75.28392,3.71219],[-75.28388,3.71195],[-75.28383,3.71176],[-75.28382,3.71153],[-75.28386,3.71133],[-75.28392,3.71106],[-75.28402,3.71081],[-75.28425,3.71037],[-75.28435,3.71002],[-75.28446,3.70965],[-75.28454,3.70903],[-75.28457,3.70865],[-75.28452,3.70835],[-75.28447,3.70817],[-75.28444,3.70795],[-75.28452,3.70765],[-75.28464,3.7073],[-75.28475,3.70691],[-75.28481,3.70645],[-75.28485,3.70601],[-75.28485,3.70565],[-75.2848,3.70529],[-75.28476,3.70493],[-75.28475,3.70458],[-75.28476,3.70442],[-75.28479,3.70426],[-75.2849,3.70396],[-75.28513,3.70352],[-75.28524,3.70332],[-75.2853,3.7031],[-75.28537,3.70288],[-75.28542,3.70264],[-75.28547,3.70218],[-75.28555,3.70125],[-75.2856,3.70102],[-75.28568,3.70078],[-75.28592,3.70032],[-75.28649,3.69929],[-75.28677,3.69879],[-75.28709,3.69833],[-75.28841,3.69673],[-75.28992,3.6946],[-75.29014,3.69432],[-75.29036,3.69403],[-75.29045,3.69389],[-75.29055,3.69367],[-75.29064,3.69332],[-75.2907,3.69315],[-75.29077,3.69298],[-75.29094,3.69265],[-75.29103,3.69244],[-75.29105,3.69231],[-75.29104,3.6922],[-75.29111,3.69169],[-75.29153,3.69021],[-75.29175,3.68955],[-75.29183,3.68922],[-75.29196,3.6889],[-75.29259,3.68786],[-75.29332,3.68679],[-75.29471,3.68442],[-75.29476,3.68434],[-75.29479,3.68432],[-75.29484,3.68431],[-75.29488,3.68431],[-75.29491,3.68431],[-75.29498,3.68433],[-75.29588,3.68487],[-75.29726,3.68556],[-75.29732,3.68558],[-75.2974,3.68559],[-75.29754,3.6856],[-75.29782,3.68561],[-75.29821,3.68573],[-75.2984,3.6858],[-75.29859,3.68589],[-75.29893,3.6862],[-75.29927,3.68653],[-75.29969,3.68694],[-75.30012,3.68738],[-75.30066,3.68803],[-75.30119,3.68868],[-75.30125,3.68874],[-75.30132,3.68877],[-75.30137,3.68878],[-75.30141,3.68878]]},"properties":{"NIVEL_PROP":"N2-Secundaria"}},{"type":"Feature","geometry":{"type":"LineString","coordinates":[[-75.11071,3.52911],[-75.11042,3.52866],[-75.1101,3.52815],[-75.10976,3.52759],[-75.10947,3.52707],[-75.10928,3.52663],[-75.10919,3.52639],[-75.10911,3.52604],[-75.10904,3.52565],[-75.10898,3.5252],[-75.10897,3.52481],[-75.10898,3.52425],[-75.10902,3.52369],[-75.10903,3.52325]]},"properties":{"NIVEL_PROP":"N3-Terciaria"}},{"type":"Feature","geometry":{"type":"LineString","coordinates":[[-75.0602,3.8216],[-75.05956,3.82166]]},"properties":{"NIVEL_PROP":"N3-Servicio"}},{"type":"Feature","geometry":{"type":"LineString","coordinates":[[-75.15871,3.74582],[-75.15835,3.74644],[-75.15826,3.74665],[-75.15802,3.74797],[-75.15784,3.74847],[-75.15733,3.74922],[-75.15712,3.75008],[-75.15702,3.75019],[-75.15688,3.7502],[-75.15628,3.75022],[-75.1551,3.75105],[-75.15501,3.75117],[-75.15491,3.75179],[-75.15491,3.75187],[-75.15488,3.75222],[-75.15488,3.75281],[-75.15472,3.75421],[-75.15462,3.75433]]},"properties":{"NIVEL_PROP":"N3-Terciaria"}},{"type":"Feature","geometry":{"type":"LineString","coordinates":[[-75.19009,3.40461],[-75.18994,3.40539]]},"properties":{"NIVEL_PROP":"N3-Terciaria"}},{"type":"Feature","geometry":{"type":"LineString","coordinates":[[-75.115,3.77571],[-75.11515,3.77564],[-75.11524,3.77558],[-75.11549,3.77536],[-75.11596,3.77491],[-75.11636,3.77452],[-75.11676,3.77417],[-75.11702,3.77394],[-75.11711,3.77388],[-75.1172,3.77383],[-75.11771,3.77358],[-75.11822,3.77331],[-75.11864,3.7731],[-75.1188,3.77301],[-75.11883,3.77299],[-75.11888,3.77295],[-75.11893,3.7729],[-75.11903,3.77278],[-75.11918,3.77257]]},"properties":{"NIVEL_PROP":"N3-Terciaria"}},{"type":"Feature","geometry":{"type":"LineString","coordinates":[[-75.09182,3.62115],[-75.09169,3.62129]]},"properties":{"NIVEL_PROP":"N3-Terciaria"}},{"type":"Feature","geometry":{"type":"LineString","coordinates":[[-75.15481,3.74372],[-75.15489,3.74376]]},"properties":{"NIVEL_PROP":"N3-Terciaria"}},{"type":"Feature","geometry":{"type":"LineString","coordinates":[[-75.17226,3.77136],[-75.17229,3.77149],[-75.17224,3.77158],[-75.17206,3.7717],[-75.17202,3.77183],[-75.1719,3.77246],[-75.17193,3.77261],[-75.17205,3.77287],[-75.17217,3.77311],[-75.17234,3.77349],[-75.17237,3.7737],[-75.1723,3.77392],[-75.17227,3.77412],[-75.17228,3.77443],[-75.17233,3.77476]]},"properties":{"NIVEL_PROP":"N3-Camino vecinal"}},{"type":"Feature","geometry":{"type":"LineString","coordinates":[[-75.10366,3.83934],[-75.10356,3.83939],[-75.10337,3.83957],[-75.10311,3.83987],[-75.10284,3.84021],[-75.10273,3.84035],[-75.10265,3.84045],[-75.10259,3.84054],[-75.10256,3.84064],[-75.10255,3.84082],[-75.10294,3.84454],[-75.10292,3.84467],[-75.10288,3.84476],[-75.10273,3.8449],[-75.10059,3.84634],[-75.10044,3.84641]]},"properties":{"NIVEL_PROP":"N3-Terciaria"}},{"type":"Feature","geometry":{"type":"LineString","coordinates":[[-75.17959,3.42918],[-75.17939,3.42928],[-75.17931,3.42932],[-75.17922,3.42936],[-75.17914,3.42938],[-75.17902,3.42937],[-75.17879,3.42933],[-75.17864,3.4293],[-75.17857,3.42931],[-75.17843,3.42936],[-75.17828,3.4294],[-75.17816,3.42942],[-75.17778,3.42946],[-75.17767,3.42945],[-75.17747,3.42939],[-75.17719,3.42928]]},"properties":{"NIVEL_PROP":"N3-Terciaria"}},{"type":"Feature","geometry":{"type":"LineString","coordinates":[[-75.19793,3.79297],[-75.19829,3.79282],[-75.19881,3.79254],[-75.19925,3.7921],[-75.19947,3.79186],[-75.19969,3.79149],[-75.1994,3.79073],[-75.19915,3.79014],[-75.19858,3.78967],[-75.19774,3.78899],[-75.19668,3.78824],[-75.19562,3.78739],[-75.19538,3.7868],[-75.19525,3.78616],[-75.19486,3.78387],[-75.19474,3.78333],[-75.19476,3.78261],[-75.19541,3.78086],[-75.19777,3.77844],[-75.19928,3.77709],[-75.20001,3.77634],[-75.20079,3.77581],[-75.20185,3.77568],[-75.20269,3.7756],[-75.20351,3.77524],[-75.20478,3.77447],[-75.20511,3.77425],[-75.20531,3.77412],[-75.20574,3.77396],[-75.20626,3.77367],[-75.20732,3.77306],[-75.20773,3.7727],[-75.20806,3.77216],[-75.2096,3.77004],[-75.20971,3.76901],[-75.20975,3.76883],[-75.20982,3.76868],[-75.20987,3.7686],[-75.20995,3.76853],[-75.2101,3.76844],[-75.21102,3.76796],[-75.21137,3.76781],[-75.21153,3.76773],[-75.21169,3.76763],[-75.21188,3.76741],[-75.21207,3.76717],[-75.21218,3.76701],[-75.21227,3.76683],[-75.21232,3.76657],[-75.21236,3.76627],[-75.21241,3.76569]]},"properties":{"NIVEL_PROP":"N2-Secundaria"}},{"type":"Feature","geometry":{"type":"LineString","coordinates":[[-75.09766,3.62204],[-75.09782,3.62132],[-75.098,3.62065]]},"properties":{"NIVEL_PROP":"N3-Terciaria"}},{"type":"Feature","geometry":{"type":"LineString","coordinates":[[-75.0466,3.70108],[-75.04661,3.70105],[-75.04677,3.70079],[-75.04695,3.70055],[-75.04713,3.70037],[-75.04719,3.70025],[-75.04724,3.70013],[-75.04727,3.69993],[-75.04728,3.6997],[-75.04728,3.69946],[-75.04725,3.69932],[-75.04708,3.69888],[-75.04705,3.69873],[-75.04705,3.69861],[-75.04706,3.6985],[-75.04711,3.69842],[-75.04715,3.69837],[-75.04742,3.69815],[-75.04777,3.69771],[-75.04797,3.69734],[-75.04814,3.69692],[-75.04833,3.69645],[-75.04836,3.69627],[-75.04836,3.69612],[-75.04833,3.69594],[-75.04826,3.69577],[-75.04822,3.69572],[-75.04814,3.69567],[-75.04808,3.69563]]},"properties":{"NIVEL_PROP":"N3-Terciaria"}},{"type":"Feature","geometry":{"type":"LineString","coordinates":[[-75.14055,3.75549],[-75.13955,3.75418],[-75.13698,3.75142],[-75.13448,3.74896],[-75.13258,3.74761],[-75.13056,3.74611],[-75.12847,3.74506],[-75.12681,3.74474],[-75.12527,3.74456],[-75.12386,3.74415],[-75.12215,3.7432],[-75.12031,3.74166],[-75.11872,3.74029],[-75.11799,3.7393],[-75.11773,3.73854],[-75.1177,3.7385],[-75.11765,3.73846],[-75.11756,3.7384],[-75.11743,3.73832],[-75.11095,3.73412],[-75.10968,3.7333],[-75.10851,3.73248],[-75.10819,3.73227],[-75.10762,3.73193],[-75.10744,3.73183],[-75.10729,3.73174],[-75.10711,3.73166],[-75.10694,3.73158],[-75.10663,3.73145],[-75.10657,3.73143],[-75.10653,3.73142],[-75.10649,3.7314],[-75.10642,3.73138],[-75.10638,3.73137],[-75.10631,3.73135],[-75.10624,3.73132],[-75.10617,3.7313],[-75.10611,3.73127],[-75.10602,3.73121],[-75.10596,3.73118],[-75.10531,3.73092],[-75.10466,3.73062],[-75.10459,3.73059],[-75.1033,3.72986],[-75.10286,3.72957],[-75.10246,3.72931],[-75.10149,3.72867],[-75.10069,3.72815],[-75.10026,3.72787],[-75.09981,3.7276],[-75.09952,3.72741],[-75.09808,3.72645],[-75.09666,3.72552],[-75.096,3.7251],[-75.09583,3.72499],[-75.09566,3.72488],[-75.09463,3.72369],[-75.09431,3.7233],[-75.09403,3.72299],[-75.09377,3.72268],[-75.0927,3.72113]]},"properties":{"NIVEL_PROP":"N3-Terciaria"}},{"type":"Feature","geometry":{"type":"LineString","coordinates":[[-75.184,3.98712],[-75.18355,3.98682],[-75.18317,3.98667],[-75.18297,3.98657],[-75.18257,3.98651],[-75.18215,3.98629],[-75.18159,3.98607]]},"properties":{"NIVEL_PROP":"N3-Terciaria"}},{"type":"Feature","geometry":{"type":"LineString","coordinates":[[-75.06209,3.81912],[-75.06158,3.81895],[-75.06082,3.81889],[-75.06042,3.81892],[-75.05967,3.81897]]},"properties":{"NIVEL_PROP":"N3-Terciaria"}},{"type":"Feature","geometry":{"type":"LineString","coordinates":[[-75.09794,3.62819],[-75.0985,3.62832]]},"properties":{"NIVEL_PROP":"N3-Terciaria"}},{"type":"Feature","geometry":{"type":"LineString","coordinates":[[-75.10206,3.5323],[-75.10165,3.53212],[-75.10126,3.53213]]},"properties":{"NIVEL_PROP":"N3-Terciaria"}},{"type":"Feature","geometry":{"type":"LineString","coordinates":[[-75.0608,3.81835],[-75.06037,3.81826]]},"properties":{"NIVEL_PROP":"N3-Terciaria"}},{"type":"Feature","geometry":{"type":"LineString","coordinates":[[-75.11376,3.84095],[-75.11336,3.8404]]},"properties":{"NIVEL_PROP":"N3-Servicio"}},{"type":"Feature","geometry":{"type":"LineString","coordinates":[[-75.09425,3.91199],[-75.09422,3.91204]]},"properties":{"NIVEL_PROP":"N3-Terciaria"}},{"type":"Feature","geometry":{"type":"LineString","coordinates":[[-75.09349,3.64976],[-75.09347,3.64964],[-75.09347,3.64963],[-75.09347,3.64961],[-75.09347,3.6496],[-75.09347,3.64959],[-75.09347,3.64957],[-75.09346,3.64956],[-75.09345,3.64955],[-75.09344,3.64954],[-75.09329,3.64945],[-75.09311,3.64939],[-75.0929,3.64935],[-75.09278,3.64935],[-75.09259,3.6493],[-75.09246,3.64923],[-75.09222,3.64914],[-75.09198,3.64905],[-75.09168,3.64893],[-75.0914,3.64881],[-75.09107,3.64869],[-75.09068,3.64853],[-75.09047,3.64845],[-75.09039,3.64841],[-75.09033,3.64837],[-75.09018,3.64822],[-75.09003,3.64806],[-75.0899,3.6479]]},"properties":{"NIVEL_PROP":"N3-Terciaria"}},{"type":"Feature","geometry":{"type":"LineString","coordinates":[[-75.18101,3.99474],[-75.18153,3.99459],[-75.18167,3.99455],[-75.18202,3.99438]]},"properties":{"NIVEL_PROP":"N3-Terciaria"}},{"type":"Feature","geometry":{"type":"LineString","coordinates":[[-75.08301,3.69721],[-75.08424,3.69761],[-75.08443,3.69769],[-75.08456,3.69773],[-75.08468,3.69775],[-75.08494,3.69782],[-75.08513,3.69787],[-75.08528,3.69793],[-75.08547,3.69801],[-75.08561,3.69809],[-75.08577,3.69821],[-75.08648,3.69871],[-75.08681,3.6989],[-75.08726,3.69914],[-75.0875,3.69927],[-75.08766,3.69935],[-75.08781,3.69939],[-75.08792,3.69941],[-75.08804,3.69945],[-75.08834,3.69956],[-75.08848,3.69961],[-75.08855,3.69962],[-75.08863,3.69962],[-75.08877,3.6996],[-75.08885,3.6996],[-75.08894,3.69961],[-75.08926,3.69962],[-75.08937,3.69962],[-75.08947,3.69959],[-75.08954,3.69956],[-75.08985,3.69941],[-75.08993,3.69938],[-75.09,3.69937],[-75.09008,3.69938],[-75.09176,3.69973],[-75.0918,3.69973],[-75.09316,3.70013],[-75.09333,3.70017],[-75.09345,3.70019],[-75.09352,3.70019],[-75.09421,3.70032],[-75.09437,3.70035],[-75.09445,3.70037],[-75.0945,3.70039],[-75.09465,3.70048],[-75.09475,3.70055],[-75.09547,3.70092],[-75.09641,3.70131],[-75.09648,3.70134],[-75.09657,3.70137],[-75.0967,3.70139],[-75.0969,3.70144],[-75.0977,3.70164],[-75.09787,3.7017],[-75.09793,3.70171],[-75.098,3.70171],[-75.09807,3.70171],[-75.09819,3.70171],[-75.0983,3.7017],[-75.09839,3.70167],[-75.09849,3.70163],[-75.09857,3.70159],[-75.09902,3.70143],[-75.09925,3.70136],[-75.0994,3.70133],[-75.09959,3.70131],[-75.09991,3.70131],[-75.10044,3.7013],[-75.1009,3.70134],[-75.10161,3.70163],[-75.10275,3.70206],[-75.103,3.70215],[-75.10323,3.70219],[-75.10337,3.70223],[-75.10353,3.70225],[-75.10417,3.70234],[-75.10446,3.70244],[-75.10505,3.70262],[-75.10562,3.70277]]},"properties":{"NIVEL_PROP":"N3-Terciaria"}},{"type":"Feature","geometry":{"type":"LineString","coordinates":[[-75.12186,3.81108],[-75.12201,3.81109],[-75.12218,3.81106],[-75.12247,3.81106],[-75.12267,3.81094],[-75.12286,3.81089]]},"properties":{"NIVEL_PROP":"N3-Terciaria"}},{"type":"Feature","geometry":{"type":"LineString","coordinates":[[-75.08812,3.6219],[-75.08826,3.62193],[-75.08871,3.62207],[-75.08927,3.62227],[-75.08972,3.62242],[-75.09006,3.62253]]},"properties":{"NIVEL_PROP":"N3-Terciaria"}},{"type":"Feature","geometry":{"type":"LineString","coordinates":[[-75.14561,3.79202],[-75.14571,3.79133],[-75.14587,3.7904]]},"properties":{"NIVEL_PROP":"N3-Terciaria"}},{"type":"Feature","geometry":{"type":"LineString","coordinates":[[-75.22428,3.93428],[-75.22447,3.9343],[-75.2248,3.9341],[-75.22504,3.93398],[-75.22563,3.93378]]},"properties":{"NIVEL_PROP":"N3-Terciaria"}},{"type":"Feature","geometry":{"type":"LineString","coordinates":[[-75.07255,3.77161],[-75.0732,3.76708],[-75.07385,3.76251],[-75.0739,3.76222],[-75.07402,3.76133],[-75.07425,3.75959]]},"properties":{"NIVEL_PROP":"N1-Principal"}},{"type":"Feature","geometry":{"type":"LineString","coordinates":[[-75.10126,3.53213],[-75.10148,3.53254]]},"properties":{"NIVEL_PROP":"N3-Terciaria"}},{"type":"Feature","geometry":{"type":"LineString","coordinates":[[-75.23927,4.07674],[-75.23903,4.07675],[-75.23889,4.07672],[-75.23882,4.07672],[-75.23871,4.07677],[-75.23858,4.07675],[-75.23854,4.07679],[-75.23853,4.0769],[-75.23822,4.07713]]},"properties":{"NIVEL_PROP":"N3-Terciaria"}},{"type":"Feature","geometry":{"type":"LineString","coordinates":[[-75.08137,3.86414],[-75.08092,3.86468],[-75.08081,3.86479],[-75.08074,3.86483],[-75.08069,3.86488],[-75.08062,3.86497],[-75.08006,3.86555],[-75.07997,3.86565],[-75.07991,3.86573],[-75.07987,3.86581],[-75.07986,3.86593],[-75.07987,3.86612],[-75.07987,3.8662],[-75.07985,3.86627],[-75.07979,3.86635],[-75.07946,3.86657],[-75.07938,3.86661],[-75.07869,3.86687],[-75.0786,3.86691],[-75.07851,3.86692],[-75.07799,3.86697],[-75.07791,3.86696],[-75.07784,3.86693],[-75.07739,3.86675],[-75.07727,3.86669],[-75.07715,3.86667],[-75.07635,3.86653],[-75.07622,3.86651],[-75.07603,3.86647],[-75.07595,3.86647],[-75.07584,3.86647],[-75.07565,3.86649],[-75.07555,3.86649],[-75.07546,3.86647],[-75.07537,3.86641],[-75.0753,3.86634],[-75.07522,3.86621],[-75.07506,3.86588],[-75.07499,3.86578],[-75.07491,3.86566],[-75.07482,3.86556],[-75.0746,3.86538],[-75.07336,3.86454],[-75.07169,3.86344],[-75.0716,3.86342],[-75.07151,3.86341],[-75.07143,3.86342],[-75.07101,3.86378],[-75.07065,3.86407]]},"properties":{"NIVEL_PROP":"N3-Terciaria"}},{"type":"Feature","geometry":{"type":"LineString","coordinates":[[-75.094,3.61925],[-75.09431,3.61835],[-75.0946,3.61755],[-75.09479,3.61689]]},"properties":{"NIVEL_PROP":"N3-Terciaria"}},{"type":"Feature","geometry":{"type":"LineString","coordinates":[[-75.21111,3.90421],[-75.21065,3.90413],[-75.21032,3.90377],[-75.21003,3.90345],[-75.20967,3.90315],[-75.20944,3.90301],[-75.20926,3.90292],[-75.20903,3.90279],[-75.20891,3.90262],[-75.20868,3.90237],[-75.20767,3.90074],[-75.20757,3.90038],[-75.2076,3.90012],[-75.20744,3.89995],[-75.20709,3.89976],[-75.20685,3.89976],[-75.20643,3.89948],[-75.20581,3.89956],[-75.20439,3.89925],[-75.20313,3.89911],[-75.20272,3.89913],[-75.20228,3.89905],[-75.20203,3.8989],[-75.20173,3.89865]]},"properties":{"NIVEL_PROP":"N3-Terciaria"}},{"type":"Feature","geometry":{"type":"LineString","coordinates":[[-75.08913,3.70318],[-75.09057,3.7013],[-75.09082,3.70097]]},"properties":{"NIVEL_PROP":"N3-Servicio"}},{"type":"Feature","geometry":{"type":"LineString","coordinates":[[-75.20767,3.87643],[-75.20728,3.8766],[-75.20687,3.87671],[-75.20662,3.87682],[-75.20643,3.87684],[-75.20607,3.87682],[-75.20589,3.87685]]},"properties":{"NIVEL_PROP":"N3-Terciaria"}},{"type":"Feature","geometry":{"type":"LineString","coordinates":[[-75.06073,3.81783],[-75.06075,3.81697]]},"properties":{"NIVEL_PROP":"N3-Terciaria"}},{"type":"Feature","geometry":{"type":"LineString","coordinates":[[-75.15837,3.83765],[-75.15808,3.8377],[-75.15737,3.8374],[-75.15698,3.83739],[-75.15657,3.83746],[-75.15617,3.83785],[-75.1556,3.83858],[-75.15521,3.83892],[-75.15449,3.83886],[-75.15406,3.83966],[-75.15357,3.84002],[-75.15314,3.83973],[-75.1528,3.8391],[-75.15237,3.83876],[-75.15218,3.83849],[-75.15171,3.83808],[-75.15182,3.83774],[-75.15184,3.83746],[-75.15118,3.83616]]},"properties":{"NIVEL_PROP":"N3-Terciaria"}},{"type":"Feature","geometry":{"type":"LineString","coordinates":[[-75.10969,3.67526],[-75.10994,3.67524],[-75.11014,3.67524],[-75.11024,3.67522],[-75.1103,3.67519],[-75.11038,3.67513],[-75.1105,3.67502],[-75.1106,3.67496],[-75.11067,3.67494],[-75.11077,3.67493],[-75.11091,3.67497],[-75.11109,3.6751],[-75.11122,3.6752],[-75.11141,3.6753],[-75.11147,3.67532],[-75.11154,3.67533],[-75.11162,3.67538],[-75.11172,3.67545],[-75.11184,3.67556],[-75.11194,3.67566],[-75.11202,3.67575],[-75.11215,3.6759],[-75.11225,3.67598],[-75.11239,3.67611],[-75.11243,3.67614],[-75.11251,3.67621],[-75.11256,3.67628],[-75.11265,3.67637],[-75.11272,3.67646],[-75.11278,3.67655],[-75.11285,3.67663],[-75.11293,3.67669],[-75.11306,3.67676]]},"properties":{"NIVEL_PROP":"N3-Terciaria"}},{"type":"Feature","geometry":{"type":"LineString","coordinates":[[-75.13649,3.7176],[-75.13668,3.71788],[-75.13678,3.71802],[-75.1368,3.71809]]},"properties":{"NIVEL_PROP":"N3-Terciaria"}},{"type":"Feature","geometry":{"type":"LineString","coordinates":[[-75.09719,3.62389],[-75.09635,3.62363]]},"properties":{"NIVEL_PROP":"N3-Terciaria"}},{"type":"Feature","geometry":{"type":"LineString","coordinates":[[-75.09644,3.62609],[-75.09572,3.62588],[-75.09492,3.62564],[-75.09408,3.6254],[-75.09325,3.62515],[-75.09254,3.62495],[-75.09228,3.62488],[-75.0915,3.62464]]},"properties":{"NIVEL_PROP":"N3-Terciaria"}},{"type":"Feature","geometry":{"type":"LineString","coordinates":[[-75.04424,3.7272],[-75.04458,3.72685],[-75.04468,3.72681],[-75.04482,3.7268],[-75.04496,3.72676],[-75.04508,3.72668],[-75.04516,3.72659],[-75.0452,3.72649],[-75.04526,3.72639],[-75.04534,3.72628],[-75.04546,3.72618],[-75.04562,3.72606],[-75.04579,3.72595],[-75.04613,3.72571],[-75.04631,3.72559],[-75.04637,3.72554],[-75.04643,3.72552],[-75.04654,3.7255],[-75.04671,3.72549],[-75.04685,3.72548],[-75.04701,3.72541],[-75.04717,3.72533],[-75.04738,3.7252],[-75.04752,3.72512],[-75.04762,3.72506],[-75.04774,3.72499],[-75.04786,3.72487],[-75.04794,3.72482],[-75.04817,3.72471],[-75.04844,3.72459],[-75.04861,3.72453],[-75.04872,3.7245],[-75.04881,3.72446],[-75.04895,3.72441],[-75.0491,3.72433],[-75.04921,3.72427],[-75.04934,3.72418],[-75.04973,3.72397],[-75.05001,3.72382],[-75.05067,3.7235],[-75.05074,3.72346],[-75.05079,3.72344],[-75.05088,3.72338],[-75.05096,3.72332],[-75.05103,3.7233],[-75.05113,3.7233],[-75.05124,3.72334],[-75.05152,3.72348],[-75.05158,3.7235],[-75.05163,3.72351],[-75.05174,3.7235],[-75.05178,3.7235],[-75.05182,3.72351],[-75.05193,3.72354],[-75.05202,3.72358],[-75.05212,3.72364],[-75.05241,3.72382],[-75.05247,3.72386],[-75.05255,3.72387],[-75.0526,3.72387],[-75.05265,3.72385],[-75.05269,3.72381],[-75.0529,3.72355],[-75.05297,3.72348],[-75.05303,3.72343],[-75.05309,3.7234],[-75.05315,3.72338],[-75.05321,3.72338],[-75.05326,3.72335],[-75.05331,3.72332],[-75.0534,3.72324],[-75.05352,3.72313],[-75.05365,3.72299],[-75.05371,3.7229],[-75.05379,3.72284],[-75.05387,3.72278],[-75.05396,3.7227],[-75.05422,3.72247],[-75.05434,3.7224],[-75.05451,3.72234],[-75.05463,3.72231],[-75.05473,3.72228],[-75.05483,3.72221],[-75.05494,3.72216],[-75.05504,3.72213],[-75.0552,3.72206],[-75.05531,3.72204],[-75.05567,3.72202],[-75.05623,3.72199],[-75.05638,3.72196],[-75.05658,3.72193],[-75.05667,3.7219],[-75.05672,3.72186],[-75.0568,3.72177],[-75.05687,3.72172],[-75.05695,3.72166],[-75.05707,3.72159],[-75.05715,3.72154],[-75.05726,3.7215],[-75.05739,3.72147],[-75.05751,3.72139],[-75.05759,3.7213],[-75.05764,3.72118],[-75.05775,3.72098],[-75.05786,3.7208],[-75.05792,3.72072],[-75.05798,3.72064],[-75.05804,3.7206],[-75.05815,3.72058],[-75.05826,3.72055],[-75.05837,3.72051],[-75.05846,3.72045],[-75.05857,3.72036],[-75.05862,3.72035],[-75.05888,3.72025],[-75.05909,3.72017],[-75.05922,3.72013],[-75.05945,3.72005],[-75.05962,3.71999],[-75.05983,3.71992],[-75.05994,3.71991],[-75.06006,3.71994],[-75.06023,3.71998],[-75.06041,3.72005],[-75.06056,3.72007],[-75.0607,3.72008],[-75.06079,3.72008],[-75.06085,3.72005],[-75.0609,3.72001],[-75.06097,3.71998],[-75.06108,3.71997],[-75.06121,3.71999],[-75.06135,3.72001],[-75.06144,3.72001],[-75.06154,3.71999],[-75.06163,3.71996],[-75.06207,3.71974],[-75.06213,3.7197],[-75.06218,3.71966],[-75.06225,3.7196],[-75.06228,3.71958],[-75.06232,3.71957],[-75.06238,3.71956],[-75.06251,3.71953],[-75.06269,3.7195],[-75.06291,3.71948],[-75.06312,3.71946],[-75.06326,3.71943],[-75.06344,3.71937],[-75.06363,3.71928],[-75.06397,3.71914],[-75.06414,3.71905],[-75.06427,3.71897],[-75.06435,3.71889],[-75.06442,3.7188],[-75.06448,3.71871],[-75.06456,3.7185],[-75.06464,3.71829],[-75.06466,3.71823],[-75.06471,3.71818],[-75.06483,3.71805],[-75.06497,3.71792],[-75.06504,3.71782],[-75.06509,3.7177],[-75.06523,3.71746],[-75.06564,3.71714],[-75.06585,3.71691],[-75.066,3.71668],[-75.06625,3.71637],[-75.06639,3.71622],[-75.06653,3.71611],[-75.06665,3.71598],[-75.06673,3.71586],[-75.06681,3.71571],[-75.06686,3.71562],[-75.06688,3.71554],[-75.0669,3.71543],[-75.06689,3.71531],[-75.06687,3.7152],[-75.0668,3.715],[-75.06674,3.71489],[-75.06673,3.7148],[-75.06676,3.71471],[-75.06692,3.71454],[-75.06703,3.71445],[-75.06704,3.71442],[-75.06703,3.71438],[-75.067,3.71429]]},"properties":{"NIVEL_PROP":"N3-Terciaria"}},{"type":"Feature","geometry":{"type":"LineString","coordinates":[[-75.07445,3.82059],[-75.07417,3.8205],[-75.07402,3.82055],[-75.07397,3.82069],[-75.07393,3.82136],[-75.07381,3.82221],[-75.07379,3.82243],[-75.07378,3.82255]]},"properties":{"NIVEL_PROP":"N3-Camino vecinal"}},{"type":"Feature","geometry":{"type":"LineString","coordinates":[[-75.07051,3.82132],[-75.07048,3.82141],[-75.07044,3.82149],[-75.07035,3.82185],[-75.07027,3.82199],[-75.07016,3.8221],[-75.06981,3.82251],[-75.06973,3.82259],[-75.06963,3.82264],[-75.0695,3.82264],[-75.06941,3.8226],[-75.06932,3.82255],[-75.06917,3.82247],[-75.06911,3.82244],[-75.06903,3.82243],[-75.06892,3.82245]]},"properties":{"NIVEL_PROP":"N3-Servicio"}},{"type":"Feature","geometry":{"type":"LineString","coordinates":[[-75.281,3.87135],[-75.28083,3.87149],[-75.28043,3.87175],[-75.27981,3.87214],[-75.27969,3.87223],[-75.27915,3.87279],[-75.27893,3.87307]]},"properties":{"NIVEL_PROP":"N3-Terciaria"}},{"type":"Feature","geometry":{"type":"LineString","coordinates":[[-75.14479,3.79019],[-75.14481,3.78996],[-75.14481,3.78845],[-75.14482,3.78638],[-75.14477,3.78583],[-75.14477,3.78531],[-75.14479,3.78523],[-75.14507,3.78513]]},"properties":{"NIVEL_PROP":"N3-Terciaria"}},{"type":"Feature","geometry":{"type":"LineString","coordinates":[[-75.12311,3.94382],[-75.12287,3.94367],[-75.12267,3.94347],[-75.12245,3.94326],[-75.12215,3.94308],[-75.12196,3.94308],[-75.12182,3.94314]]},"properties":{"NIVEL_PROP":"N3-Terciaria"}},{"type":"Feature","geometry":{"type":"LineString","coordinates":[[-75.22649,3.93449],[-75.22568,3.93454],[-75.22461,3.93457],[-75.2245,3.93459]]},"properties":{"NIVEL_PROP":"N3-Terciaria"}},{"type":"Feature","geometry":{"type":"LineString","coordinates":[[-75.06541,3.81897],[-75.06543,3.81888],[-75.06546,3.81884],[-75.06551,3.81877],[-75.06554,3.81871],[-75.06559,3.81857],[-75.06562,3.81847],[-75.06563,3.81841],[-75.06564,3.81833],[-75.0657,3.81819],[-75.06574,3.81812],[-75.06578,3.81804],[-75.0658,3.81801],[-75.06582,3.81798],[-75.06593,3.81792]]},"properties":{"NIVEL_PROP":"N3-Servicio"}},{"type":"Feature","geometry":{"type":"LineString","coordinates":[[-75.27256,3.99901],[-75.27184,3.99965],[-75.27179,3.99973]]},"properties":{"NIVEL_PROP":"N3-Terciaria"}},{"type":"Feature","geometry":{"type":"LineString","coordinates":[[-75.19955,3.81213],[-75.20193,3.81246],[-75.20216,3.81251],[-75.20275,3.81281],[-75.20287,3.81293],[-75.20297,3.81306],[-75.20334,3.81366],[-75.20325,3.81413],[-75.20345,3.81461],[-75.20396,3.81522],[-75.2043,3.81519],[-75.20466,3.81539],[-75.20475,3.81736],[-75.2044,3.81822],[-75.2047,3.81958],[-75.20476,3.82061],[-75.20476,3.82068],[-75.20493,3.82106],[-75.20506,3.82133],[-75.20502,3.82161],[-75.2054,3.82217],[-75.2057,3.823],[-75.20581,3.82361],[-75.20543,3.82441],[-75.20548,3.82477],[-75.20518,3.82575],[-75.20485,3.82609],[-75.20461,3.82766],[-75.20403,3.82838],[-75.20383,3.83055],[-75.20345,3.83098],[-75.20318,3.83468],[-75.20377,3.83512],[-75.20402,3.8361],[-75.20379,3.83658],[-75.20368,3.83824],[-75.20332,3.83892],[-75.20336,3.84014],[-75.20356,3.8407],[-75.2054,3.8419],[-75.20556,3.84225],[-75.20566,3.84361],[-75.20602,3.84506],[-75.20623,3.84526],[-75.20637,3.84553],[-75.20672,3.84564],[-75.2066,3.84599],[-75.20694,3.84649],[-75.20769,3.84684],[-75.20791,3.84717],[-75.20794,3.84736],[-75.20807,3.84752],[-75.20824,3.84798],[-75.20824,3.84811],[-75.20796,3.84834],[-75.20798,3.8485],[-75.20823,3.84889],[-75.20835,3.84903],[-75.20849,3.84908],[-75.20859,3.84906],[-75.20896,3.84902],[-75.20985,3.84941],[-75.21014,3.84986],[-75.21023,3.85063],[-75.21021,3.85153],[-75.21005,3.85165],[-75.21,3.85213],[-75.20991,3.85235],[-75.20999,3.85299],[-75.20986,3.85414],[-75.20924,3.85623],[-75.20893,3.857],[-75.20884,3.85763],[-75.20915,3.8588],[-75.2091,3.85893],[-75.20893,3.85917],[-75.20823,3.85974],[-75.20781,3.86063],[-75.20778,3.86095],[-75.20861,3.86354],[-75.20858,3.86375],[-75.20831,3.86386]]},"properties":{"NIVEL_PROP":"N3-Terciaria"}},{"type":"Feature","geometry":{"type":"LineString","coordinates":[[-75.18787,3.44154],[-75.18777,3.44152],[-75.1877,3.44153],[-75.18765,3.44155],[-75.18751,3.44161],[-75.18737,3.44175],[-75.18735,3.44178],[-75.18729,3.44183],[-75.18724,3.44184],[-75.18719,3.44183],[-75.18715,3.44181],[-75.18711,3.44176],[-75.18703,3.44168]]},"properties":{"NIVEL_PROP":"N3-Terciaria"}},{"type":"Feature","geometry":{"type":"LineString","coordinates":[[-75.16334,3.92434],[-75.16327,3.92414],[-75.16317,3.92406],[-75.16304,3.9241],[-75.16278,3.92419],[-75.16238,3.92433],[-75.16218,3.92441],[-75.16204,3.92445],[-75.16192,3.92442],[-75.16184,3.92434],[-75.16181,3.92426],[-75.16183,3.9241],[-75.16188,3.92391],[-75.16195,3.92368],[-75.16207,3.92352],[-75.162,3.92336],[-75.16188,3.92317],[-75.16173,3.92304],[-75.16151,3.92298],[-75.16119,3.92283],[-75.161,3.92253],[-75.16068,3.92224],[-75.16018,3.92201],[-75.1599,3.92198],[-75.15965,3.92181],[-75.15949,3.92169],[-75.15942,3.9215],[-75.15939,3.92135],[-75.1593,3.92131],[-75.15904,3.92131],[-75.1588,3.92142],[-75.15856,3.92164],[-75.15836,3.92186],[-75.15827,3.92206],[-75.15818,3.92219],[-75.15797,3.92229]]},"properties":{"NIVEL_PROP":"N3-Terciaria"}},{"type":"Feature","geometry":{"type":"LineString","coordinates":[[-75.19313,3.80123],[-75.19357,3.80145],[-75.19365,3.80145]]},"properties":{"NIVEL_PROP":"N3-Terciaria"}},{"type":"Feature","geometry":{"type":"LineString","coordinates":[[-75.21606,3.92342],[-75.21719,3.92324],[-75.21828,3.9231],[-75.21861,3.92305]]},"properties":{"NIVEL_PROP":"N3-Terciaria"}},{"type":"Feature","geometry":{"type":"LineString","coordinates":[[-75.18234,3.82687],[-75.18222,3.8265],[-75.1821,3.82603],[-75.18193,3.82567],[-75.18195,3.82527],[-75.18185,3.82494],[-75.18169,3.82474],[-75.18177,3.82453],[-75.18199,3.82432],[-75.18286,3.82406],[-75.18358,3.82384],[-75.18434,3.82389],[-75.18478,3.82341],[-75.18472,3.82316],[-75.18414,3.82254],[-75.18326,3.82237],[-75.18199,3.82215],[-75.18127,3.82171],[-75.18085,3.82146],[-75.18052,3.82102],[-75.17907,3.82026],[-75.17833,3.81917],[-75.17762,3.8185],[-75.17709,3.81827],[-75.17702,3.81783],[-75.17714,3.81746],[-75.177,3.81669],[-75.1769,3.81636],[-75.17696,3.81598],[-75.1768,3.81512],[-75.17716,3.81421],[-75.17738,3.81405],[-75.17753,3.81401],[-75.17761,3.81385],[-75.17731,3.81302],[-75.17737,3.81234],[-75.17702,3.81194],[-75.17672,3.81104],[-75.17647,3.81045],[-75.17656,3.81018],[-75.17718,3.80986],[-75.17728,3.8097],[-75.17714,3.80909],[-75.1768,3.80876],[-75.17647,3.80756],[-75.17662,3.80713],[-75.17649,3.80676],[-75.17654,3.8063],[-75.1763,3.80523],[-75.1763,3.80474],[-75.17573,3.80344],[-75.17528,3.8015]]},"properties":{"NIVEL_PROP":"N3-Terciaria"}},{"type":"Feature","geometry":{"type":"LineString","coordinates":[[-75.06731,3.6717],[-75.06544,3.67064],[-75.06488,3.67028],[-75.0647,3.67017],[-75.06355,3.66944],[-75.06214,3.66851],[-75.06073,3.66763],[-75.05995,3.66746],[-75.05903,3.66669],[-75.05812,3.6658],[-75.05726,3.66511],[-75.05623,3.66454],[-75.05603,3.66446],[-75.05586,3.66436],[-75.05572,3.66425],[-75.05565,3.66415],[-75.05558,3.66405],[-75.05528,3.66368],[-75.05496,3.66334],[-75.05485,3.6632],[-75.05477,3.66312],[-75.05462,3.66299],[-75.05431,3.66275],[-75.05401,3.6625],[-75.05383,3.66235],[-75.05379,3.6623],[-75.05373,3.66225],[-75.05369,3.66216],[-75.05356,3.66171],[-75.05354,3.66163],[-75.05351,3.66159],[-75.05348,3.66155],[-75.0534,3.66149],[-75.05307,3.66134],[-75.05281,3.66127],[-75.0523,3.6612],[-75.05117,3.6612],[-75.0506,3.66124],[-75.0501,3.66133]]},"properties":{"NIVEL_PROP":"N3-Terciaria"}},{"type":"Feature","geometry":{"type":"LineString","coordinates":[[-75.095,3.62229],[-75.0958,3.62257]]},"properties":{"NIVEL_PROP":"N2-Secundaria"}},{"type":"Feature","geometry":{"type":"LineString","coordinates":[[-75.18139,3.42969],[-75.18101,3.42958],[-75.18077,3.42953],[-75.1804,3.42947],[-75.17994,3.42934],[-75.17975,3.42925],[-75.17959,3.42918],[-75.17928,3.429],[-75.17894,3.4287],[-75.17862,3.42852],[-75.17835,3.4284],[-75.17786,3.42814]]},"properties":{"NIVEL_PROP":"N3-Terciaria"}},{"type":"Feature","geometry":{"type":"LineString","coordinates":[[-75.02853,3.81394],[-75.02818,3.81375],[-75.02806,3.81365],[-75.02789,3.81356],[-75.0276,3.81344],[-75.02732,3.81337],[-75.02713,3.81336],[-75.02697,3.81337],[-75.02688,3.81342],[-75.02676,3.81347],[-75.02649,3.81352],[-75.02582,3.81365],[-75.02565,3.8137]]},"properties":{"NIVEL_PROP":"N3-Terciaria"}},{"type":"Feature","geometry":{"type":"LineString","coordinates":[[-75.09325,3.62515],[-75.09349,3.62436],[-75.09373,3.62356],[-75.09395,3.62285],[-75.09419,3.62205],[-75.09436,3.62151],[-75.09443,3.62127],[-75.09448,3.62111],[-75.0947,3.62041],[-75.09495,3.6196],[-75.09524,3.61863],[-75.09549,3.6178],[-75.0957,3.61713],[-75.0959,3.61625]]},"properties":{"NIVEL_PROP":"N3-Terciaria"}},{"type":"Feature","geometry":{"type":"LineString","coordinates":[[-75.09827,3.62144],[-75.09782,3.62132],[-75.09711,3.6211]]},"properties":{"NIVEL_PROP":"N3-Terciaria"}},{"type":"Feature","geometry":{"type":"LineString","coordinates":[[-75.06196,3.77447],[-75.06197,3.77436]]},"properties":{"NIVEL_PROP":"N3-Terciaria"}},{"type":"Feature","geometry":{"type":"LineString","coordinates":[[-75.06603,3.77176],[-75.06603,3.77155],[-75.06609,3.77109],[-75.0661,3.77091],[-75.06614,3.77069],[-75.06617,3.77053],[-75.06618,3.77036],[-75.06615,3.77023],[-75.0661,3.76992],[-75.06608,3.76975],[-75.06608,3.76962],[-75.06608,3.76955],[-75.06613,3.76927],[-75.06618,3.76905]]},"properties":{"NIVEL_PROP":"N3-Terciaria"}},{"type":"Feature","geometry":{"type":"LineString","coordinates":[[-75.26941,3.97579],[-75.27083,3.97613],[-75.27219,3.97668],[-75.27296,3.97655],[-75.27322,3.97643],[-75.2735,3.9765],[-75.27432,3.9763],[-75.2745,3.97616],[-75.27471,3.9762],[-75.27497,3.97638],[-75.27517,3.97641],[-75.27564,3.97635],[-75.27581,3.97651],[-75.27596,3.97708],[-75.2761,3.97719],[-75.2764,3.97743],[-75.27643,3.97769],[-75.27634,3.97806],[-75.27651,3.97841],[-75.27669,3.97872],[-75.2767,3.97913],[-75.27666,3.97939],[-75.2768,3.97967],[-75.27674,3.97995],[-75.27673,3.98024],[-75.27683,3.98036],[-75.27702,3.98051],[-75.27707,3.98078],[-75.27714,3.98085],[-75.27727,3.98089],[-75.27749,3.98077],[-75.27754,3.98065],[-75.27757,3.98038],[-75.27758,3.98016],[-75.2776,3.97987],[-75.27765,3.97973],[-75.27776,3.97947],[-75.2782,3.9795],[-75.27922,3.97976],[-75.27933,3.97977],[-75.27952,3.97965],[-75.28033,3.97928],[-75.28042,3.97939],[-75.28052,3.97945],[-75.28164,3.97937],[-75.28202,3.97941],[-75.28247,3.97954],[-75.28371,3.9796],[-75.28385,3.97949],[-75.28404,3.97928],[-75.28439,3.97922],[-75.28455,3.97909],[-75.28485,3.97891],[-75.28494,3.97893]]},"properties":{"NIVEL_PROP":"N3-Terciaria"}},{"type":"Feature","geometry":{"type":"LineString","coordinates":[[-75.22183,3.92859],[-75.22215,3.92801]]},"properties":{"NIVEL_PROP":"N3-Terciaria"}},{"type":"Feature","geometry":{"type":"LineString","coordinates":[[-75.22513,3.93556],[-75.22558,3.93575]]},"properties":{"NIVEL_PROP":"Sendero"}},{"type":"Feature","geometry":{"type":"LineString","coordinates":[[-75.22649,3.93449],[-75.22688,3.93452],[-75.22728,3.93483],[-75.22777,3.93513],[-75.22795,3.93515],[-75.22912,3.93491],[-75.22973,3.93451],[-75.23006,3.93442],[-75.23037,3.93432],[-75.23234,3.93432],[-75.23275,3.93419],[-75.23337,3.9342],[-75.23677,3.93468],[-75.23792,3.93519],[-75.23811,3.93523],[-75.23833,3.93523],[-75.23882,3.93496],[-75.23964,3.93406],[-75.23984,3.93399],[-75.24017,3.93398],[-75.24051,3.934],[-75.24101,3.93436],[-75.24166,3.9346],[-75.2422,3.93439],[-75.24275,3.93414],[-75.24367,3.93407],[-75.24433,3.93386]]},"properties":{"NIVEL_PROP":"N3-Terciaria"}},{"type":"Feature","geometry":{"type":"LineString","coordinates":[[-75.09852,3.62642],[-75.09817,3.62645],[-75.0974,3.62655]]},"properties":{"NIVEL_PROP":"N3-Terciaria"}},{"type":"Feature","geometry":{"type":"LineString","coordinates":[[-75.15808,3.45874],[-75.1588,3.45938]]},"properties":{"NIVEL_PROP":"N3-Terciaria"}},{"type":"Feature","geometry":{"type":"LineString","coordinates":[[-75.2245,3.93459],[-75.22425,3.93472],[-75.22395,3.93487],[-75.22341,3.93513],[-75.22329,3.93514]]},"properties":{"NIVEL_PROP":"N3-Terciaria"}},{"type":"Feature","geometry":{"type":"LineString","coordinates":[[-75.05735,3.6723],[-75.05737,3.67275],[-75.05745,3.67306],[-75.05763,3.67329],[-75.05765,3.67335],[-75.05729,3.67413]]},"properties":{"NIVEL_PROP":"N3-Terciaria"}},{"type":"Feature","geometry":{"type":"LineString","coordinates":[[-75.08866,3.94836],[-75.08857,3.94819],[-75.0882,3.94801]]},"properties":{"NIVEL_PROP":"N3-Camino vecinal"}},{"type":"Feature","geometry":{"type":"LineString","coordinates":[[-75.11979,3.77139],[-75.11973,3.77136]]},"properties":{"NIVEL_PROP":"N3-Terciaria"}},{"type":"Feature","geometry":{"type":"LineString","coordinates":[[-75.12199,3.55565],[-75.12214,3.556],[-75.12255,3.55766]]},"properties":{"NIVEL_PROP":"N3-Terciaria"}},{"type":"Feature","geometry":{"type":"LineString","coordinates":[[-75.60168,4.01272],[-75.60152,4.01334],[-75.6013,4.01429],[-75.60139,4.01471],[-75.60139,4.01509],[-75.60145,4.01561],[-75.60143,4.01613],[-75.60161,4.01706],[-75.60236,4.01739],[-75.60266,4.01847],[-75.60366,4.0189],[-75.604,4.01947],[-75.60438,4.02075],[-75.60442,4.02124],[-75.60456,4.02194],[-75.60493,4.02226],[-75.6052,4.02223],[-75.60553,4.02255],[-75.60731,4.02294],[-75.60777,4.02309],[-75.60833,4.02316],[-75.60848,4.02411],[-75.60853,4.02419],[-75.60852,4.02438],[-75.60837,4.02453],[-75.60801,4.02471],[-75.60768,4.02483],[-75.60705,4.02496],[-75.60673,4.02523],[-75.60615,4.02531],[-75.60556,4.02513],[-75.60464,4.02455],[-75.60415,4.02401],[-75.60397,4.02393],[-75.60378,4.02393],[-75.60365,4.02405],[-75.60353,4.02425],[-75.6035,4.02518],[-75.60335,4.02592],[-75.60327,4.02611],[-75.60313,4.02614],[-75.60306,4.02606],[-75.6029,4.02558],[-75.60254,4.02482],[-75.60233,4.02473],[-75.60184,4.02474],[-75.60164,4.02467],[-75.60116,4.02434],[-75.60052,4.02371],[-75.60047,4.02343],[-75.60056,4.02247],[-75.6005,4.02229],[-75.60033,4.02219],[-75.59879,4.02183],[-75.59864,4.02174],[-75.59831,4.02143],[-75.59785,4.02134],[-75.59767,4.02139],[-75.59752,4.02161],[-75.59725,4.02275]]},"properties":{"NIVEL_PROP":"N2-Secundaria"}},{"type":"Feature","geometry":{"type":"LineString","coordinates":[[-75.21914,3.93578],[-75.21899,3.93566],[-75.2188,3.93546],[-75.2187,3.93533],[-75.21845,3.9351]]},"properties":{"NIVEL_PROP":"Sendero"}},{"type":"Feature","geometry":{"type":"LineString","coordinates":[[-75.21706,3.93616],[-75.21716,3.93589],[-75.21738,3.93532],[-75.21754,3.93496],[-75.21773,3.93451],[-75.21777,3.93433]]},"properties":{"NIVEL_PROP":"N3-Terciaria"}},{"type":"Feature","geometry":{"type":"LineString","coordinates":[[-75.17338,3.69163],[-75.1721,3.6944],[-75.17098,3.69447],[-75.17,3.6951]]},"properties":{"NIVEL_PROP":"N3-Terciaria"}},{"type":"Feature","geometry":{"type":"LineString","coordinates":[[-75.06774,3.82034],[-75.0674,3.82132],[-75.06719,3.82195]]},"properties":{"NIVEL_PROP":"N3-Terciaria"}},{"type":"Feature","geometry":{"type":"LineString","coordinates":[[-75.0466,3.70108],[-75.04491,3.70316],[-75.04328,3.70522]]},"properties":{"NIVEL_PROP":"N3-Terciaria"}},{"type":"Feature","geometry":{"type":"LineString","coordinates":[[-75.16771,3.97016],[-75.16723,3.97012],[-75.16656,3.96995],[-75.16602,3.96993],[-75.16525,3.96987],[-75.16456,3.96976],[-75.1638,3.96959]]},"properties":{"NIVEL_PROP":"N3-Terciaria"}},{"type":"Feature","geometry":{"type":"LineString","coordinates":[[-75.06731,3.6717],[-75.06909,3.67257],[-75.06959,3.67288],[-75.06977,3.67297],[-75.07058,3.67318],[-75.07092,3.67324],[-75.07118,3.67321],[-75.0716,3.67358],[-75.07244,3.67425],[-75.0732,3.67499],[-75.07367,3.6754],[-75.07413,3.67546],[-75.07463,3.67535],[-75.07545,3.67507],[-75.07617,3.67493],[-75.07691,3.67438],[-75.07779,3.67376],[-75.07859,3.67267],[-75.07879,3.67227],[-75.07895,3.67174],[-75.07916,3.67143],[-75.07968,3.67108],[-75.08016,3.67091],[-75.08072,3.67082],[-75.08112,3.67067],[-75.08239,3.6694],[-75.08251,3.66938],[-75.08261,3.66943],[-75.08299,3.66968],[-75.08297,3.67002],[-75.08264,3.67007],[-75.08238,3.67031]]},"properties":{"NIVEL_PROP":"N3-Camino vecinal"}},{"type":"Feature","geometry":{"type":"LineString","coordinates":[[-75.2233,3.9339],[-75.22328,3.93396],[-75.22294,3.93511],[-75.22277,3.93561],[-75.2226,3.93572],[-75.2222,3.93633],[-75.22213,3.93636]]},"properties":{"NIVEL_PROP":"N3-Terciaria"}},{"type":"Feature","geometry":{"type":"LineString","coordinates":[[-75.21681,3.92295],[-75.21672,3.92244]]},"properties":{"NIVEL_PROP":"N3-Terciaria"}},{"type":"Feature","geometry":{"type":"LineString","coordinates":[[-75.27247,4.00292],[-75.27248,4.00257],[-75.27278,4.00148],[-75.27299,4.00082]]},"properties":{"NIVEL_PROP":"N3-Terciaria"}},{"type":"Feature","geometry":{"type":"LineString","coordinates":[[-75.10461,3.65219],[-75.10501,3.6522],[-75.10512,3.6522],[-75.10563,3.65224],[-75.1063,3.65229]]},"properties":{"NIVEL_PROP":"N3-Servicio"}},{"type":"Feature","geometry":{"type":"LineString","coordinates":[[-75.12349,3.94865],[-75.12325,3.94867],[-75.12301,3.94864],[-75.12281,3.94848],[-75.12249,3.94837],[-75.1221,3.94839],[-75.12179,3.94851],[-75.12155,3.94863],[-75.12124,3.94875],[-75.12106,3.94892],[-75.1209,3.9489],[-75.1203,3.94878],[-75.12003,3.94877],[-75.11988,3.94893]]},"properties":{"NIVEL_PROP":"N3-Terciaria"}},{"type":"Feature","geometry":{"type":"LineString","coordinates":[[-75.22268,3.92778],[-75.22206,3.92745],[-75.22145,3.92711]]},"properties":{"NIVEL_PROP":"N3-Terciaria"}},{"type":"Feature","geometry":{"type":"LineString","coordinates":[[-75.01509,3.72465],[-75.01545,3.72466],[-75.01566,3.72475]]},"properties":{"NIVEL_PROP":"N3-Terciaria"}},{"type":"Feature","geometry":{"type":"LineString","coordinates":[[-75.1406,3.75556],[-75.14055,3.75549]]},"properties":{"NIVEL_PROP":"N3-Terciaria"}},{"type":"Feature","geometry":{"type":"LineString","coordinates":[[-75.0982,3.61669],[-75.09886,3.61629],[-75.09915,3.6161],[-75.09945,3.61587],[-75.09956,3.61577],[-75.0997,3.61565],[-75.09987,3.61545],[-75.10008,3.61514],[-75.10036,3.61466],[-75.10064,3.61415],[-75.10083,3.61386],[-75.10098,3.61362]]},"properties":{"NIVEL_PROP":"N2-Secundaria"}},{"type":"Feature","geometry":{"type":"MultiLineString","coordinates":[[[-75.1158,3.98317],[-75.11566,3.983],[-75.11552,3.983],[-75.11518,3.98298]],[[-75.11499,3.98292],[-75.1149,3.98285],[-75.11478,3.98277],[-75.11466,3.98269],[-75.11456,3.98259],[-75.11446,3.98257],[-75.11446,3.98241],[-75.11452,3.98224],[-75.1145,3.98215],[-75.11421,3.9821],[-75.11405,3.98211],[-75.11392,3.98207],[-75.1137,3.9821],[-75.11324,3.98219],[-75.11301,3.98212],[-75.11261,3.98194],[-75.11235,3.98179],[-75.11226,3.98164],[-75.11219,3.98144],[-75.11211,3.98132]]]},"properties":{"NIVEL_PROP":"N3-Camino vecinal"}},{"type":"Feature","geometry":{"type":"LineString","coordinates":[[-75.2567,3.94168],[-75.25587,3.9435],[-75.25604,3.94482],[-75.25774,3.94888],[-75.25844,3.95038],[-75.25901,3.95126],[-75.25944,3.95183],[-75.25975,3.95244],[-75.26015,3.95307],[-75.26047,3.9537],[-75.26054,3.95458],[-75.26056,3.95485],[-75.2606,3.95522],[-75.26088,3.95632],[-75.26078,3.95708],[-75.26061,3.95784],[-75.2605,3.95897],[-75.26038,3.95996],[-75.26075,3.96033],[-75.26118,3.96068],[-75.2626,3.96194],[-75.26325,3.96259],[-75.26392,3.96347],[-75.26425,3.96395],[-75.26466,3.96453],[-75.265,3.96508],[-75.2654,3.96569],[-75.26555,3.96606],[-75.26554,3.96648],[-75.2654,3.96687],[-75.26536,3.96736],[-75.26554,3.96775],[-75.26587,3.96801],[-75.26598,3.96844],[-75.26599,3.96884],[-75.26608,3.96923],[-75.2663,3.96977],[-75.26684,3.97061],[-75.2668,3.97102],[-75.26657,3.97164],[-75.26656,3.97185],[-75.26671,3.97198],[-75.26691,3.97261],[-75.26734,3.97299],[-75.26821,3.97393],[-75.26877,3.97429],[-75.26913,3.97442],[-75.26945,3.9749],[-75.26946,3.97533],[-75.26941,3.97579],[-75.26946,3.97607],[-75.26953,3.97679],[-75.26956,3.97754],[-75.26959,3.97833],[-75.26988,3.97947],[-75.27009,3.98012],[-75.27041,3.98185],[-75.27079,3.9828],[-75.2709,3.98362],[-75.2708,3.98439],[-75.27084,3.98487],[-75.27133,3.9852],[-75.27175,3.98549],[-75.27221,3.9859],[-75.27267,3.98665],[-75.27298,3.98738],[-75.27302,3.98807],[-75.27279,3.98899],[-75.27377,3.99155],[-75.27427,3.99275],[-75.27438,3.99356],[-75.27434,3.9947],[-75.27425,3.99564],[-75.27425,3.99582]]},"properties":{"NIVEL_PROP":"N3-Terciaria"}},{"type":"Feature","geometry":{"type":"LineString","coordinates":[[-75.13862,3.91584],[-75.1384,3.91592],[-75.13821,3.91585],[-75.13795,3.91564],[-75.13773,3.91547],[-75.13768,3.9154],[-75.1377,3.9153],[-75.13783,3.9151],[-75.13784,3.91492],[-75.13779,3.91447],[-75.13765,3.91418],[-75.13754,3.91405],[-75.13752,3.91397]]},"properties":{"NIVEL_PROP":"N3-Terciaria"}},{"type":"Feature","geometry":{"type":"LineString","coordinates":[[-75.12556,3.91663],[-75.12529,3.91643]]},"properties":{"NIVEL_PROP":"N3-Terciaria"}},{"type":"Feature","geometry":{"type":"LineString","coordinates":[[-75.22031,3.93073],[-75.2204,3.93074],[-75.22055,3.93076],[-75.22075,3.93084],[-75.22105,3.93094]]},"properties":{"NIVEL_PROP":"N3-Terciaria"}},{"type":"Feature","geometry":{"type":"LineString","coordinates":[[-75.06074,3.82194],[-75.06086,3.82188],[-75.06101,3.82186],[-75.06111,3.82182],[-75.06119,3.82178],[-75.06127,3.82173]]},"properties":{"NIVEL_PROP":"Sendero"}},{"type":"Feature","geometry":{"type":"LineString","coordinates":[[-75.04452,3.75319],[-75.04439,3.75349],[-75.04432,3.75357],[-75.04423,3.75371]]},"properties":{"NIVEL_PROP":"N3-Terciaria"}},{"type":"Feature","geometry":{"type":"LineString","coordinates":[[-75.30191,3.84239],[-75.30192,3.84255],[-75.3019,3.8426],[-75.30126,3.84311],[-75.30098,3.84325],[-75.30057,3.84315],[-75.30013,3.843],[-75.29946,3.84287],[-75.29838,3.84255],[-75.29783,3.84232],[-75.29744,3.84223],[-75.29708,3.84232],[-75.29685,3.8425],[-75.29603,3.8434],[-75.29549,3.84402],[-75.29444,3.84613],[-75.29405,3.84694],[-75.29387,3.84731],[-75.2921,3.8493],[-75.29177,3.8497],[-75.29143,3.85028],[-75.29104,3.85105],[-75.29084,3.85161],[-75.29062,3.85213],[-75.28941,3.85376],[-75.2889,3.85436],[-75.28866,3.85464],[-75.28826,3.85501],[-75.28719,3.85536],[-75.28521,3.85598],[-75.28435,3.85625],[-75.28368,3.85649],[-75.28288,3.85707],[-75.28246,3.85735],[-75.28195,3.85801],[-75.28166,3.85829],[-75.28096,3.85862],[-75.28057,3.85891],[-75.28031,3.85915],[-75.28021,3.85962],[-75.28014,3.86002],[-75.27994,3.86032],[-75.27966,3.86049],[-75.27941,3.86043],[-75.27712,3.85953],[-75.27659,3.85953],[-75.27605,3.85983],[-75.27548,3.86047],[-75.27526,3.86054],[-75.275,3.86052],[-75.27481,3.86057],[-75.27465,3.86073],[-75.27449,3.86145],[-75.27398,3.86399],[-75.27378,3.86443],[-75.27336,3.86514],[-75.27305,3.86546],[-75.27281,3.86556],[-75.27235,3.86575],[-75.27228,3.86582],[-75.27183,3.86625],[-75.27107,3.86686],[-75.27041,3.8675],[-75.26974,3.86807],[-75.26836,3.86908],[-75.26748,3.87023]]},"properties":{"NIVEL_PROP":"N1-Principal"}},{"type":"Feature","geometry":{"type":"LineString","coordinates":[[-75.04575,3.77406],[-75.04588,3.77408],[-75.04609,3.7741],[-75.04631,3.77412],[-75.04671,3.77414],[-75.04892,3.77428],[-75.05163,3.77444],[-75.05245,3.7745],[-75.05264,3.77452],[-75.053,3.77455],[-75.05313,3.77456],[-75.05325,3.77456],[-75.05379,3.7745],[-75.05479,3.77434],[-75.05577,3.77419],[-75.05585,3.77418],[-75.05599,3.77418],[-75.05613,3.77417],[-75.05626,3.77418],[-75.05975,3.77469],[-75.05987,3.7747],[-75.05998,3.7747],[-75.06009,3.77468],[-75.06123,3.77458],[-75.06141,3.77456],[-75.06161,3.77456],[-75.0618,3.77457],[-75.0619,3.77455],[-75.06194,3.77452],[-75.06196,3.77447]]},"properties":{"NIVEL_PROP":"N3-Terciaria"}},{"type":"Feature","geometry":{"type":"LineString","coordinates":[[-75.59972,4.01093],[-75.6001,4.01149],[-75.60051,4.01195],[-75.60084,4.01226],[-75.60116,4.01233],[-75.60146,4.01249],[-75.60168,4.01272]]},"properties":{"NIVEL_PROP":"N3-Terciaria"}},{"type":"Feature","geometry":{"type":"LineString","coordinates":[[-75.29378,3.88116],[-75.2937,3.88131],[-75.29352,3.88155],[-75.2933,3.88186],[-75.29318,3.88208]]},"properties":{"NIVEL_PROP":"N3-Terciaria"}},{"type":"Feature","geometry":{"type":"LineString","coordinates":[[-75.2245,3.93951],[-75.22376,3.93954],[-75.22289,3.93945],[-75.22232,3.93939],[-75.22183,3.93913],[-75.22152,3.93894],[-75.22131,3.93882],[-75.22082,3.93869],[-75.22017,3.93852],[-75.21974,3.93839],[-75.21968,3.93837],[-75.21894,3.9381]]},"properties":{"NIVEL_PROP":"N3-Terciaria"}},{"type":"Feature","geometry":{"type":"LineString","coordinates":[[-75.0625,3.81923],[-75.06234,3.81949],[-75.0622,3.82024]]},"properties":{"NIVEL_PROP":"N3-Terciaria"}},{"type":"Feature","geometry":{"type":"LineString","coordinates":[[-75.12111,3.69388],[-75.12126,3.69421],[-75.12128,3.69457],[-75.12139,3.69483],[-75.12158,3.69496],[-75.12242,3.69515],[-75.12261,3.69524],[-75.12278,3.69539],[-75.12357,3.69678],[-75.12362,3.69688],[-75.12362,3.69699],[-75.12363,3.69954],[-75.12361,3.69977],[-75.12348,3.7],[-75.12327,3.70021],[-75.12299,3.70031],[-75.1224,3.70032],[-75.12218,3.70037],[-75.12201,3.70048],[-75.12186,3.70062],[-75.12175,3.70084],[-75.12022,3.70398],[-75.1199,3.70461],[-75.11971,3.70513]]},"properties":{"NIVEL_PROP":"N3-Terciaria"}},{"type":"Feature","geometry":{"type":"LineString","coordinates":[[-75.21594,3.9231],[-75.21646,3.923],[-75.21681,3.92295],[-75.21715,3.9229],[-75.21748,3.92283],[-75.21782,3.92278],[-75.21821,3.92272],[-75.21859,3.92265]]},"properties":{"NIVEL_PROP":"N3-Terciaria"}},{"type":"Feature","geometry":{"type":"LineString","coordinates":[[-75.21932,3.93567],[-75.21914,3.93578],[-75.21887,3.936],[-75.21858,3.93629],[-75.21814,3.93669],[-75.2178,3.93688],[-75.21742,3.93722]]},"properties":{"NIVEL_PROP":"N3-Terciaria"}},{"type":"Feature","geometry":{"type":"LineString","coordinates":[[-75.08898,3.93953],[-75.08969,3.93894],[-75.09002,3.93858],[-75.09052,3.9381],[-75.09075,3.93782],[-75.09174,3.93744],[-75.09239,3.93713],[-75.09279,3.93705],[-75.0932,3.93723],[-75.09372,3.9374],[-75.09487,3.93739],[-75.09628,3.9374],[-75.09715,3.93723],[-75.09771,3.93704],[-75.09778,3.93691],[-75.09777,3.93678],[-75.09763,3.93638],[-75.0977,3.93601],[-75.09789,3.93574],[-75.09831,3.93556],[-75.09897,3.93557],[-75.0996,3.93566],[-75.10029,3.93568],[-75.1009,3.93552],[-75.10125,3.93561],[-75.10149,3.93552],[-75.10173,3.93521],[-75.10206,3.93512],[-75.10229,3.93499],[-75.1026,3.93495],[-75.10313,3.93485],[-75.10338,3.9347],[-75.10371,3.93452],[-75.1039,3.93431],[-75.10417,3.93445],[-75.10438,3.93465],[-75.1046,3.9347],[-75.10486,3.93473],[-75.10491,3.93483],[-75.1048,3.9349],[-75.10464,3.93494],[-75.10456,3.93507],[-75.10462,3.93533],[-75.10464,3.93557],[-75.10464,3.9364],[-75.1046,3.93664],[-75.10484,3.93675],[-75.10521,3.93688],[-75.10533,3.93666],[-75.10554,3.93644],[-75.1058,3.93657],[-75.10612,3.93677],[-75.10672,3.93704],[-75.10715,3.937],[-75.10742,3.93688],[-75.10815,3.93681],[-75.10854,3.93687],[-75.10928,3.93704],[-75.10965,3.93696],[-75.11017,3.93723],[-75.11043,3.93733],[-75.11069,3.93735],[-75.11114,3.93741],[-75.11147,3.93731],[-75.11158,3.93726],[-75.11176,3.9373],[-75.11217,3.93761],[-75.11263,3.93779],[-75.1128,3.93787],[-75.11287,3.93793],[-75.11289,3.93807],[-75.11289,3.93852],[-75.11297,3.93888],[-75.11297,3.939],[-75.11283,3.93917],[-75.11262,3.93952],[-75.11246,3.93984],[-75.11241,3.94006],[-75.11228,3.94049],[-75.11215,3.94067],[-75.11195,3.94081],[-75.11151,3.94104],[-75.11125,3.94127],[-75.11072,3.94173],[-75.1103,3.94204],[-75.10988,3.94255],[-75.10944,3.94305],[-75.10942,3.94324],[-75.10948,3.94357],[-75.10952,3.94383],[-75.10939,3.94396],[-75.10892,3.94431],[-75.10845,3.94471],[-75.10823,3.94489],[-75.10779,3.94504],[-75.10706,3.9453],[-75.1061,3.94556],[-75.10525,3.94576],[-75.10469,3.94595],[-75.10446,3.94621],[-75.10403,3.94669],[-75.10375,3.94696],[-75.10357,3.9471],[-75.10337,3.94708],[-75.10292,3.94702],[-75.1026,3.94703],[-75.10223,3.94719],[-75.10161,3.94743],[-75.10132,3.94751],[-75.10097,3.94749],[-75.09984,3.94749],[-75.09925,3.94749],[-75.09902,3.94751],[-75.09885,3.94766],[-75.09879,3.94793],[-75.09874,3.94805],[-75.09855,3.94813],[-75.09841,3.94825],[-75.09825,3.94872],[-75.09806,3.9491],[-75.09776,3.94959],[-75.09766,3.94977],[-75.09715,3.95034],[-75.09678,3.95077],[-75.09661,3.95102],[-75.09666,3.95138],[-75.09666,3.95157],[-75.09654,3.95179],[-75.09635,3.95228],[-75.09587,3.95294],[-75.09542,3.95352],[-75.09518,3.95378],[-75.09509,3.95396],[-75.09508,3.95413],[-75.09506,3.95428],[-75.09489,3.95441],[-75.09475,3.95452]]},"properties":{"NIVEL_PROP":"N3-Terciaria"}},{"type":"Feature","geometry":{"type":"LineString","coordinates":[[-75.33179,3.81788],[-75.3318,3.81796],[-75.33161,3.81837],[-75.33124,3.81916],[-75.33095,3.82017]]},"properties":{"NIVEL_PROP":"N3-Terciaria"}},{"type":"Feature","geometry":{"type":"LineString","coordinates":[[-75.09406,3.62932],[-75.09421,3.62846],[-75.0943,3.62769],[-75.0944,3.62737],[-75.09449,3.62705],[-75.0947,3.62641],[-75.09492,3.62564],[-75.09511,3.62487],[-75.09537,3.62409],[-75.09557,3.62337],[-75.0958,3.62257]]},"properties":{"NIVEL_PROP":"N3-Terciaria"}},{"type":"Feature","geometry":{"type":"LineString","coordinates":[[-75.17209,3.44211],[-75.17204,3.44212],[-75.17193,3.44218],[-75.17186,3.44227],[-75.17176,3.44234],[-75.17169,3.44242],[-75.17165,3.44248],[-75.17159,3.4425],[-75.17154,3.44249],[-75.17154,3.44245],[-75.17154,3.44241],[-75.17151,3.44237]]},"properties":{"NIVEL_PROP":"Sendero"}},{"type":"Feature","geometry":{"type":"LineString","coordinates":[[-75.10221,3.77431],[-75.10228,3.77425],[-75.1024,3.7742],[-75.10271,3.77413],[-75.10288,3.77408],[-75.10313,3.77399],[-75.1038,3.77364],[-75.10459,3.77324],[-75.10508,3.77298],[-75.10545,3.77286],[-75.10597,3.77273],[-75.10676,3.77259],[-75.10706,3.7726],[-75.10831,3.77284],[-75.10917,3.77302],[-75.10929,3.77304],[-75.10941,3.77303],[-75.10958,3.77298],[-75.11036,3.77272],[-75.11069,3.77257],[-75.11101,3.77236],[-75.11123,3.77204],[-75.1114,3.77167],[-75.11147,3.77158],[-75.11154,3.77156],[-75.11178,3.77159],[-75.1118,3.7716],[-75.11185,3.77162],[-75.11215,3.77171],[-75.11242,3.77176],[-75.11261,3.77181],[-75.11276,3.77186],[-75.11311,3.77203],[-75.11332,3.77214],[-75.1135,3.77226],[-75.11406,3.77273],[-75.1143,3.77292],[-75.11444,3.77303],[-75.1146,3.77312],[-75.11489,3.77327],[-75.11522,3.77343],[-75.1154,3.77355],[-75.11545,3.77359],[-75.11548,3.77362],[-75.1155,3.77366],[-75.11558,3.77378],[-75.11571,3.77395],[-75.11584,3.77409],[-75.11625,3.77447]]},"properties":{"NIVEL_PROP":"N3-Terciaria"}},{"type":"Feature","geometry":{"type":"LineString","coordinates":[[-75.09159,3.91176],[-75.09239,3.91146],[-75.09304,3.91136],[-75.09393,3.91148],[-75.09423,3.91162],[-75.09434,3.9117],[-75.09439,3.9118],[-75.09436,3.91191],[-75.09432,3.91194]]},"properties":{"NIVEL_PROP":"N3-Terciaria"}},{"type":"Feature","geometry":{"type":"LineString","coordinates":[[-75.11384,3.89109],[-75.11387,3.89158],[-75.114,3.89179]]},"properties":{"NIVEL_PROP":"N3-Terciaria"}},{"type":"Feature","geometry":{"type":"LineString","coordinates":[[-75.15091,3.9276],[-75.15112,3.92763],[-75.15125,3.92767],[-75.15152,3.92787],[-75.15173,3.92797],[-75.15183,3.9281],[-75.15188,3.92836]]},"properties":{"NIVEL_PROP":"N3-Terciaria"}},{"type":"Feature","geometry":{"type":"LineString","coordinates":[[-75.10148,3.53254],[-75.10159,3.53253],[-75.1017,3.53251],[-75.1018,3.53247],[-75.10206,3.5323],[-75.10208,3.53228],[-75.10214,3.53227],[-75.10222,3.53228],[-75.10253,3.53236]]},"properties":{"NIVEL_PROP":"N3-Terciaria"}},{"type":"Feature","geometry":{"type":"LineString","coordinates":[[-75.08946,3.95],[-75.08921,3.95009],[-75.0886,3.95043],[-75.08821,3.95066],[-75.08811,3.9509],[-75.0882,3.95104],[-75.08838,3.95138],[-75.08862,3.95158],[-75.08889,3.95186],[-75.08891,3.95196]]},"properties":{"NIVEL_PROP":"N3-Terciaria"}},{"type":"Feature","geometry":{"type":"LineString","coordinates":[[-75.07894,3.60046],[-75.07903,3.60045]]},"properties":{"NIVEL_PROP":"Sendero"}},{"type":"Feature","geometry":{"type":"LineString","coordinates":[[-75.14447,4.01123],[-75.14381,4.0102]]},"properties":{"NIVEL_PROP":"N3-Camino vecinal"}},{"type":"Feature","geometry":{"type":"LineString","coordinates":[[-75.01737,3.72007],[-75.01785,3.72018],[-75.01878,3.72046],[-75.01967,3.72058],[-75.01987,3.7205],[-75.02008,3.72042],[-75.02017,3.72039],[-75.02033,3.7204],[-75.02045,3.72043],[-75.02073,3.72057],[-75.02078,3.72068],[-75.02081,3.7208],[-75.02079,3.72111],[-75.02082,3.72176],[-75.02065,3.72306],[-75.02066,3.72315],[-75.02072,3.72326],[-75.02084,3.72325],[-75.02132,3.72306],[-75.02138,3.72306],[-75.0215,3.72313],[-75.02164,3.72327],[-75.022,3.72363],[-75.02224,3.72392],[-75.02248,3.72412],[-75.02268,3.72416],[-75.02296,3.72418],[-75.02306,3.72424],[-75.02319,3.72443],[-75.02356,3.72484],[-75.02436,3.72615],[-75.02453,3.72642],[-75.02474,3.72664],[-75.02536,3.72717],[-75.02585,3.72745],[-75.02632,3.72773],[-75.02641,3.7278],[-75.02644,3.72791],[-75.02621,3.7285],[-75.02617,3.72895],[-75.02615,3.7292],[-75.02617,3.72944],[-75.02624,3.72967],[-75.02711,3.73043]]},"properties":{"NIVEL_PROP":"N3-Terciaria"}},{"type":"Feature","geometry":{"type":"LineString","coordinates":[[-75.06369,3.68167],[-75.0631,3.68225],[-75.06305,3.68228],[-75.0629,3.68234],[-75.06274,3.68236],[-75.06215,3.68244],[-75.06187,3.68247],[-75.06178,3.6825],[-75.06165,3.68255],[-75.0616,3.68256],[-75.0614,3.68269],[-75.06132,3.68273],[-75.06125,3.68276],[-75.06099,3.68276],[-75.06051,3.68276],[-75.0604,3.68278],[-75.06028,3.68284],[-75.05986,3.68311],[-75.05941,3.68342],[-75.05927,3.68348],[-75.05914,3.68353],[-75.05889,3.68359]]},"properties":{"NIVEL_PROP":"N3-Terciaria"}},{"type":"Feature","geometry":{"type":"LineString","coordinates":[[-75.13831,3.86298],[-75.13819,3.86287],[-75.13815,3.86266],[-75.13792,3.8625],[-75.13774,3.86233],[-75.13751,3.86211],[-75.13716,3.86179],[-75.13694,3.86171],[-75.13666,3.86145],[-75.13595,3.86117]]},"properties":{"NIVEL_PROP":"N3-Servicio"}},{"type":"Feature","geometry":{"type":"LineString","coordinates":[[-75.19027,3.79959],[-75.19075,3.79901],[-75.19119,3.79848]]},"properties":{"NIVEL_PROP":"N3-Terciaria"}},{"type":"Feature","geometry":{"type":"LineString","coordinates":[[-75.06418,3.67766],[-75.06362,3.67742],[-75.06329,3.67736]]},"properties":{"NIVEL_PROP":"N3-Servicio"}},{"type":"Feature","geometry":{"type":"LineString","coordinates":[[-74.99242,3.66923],[-74.99258,3.66974],[-74.99281,3.67033],[-74.99301,3.67058],[-74.99361,3.67098]]},"properties":{"NIVEL_PROP":"N3-Camino vecinal"}},{"type":"Feature","geometry":{"type":"LineString","coordinates":[[-75.12108,3.97896],[-75.12126,3.978],[-75.12135,3.9767],[-75.12133,3.97539],[-75.12162,3.97438],[-75.12179,3.97364],[-75.12216,3.97205],[-75.12234,3.97105],[-75.12257,3.97005]]},"properties":{"NIVEL_PROP":"N3-Terciaria"}},{"type":"Feature","geometry":{"type":"LineString","coordinates":[[-75.18962,3.72382],[-75.19012,3.7238],[-75.19023,3.72363],[-75.19042,3.72353],[-75.19062,3.72349],[-75.19084,3.72349],[-75.19113,3.72348],[-75.19141,3.72363],[-75.19159,3.72365],[-75.19172,3.72357],[-75.19197,3.72357],[-75.19242,3.72359],[-75.19261,3.72366],[-75.19275,3.72376],[-75.19291,3.7242],[-75.19297,3.72451],[-75.19304,3.72491],[-75.19309,3.72512],[-75.19319,3.72544],[-75.19302,3.72568],[-75.19288,3.72598],[-75.1927,3.7262]]},"properties":{"NIVEL_PROP":"N3-Terciaria"}},{"type":"Feature","geometry":{"type":"LineString","coordinates":[[-75.31495,3.96237],[-75.31506,3.96215],[-75.3151,3.96195]]},"properties":{"NIVEL_PROP":"N3-Terciaria"}},{"type":"Feature","geometry":{"type":"LineString","coordinates":[[-75.00674,3.72761],[-75.00637,3.72774],[-75.00624,3.72777],[-75.00598,3.7278],[-75.00522,3.72779],[-75.005,3.72791],[-75.00463,3.72815],[-75.00443,3.72826],[-75.00417,3.72832],[-75.00396,3.72838],[-75.00373,3.72857],[-75.00357,3.72872],[-75.00315,3.72888],[-75.00254,3.72908],[-75.0023,3.72916],[-75.00204,3.7293],[-75.00189,3.72944],[-75.00158,3.72967],[-75.00126,3.72988],[-75.00108,3.72993],[-75.00055,3.72997],[-75.00004,3.72996],[-74.99986,3.72987],[-74.99937,3.72967],[-74.99915,3.72959],[-74.99888,3.7295],[-74.99853,3.72934],[-74.99833,3.7292],[-74.99826,3.72907],[-74.99827,3.72894],[-74.99818,3.72873],[-74.99797,3.72861],[-74.99786,3.7285],[-74.99782,3.72832],[-74.99779,3.72805],[-74.99779,3.72763],[-74.99775,3.72749],[-74.99757,3.72734],[-74.9975,3.72723],[-74.99717,3.72708],[-74.99699,3.72692],[-74.99693,3.72679]]},"properties":{"NIVEL_PROP":"N3-Terciaria"}},{"type":"Feature","geometry":{"type":"LineString","coordinates":[[-75.21898,4.10733],[-75.21938,4.10708],[-75.21975,4.10693],[-75.2199,4.10706],[-75.22017,4.10668],[-75.22062,4.10642],[-75.22071,4.10617],[-75.22114,4.10608],[-75.2221,4.10603],[-75.22237,4.10611],[-75.22299,4.10597],[-75.22375,4.10576],[-75.22423,4.10566],[-75.22454,4.10568],[-75.22498,4.1059],[-75.22603,4.10577]]},"properties":{"NIVEL_PROP":"N3-Terciaria"}},{"type":"Feature","geometry":{"type":"LineString","coordinates":[[-75.11971,3.70513],[-75.11962,3.70559],[-75.11965,3.70579],[-75.11974,3.70636],[-75.11985,3.70666],[-75.11998,3.70686],[-75.12017,3.70703],[-75.12347,3.70856],[-75.12379,3.7088],[-75.12594,3.71114],[-75.12605,3.71131],[-75.12618,3.71169],[-75.12627,3.71207],[-75.12637,3.71236],[-75.12647,3.71259],[-75.12663,3.71278],[-75.1268,3.7129],[-75.13062,3.71526],[-75.131,3.71551],[-75.13121,3.71571],[-75.13292,3.71796],[-75.13315,3.71827],[-75.13323,3.71855],[-75.13324,3.71871],[-75.1332,3.71914],[-75.13326,3.71935],[-75.13335,3.71954],[-75.1335,3.7197],[-75.13362,3.71978]]},"properties":{"NIVEL_PROP":"N3-Terciaria"}},{"type":"Feature","geometry":{"type":"LineString","coordinates":[[-75.19746,3.79608],[-75.19758,3.79594]]},"properties":{"NIVEL_PROP":"N3-Terciaria"}},{"type":"Feature","geometry":{"type":"LineString","coordinates":[[-75.31585,3.96209],[-75.316,3.96188],[-75.31599,3.96179],[-75.31571,3.96132]]},"properties":{"NIVEL_PROP":"N3-Terciaria"}},{"type":"Feature","geometry":{"type":"LineString","coordinates":[[-75.22939,3.77984],[-75.22919,3.78006],[-75.22912,3.78026]]},"properties":{"NIVEL_PROP":"N3-Terciaria"}},{"type":"Feature","geometry":{"type":"LineString","coordinates":[[-75.21678,3.92213],[-75.21675,3.92189],[-75.21674,3.92176],[-75.21668,3.92163],[-75.21647,3.92152],[-75.21614,3.92142],[-75.21573,3.92136],[-75.21565,3.92123],[-75.21541,3.92111],[-75.21538,3.92105],[-75.21511,3.92095],[-75.215,3.92093]]},"properties":{"NIVEL_PROP":"N3-Servicio"}},{"type":"Feature","geometry":{"type":"LineString","coordinates":[[-75.05379,3.7745],[-75.05379,3.77455],[-75.05381,3.77462],[-75.05384,3.7747],[-75.05404,3.77515]]},"properties":{"NIVEL_PROP":"N3-Servicio"}},{"type":"Feature","geometry":{"type":"LineString","coordinates":[[-75.09492,3.91196],[-75.09486,3.91203]]},"properties":{"NIVEL_PROP":"N3-Terciaria"}},{"type":"Feature","geometry":{"type":"LineString","coordinates":[[-75.22447,3.93447],[-75.22447,3.9343]]},"properties":{"NIVEL_PROP":"N3-Terciaria"}},{"type":"Feature","geometry":{"type":"LineString","coordinates":[[-75.16653,3.69842],[-75.16634,3.69814]]},"properties":{"NIVEL_PROP":"N3-Terciaria"}},{"type":"Feature","geometry":{"type":"LineString","coordinates":[[-75.19235,3.79551],[-75.19267,3.7956]]},"properties":{"NIVEL_PROP":"N3-Terciaria"}},{"type":"Feature","geometry":{"type":"LineString","coordinates":[[-75.12008,3.83108],[-75.11993,3.83111],[-75.11982,3.83118],[-75.11968,3.83129],[-75.11952,3.83145],[-75.11888,3.83204],[-75.11849,3.8324],[-75.11837,3.83251],[-75.11822,3.83262],[-75.11806,3.83271],[-75.11788,3.83276],[-75.11767,3.83277],[-75.11741,3.83275],[-75.11681,3.83276],[-75.11666,3.83275],[-75.11649,3.83278],[-75.11633,3.83284],[-75.11618,3.83294],[-75.11604,3.83309],[-75.1159,3.83325],[-75.11507,3.83416],[-75.11434,3.83503],[-75.11389,3.83552]]},"properties":{"NIVEL_PROP":"N3-Terciaria"}},{"type":"Feature","geometry":{"type":"LineString","coordinates":[[-75.09799,3.61767],[-75.0975,3.61759]]},"properties":{"NIVEL_PROP":"N3-Terciaria"}},{"type":"Feature","geometry":{"type":"LineString","coordinates":[[-75.1048,3.53013],[-75.10494,3.5296]]},"properties":{"NIVEL_PROP":"N3-Terciaria"}},{"type":"Feature","geometry":{"type":"LineString","coordinates":[[-75.08735,3.64253],[-75.08092,3.64122],[-75.07815,3.64063],[-75.07796,3.64057],[-75.07788,3.64058],[-75.07773,3.64066],[-75.07765,3.64071],[-75.07733,3.64098],[-75.07704,3.6413],[-75.07694,3.64143],[-75.07682,3.64155],[-75.07671,3.64162],[-75.07655,3.64171],[-75.07645,3.64175],[-75.07633,3.64178],[-75.0762,3.64179],[-75.0759,3.64183],[-75.07553,3.64183],[-75.07378,3.64175],[-75.07345,3.64176],[-75.07308,3.64181],[-75.07297,3.64185],[-75.07286,3.6419],[-75.07267,3.64199],[-75.07224,3.6423],[-75.07211,3.64241],[-75.07209,3.64244],[-75.07201,3.64253],[-75.07188,3.64261],[-75.07157,3.64275],[-75.07118,3.643],[-75.0708,3.64333],[-75.07052,3.64357],[-75.06994,3.64406],[-75.06937,3.6446],[-75.0688,3.64516],[-75.06871,3.64524],[-75.06862,3.64531],[-75.06854,3.64534],[-75.06792,3.6455],[-75.06709,3.64574],[-75.06669,3.64588],[-75.06646,3.64596],[-75.0663,3.64602],[-75.06624,3.64605],[-75.0662,3.64608],[-75.06616,3.64611],[-75.06609,3.64625],[-75.06604,3.64635],[-75.06601,3.64645],[-75.06599,3.64649],[-75.06595,3.64652],[-75.06587,3.64655],[-75.0658,3.64656],[-75.06572,3.64654],[-75.06568,3.64652],[-75.06564,3.64649],[-75.06562,3.64645],[-75.06561,3.64638],[-75.06563,3.6463],[-75.0656,3.646],[-75.06553,3.64587],[-75.06543,3.64573],[-75.06529,3.64554],[-75.06522,3.64545],[-75.06498,3.64516],[-75.06449,3.6448],[-75.06396,3.64444],[-75.06355,3.64427],[-75.06342,3.64423],[-75.06333,3.64421],[-75.06321,3.6442],[-75.06309,3.64419],[-75.06298,3.64421],[-75.06288,3.64423],[-75.0628,3.64425],[-75.0627,3.64429],[-75.06261,3.64433],[-75.06252,3.64436],[-75.06244,3.6444],[-75.06236,3.64445],[-75.0623,3.64449],[-75.06222,3.64452],[-75.06213,3.64452],[-75.06205,3.64453],[-75.06196,3.64455],[-75.06189,3.64458],[-75.06182,3.64461],[-75.06176,3.64465],[-75.06172,3.6447],[-75.06167,3.64478],[-75.06161,3.6449],[-75.06153,3.64511],[-75.06141,3.64539]]},"properties":{"NIVEL_PROP":"N3-Terciaria"}},{"type":"Feature","geometry":{"type":"LineString","coordinates":[[-75.02018,3.6937],[-75.02066,3.69303]]},"properties":{"NIVEL_PROP":"N3-Terciaria"}},{"type":"Feature","geometry":{"type":"LineString","coordinates":[[-75.12003,3.5868],[-75.12046,3.58734],[-75.1209,3.58787],[-75.12136,3.5884],[-75.12179,3.58894],[-75.12359,3.59107],[-75.12383,3.59136],[-75.12388,3.59143],[-75.12392,3.59152],[-75.12397,3.59164],[-75.12412,3.592],[-75.12414,3.59205],[-75.12416,3.59207],[-75.12419,3.59208],[-75.12422,3.59209],[-75.12424,3.59208],[-75.12427,3.59207],[-75.1243,3.59205],[-75.12438,3.59196],[-75.12479,3.59148],[-75.12484,3.59142],[-75.1249,3.59138],[-75.12496,3.59135],[-75.12504,3.59132],[-75.12512,3.59131],[-75.1256,3.5913],[-75.12574,3.5913],[-75.12585,3.59132],[-75.12595,3.59136],[-75.12608,3.59143],[-75.12632,3.59159],[-75.12635,3.59161],[-75.12638,3.59162],[-75.12642,3.59163],[-75.12645,3.59163],[-75.12649,3.59163]]},"properties":{"NIVEL_PROP":"N3-Terciaria"}},{"type":"Feature","geometry":{"type":"LineString","coordinates":[[-75.09552,3.96771],[-75.0954,3.96716],[-75.0954,3.96713]]},"properties":{"NIVEL_PROP":"N3-Terciaria"}},{"type":"Feature","geometry":{"type":"LineString","coordinates":[[-75.17733,3.91384],[-75.17724,3.91405],[-75.1771,3.91424],[-75.17691,3.91441],[-75.17677,3.91461],[-75.17675,3.91485],[-75.17668,3.91499],[-75.17642,3.91526],[-75.17597,3.9156],[-75.17563,3.91586],[-75.17539,3.91623],[-75.17529,3.91632],[-75.17525,3.91647],[-75.17529,3.91664],[-75.17536,3.91672],[-75.17547,3.91685],[-75.17563,3.91712],[-75.17589,3.91751],[-75.17611,3.91772],[-75.17614,3.91784],[-75.17606,3.91803]]},"properties":{"NIVEL_PROP":"N3-Terciaria"}},{"type":"Feature","geometry":{"type":"LineString","coordinates":[[-75.09725,3.6204],[-75.09647,3.62015],[-75.0957,3.61988]]},"properties":{"NIVEL_PROP":"N3-Terciaria"}},{"type":"Feature","geometry":{"type":"LineString","coordinates":[[-75.12276,3.90077],[-75.12269,3.90077],[-75.12251,3.90068],[-75.12238,3.90055],[-75.12031,3.9001]]},"properties":{"NIVEL_PROP":"N3-Terciaria"}},{"type":"Feature","geometry":{"type":"LineString","coordinates":[[-75.01912,3.7296],[-75.01921,3.72869],[-75.01918,3.72852],[-75.01912,3.72835],[-75.01904,3.72829],[-75.01856,3.72821],[-75.01816,3.72822],[-75.01805,3.7282],[-75.01787,3.72813],[-75.01745,3.72777],[-75.01719,3.72744],[-75.01702,3.72725],[-75.01684,3.72708],[-75.01663,3.72692],[-75.01656,3.72684],[-75.01656,3.72673],[-75.01671,3.72621],[-75.01671,3.72614],[-75.01669,3.72608],[-75.01537,3.72557]]},"properties":{"NIVEL_PROP":"N3-Terciaria"}},{"type":"Feature","geometry":{"type":"LineString","coordinates":[[-75.06092,3.8179],[-75.0608,3.81835],[-75.06082,3.81889]]},"properties":{"NIVEL_PROP":"N3-Terciaria"}},{"type":"Feature","geometry":{"type":"LineString","coordinates":[[-75.62035,4.01948],[-75.62084,4.01971],[-75.62139,4.01988],[-75.62183,4.01996],[-75.62243,4.01991],[-75.62294,4.01988],[-75.62317,4.01988],[-75.6233,4.0199],[-75.62335,4.01991],[-75.62337,4.01996],[-75.62335,4.02001],[-75.62327,4.02004],[-75.62302,4.02015],[-75.62284,4.02019],[-75.62267,4.02027],[-75.62255,4.02039],[-75.6225,4.02054],[-75.62254,4.02074],[-75.62255,4.0209],[-75.62257,4.02109],[-75.62256,4.0212],[-75.62247,4.02124],[-75.62231,4.02135],[-75.62228,4.02147],[-75.6223,4.02159],[-75.62245,4.02189],[-75.6226,4.02249],[-75.6223,4.02317],[-75.6224,4.02327],[-75.62281,4.02318],[-75.62311,4.02368],[-75.62315,4.0242],[-75.62397,4.02478],[-75.62421,4.02552],[-75.62404,4.02593],[-75.62422,4.02641],[-75.62389,4.02672],[-75.62353,4.02728],[-75.62323,4.02765],[-75.62319,4.02858],[-75.62308,4.02904],[-75.62284,4.02989],[-75.62199,4.02992],[-75.62186,4.03016]]},"properties":{"NIVEL_PROP":"N3-Terciaria"}},{"type":"Feature","geometry":{"type":"LineString","coordinates":[[-75.16614,3.48933],[-75.16581,3.48911],[-75.1656,3.48905],[-75.16514,3.48918],[-75.16395,3.48924],[-75.16377,3.48929],[-75.16264,3.48924],[-75.16199,3.48896],[-75.16137,3.48814],[-75.16018,3.48879],[-75.1597,3.48856],[-75.15933,3.48827],[-75.15708,3.48822],[-75.15664,3.48845],[-75.15611,3.489],[-75.15591,3.48905],[-75.15567,3.48901],[-75.15514,3.48886],[-75.15479,3.48884],[-75.1544,3.48899],[-75.15384,3.48952],[-75.15373,3.48955],[-75.15188,3.48911],[-75.15068,3.48817]]},"properties":{"NIVEL_PROP":"N3-Terciaria"}},{"type":"Feature","geometry":{"type":"LineString","coordinates":[[-75.22013,3.93486],[-75.21995,3.93545],[-75.21972,3.93596]]},"properties":{"NIVEL_PROP":"N3-Terciaria"}},{"type":"Feature","geometry":{"type":"LineString","coordinates":[[-75.17764,3.83641],[-75.17808,3.83651],[-75.17828,3.83695],[-75.17874,3.8371],[-75.17898,3.83694],[-75.17936,3.83694],[-75.17981,3.83649],[-75.18074,3.83623],[-75.18114,3.83612],[-75.18221,3.83556],[-75.18251,3.83549],[-75.18318,3.83548],[-75.18413,3.83488],[-75.18444,3.83492],[-75.18503,3.83506],[-75.18563,3.83496],[-75.18587,3.83465]]},"properties":{"NIVEL_PROP":"N3-Terciaria"}},{"type":"Feature","geometry":{"type":"LineString","coordinates":[[-75.17801,3.78089],[-75.17864,3.77937],[-75.17914,3.77741],[-75.17904,3.77605]]},"properties":{"NIVEL_PROP":"N3-Terciaria"}},{"type":"Feature","geometry":{"type":"LineString","coordinates":[[-74.9916,3.68408],[-74.99212,3.68486],[-74.99234,3.68494],[-74.99261,3.68493]]},"properties":{"NIVEL_PROP":"N3-Terciaria"}},{"type":"Feature","geometry":{"type":"LineString","coordinates":[[-75.2146,3.91509],[-75.21425,3.91496]]},"properties":{"NIVEL_PROP":"N3-Terciaria"}},{"type":"Feature","geometry":{"type":"LineString","coordinates":[[-75.16551,3.69778],[-75.16573,3.69826]]},"properties":{"NIVEL_PROP":"N3-Terciaria"}},{"type":"Feature","geometry":{"type":"LineString","coordinates":[[-75.08158,3.72259],[-75.08149,3.72245],[-75.08139,3.72232],[-75.08118,3.7222],[-75.08068,3.72199],[-75.0805,3.72193],[-75.07957,3.72194]]},"properties":{"NIVEL_PROP":"N3-Servicio"}},{"type":"Feature","geometry":{"type":"LineString","coordinates":[[-75.11829,3.52811],[-75.11831,3.52807],[-75.11834,3.52802],[-75.11835,3.52799],[-75.1184,3.5279],[-75.11847,3.52774],[-75.1185,3.52755],[-75.11852,3.52719]]},"properties":{"NIVEL_PROP":"N3-Servicio"}},{"type":"Feature","geometry":{"type":"LineString","coordinates":[[-75.0997,3.58135],[-75.09934,3.5813],[-75.09923,3.5813],[-75.0991,3.58132],[-75.09899,3.58131],[-75.09851,3.58121]]},"properties":{"NIVEL_PROP":"N3-Terciaria"}},{"type":"Feature","geometry":{"type":"LineString","coordinates":[[-74.99206,3.75879],[-74.99197,3.75822]]},"properties":{"NIVEL_PROP":"N3-Terciaria"}},{"type":"Feature","geometry":{"type":"LineString","coordinates":[[-75.28206,3.84527],[-75.28211,3.84487],[-75.28208,3.84473],[-75.28202,3.84456],[-75.28184,3.84373],[-75.28171,3.84334],[-75.28166,3.84319],[-75.28155,3.84302],[-75.28138,3.84284],[-75.28122,3.84269],[-75.28079,3.84247],[-75.28043,3.84233],[-75.28013,3.84224],[-75.27996,3.8419],[-75.27977,3.84166],[-75.27963,3.84146],[-75.27947,3.84111]]},"properties":{"NIVEL_PROP":"N3-Terciaria"}},{"type":"Feature","geometry":{"type":"LineString","coordinates":[[-75.24279,3.89254],[-75.24262,3.89247],[-75.24231,3.89232],[-75.24216,3.89216],[-75.2421,3.89209],[-75.242,3.89173]]},"properties":{"NIVEL_PROP":"N3-Terciaria"}},{"type":"Feature","geometry":{"type":"LineString","coordinates":[[-75.06774,3.82034],[-75.06814,3.82049],[-75.0691,3.82082],[-75.06933,3.82091],[-75.07051,3.82132],[-75.07138,3.82167],[-75.07173,3.82181],[-75.07378,3.82255],[-75.08394,3.82621],[-75.09002,3.8284],[-75.09466,3.83007],[-75.09609,3.83058],[-75.09627,3.8307],[-75.09649,3.83091],[-75.0968,3.83128],[-75.09712,3.83165],[-75.09745,3.83202],[-75.0976,3.83221],[-75.09777,3.83241],[-75.10366,3.83934],[-75.10608,3.84217],[-75.10637,3.84238],[-75.10649,3.84244],[-75.10671,3.84251],[-75.10696,3.84254],[-75.10723,3.84253],[-75.10741,3.8425],[-75.11376,3.84095],[-75.11939,3.83958],[-75.11958,3.8395],[-75.11975,3.83941],[-75.12,3.83924],[-75.12038,3.83895],[-75.12056,3.83881],[-75.12096,3.8385],[-75.12297,3.83695],[-75.12367,3.83643],[-75.12412,3.83607],[-75.12453,3.83576],[-75.12608,3.83457],[-75.12655,3.8342],[-75.12699,3.83384],[-75.12765,3.83335],[-75.12828,3.83286],[-75.12878,3.83247],[-75.12999,3.83155],[-75.1301,3.83145],[-75.13021,3.8313],[-75.13028,3.83115],[-75.13042,3.83083],[-75.13054,3.83053],[-75.13071,3.83009],[-75.13078,3.82992],[-75.13107,3.82925],[-75.13191,3.82719],[-75.13213,3.82667],[-75.13237,3.82633],[-75.13253,3.82619],[-75.13285,3.82591],[-75.134,3.82493],[-75.13458,3.82443],[-75.13593,3.8233],[-75.13891,3.82084],[-75.13927,3.82055],[-75.13958,3.82028],[-75.14001,3.81993],[-75.14043,3.81959],[-75.1406,3.81949],[-75.14082,3.81941],[-75.14101,3.81935],[-75.14132,3.81927],[-75.14193,3.81909],[-75.14271,3.81888],[-75.14347,3.81867],[-75.1442,3.81846],[-75.14526,3.81817],[-75.14608,3.81793],[-75.14665,3.81776],[-75.147,3.81767],[-75.14725,3.81753],[-75.14753,3.81737],[-75.14802,3.81706],[-75.14893,3.81652],[-75.14966,3.8161],[-75.15016,3.81579],[-75.15083,3.81539],[-75.15168,3.81489],[-75.15289,3.81415],[-75.15423,3.81335],[-75.15538,3.81266],[-75.15751,3.81139],[-75.15857,3.81075],[-75.15973,3.81005],[-75.16021,3.80974],[-75.16223,3.80856],[-75.1624,3.80844],[-75.16259,3.80827],[-75.16269,3.80817],[-75.16279,3.80807],[-75.16288,3.80794],[-75.16328,3.80754],[-75.16389,3.80685],[-75.16422,3.80651],[-75.16439,3.80638],[-75.16464,3.80619],[-75.16522,3.80577],[-75.16584,3.80535],[-75.16604,3.80523],[-75.16627,3.80515],[-75.16662,3.80505],[-75.16716,3.8049],[-75.16816,3.80463],[-75.16935,3.8043],[-75.17141,3.80374],[-75.17197,3.80358],[-75.17222,3.80346],[-75.17255,3.80323],[-75.17297,3.80292],[-75.17316,3.80272],[-75.17375,3.80224],[-75.17415,3.80196],[-75.17441,3.80184],[-75.1748,3.80169],[-75.17528,3.8015],[-75.17609,3.80116],[-75.17703,3.80082],[-75.17796,3.80046],[-75.1794,3.80006],[-75.18013,3.79992],[-75.18051,3.7998],[-75.181,3.79959],[-75.18169,3.79914],[-75.18244,3.79884],[-75.18284,3.79874],[-75.1833,3.79866],[-75.18419,3.79851],[-75.18479,3.7984],[-75.18598,3.79819],[-75.18797,3.79787],[-75.18836,3.79781],[-75.18877,3.79773],[-75.19056,3.79742],[-75.19142,3.79726]]},"properties":{"NIVEL_PROP":"N2-Secundaria"}},{"type":"Feature","geometry":{"type":"LineString","coordinates":[[-75.10984,3.52915],[-75.10946,3.52818],[-75.10943,3.52809],[-75.10937,3.52799],[-75.10904,3.52744],[-75.10868,3.52678],[-75.10836,3.52613],[-75.10827,3.52594],[-75.10824,3.52584],[-75.10823,3.52572],[-75.1082,3.52558],[-75.10816,3.52545],[-75.10809,3.52531],[-75.10789,3.52499],[-75.10777,3.52482],[-75.10773,3.52473],[-75.10768,3.52463],[-75.10767,3.52455],[-75.10766,3.52448],[-75.10766,3.52435],[-75.10766,3.52421],[-75.10767,3.52408],[-75.10769,3.52386],[-75.10773,3.52374],[-75.10779,3.52362],[-75.10786,3.52353],[-75.10801,3.52335]]},"properties":{"NIVEL_PROP":"N3-Terciaria"}},{"type":"Feature","geometry":{"type":"LineString","coordinates":[[-75.12038,3.83895],[-75.12206,3.84016],[-75.12226,3.84028],[-75.12229,3.84062],[-75.12211,3.84124],[-75.11722,3.84851],[-75.11671,3.84908],[-75.11618,3.84966],[-75.11615,3.84975],[-75.11616,3.84983],[-75.11632,3.85007],[-75.11631,3.85014],[-75.11628,3.85023],[-75.1162,3.85042],[-75.11618,3.85049],[-75.11618,3.85057],[-75.11621,3.8507],[-75.11632,3.85091],[-75.11647,3.85113],[-75.11654,3.85124],[-75.11659,3.85136],[-75.11728,3.85303],[-75.11732,3.85312],[-75.11733,3.85319],[-75.11734,3.85324],[-75.11733,3.85328],[-75.11722,3.85375],[-75.11703,3.85424],[-75.1169,3.85444],[-75.11676,3.8546],[-75.11642,3.85488],[-75.11615,3.85515],[-75.11601,3.85531],[-75.1159,3.85548],[-75.1157,3.85575],[-75.11541,3.85605],[-75.11538,3.85609],[-75.11533,3.85613],[-75.11456,3.85662],[-75.11424,3.85682],[-75.11421,3.85684],[-75.11408,3.85694],[-75.11394,3.85705],[-75.11391,3.85707],[-75.11389,3.8571],[-75.11359,3.85753],[-75.11354,3.85759],[-75.11349,3.85764],[-75.11289,3.85812],[-75.11287,3.85814],[-75.11275,3.85826],[-75.11272,3.8583],[-75.11263,3.85845],[-75.11256,3.85863],[-75.11255,3.85867],[-75.11254,3.85892],[-75.11254,3.85897],[-75.11253,3.859],[-75.1125,3.85906],[-75.11212,3.85961],[-75.11209,3.85965],[-75.11163,3.8601],[-75.11085,3.86085],[-75.11061,3.86111],[-75.11058,3.86114],[-75.11054,3.86117],[-75.11043,3.86124],[-75.11042,3.86124],[-75.11016,3.86142],[-75.10989,3.86158],[-75.10946,3.86185],[-75.10942,3.86188],[-75.10901,3.86219],[-75.10788,3.86301],[-75.10785,3.86304],[-75.10777,3.8631],[-75.1077,3.86317],[-75.10769,3.86319],[-75.10768,3.86322],[-75.10758,3.86347],[-75.10741,3.86401],[-75.10725,3.8645],[-75.10724,3.86456],[-75.10706,3.86507],[-75.10689,3.86554],[-75.10664,3.86627],[-75.10627,3.86748],[-75.106,3.86822],[-75.10587,3.86859],[-75.10585,3.86864],[-75.10579,3.86887],[-75.10529,3.87035],[-75.10522,3.87055],[-75.1052,3.8706],[-75.10515,3.87067],[-75.10496,3.87098],[-75.10445,3.87174],[-75.10427,3.87203],[-75.10411,3.87235],[-75.10405,3.87251],[-75.10401,3.87268],[-75.10392,3.87307],[-75.10381,3.87376],[-75.10379,3.87384],[-75.10365,3.8744],[-75.10339,3.87574],[-75.10345,3.87621],[-75.10367,3.87692],[-75.10382,3.87762],[-75.10374,3.87831],[-75.10353,3.87902],[-75.10333,3.87973],[-75.10327,3.88017],[-75.10331,3.88068],[-75.10339,3.8813],[-75.10336,3.88169],[-75.10336,3.88197],[-75.10342,3.88228],[-75.10364,3.88243],[-75.10393,3.88261],[-75.10422,3.88293],[-75.10507,3.88384],[-75.10554,3.88418],[-75.10622,3.88427],[-75.10678,3.88438],[-75.1075,3.88417],[-75.10831,3.88391],[-75.10926,3.88393],[-75.10986,3.88394],[-75.11036,3.88381],[-75.11089,3.88386],[-75.11103,3.88398],[-75.11137,3.88446],[-75.11159,3.88502],[-75.11195,3.8857],[-75.11229,3.88611],[-75.11277,3.88627],[-75.11299,3.88622],[-75.1133,3.88612],[-75.11359,3.88592],[-75.11394,3.88572],[-75.11413,3.88551],[-75.11425,3.88538],[-75.11455,3.88468],[-75.11483,3.88407],[-75.1149,3.8839],[-75.1151,3.88345],[-75.11576,3.88303],[-75.11623,3.8826],[-75.11649,3.88223],[-75.11684,3.88186],[-75.11702,3.88163],[-75.1172,3.88134],[-75.11732,3.88113],[-75.11763,3.88081],[-75.11796,3.88084],[-75.1181,3.88065],[-75.11828,3.88008],[-75.11812,3.87957],[-75.11923,3.87762],[-75.11931,3.87754],[-75.11967,3.87722],[-75.12018,3.87653],[-75.12037,3.87625],[-75.12064,3.87594],[-75.12098,3.87605],[-75.12124,3.87608],[-75.12137,3.87595],[-75.12139,3.87574],[-75.1215,3.87568],[-75.12165,3.87573],[-75.12183,3.87574],[-75.12191,3.87555],[-75.1219,3.87531],[-75.12186,3.87454],[-75.12181,3.87372],[-75.12225,3.87295],[-75.12438,3.87254],[-75.12505,3.87236],[-75.12544,3.87194],[-75.12607,3.87159],[-75.12634,3.8713],[-75.1265,3.87113],[-75.12689,3.87044],[-75.12744,3.87032],[-75.12845,3.86891],[-75.1286,3.86877],[-75.1288,3.8687],[-75.12972,3.86886],[-75.12992,3.86885],[-75.13036,3.86868],[-75.13121,3.869],[-75.13193,3.86925],[-75.13263,3.86902],[-75.13308,3.86868],[-75.13353,3.86875],[-75.13541,3.86785],[-75.13576,3.86768],[-75.13593,3.86706],[-75.13623,3.86647],[-75.13654,3.86645],[-75.13815,3.86633],[-75.13931,3.86569],[-75.13916,3.86521],[-75.1392,3.86457],[-75.13879,3.86387],[-75.1381,3.86389],[-75.13772,3.86368],[-75.13779,3.86256],[-75.13792,3.8625],[-75.13813,3.86241],[-75.1384,3.86152],[-75.13846,3.86079],[-75.13815,3.86003],[-75.1381,3.8595],[-75.13819,3.85934],[-75.13832,3.85917],[-75.13851,3.85902],[-75.13861,3.85893],[-75.13867,3.85881],[-75.13874,3.85865],[-75.13878,3.85849],[-75.13881,3.85825],[-75.13885,3.85814],[-75.13889,3.85807],[-75.139,3.85796],[-75.1391,3.85791],[-75.13919,3.85785],[-75.13932,3.85784],[-75.1395,3.85784],[-75.13964,3.85782],[-75.13973,3.85776],[-75.13984,3.85767],[-75.13996,3.8575],[-75.14008,3.85732],[-75.14021,3.85701],[-75.14029,3.85685],[-75.14037,3.85673],[-75.14049,3.85664],[-75.14067,3.85656],[-75.14075,3.85651],[-75.14079,3.85646],[-75.14081,3.85635],[-75.14084,3.85623],[-75.14089,3.8561],[-75.14129,3.85538],[-75.14161,3.85476],[-75.14177,3.85439],[-75.14189,3.85414],[-75.14195,3.85402],[-75.14212,3.85386],[-75.14297,3.85312],[-75.14316,3.85294],[-75.14334,3.85276],[-75.14336,3.85273],[-75.14365,3.85244],[-75.14372,3.85236],[-75.14377,3.85229],[-75.14379,3.85223],[-75.1438,3.85216],[-75.1438,3.85204],[-75.1438,3.85196],[-75.14377,3.85181],[-75.14374,3.85173],[-75.14371,3.85166],[-75.14362,3.85158],[-75.14349,3.85145],[-75.14314,3.85116],[-75.14308,3.85108],[-75.14305,3.851],[-75.14305,3.85087],[-75.14309,3.85071],[-75.14312,3.85059],[-75.14314,3.85049],[-75.14313,3.85039],[-75.14309,3.85032],[-75.143,3.85026],[-75.14283,3.85017],[-75.14274,3.85011],[-75.14266,3.85003],[-75.14262,3.84995],[-75.14259,3.84983],[-75.14259,3.84969],[-75.14256,3.84943],[-75.14253,3.84931],[-75.14246,3.84914],[-75.14227,3.84878],[-75.14205,3.84854],[-75.14136,3.84761],[-75.14112,3.84726],[-75.14055,3.84651],[-75.14041,3.84636],[-75.14016,3.84618],[-75.13946,3.84579],[-75.13942,3.84577],[-75.13908,3.84556],[-75.13839,3.84511],[-75.13833,3.84505],[-75.13831,3.84501],[-75.1383,3.84493],[-75.13833,3.84483],[-75.13845,3.8444],[-75.13845,3.84435],[-75.13841,3.84431],[-75.1376,3.8438],[-75.13701,3.84342],[-75.13595,3.84252],[-75.1352,3.84225],[-75.13471,3.84196]]},"properties":{"NIVEL_PROP":"N3-Terciaria"}},{"type":"Feature","geometry":{"type":"LineString","coordinates":[[-75.18661,3.40048],[-75.18675,3.40053],[-75.18688,3.4006],[-75.18736,3.40074],[-75.18747,3.40073],[-75.1876,3.40068],[-75.18768,3.40068],[-75.18784,3.40072],[-75.18883,3.40094],[-75.18998,3.40128],[-75.1902,3.40133],[-75.19044,3.40146],[-75.19108,3.40158],[-75.19166,3.40172],[-75.19193,3.4018],[-75.19247,3.40202]]},"properties":{"NIVEL_PROP":"N3-Terciaria"}},{"type":"Feature","geometry":{"type":"MultiLineString","coordinates":[[[-75.18488,3.71059],[-75.18547,3.71036],[-75.18594,3.71018],[-75.18626,3.71009],[-75.18641,3.7101],[-75.18654,3.71013],[-75.18677,3.71031],[-75.18698,3.71038],[-75.18724,3.7104],[-75.18754,3.71033],[-75.1878,3.71032],[-75.18811,3.71035],[-75.18835,3.71044],[-75.18847,3.71059],[-75.18862,3.71069],[-75.18899,3.71079],[-75.18916,3.71084],[-75.18945,3.7109],[-75.18957,3.71091],[-75.18974,3.71089],[-75.18984,3.71089],[-75.18998,3.71095],[-75.19015,3.71105],[-75.19026,3.71113],[-75.19033,3.71116],[-75.1904,3.71116],[-75.1905,3.71113],[-75.19068,3.71105],[-75.19079,3.71104],[-75.19085,3.71106],[-75.19089,3.71112],[-75.19096,3.71147],[-75.19103,3.71156],[-75.1913,3.71168],[-75.1915,3.71172],[-75.19168,3.71171],[-75.19181,3.71161],[-75.19206,3.71113],[-75.19223,3.71087],[-75.1923,3.71077],[-75.19233,3.71068],[-75.19236,3.71049],[-75.19241,3.71033],[-75.19255,3.71012],[-75.19264,3.71002],[-75.19276,3.70992],[-75.19313,3.70974],[-75.19344,3.70955],[-75.19371,3.70936],[-75.1938,3.70925],[-75.19385,3.70911],[-75.19392,3.70896],[-75.19411,3.7088],[-75.19458,3.70838],[-75.195,3.70812],[-75.1952,3.70797],[-75.19543,3.70773]],[[-75.19506,3.70631],[-75.19499,3.70619],[-75.19498,3.70603],[-75.19497,3.70587]],[[-75.19495,3.70577],[-75.19489,3.70559],[-75.19467,3.70525],[-75.19453,3.70504],[-75.19451,3.70494],[-75.19446,3.70483],[-75.19435,3.70476],[-75.19433,3.70471],[-75.19436,3.70466],[-75.19447,3.70463],[-75.19458,3.70459],[-75.19467,3.70455],[-75.19468,3.70455]]]},"properties":{"NIVEL_PROP":"N3-Camino vecinal"}},{"type":"Feature","geometry":{"type":"LineString","coordinates":[[-75.09114,3.62571],[-75.09124,3.6254],[-75.09136,3.62505],[-75.0914,3.62494],[-75.09147,3.62473],[-75.0915,3.62464],[-75.09177,3.62382],[-75.09204,3.623],[-75.09227,3.6223],[-75.09252,3.62155]]},"properties":{"NIVEL_PROP":"N3-Terciaria"}},{"type":"Feature","geometry":{"type":"LineString","coordinates":[[-75.19142,3.79726],[-75.19135,3.79693],[-75.19127,3.79664],[-75.19121,3.79635],[-75.1912,3.79589],[-75.19124,3.79571]]},"properties":{"NIVEL_PROP":"N3-Terciaria"}},{"type":"Feature","geometry":{"type":"LineString","coordinates":[[-75.0466,3.70108],[-75.04681,3.70119],[-75.04706,3.70128],[-75.04725,3.70134],[-75.04745,3.7014],[-75.04755,3.7014],[-75.04765,3.70139],[-75.04798,3.70132],[-75.0487,3.70114],[-75.04881,3.70113],[-75.04892,3.70113],[-75.04942,3.70117],[-75.04946,3.70116],[-75.0495,3.70114],[-75.04955,3.70109],[-75.04992,3.70062]]},"properties":{"NIVEL_PROP":"N3-Terciaria"}},{"type":"Feature","geometry":{"type":"LineString","coordinates":[[-75.04452,3.75319],[-75.04534,3.75024],[-75.04534,3.75011],[-75.04418,3.74933],[-75.04215,3.74891],[-75.0409,3.74841],[-75.03993,3.74778],[-75.03965,3.74752],[-75.03949,3.74728],[-75.03955,3.74695],[-75.03943,3.74642],[-75.03903,3.74597],[-75.03862,3.74527],[-75.03855,3.7451],[-75.03846,3.74447],[-75.03832,3.74432],[-75.03783,3.744],[-75.03726,3.74315]]},"properties":{"NIVEL_PROP":"N3-Terciaria"}},{"type":"Feature","geometry":{"type":"LineString","coordinates":[[-75.21355,3.9406],[-75.21374,3.94184],[-75.21368,3.942],[-75.21353,3.94208],[-75.21349,3.94217],[-75.2136,3.94272],[-75.21377,3.94344],[-75.21378,3.94359],[-75.2136,3.94392],[-75.2136,3.94419],[-75.2137,3.94438],[-75.214,3.94446],[-75.2158,3.94489],[-75.21591,3.94502],[-75.21621,3.94587],[-75.21633,3.94644],[-75.21651,3.94664],[-75.21696,3.94713],[-75.21705,3.94747],[-75.21714,3.94825],[-75.21743,3.94886],[-75.21774,3.94969],[-75.21797,3.94987],[-75.21821,3.94989],[-75.21861,3.94978],[-75.21881,3.94965],[-75.21923,3.94935],[-75.21941,3.94936],[-75.21971,3.94956],[-75.22001,3.9496],[-75.22015,3.94975],[-75.2203,3.95016],[-75.22045,3.95022],[-75.2205,3.95032],[-75.22051,3.95052],[-75.22051,3.95078],[-75.22069,3.95095],[-75.22096,3.95108],[-75.22145,3.95104],[-75.22157,3.95106],[-75.2217,3.95122],[-75.22182,3.95149],[-75.22188,3.95167],[-75.22183,3.95187],[-75.22178,3.95197],[-75.22162,3.95201],[-75.22148,3.95198],[-75.22132,3.95199],[-75.22117,3.95211],[-75.22088,3.95277],[-75.2208,3.9531],[-75.22062,3.95389],[-75.2206,3.9542],[-75.22065,3.95457],[-75.22064,3.9548],[-75.22059,3.95502],[-75.22056,3.95517],[-75.22065,3.95529],[-75.22079,3.95534],[-75.22091,3.95541],[-75.22113,3.95544],[-75.22121,3.95547],[-75.2213,3.95562],[-75.22136,3.95583],[-75.22147,3.95602],[-75.2215,3.95617],[-75.22152,3.95644],[-75.2217,3.95669],[-75.22183,3.95687],[-75.22181,3.95699],[-75.22172,3.95715],[-75.22167,3.95732],[-75.22172,3.95752],[-75.22181,3.95761],[-75.22217,3.95765],[-75.22236,3.95784],[-75.22252,3.95807],[-75.22262,3.95837],[-75.22259,3.9586],[-75.22252,3.95889],[-75.22219,3.95957],[-75.22163,3.96048],[-75.22112,3.96132],[-75.2203,3.96212],[-75.21972,3.96286],[-75.21927,3.96346],[-75.21844,3.96393],[-75.21802,3.96523],[-75.21762,3.9668],[-75.21779,3.96733],[-75.21797,3.96796],[-75.21807,3.96887],[-75.21785,3.96915],[-75.21747,3.96925],[-75.21683,3.96923],[-75.21659,3.96909],[-75.21653,3.9687],[-75.21649,3.96853],[-75.2164,3.96839],[-75.2162,3.96847],[-75.2159,3.96869],[-75.21524,3.96923],[-75.21515,3.96953],[-75.21508,3.97001],[-75.21494,3.97029],[-75.21465,3.97045]]},"properties":{"NIVEL_PROP":"N3-Terciaria"}},{"type":"Feature","geometry":{"type":"LineString","coordinates":[[-75.01315,3.79498],[-75.01312,3.79507],[-75.0131,3.7952]]},"properties":{"NIVEL_PROP":"N3-Terciaria"}},{"type":"Feature","geometry":{"type":"LineString","coordinates":[[-75.02857,3.65247],[-75.02825,3.65241],[-75.02791,3.65227],[-75.02773,3.65216],[-75.02749,3.65196],[-75.02739,3.65191],[-75.02722,3.65166],[-75.02694,3.65149]]},"properties":{"NIVEL_PROP":"N3-Terciaria"}},{"type":"Feature","geometry":{"type":"LineString","coordinates":[[-75.09612,3.61724],[-75.09637,3.61638]]},"properties":{"NIVEL_PROP":"N3-Terciaria"}},{"type":"Feature","geometry":{"type":"LineString","coordinates":[[-75.01718,3.76345],[-75.01636,3.75445],[-75.01603,3.75105],[-75.01597,3.74943],[-75.01603,3.74821],[-75.01631,3.74649],[-75.0163,3.746],[-75.01606,3.7452],[-75.01589,3.74451],[-75.01498,3.74087],[-75.01393,3.73932],[-75.01373,3.73895],[-75.01362,3.73856],[-75.01309,3.73392],[-75.01284,3.73176],[-75.01279,3.73106],[-75.01272,3.73039],[-75.01273,3.7299],[-75.01299,3.72916],[-75.01475,3.72664],[-75.01537,3.72557],[-75.01566,3.72475],[-75.01629,3.72302],[-75.01737,3.72007],[-75.01809,3.71812],[-75.01832,3.71751],[-75.01858,3.71716],[-75.01993,3.71571],[-75.02003,3.71559],[-75.02269,3.71265],[-75.0263,3.70867],[-75.02832,3.70643],[-75.02856,3.70631]]},"properties":{"NIVEL_PROP":"N3-Terciaria"}},{"type":"Feature","geometry":{"type":"LineString","coordinates":[[-75.09779,3.96238],[-75.09436,3.96104],[-75.09423,3.9609],[-75.09419,3.96076],[-75.09428,3.96062],[-75.0944,3.96048]]},"properties":{"NIVEL_PROP":"N3-Camino vecinal"}},{"type":"Feature","geometry":{"type":"LineString","coordinates":[[-75.19456,3.80134],[-75.19427,3.80188]]},"properties":{"NIVEL_PROP":"N3-Terciaria"}},{"type":"Feature","geometry":{"type":"LineString","coordinates":[[-75.26719,3.87067],[-75.26672,3.87145],[-75.26516,3.87246],[-75.26438,3.87296],[-75.26329,3.87388],[-75.26272,3.87458],[-75.26189,3.87602],[-75.26168,3.87648],[-75.26133,3.87682],[-75.26071,3.87741],[-75.26006,3.87787],[-75.25962,3.87831],[-75.25924,3.87878],[-75.25897,3.87944],[-75.25888,3.88009],[-75.25844,3.88092],[-75.25756,3.88215],[-75.25721,3.8826],[-75.25681,3.88293],[-75.25664,3.88301],[-75.25621,3.88323],[-75.25554,3.88343],[-75.25493,3.8835],[-75.25425,3.88354],[-75.25385,3.88361],[-75.25356,3.88389],[-75.25315,3.88426],[-75.25268,3.88455],[-75.25168,3.88505],[-75.2514,3.88519],[-75.25098,3.88539],[-75.25038,3.88556],[-75.24975,3.8855],[-75.24863,3.88541],[-75.24819,3.88544],[-75.24774,3.88562],[-75.24726,3.88611],[-75.24668,3.88672],[-75.24495,3.8885],[-75.2444,3.88922],[-75.24329,3.89106],[-75.24314,3.89139],[-75.24296,3.89183],[-75.24279,3.89254],[-75.24267,3.8931],[-75.24226,3.89396],[-75.24169,3.89496],[-75.24155,3.89613],[-75.24148,3.89713],[-75.2413,3.89777],[-75.2409,3.89818],[-75.24034,3.89853],[-75.23657,3.90102],[-75.23606,3.90157],[-75.23573,3.90199],[-75.23556,3.90262],[-75.23528,3.90367],[-75.23487,3.90519],[-75.23469,3.906],[-75.23455,3.90683],[-75.23429,3.90767],[-75.23349,3.9089],[-75.2328,3.90951],[-75.23237,3.90983],[-75.23211,3.91013],[-75.23195,3.9108],[-75.23179,3.91113],[-75.23158,3.91133],[-75.23121,3.91149],[-75.23067,3.91172],[-75.2298,3.91277],[-75.22962,3.91323],[-75.2292,3.91461],[-75.22903,3.91541],[-75.22898,3.91574],[-75.22894,3.91587],[-75.22884,3.91598],[-75.22864,3.91605],[-75.22801,3.91606],[-75.22773,3.91611],[-75.22706,3.91645],[-75.22655,3.91702],[-75.22642,3.91742],[-75.22638,3.91808],[-75.22632,3.91837],[-75.22607,3.91903],[-75.22556,3.91987],[-75.22536,3.92075],[-75.22513,3.92119],[-75.22479,3.92243],[-75.22464,3.92351],[-75.22462,3.92456],[-75.22465,3.92488],[-75.22456,3.92535],[-75.22443,3.92594],[-75.22432,3.92617],[-75.22421,3.92627],[-75.22392,3.92639],[-75.22366,3.9265],[-75.22325,3.92664]]},"properties":{"NIVEL_PROP":"N1-Principal"}},{"type":"Feature","geometry":{"type":"LineString","coordinates":[[-75.03003,3.71671],[-75.03025,3.71682],[-75.03048,3.71691],[-75.03088,3.71702],[-75.03119,3.71712]]},"properties":{"NIVEL_PROP":"N3-Terciaria"}},{"type":"Feature","geometry":{"type":"LineString","coordinates":[[-75.22599,3.78013],[-75.2258,3.78],[-75.2252,3.77964]]},"properties":{"NIVEL_PROP":"N3-Terciaria"}},{"type":"Feature","geometry":{"type":"LineString","coordinates":[[-75.20128,3.75648],[-75.20096,3.75646],[-75.20064,3.75669],[-75.20007,3.75705],[-75.19974,3.75724],[-75.19929,3.75739],[-75.19895,3.75754],[-75.19851,3.75766],[-75.19817,3.75787],[-75.19793,3.75812],[-75.19751,3.75835],[-75.1971,3.75856],[-75.19692,3.75869],[-75.19677,3.75879],[-75.19663,3.75888],[-75.19648,3.759],[-75.19626,3.75924],[-75.19595,3.75968],[-75.19582,3.75976],[-75.19554,3.75985],[-75.19529,3.75986],[-75.1951,3.75983],[-75.1948,3.7599],[-75.19448,3.76009],[-75.19431,3.76016],[-75.19392,3.76116],[-75.19361,3.76179],[-75.19351,3.76212]]},"properties":{"NIVEL_PROP":"N3-Terciaria"}},{"type":"Feature","geometry":{"type":"LineString","coordinates":[[-75.09669,3.62612],[-75.09644,3.62609]]},"properties":{"NIVEL_PROP":"Sendero"}},{"type":"Feature","geometry":{"type":"LineString","coordinates":[[-75.06329,3.81875],[-75.06333,3.81795]]},"properties":{"NIVEL_PROP":"N1-Principal"}},{"type":"Feature","geometry":{"type":"LineString","coordinates":[[-75.19469,3.79807],[-75.19504,3.79729],[-75.19537,3.79648],[-75.19553,3.79612],[-75.19579,3.79556]]},"properties":{"NIVEL_PROP":"N2-Secundaria"}},{"type":"Feature","geometry":{"type":"LineString","coordinates":[[-75.24104,3.88894],[-75.24099,3.88933],[-75.24094,3.88942]]},"properties":{"NIVEL_PROP":"N3-Terciaria"}},{"type":"Feature","geometry":{"type":"LineString","coordinates":[[-75.22047,3.93685],[-75.22055,3.93751],[-75.22069,3.93813],[-75.22082,3.93869],[-75.22084,3.93982],[-75.22083,3.94049]]},"properties":{"NIVEL_PROP":"N3-Terciaria"}},{"type":"Feature","geometry":{"type":"LineString","coordinates":[[-75.18612,3.4395],[-75.18622,3.43945],[-75.18635,3.43937],[-75.18645,3.43929],[-75.18656,3.4392],[-75.18667,3.43912],[-75.18676,3.43909],[-75.18688,3.43907],[-75.187,3.43905],[-75.18707,3.43904],[-75.18711,3.43903],[-75.18714,3.43903],[-75.18718,3.43902],[-75.18721,3.43902]]},"properties":{"NIVEL_PROP":"N3-Terciaria"}},{"type":"Feature","geometry":{"type":"LineString","coordinates":[[-75.10237,3.5318],[-75.10222,3.53228]]},"properties":{"NIVEL_PROP":"N3-Terciaria"}},{"type":"Feature","geometry":{"type":"LineString","coordinates":[[-75.12258,3.981],[-75.12263,3.98131],[-75.12284,3.98184],[-75.12291,3.98221],[-75.12289,3.98242],[-75.12271,3.9827],[-75.12236,3.98306],[-75.12211,3.98331],[-75.12197,3.98365],[-75.12193,3.98393],[-75.12199,3.98438],[-75.122,3.98461],[-75.1219,3.98474],[-75.12183,3.98489],[-75.12174,3.98505],[-75.12175,3.98523],[-75.12185,3.98548],[-75.12202,3.98589],[-75.12213,3.98614]]},"properties":{"NIVEL_PROP":"N3-Camino vecinal"}},{"type":"Feature","geometry":{"type":"LineString","coordinates":[[-74.9923,3.75407],[-74.99244,3.75425],[-74.99252,3.75444],[-74.99248,3.75477],[-74.9925,3.75489],[-74.99259,3.75494]]},"properties":{"NIVEL_PROP":"N3-Servicio"}},{"type":"Feature","geometry":{"type":"LineString","coordinates":[[-75.2797,3.832],[-75.27629,3.83729],[-75.27497,3.83876],[-75.27248,3.84087],[-75.2699,3.84386],[-75.26766,3.84773],[-75.26361,3.85297],[-75.26156,3.85817]]},"properties":{"NIVEL_PROP":"N3-Camino vecinal"}},{"type":"Feature","geometry":{"type":"LineString","coordinates":[[-75.14686,3.94021],[-75.14655,3.94006],[-75.14636,3.93994],[-75.14619,3.93968],[-75.14567,3.93961],[-75.14529,3.93976],[-75.14492,3.93981],[-75.14476,3.93972],[-75.14461,3.93978],[-75.14438,3.93981],[-75.14413,3.93975],[-75.14327,3.9395],[-75.14276,3.93949],[-75.14252,3.93943],[-75.14243,3.93933],[-75.14226,3.93919],[-75.14177,3.93893],[-75.14157,3.93866],[-75.14145,3.93849]]},"properties":{"NIVEL_PROP":"N3-Terciaria"}},{"type":"Feature","geometry":{"type":"LineString","coordinates":[[-75.0972,3.53409],[-75.09712,3.53409],[-75.09703,3.53405],[-75.09636,3.53297],[-75.09494,3.53097]]},"properties":{"NIVEL_PROP":"N3-Terciaria"}},{"type":"Feature","geometry":{"type":"LineString","coordinates":[[-75.22064,3.93439],[-75.22059,3.93468],[-75.22056,3.93483],[-75.22053,3.93489],[-75.22048,3.93492]]},"properties":{"NIVEL_PROP":"N3-Terciaria"}},{"type":"Feature","geometry":{"type":"LineString","coordinates":[[-75.10839,3.92979],[-75.10857,3.92992],[-75.1089,3.93019],[-75.10907,3.93037],[-75.10917,3.93072],[-75.10953,3.93116],[-75.10989,3.93152],[-75.11011,3.93171],[-75.11025,3.93197]]},"properties":{"NIVEL_PROP":"N3-Terciaria"}},{"type":"Feature","geometry":{"type":"LineString","coordinates":[[-75.10444,3.9185],[-75.10437,3.91856],[-75.10433,3.91874],[-75.10439,3.919],[-75.10446,3.91928],[-75.10447,3.91947],[-75.10458,3.91958]]},"properties":{"NIVEL_PROP":"N3-Terciaria"}},{"type":"Feature","geometry":{"type":"LineString","coordinates":[[-75.21907,3.93128],[-75.21898,3.9316],[-75.21866,3.93243],[-75.21837,3.93332],[-75.21819,3.93384]]},"properties":{"NIVEL_PROP":"N3-Terciaria"}},{"type":"Feature","geometry":{"type":"LineString","coordinates":[[-75.06082,3.81889],[-75.06088,3.81964],[-75.06089,3.81984],[-75.06088,3.82053],[-75.06088,3.82084]]},"properties":{"NIVEL_PROP":"N3-Terciaria"}},{"type":"Feature","geometry":{"type":"LineString","coordinates":[[-75.02022,3.73045],[-75.01985,3.73021],[-75.01964,3.73005],[-75.01956,3.72996],[-75.01919,3.72968],[-75.01912,3.7296]]},"properties":{"NIVEL_PROP":"N3-Terciaria"}},{"type":"Feature","geometry":{"type":"LineString","coordinates":[[-75.11157,3.77511],[-75.11157,3.77515]]},"properties":{"NIVEL_PROP":"N3-Terciaria"}},{"type":"Feature","geometry":{"type":"LineString","coordinates":[[-75.09951,3.9588],[-75.09975,3.95853],[-75.09993,3.95827],[-75.10004,3.95816],[-75.10009,3.95807],[-75.10026,3.95769],[-75.10038,3.95737],[-75.10043,3.9572],[-75.10059,3.95702],[-75.1007,3.95685],[-75.10083,3.95674],[-75.10082,3.95617],[-75.1008,3.95568],[-75.10083,3.95542],[-75.10103,3.95529],[-75.10121,3.95526],[-75.10131,3.95523],[-75.10156,3.95497],[-75.1019,3.95468],[-75.10229,3.95438]]},"properties":{"NIVEL_PROP":"N3-Terciaria"}},{"type":"Feature","geometry":{"type":"MultiLineString","coordinates":[[[-75.05384,3.84011],[-75.05382,3.84008],[-75.05362,3.83989],[-75.05348,3.83981],[-75.05336,3.83978],[-75.05324,3.83976]],[[-75.05242,3.83933],[-75.05242,3.83932],[-75.05222,3.83913],[-75.05214,3.83894],[-75.05209,3.83876],[-75.05215,3.83822],[-75.0523,3.83762],[-75.05233,3.8372],[-75.05231,3.83706],[-75.05226,3.83697],[-75.05209,3.8368],[-75.05094,3.83594],[-75.0502,3.83527],[-75.0499,3.8351],[-75.04899,3.83476],[-75.04889,3.83474],[-75.04873,3.8347],[-75.04814,3.83447],[-75.04796,3.83438],[-75.04789,3.83433],[-75.04776,3.83418],[-75.04762,3.83407],[-75.04742,3.83398],[-75.04728,3.83396],[-75.04699,3.83402],[-75.04675,3.83401],[-75.04666,3.83399],[-75.04659,3.83394],[-75.0465,3.83385],[-75.04619,3.83342],[-75.0461,3.83334],[-75.046,3.83329],[-75.0458,3.83322],[-75.04553,3.83302],[-75.04507,3.8327],[-75.04494,3.83255],[-75.04471,3.8322],[-75.04446,3.83193],[-75.04424,3.83164],[-75.04415,3.83155],[-75.04405,3.83148],[-75.04377,3.83131],[-75.04329,3.83111],[-75.04293,3.83099],[-75.0427,3.83088],[-75.04248,3.83075],[-75.04217,3.83048],[-75.04198,3.83038],[-75.04189,3.83034],[-75.04184,3.83033],[-75.04181,3.83031],[-75.04178,3.83028],[-75.04172,3.83018],[-75.04168,3.83014],[-75.04163,3.83012],[-75.04146,3.83008],[-75.04143,3.83005],[-75.0414,3.83002],[-75.04133,3.82978],[-75.04125,3.82958],[-75.04115,3.82941],[-75.04104,3.82914],[-75.04093,3.82885],[-75.04087,3.82874],[-75.04069,3.82847],[-75.04063,3.82842],[-75.0405,3.82834],[-75.04044,3.8283],[-75.04039,3.82824],[-75.0403,3.82812],[-75.04009,3.82793],[-75.03997,3.8278],[-75.03991,3.82768],[-75.03987,3.82757],[-75.03976,3.82708],[-75.03974,3.82701],[-75.0397,3.82696],[-75.03952,3.82679],[-75.03932,3.82665],[-75.03911,3.82646],[-75.03909,3.82643],[-75.03908,3.8264],[-75.03904,3.82619],[-75.03902,3.82615],[-75.03879,3.82594]]]},"properties":{"NIVEL_PROP":"N3-Terciaria"}},{"type":"Feature","geometry":{"type":"LineString","coordinates":[[-75.05209,3.83876],[-75.05189,3.8387],[-75.05168,3.83867],[-75.05161,3.83867],[-75.05153,3.8387],[-75.05138,3.83884]]},"properties":{"NIVEL_PROP":"N3-Terciaria"}},{"type":"Feature","geometry":{"type":"LineString","coordinates":[[-75.05978,3.81762],[-75.05972,3.81719],[-75.05972,3.81716]]},"properties":{"NIVEL_PROP":"N3-Terciaria"}},{"type":"Feature","geometry":{"type":"LineString","coordinates":[[-75.17492,3.99076],[-75.17459,3.99108],[-75.17444,3.99155],[-75.17437,3.99185],[-75.1743,3.99204],[-75.17411,3.99294],[-75.17399,3.99336],[-75.17404,3.99342],[-75.17439,3.99357],[-75.17533,3.99371],[-75.17548,3.99375],[-75.17572,3.99399],[-75.17638,3.99462]]},"properties":{"NIVEL_PROP":"N3-Terciaria"}},{"type":"Feature","geometry":{"type":"LineString","coordinates":[[-75.18033,3.76896],[-75.18026,3.76885]]},"properties":{"NIVEL_PROP":"N3-Terciaria"}},{"type":"Feature","geometry":{"type":"LineString","coordinates":[[-75.2233,3.9339],[-75.22298,3.93382],[-75.22248,3.93365],[-75.22194,3.93346],[-75.22126,3.93319]]},"properties":{"NIVEL_PROP":"N3-Terciaria"}},{"type":"Feature","geometry":{"type":"LineString","coordinates":[[-75.17894,3.4287],[-75.17896,3.42867],[-75.17934,3.42811]]},"properties":{"NIVEL_PROP":"N3-Terciaria"}},{"type":"Feature","geometry":{"type":"LineString","coordinates":[[-75.15297,3.76547],[-75.15269,3.76547],[-75.15186,3.76522],[-75.1516,3.76513],[-75.15154,3.76506],[-75.15149,3.76495],[-75.15151,3.76474],[-75.15149,3.76466],[-75.15137,3.76455],[-75.14984,3.76355],[-75.14802,3.76242],[-75.1478,3.76217],[-75.14772,3.7619]]},"properties":{"NIVEL_PROP":"N3-Camino vecinal"}},{"type":"Feature","geometry":{"type":"LineString","coordinates":[[-75.12072,3.4336],[-75.12074,3.43356],[-75.12072,3.43345],[-75.12062,3.43342],[-75.12058,3.43334],[-75.1206,3.43323]]},"properties":{"NIVEL_PROP":"Sendero"}},{"type":"Feature","geometry":{"type":"LineString","coordinates":[[-75.0545,3.78309],[-75.05465,3.78202],[-75.05466,3.782],[-75.05468,3.78199],[-75.05471,3.78198],[-75.05481,3.78197],[-75.05482,3.78196],[-75.05484,3.78195],[-75.05485,3.78193],[-75.05489,3.7818],[-75.05499,3.78133],[-75.05501,3.78128],[-75.05504,3.78126],[-75.05508,3.78124],[-75.05513,3.78124]]},"properties":{"NIVEL_PROP":"N3-Servicio"}},{"type":"Feature","geometry":{"type":"LineString","coordinates":[[-75.11521,3.91829],[-75.11531,3.91821],[-75.11554,3.91816],[-75.11574,3.91814]]},"properties":{"NIVEL_PROP":"N3-Terciaria"}},{"type":"Feature","geometry":{"type":"LineString","coordinates":[[-75.60861,4.01339],[-75.60865,4.01305]]},"properties":{"NIVEL_PROP":"N3-Terciaria"}},{"type":"Feature","geometry":{"type":"LineString","coordinates":[[-75.1023,3.58268],[-75.1026,3.5832],[-75.10275,3.58338],[-75.1028,3.58349],[-75.10282,3.58369],[-75.10289,3.58452]]},"properties":{"NIVEL_PROP":"N3-Terciaria"}},{"type":"Feature","geometry":{"type":"LineString","coordinates":[[-75.05937,3.81719],[-75.05923,3.81721],[-75.05874,3.81728],[-75.05856,3.81731],[-75.05787,3.8174]]},"properties":{"NIVEL_PROP":"N3-Terciaria"}},{"type":"Feature","geometry":{"type":"LineString","coordinates":[[-75.10023,3.58154],[-75.10095,3.58038]]},"properties":{"NIVEL_PROP":"N3-Terciaria"}},{"type":"Feature","geometry":{"type":"LineString","coordinates":[[-75.16469,3.69981],[-75.16529,3.69954],[-75.16544,3.69938],[-75.16561,3.69919],[-75.16605,3.69878],[-75.16645,3.69849],[-75.16653,3.69842],[-75.16728,3.6978],[-75.16774,3.69722],[-75.16815,3.69663],[-75.16839,3.69641],[-75.16865,3.69614],[-75.16919,3.6958],[-75.16986,3.6952],[-75.17,3.6951]]},"properties":{"NIVEL_PROP":"N3-Terciaria"}},{"type":"Feature","geometry":{"type":"LineString","coordinates":[[-75.22483,3.74833],[-75.22553,3.74896],[-75.22577,3.74919],[-75.22576,3.74953],[-75.22569,3.74982],[-75.22577,3.75007],[-75.22605,3.75054],[-75.22652,3.75109],[-75.2268,3.75133],[-75.22713,3.75142],[-75.22741,3.75157],[-75.22762,3.75176],[-75.22765,3.75196],[-75.22761,3.75218],[-75.22774,3.75238],[-75.22779,3.75245],[-75.22796,3.75269],[-75.22805,3.75288],[-75.22816,3.75308],[-75.22828,3.75326],[-75.22856,3.75347],[-75.22894,3.75384],[-75.22926,3.75417],[-75.22927,3.7544],[-75.22931,3.75499],[-75.22926,3.75523],[-75.22936,3.75549],[-75.22958,3.75571],[-75.22965,3.75583],[-75.2297,3.75592],[-75.23013,3.75606],[-75.23018,3.75621],[-75.23007,3.7563],[-75.22979,3.75659],[-75.22954,3.75699],[-75.22952,3.75728],[-75.22962,3.75789],[-75.22979,3.75823],[-75.23006,3.75864],[-75.23026,3.75894],[-75.23061,3.75936],[-75.23067,3.75953],[-75.23069,3.75998],[-75.23072,3.7601],[-75.23074,3.76025],[-75.23096,3.76072],[-75.23113,3.76114],[-75.2312,3.76123],[-75.23129,3.76145],[-75.23154,3.76167],[-75.2317,3.76213],[-75.23186,3.76253],[-75.23195,3.76295],[-75.23202,3.76316],[-75.23206,3.76342],[-75.23219,3.76399],[-75.23221,3.76418],[-75.23216,3.76463],[-75.23221,3.7651],[-75.23228,3.76535],[-75.23243,3.7655],[-75.23277,3.76576],[-75.23287,3.76588],[-75.23291,3.76604],[-75.23291,3.76622],[-75.23285,3.76635],[-75.2328,3.76661],[-75.23281,3.76688],[-75.2329,3.76709],[-75.23305,3.76727],[-75.23328,3.76744],[-75.23348,3.76751],[-75.23378,3.76755],[-75.23398,3.7676],[-75.23435,3.76788],[-75.2345,3.76804],[-75.2346,3.7682],[-75.23478,3.7684],[-75.23491,3.76861],[-75.23507,3.76876],[-75.23532,3.7689],[-75.23572,3.76904],[-75.23587,3.76909],[-75.23608,3.7692],[-75.23624,3.76935],[-75.23636,3.76939],[-75.23649,3.76937],[-75.23659,3.76932],[-75.23669,3.76933],[-75.2368,3.76947],[-75.237,3.76964],[-75.23718,3.76972],[-75.23747,3.76986],[-75.23765,3.76994],[-75.23771,3.77005],[-75.23771,3.77015],[-75.23767,3.77028],[-75.23774,3.77042],[-75.23782,3.77052],[-75.23801,3.77059],[-75.23812,3.77059],[-75.2382,3.7705],[-75.23828,3.77044],[-75.23837,3.77043],[-75.23858,3.77045],[-75.23874,3.77041],[-75.23889,3.77033],[-75.23901,3.77025],[-75.23921,3.7702],[-75.2394,3.77014],[-75.23967,3.77006],[-75.23982,3.77007],[-75.23998,3.77017],[-75.24013,3.77038],[-75.24023,3.77071],[-75.2403,3.77089],[-75.24038,3.77101],[-75.24043,3.77112],[-75.24057,3.77117],[-75.24073,3.77117],[-75.24085,3.77117],[-75.24093,3.77121],[-75.24116,3.77137],[-75.24143,3.77152],[-75.24146,3.77155],[-75.24165,3.77153],[-75.24186,3.77145],[-75.242,3.77126],[-75.24206,3.77113],[-75.24216,3.77104],[-75.24226,3.77092],[-75.24227,3.77073],[-75.24226,3.7706],[-75.24238,3.77037],[-75.24247,3.77025],[-75.24253,3.77014],[-75.24267,3.77002],[-75.24287,3.76996],[-75.2431,3.76994],[-75.24346,3.76997],[-75.24365,3.76999],[-75.24381,3.76994],[-75.24393,3.76986],[-75.244,3.76981],[-75.24406,3.76975],[-75.24408,3.7697],[-75.24414,3.76968],[-75.2442,3.76967],[-75.24423,3.76964]]},"properties":{"NIVEL_PROP":"N3-Terciaria"}},{"type":"Feature","geometry":{"type":"LineString","coordinates":[[-75.19384,3.79936],[-75.19392,3.79916]]},"properties":{"NIVEL_PROP":"Sendero"}},{"type":"Feature","geometry":{"type":"LineString","coordinates":[[-75.1039,3.93431],[-75.10427,3.93408],[-75.10449,3.93393],[-75.10488,3.93374],[-75.10508,3.93355],[-75.10538,3.93339],[-75.10563,3.93342],[-75.10575,3.93339],[-75.10578,3.93329],[-75.10596,3.93281],[-75.10583,3.93265],[-75.10571,3.93236],[-75.10584,3.93206],[-75.10603,3.93194],[-75.10632,3.93174],[-75.10692,3.93121],[-75.10775,3.93042],[-75.10836,3.92991],[-75.10839,3.92979],[-75.10836,3.92963],[-75.10835,3.92945],[-75.10838,3.92915],[-75.1084,3.92889],[-75.10863,3.92854],[-75.10882,3.9281],[-75.1091,3.92749],[-75.1093,3.92711],[-75.10937,3.9268],[-75.10939,3.92619],[-75.10952,3.92588],[-75.10982,3.9255],[-75.10983,3.92528],[-75.10978,3.92515],[-75.10981,3.9249],[-75.10983,3.92457],[-75.10982,3.92426],[-75.10987,3.92401],[-75.10996,3.92384],[-75.10998,3.92369],[-75.10981,3.92353],[-75.10963,3.92342],[-75.10941,3.92321],[-75.10913,3.92268],[-75.10897,3.9224],[-75.1089,3.92221],[-75.10902,3.92198],[-75.10933,3.9218],[-75.10947,3.92166],[-75.10971,3.92132],[-75.10983,3.92123],[-75.11005,3.92116],[-75.1102,3.92108],[-75.11034,3.92073],[-75.11039,3.92038],[-75.11037,3.92018],[-75.11025,3.91993],[-75.11015,3.91968],[-75.11031,3.91934],[-75.11035,3.91884],[-75.11042,3.91846],[-75.11068,3.91813],[-75.11083,3.91786],[-75.11106,3.91754]]},"properties":{"NIVEL_PROP":"N3-Terciaria"}},{"type":"Feature","geometry":{"type":"LineString","coordinates":[[-75.09182,3.62115],[-75.09186,3.62098],[-75.09198,3.62049],[-75.09224,3.61969],[-75.09253,3.61872],[-75.09277,3.61789],[-75.093,3.61709],[-75.09326,3.61627]]},"properties":{"NIVEL_PROP":"N3-Terciaria"}},{"type":"Feature","geometry":{"type":"LineString","coordinates":[[-75.28637,3.87367],[-75.28606,3.8739]]},"properties":{"NIVEL_PROP":"N3-Terciaria"}},{"type":"Feature","geometry":{"type":"LineString","coordinates":[[-75.01364,3.75655],[-75.01385,3.75614],[-75.01413,3.75575],[-75.01464,3.75519],[-75.01523,3.75491],[-75.01636,3.75445]]},"properties":{"NIVEL_PROP":"N3-Terciaria"}},{"type":"Feature","geometry":{"type":"LineString","coordinates":[[-75.10044,3.84641],[-75.10031,3.84642],[-75.09999,3.84653],[-75.09993,3.84655],[-75.09987,3.84657],[-75.09982,3.84658],[-75.09977,3.84658],[-75.0997,3.84657],[-75.09959,3.84653],[-75.09934,3.84642],[-75.099,3.8463],[-75.09892,3.8463],[-75.09885,3.8463],[-75.09877,3.84631],[-75.09862,3.84637],[-75.09756,3.84682],[-75.0969,3.84709],[-75.09682,3.84713],[-75.09675,3.84716],[-75.09621,3.84762],[-75.09535,3.84831],[-75.09519,3.84844],[-75.09506,3.84854],[-75.09499,3.84861],[-75.09494,3.84866],[-75.09492,3.8487],[-75.09489,3.84874],[-75.09485,3.84883],[-75.09484,3.84889],[-75.09476,3.84905],[-75.09472,3.84915],[-75.09469,3.84921],[-75.09465,3.84929],[-75.09453,3.84962],[-75.09439,3.85007],[-75.09434,3.8502],[-75.09428,3.85034],[-75.09423,3.85044],[-75.09417,3.85059],[-75.09413,3.85076],[-75.0941,3.85087],[-75.09407,3.85099],[-75.09406,3.85109],[-75.09406,3.85147],[-75.0941,3.85187],[-75.09412,3.85207],[-75.09415,3.85217],[-75.09415,3.85225],[-75.09414,3.85232],[-75.09412,3.85239],[-75.09399,3.85273],[-75.0938,3.85316],[-75.09348,3.85375],[-75.0933,3.85411],[-75.0932,3.85427],[-75.09308,3.85448],[-75.093,3.85469],[-75.09297,3.85482],[-75.09287,3.85503],[-75.09279,3.85518],[-75.09264,3.85543],[-75.09236,3.85608],[-75.09234,3.85615],[-75.09231,3.85619],[-75.09229,3.85622],[-75.09228,3.85623],[-75.09227,3.85624],[-75.09225,3.85624],[-75.09223,3.85625],[-75.09192,3.85626],[-75.09188,3.85625],[-75.09182,3.85624],[-75.09173,3.85624],[-75.09155,3.85624],[-75.09074,3.85631],[-75.08994,3.85633],[-75.08989,3.85634],[-75.08984,3.85635],[-75.08978,3.85639],[-75.08969,3.85647],[-75.08961,3.85654],[-75.08922,3.85687],[-75.08877,3.85723],[-75.08835,3.85757],[-75.08794,3.85793],[-75.08789,3.85798],[-75.08785,3.85803],[-75.08734,3.85884],[-75.08683,3.85968],[-75.08664,3.85996],[-75.0865,3.86014],[-75.08636,3.86028],[-75.08612,3.8605],[-75.08605,3.86058],[-75.086,3.86064],[-75.08597,3.86071],[-75.08595,3.86075],[-75.08594,3.86083]]},"properties":{"NIVEL_PROP":"N3-Terciaria"}},{"type":"Feature","geometry":{"type":"LineString","coordinates":[[-75.19175,3.40497],[-75.19181,3.40469],[-75.19199,3.40413]]},"properties":{"NIVEL_PROP":"N3-Terciaria"}},{"type":"Feature","geometry":{"type":"LineString","coordinates":[[-75.11068,3.98092],[-75.1107,3.98092],[-75.11122,3.98099],[-75.11149,3.98107],[-75.11182,3.98108],[-75.112,3.98111],[-75.11212,3.98115]]},"properties":{"NIVEL_PROP":"N3-Terciaria"}},{"type":"Feature","geometry":{"type":"LineString","coordinates":[[-75.22904,3.77942],[-75.22907,3.77933],[-75.22951,3.77866],[-75.22957,3.77826],[-75.22943,3.77768],[-75.22974,3.77666],[-75.22991,3.77644],[-75.23015,3.77614],[-75.23061,3.7758],[-75.23079,3.7757],[-75.23098,3.77561],[-75.23112,3.77563],[-75.23158,3.77559],[-75.23193,3.77557],[-75.2321,3.7756]]},"properties":{"NIVEL_PROP":"N3-Terciaria"}},{"type":"Feature","geometry":{"type":"LineString","coordinates":[[-75.13974,3.71932],[-75.13978,3.71897],[-75.13977,3.71863],[-75.13972,3.7184],[-75.13964,3.71811],[-75.13965,3.71786]]},"properties":{"NIVEL_PROP":"N3-Terciaria"}},{"type":"Feature","geometry":{"type":"LineString","coordinates":[[-75.21925,3.93782],[-75.21948,3.93798],[-75.21976,3.93806],[-75.21982,3.93808]]},"properties":{"NIVEL_PROP":"N3-Terciaria"}},{"type":"Feature","geometry":{"type":"LineString","coordinates":[[-75.27486,4.00151],[-75.27434,4.00202],[-75.27301,4.00331]]},"properties":{"NIVEL_PROP":"N3-Terciaria"}},{"type":"Feature","geometry":{"type":"LineString","coordinates":[[-75.18721,3.43902],[-75.18726,3.43888],[-75.18729,3.43884],[-75.1873,3.4388],[-75.18733,3.43861],[-75.18734,3.43848],[-75.18735,3.43843],[-75.18738,3.43835],[-75.18742,3.43831],[-75.18745,3.43827],[-75.18753,3.43822],[-75.18755,3.43819],[-75.18755,3.43816],[-75.18754,3.43812],[-75.18751,3.43809],[-75.18746,3.43807],[-75.18741,3.43806],[-75.18736,3.43806],[-75.18732,3.43804],[-75.18729,3.43802],[-75.18704,3.43771],[-75.18698,3.43764],[-75.18695,3.43757],[-75.18694,3.43748],[-75.18691,3.43743],[-75.18683,3.43736],[-75.1866,3.43725],[-75.18656,3.43718],[-75.18655,3.43712],[-75.18661,3.43699],[-75.18662,3.43689],[-75.18661,3.43677],[-75.1866,3.43668],[-75.18657,3.43659],[-75.18632,3.43639],[-75.18603,3.43605],[-75.18597,3.43594],[-75.18595,3.43582],[-75.18595,3.43558],[-75.18593,3.43552],[-75.1859,3.43545],[-75.18555,3.43495],[-75.18509,3.43442],[-75.18499,3.43428],[-75.18489,3.434],[-75.18479,3.43371],[-75.1847,3.43357],[-75.18436,3.43314],[-75.18431,3.43307],[-75.18414,3.4328],[-75.18406,3.43266],[-75.18401,3.43259],[-75.18389,3.43251],[-75.18381,3.43244],[-75.18372,3.43233],[-75.18366,3.43224],[-75.18352,3.43194],[-75.18349,3.43183],[-75.18346,3.43157],[-75.18344,3.43142],[-75.18341,3.431],[-75.18332,3.43064],[-75.18333,3.43054],[-75.18334,3.43046],[-75.1834,3.43036],[-75.18343,3.43027],[-75.18345,3.43016],[-75.18346,3.43003],[-75.18345,3.42995],[-75.18326,3.42947],[-75.18317,3.42931],[-75.18312,3.42914],[-75.18312,3.42896],[-75.18312,3.42879],[-75.1831,3.42864],[-75.18302,3.42849],[-75.18264,3.42803]]},"properties":{"NIVEL_PROP":"N3-Terciaria"}},{"type":"Feature","geometry":{"type":"LineString","coordinates":[[-75.20849,3.84908],[-75.2079,3.8494],[-75.20739,3.84959],[-75.2071,3.84985],[-75.20692,3.84987],[-75.20624,3.84955],[-75.20602,3.84961],[-75.20578,3.8495],[-75.20565,3.84952],[-75.20543,3.84981],[-75.20513,3.84999],[-75.20464,3.85022],[-75.20396,3.85034],[-75.2037,3.85057],[-75.20345,3.85112],[-75.20317,3.85205],[-75.20297,3.85253],[-75.20274,3.85277],[-75.20222,3.85296],[-75.20163,3.85328],[-75.2011,3.85366],[-75.20055,3.85394],[-75.20026,3.85395],[-75.2001,3.8538],[-75.19995,3.85379],[-75.1996,3.85409],[-75.19953,3.8542],[-75.19956,3.85433],[-75.19997,3.85518],[-75.19993,3.85548],[-75.19973,3.85588],[-75.19945,3.85621],[-75.19939,3.85644],[-75.19899,3.85711],[-75.1986,3.85796],[-75.19668,3.86124],[-75.19622,3.86168],[-75.19531,3.8619],[-75.19447,3.86184],[-75.1927,3.86212],[-75.19172,3.86219],[-75.19006,3.86257],[-75.1897,3.8631],[-75.18947,3.8633],[-75.18934,3.86357],[-75.18924,3.86368],[-75.18887,3.86382],[-75.18822,3.86422],[-75.18785,3.86431],[-75.18759,3.86429],[-75.18709,3.8643],[-75.18662,3.86425],[-75.18612,3.86404],[-75.18604,3.86387],[-75.18598,3.86385],[-75.18588,3.86399],[-75.18588,3.86412],[-75.18576,3.86425],[-75.1856,3.86431],[-75.18539,3.86436],[-75.18524,3.86449],[-75.18525,3.86458],[-75.18531,3.8647],[-75.18526,3.8648],[-75.18519,3.8649],[-75.18504,3.86503],[-75.18483,3.86513],[-75.18471,3.86522],[-75.18432,3.86543],[-75.18381,3.86545],[-75.1834,3.86543],[-75.18282,3.86595],[-75.18275,3.86606],[-75.18241,3.86646],[-75.18234,3.86673],[-75.18234,3.86701],[-75.18229,3.8673],[-75.18223,3.86744],[-75.18213,3.8675],[-75.18191,3.86758],[-75.18163,3.86765],[-75.1814,3.86785],[-75.18139,3.86804],[-75.18143,3.8683],[-75.18116,3.86866],[-75.18105,3.8691],[-75.18093,3.86948],[-75.18075,3.86966],[-75.1806,3.86992],[-75.18047,3.87011],[-75.18033,3.87025],[-75.18001,3.87025],[-75.17974,3.8703],[-75.17951,3.87027],[-75.17933,3.87029],[-75.17889,3.87096],[-75.17893,3.87121],[-75.17889,3.87153],[-75.17819,3.87227],[-75.17796,3.87244],[-75.1778,3.87257],[-75.17773,3.87273],[-75.17769,3.87302],[-75.17747,3.87343],[-75.17714,3.87387],[-75.17703,3.87404],[-75.17656,3.8744],[-75.17635,3.87452],[-75.1761,3.87447],[-75.17578,3.87439],[-75.17553,3.87438]]},"properties":{"NIVEL_PROP":"N3-Terciaria"}},{"type":"Feature","geometry":{"type":"LineString","coordinates":[[-75.09571,3.62243],[-75.09587,3.62186]]},"properties":{"NIVEL_PROP":"N3-Servicio"}},{"type":"Feature","geometry":{"type":"LineString","coordinates":[[-75.32601,3.82516],[-75.3262,3.82559],[-75.32631,3.82592],[-75.32645,3.82626]]},"properties":{"NIVEL_PROP":"N3-Servicio"}},{"type":"Feature","geometry":{"type":"LineString","coordinates":[[-74.99894,3.76466],[-74.99983,3.76507],[-74.99996,3.76554],[-75.00097,3.76621],[-75.00095,3.76687],[-75.00089,3.76781],[-75.00084,3.76787],[-75.0006,3.76793],[-75.00073,3.76851]]},"properties":{"NIVEL_PROP":"N3-Terciaria"}},{"type":"Feature","geometry":{"type":"LineString","coordinates":[[-75.17216,3.82412],[-75.17227,3.82401],[-75.17238,3.82378],[-75.17288,3.82354],[-75.17354,3.82339]]},"properties":{"NIVEL_PROP":"N3-Terciaria"}},{"type":"Feature","geometry":{"type":"LineString","coordinates":[[-75.22386,3.93013],[-75.2231,3.92996],[-75.22229,3.92975],[-75.22219,3.92974]]},"properties":{"NIVEL_PROP":"N3-Terciaria"}},{"type":"Feature","geometry":{"type":"LineString","coordinates":[[-75.27351,4.00126],[-75.27373,4.00104]]},"properties":{"NIVEL_PROP":"N3-Terciaria"}},{"type":"Feature","geometry":{"type":"LineString","coordinates":[[-75.1925,3.79621],[-75.19267,3.7956],[-75.19284,3.79498]]},"properties":{"NIVEL_PROP":"N3-Terciaria"}},{"type":"Feature","geometry":{"type":"LineString","coordinates":[[-75.02685,3.81563],[-75.02688,3.81551]]},"properties":{"NIVEL_PROP":"N3-Terciaria"}},{"type":"Feature","geometry":{"type":"LineString","coordinates":[[-75.10469,3.52796],[-75.10517,3.52812],[-75.10525,3.52816],[-75.10528,3.52819],[-75.1053,3.52821],[-75.1053,3.52824],[-75.1053,3.52827],[-75.10529,3.52833],[-75.10522,3.52848]]},"properties":{"NIVEL_PROP":"N3-Terciaria"}},{"type":"Feature","geometry":{"type":"LineString","coordinates":[[-75.21972,3.9297],[-75.21978,3.92994],[-75.21979,3.93076],[-75.21968,3.93146],[-75.21959,3.93171],[-75.21953,3.9317],[-75.21942,3.93186],[-75.21914,3.93266],[-75.21884,3.93347],[-75.21866,3.93394],[-75.21854,3.93445]]},"properties":{"NIVEL_PROP":"N3-Terciaria"}},{"type":"Feature","geometry":{"type":"LineString","coordinates":[[-75.10485,3.91711],[-75.10512,3.91666]]},"properties":{"NIVEL_PROP":"N3-Terciaria"}},{"type":"Feature","geometry":{"type":"LineString","coordinates":[[-74.988,3.6717],[-74.98841,3.67188],[-74.98896,3.67206],[-74.9891,3.67203],[-74.98928,3.67208],[-74.98945,3.6722],[-74.98953,3.67231],[-74.98998,3.67236],[-74.9901,3.67233],[-74.99041,3.67197],[-74.99052,3.67185],[-74.99067,3.67174],[-74.99082,3.6716],[-74.99096,3.67128],[-74.99116,3.67081],[-74.9913,3.67064],[-74.9915,3.67045],[-74.99157,3.67033],[-74.99166,3.66989],[-74.99202,3.66957],[-74.99215,3.66936],[-74.99233,3.669],[-74.99237,3.66881],[-74.9926,3.66836],[-74.9926,3.6682],[-74.99245,3.66809],[-74.99179,3.66782],[-74.99094,3.66733],[-74.99037,3.66705]]},"properties":{"NIVEL_PROP":"N3-Terciaria"}},{"type":"Feature","geometry":{"type":"LineString","coordinates":[[-75.13958,3.50074],[-75.13934,3.50069],[-75.13894,3.50062],[-75.13881,3.5006],[-75.13815,3.50048],[-75.13786,3.50048],[-75.13768,3.50049],[-75.13749,3.50043],[-75.13729,3.50037],[-75.13713,3.50037],[-75.13688,3.50043],[-75.13651,3.50058],[-75.13627,3.50067],[-75.13604,3.50082],[-75.13579,3.50095],[-75.13558,3.5011],[-75.13547,3.50126],[-75.13537,3.50134],[-75.13523,3.50138],[-75.135,3.5014],[-75.13478,3.50145],[-75.13461,3.50147],[-75.1344,3.50147],[-75.13417,3.50149],[-75.13371,3.50162],[-75.13345,3.50168],[-75.13329,3.50175],[-75.1331,3.50186],[-75.13303,3.50188],[-75.13299,3.50189],[-75.13284,3.50189],[-75.1322,3.50175],[-75.13207,3.50175]]},"properties":{"NIVEL_PROP":"N3-Terciaria"}},{"type":"Feature","geometry":{"type":"LineString","coordinates":[[-74.99809,3.66434],[-75.0028,3.66159],[-75.003,3.66147]]},"properties":{"NIVEL_PROP":"N3-Terciaria"}},{"type":"Feature","geometry":{"type":"LineString","coordinates":[[-75.06202,3.53482],[-75.06133,3.53505],[-75.06048,3.53513],[-75.05963,3.53514],[-75.05883,3.53517],[-75.05844,3.53517],[-75.05786,3.535],[-75.05719,3.53502],[-75.05676,3.53493],[-75.05621,3.53504],[-75.05575,3.5351],[-75.05525,3.53507],[-75.05476,3.53491],[-75.05447,3.53486],[-75.05401,3.53494],[-75.05335,3.53492],[-75.05317,3.53486]]},"properties":{"NIVEL_PROP":"N3-Terciaria"}},{"type":"Feature","geometry":{"type":"LineString","coordinates":[[-75.31602,3.9203],[-75.3163,3.92005],[-75.31648,3.92],[-75.31695,3.92017],[-75.31705,3.92027],[-75.31708,3.92057],[-75.31734,3.92065],[-75.3175,3.92065],[-75.31796,3.92054],[-75.31838,3.92037],[-75.31859,3.92022]]},"properties":{"NIVEL_PROP":"N3-Terciaria"}},{"type":"Feature","geometry":{"type":"LineString","coordinates":[[-75.10284,3.53175],[-75.10254,3.53172],[-75.10246,3.53174],[-75.10242,3.53177],[-75.10237,3.5318],[-75.10217,3.5318],[-75.10199,3.53181],[-75.10192,3.53182],[-75.10189,3.53185],[-75.10165,3.53212]]},"properties":{"NIVEL_PROP":"N3-Terciaria"}},{"type":"Feature","geometry":{"type":"LineString","coordinates":[[-75.10388,3.64671],[-75.10452,3.64654],[-75.10459,3.64652],[-75.10466,3.64652],[-75.10549,3.64668],[-75.10557,3.64668],[-75.10563,3.64666],[-75.10571,3.6466],[-75.10579,3.64649],[-75.1059,3.64628]]},"properties":{"NIVEL_PROP":"N3-Servicio"}},{"type":"Feature","geometry":{"type":"LineString","coordinates":[[-75.06304,3.76855],[-75.06376,3.76823],[-75.06578,3.76718],[-75.06739,3.76628],[-75.06821,3.76607],[-75.069,3.7659],[-75.06927,3.76598]]},"properties":{"NIVEL_PROP":"N3-Terciaria"}},{"type":"Feature","geometry":{"type":"LineString","coordinates":[[-75.19479,3.80242],[-75.19482,3.80277],[-75.19463,3.80324]]},"properties":{"NIVEL_PROP":"N3-Terciaria"}},{"type":"Feature","geometry":{"type":"LineString","coordinates":[[-75.23006,3.93442],[-75.22999,3.93483],[-75.22987,3.93523],[-75.22988,3.93543],[-75.23,3.93561],[-75.22997,3.93574],[-75.2299,3.93579],[-75.22976,3.93579],[-75.22955,3.93575],[-75.22935,3.93572],[-75.22894,3.93588],[-75.22873,3.93598],[-75.22834,3.93627],[-75.22805,3.93666]]},"properties":{"NIVEL_PROP":"N3-Terciaria"}},{"type":"Feature","geometry":{"type":"LineString","coordinates":[[-75.21861,3.92657],[-75.21847,3.92628]]},"properties":{"NIVEL_PROP":"N3-Terciaria"}},{"type":"Feature","geometry":{"type":"LineString","coordinates":[[-75.10494,3.5296],[-75.10549,3.52978]]},"properties":{"NIVEL_PROP":"N3-Terciaria"}},{"type":"Feature","geometry":{"type":"LineString","coordinates":[[-75.11159,3.66876],[-75.11165,3.6685]]},"properties":{"NIVEL_PROP":"N3-Servicio"}},{"type":"Feature","geometry":{"type":"LineString","coordinates":[[-75.13071,3.83009],[-75.13128,3.82994],[-75.13177,3.8299],[-75.13264,3.83037],[-75.13347,3.83074],[-75.1346,3.83116],[-75.13488,3.83127],[-75.13789,3.83163]]},"properties":{"NIVEL_PROP":"N3-Terciaria"}},{"type":"Feature","geometry":{"type":"LineString","coordinates":[[-75.10128,3.54353],[-75.10081,3.54372],[-75.10071,3.54377],[-75.10058,3.54379],[-75.09992,3.54374]]},"properties":{"NIVEL_PROP":"N3-Terciaria"}},{"type":"Feature","geometry":{"type":"LineString","coordinates":[[-75.12364,3.58554],[-75.12523,3.58494],[-75.12553,3.58478],[-75.12575,3.58463],[-75.1259,3.58447],[-75.12606,3.58427],[-75.12617,3.58408],[-75.12623,3.58396],[-75.12628,3.58376],[-75.12631,3.58325],[-75.12633,3.58015],[-75.1262,3.57642],[-75.12608,3.56891],[-75.12607,3.5682],[-75.12607,3.56741],[-75.12603,3.56494],[-75.126,3.56355],[-75.12598,3.56217],[-75.12594,3.55847],[-75.12593,3.55782],[-75.12582,3.54967],[-75.12578,3.54706],[-75.12575,3.54493],[-75.1257,3.54294],[-75.12564,3.539],[-75.12557,3.53513],[-75.12553,3.53337],[-75.12555,3.5327],[-75.12551,3.53082],[-75.12553,3.53063],[-75.12556,3.53049],[-75.12562,3.53032],[-75.1257,3.53017],[-75.12578,3.53],[-75.12591,3.52979],[-75.12628,3.52925],[-75.12636,3.52911],[-75.12642,3.529],[-75.12654,3.52875],[-75.12662,3.52843],[-75.12667,3.52809],[-75.12675,3.52731],[-75.12689,3.5263],[-75.12709,3.52439],[-75.12712,3.52422],[-75.12719,3.52399],[-75.12729,3.52375],[-75.12759,3.52319],[-75.12956,3.5201],[-75.12978,3.51972],[-75.12992,3.51941],[-75.13,3.51919],[-75.13009,3.51892],[-75.13015,3.5186],[-75.1305,3.51642],[-75.1308,3.51431],[-75.13127,3.51074],[-75.13134,3.51047],[-75.13141,3.51021],[-75.13154,3.50999],[-75.13169,3.50977],[-75.13198,3.50942],[-75.1324,3.50893],[-75.13423,3.50687],[-75.13602,3.50479],[-75.13958,3.50074],[-75.14769,3.4915],[-75.15005,3.48886],[-75.15068,3.48817],[-75.1519,3.48672],[-75.15212,3.48612],[-75.15219,3.48558],[-75.15184,3.48266],[-75.15149,3.47983],[-75.15078,3.47426],[-75.15064,3.47299],[-75.15044,3.4717],[-75.15041,3.4714],[-75.15038,3.47113],[-75.15033,3.4707],[-75.15025,3.46979],[-75.15031,3.4692],[-75.15055,3.46855],[-75.15095,3.46789],[-75.15144,3.46718],[-75.15177,3.46675]]},"properties":{"NIVEL_PROP":"N1-Principal"}},{"type":"Feature","geometry":{"type":"LineString","coordinates":[[-75.22197,3.93072],[-75.2212,3.93049]]},"properties":{"NIVEL_PROP":"N3-Terciaria"}},{"type":"Feature","geometry":{"type":"LineString","coordinates":[[-75.22064,3.93439],[-75.22017,3.93427],[-75.21997,3.93423],[-75.21935,3.93413],[-75.21929,3.9341],[-75.21866,3.93394],[-75.21819,3.93384],[-75.21803,3.93382]]},"properties":{"NIVEL_PROP":"N3-Terciaria"}},{"type":"Feature","geometry":{"type":"LineString","coordinates":[[-75.30141,3.68878],[-75.30146,3.68877],[-75.30153,3.68872],[-75.30157,3.68867],[-75.30165,3.68852],[-75.30172,3.68835],[-75.30177,3.68818],[-75.30182,3.68798],[-75.30189,3.68743],[-75.30193,3.68706],[-75.30219,3.68522],[-75.30234,3.68436],[-75.30248,3.68386],[-75.30255,3.68353],[-75.30256,3.68327],[-75.30256,3.68294],[-75.30259,3.68268],[-75.30265,3.68251]]},"properties":{"NIVEL_PROP":"N2-Secundaria"}},{"type":"Feature","geometry":{"type":"LineString","coordinates":[[-75.09152,3.62783],[-75.09201,3.62665]]},"properties":{"NIVEL_PROP":"N3-Terciaria"}},{"type":"Feature","geometry":{"type":"LineString","coordinates":[[-75.06707,3.82121],[-75.06731,3.82063]]},"properties":{"NIVEL_PROP":"Sendero"}},{"type":"Feature","geometry":{"type":"LineString","coordinates":[[-75.10343,3.80666],[-75.10343,3.8066],[-75.10353,3.80618],[-75.10353,3.8061],[-75.10351,3.80604],[-75.10342,3.80588],[-75.10322,3.80566],[-75.10312,3.80561],[-75.10301,3.80559],[-75.10269,3.80562],[-75.10261,3.80562],[-75.10252,3.80559],[-75.10187,3.80532],[-75.1018,3.80531],[-75.10176,3.80533],[-75.10175,3.80539],[-75.10173,3.80558],[-75.10168,3.80565],[-75.1016,3.8057],[-75.10143,3.80576],[-75.10108,3.80581],[-75.10096,3.8058],[-75.10089,3.80579],[-75.10061,3.80568],[-75.10058,3.80567],[-75.10056,3.80566],[-75.10033,3.80546],[-75.09987,3.80505],[-75.09984,3.80502],[-75.0996,3.80483],[-75.09923,3.80452],[-75.09922,3.8045],[-75.0992,3.80449],[-75.09919,3.80449],[-75.09917,3.80449],[-75.09916,3.8045],[-75.09915,3.80451],[-75.09914,3.80452],[-75.09902,3.80474],[-75.09902,3.80474],[-75.09901,3.80475],[-75.099,3.80475],[-75.099,3.80475],[-75.09899,3.80475],[-75.09893,3.80471],[-75.09892,3.8047],[-75.09853,3.80439],[-75.09782,3.80377]]},"properties":{"NIVEL_PROP":"N3-Terciaria"}},{"type":"Feature","geometry":{"type":"LineString","coordinates":[[-75.18698,3.44313],[-75.18684,3.44282],[-75.18669,3.44261],[-75.18667,3.44239],[-75.18687,3.44203],[-75.18703,3.44168],[-75.18706,3.44158],[-75.18709,3.44148],[-75.18712,3.44136],[-75.18711,3.44129],[-75.18708,3.44119],[-75.18702,3.44109],[-75.18687,3.4409],[-75.18677,3.44074],[-75.18673,3.44068],[-75.18671,3.44062],[-75.18668,3.4405]]},"properties":{"NIVEL_PROP":"N3-Terciaria"}},{"type":"Feature","geometry":{"type":"LineString","coordinates":[[-75.27235,4.00028],[-75.27306,3.9996]]},"properties":{"NIVEL_PROP":"N3-Terciaria"}},{"type":"Feature","geometry":{"type":"LineString","coordinates":[[-75.04715,3.69837],[-75.04711,3.69833],[-75.04706,3.69829],[-75.047,3.69826],[-75.04697,3.69825],[-75.04693,3.69825],[-75.04689,3.69825],[-75.04684,3.69826]]},"properties":{"NIVEL_PROP":"N3-Terciaria"}},{"type":"Feature","geometry":{"type":"LineString","coordinates":[[-75.18633,3.40525],[-75.18685,3.4051],[-75.18788,3.40453],[-75.18835,3.40436],[-75.18886,3.40412],[-75.18933,3.4037],[-75.18975,3.40354],[-75.19034,3.40359],[-75.19087,3.40362]]},"properties":{"NIVEL_PROP":"N3-Terciaria"}},{"type":"Feature","geometry":{"type":"LineString","coordinates":[[-75.22126,3.93319],[-75.22137,3.93294],[-75.22142,3.9328],[-75.22142,3.9328],[-75.22146,3.93271]]},"properties":{"NIVEL_PROP":"N3-Terciaria"}},{"type":"Feature","geometry":{"type":"LineString","coordinates":[[-75.21828,3.9231],[-75.21821,3.92272],[-75.21815,3.92223]]},"properties":{"NIVEL_PROP":"N3-Terciaria"}},{"type":"Feature","geometry":{"type":"LineString","coordinates":[[-75.1747,3.77944],[-75.17476,3.77913],[-75.17472,3.77894],[-75.17398,3.77817],[-75.17372,3.77794],[-75.1736,3.77776],[-75.17348,3.77714],[-75.17329,3.77686],[-75.17322,3.77652],[-75.1732,3.7761],[-75.17303,3.77592],[-75.17294,3.77578],[-75.17275,3.77526],[-75.17241,3.7748],[-75.17233,3.77476],[-75.17165,3.77443],[-75.17117,3.77402],[-75.17105,3.77364],[-75.17081,3.77336],[-75.17067,3.77328],[-75.1705,3.77324],[-75.17032,3.77322],[-75.17003,3.77311],[-75.16993,3.77302],[-75.16987,3.77288],[-75.16988,3.77277],[-75.16983,3.77265],[-75.16975,3.77256]]},"properties":{"NIVEL_PROP":"N3-Camino vecinal"}},{"type":"Feature","geometry":{"type":"LineString","coordinates":[[-75.24433,3.93386],[-75.24546,3.93355],[-75.24585,3.93318],[-75.24619,3.93274],[-75.24664,3.93245],[-75.24725,3.93221],[-75.24756,3.93214],[-75.24787,3.93194],[-75.24907,3.93148],[-75.24983,3.9312],[-75.25012,3.93097],[-75.25097,3.93019],[-75.25179,3.93021],[-75.25237,3.92988],[-75.25272,3.92991],[-75.25326,3.93019],[-75.25391,3.93039],[-75.25668,3.92996],[-75.25708,3.92992],[-75.25784,3.92943],[-75.25899,3.92852],[-75.25923,3.92828],[-75.25966,3.92821],[-75.26013,3.92833],[-75.26074,3.92836],[-75.26167,3.92842],[-75.26271,3.9286],[-75.26346,3.92907],[-75.2644,3.92985],[-75.26489,3.93023],[-75.26511,3.93029],[-75.26531,3.93048],[-75.2656,3.93084],[-75.26576,3.93117],[-75.26632,3.93169],[-75.26698,3.93219],[-75.2677,3.93227],[-75.26844,3.93201],[-75.26935,3.93152],[-75.26979,3.93136],[-75.27014,3.93099],[-75.27037,3.93079],[-75.27067,3.93066],[-75.27096,3.93027],[-75.27111,3.93014],[-75.27154,3.92996],[-75.27221,3.92971],[-75.2726,3.92972],[-75.27385,3.92935],[-75.2742,3.92924],[-75.27462,3.92888],[-75.2748,3.92884],[-75.27501,3.92889],[-75.27578,3.92939],[-75.27589,3.92937],[-75.27665,3.9287],[-75.27719,3.92822],[-75.27741,3.92816],[-75.27774,3.92816],[-75.27814,3.92829],[-75.27842,3.92822],[-75.27874,3.92798],[-75.27895,3.92768],[-75.27923,3.92749],[-75.27988,3.92704],[-75.28059,3.92646],[-75.28097,3.92597],[-75.28102,3.92567],[-75.28115,3.92525],[-75.2813,3.92476],[-75.28179,3.92454],[-75.28208,3.92451],[-75.28241,3.92468],[-75.28303,3.92499],[-75.28357,3.92509],[-75.284,3.92515],[-75.28456,3.92539],[-75.28513,3.92523],[-75.28558,3.92516],[-75.28601,3.92504],[-75.28682,3.92505],[-75.28758,3.92498],[-75.28784,3.92489],[-75.28805,3.92477],[-75.28829,3.92457],[-75.28857,3.92445],[-75.28929,3.92423],[-75.28961,3.924],[-75.28985,3.92373],[-75.29032,3.92306],[-75.29085,3.92273],[-75.29201,3.92229],[-75.2932,3.92181],[-75.2942,3.92136],[-75.29491,3.92102],[-75.29527,3.92061],[-75.29576,3.92009],[-75.2959,3.91995],[-75.29603,3.9199],[-75.29641,3.91997],[-75.2968,3.92022],[-75.29686,3.92021],[-75.29762,3.92014],[-75.29831,3.92039],[-75.29899,3.92043],[-75.29939,3.92058],[-75.29974,3.92079],[-75.3002,3.92109],[-75.30074,3.92129],[-75.30137,3.92121],[-75.30168,3.92122],[-75.30197,3.92129],[-75.30244,3.92149],[-75.30293,3.92165],[-75.30393,3.92187],[-75.30427,3.92167],[-75.3046,3.92155],[-75.30498,3.92147],[-75.30563,3.92131],[-75.30612,3.92125],[-75.30625,3.92127],[-75.30678,3.92134],[-75.30746,3.92116],[-75.3078,3.92109],[-75.30819,3.9211],[-75.30902,3.9211],[-75.31016,3.92086],[-75.31139,3.92062],[-75.31253,3.9205],[-75.31366,3.92045],[-75.31399,3.92035],[-75.31418,3.92034],[-75.31443,3.92035],[-75.31502,3.92061]]},"properties":{"NIVEL_PROP":"N3-Terciaria"}},{"type":"Feature","geometry":{"type":"LineString","coordinates":[[-75.09727,3.61994],[-75.0978,3.62005]]},"properties":{"NIVEL_PROP":"N3-Terciaria"}},{"type":"Feature","geometry":{"type":"LineString","coordinates":[[-75.19511,3.9655],[-75.1948,3.96536],[-75.19397,3.96446],[-75.19337,3.96384],[-75.19287,3.9636],[-75.19242,3.96381],[-75.19223,3.96408],[-75.19226,3.96466],[-75.19219,3.96488],[-75.19207,3.96503],[-75.19163,3.96533],[-75.19044,3.96613],[-75.19005,3.96638],[-75.18939,3.9666],[-75.18925,3.96674],[-75.18904,3.9671],[-75.18888,3.96725],[-75.18864,3.96722],[-75.18811,3.96713],[-75.18779,3.96692],[-75.18762,3.96674],[-75.18749,3.96662],[-75.18734,3.96639],[-75.18721,3.96602],[-75.18713,3.96587],[-75.18705,3.96562],[-75.18684,3.96539],[-75.18669,3.96519],[-75.18656,3.96493],[-75.18625,3.96485],[-75.18592,3.96483]]},"properties":{"NIVEL_PROP":"N3-Terciaria"}},{"type":"Feature","geometry":{"type":"LineString","coordinates":[[-75.20476,3.82068],[-75.20452,3.82092],[-75.2044,3.8214],[-75.20388,3.82191],[-75.20353,3.82193],[-75.20336,3.82186],[-75.20299,3.82183],[-75.20274,3.8222],[-75.20244,3.82239],[-75.20205,3.82236],[-75.20178,3.82245],[-75.20165,3.82256],[-75.20132,3.82315],[-75.20105,3.8233],[-75.19991,3.82333],[-75.19976,3.82324],[-75.19937,3.82298],[-75.19919,3.82269],[-75.19913,3.82233],[-75.19888,3.82189]]},"properties":{"NIVEL_PROP":"N3-Terciaria"}},{"type":"Feature","geometry":{"type":"LineString","coordinates":[[-75.26381,3.73246],[-75.26376,3.73241],[-75.26377,3.73226],[-75.26376,3.73218],[-75.26368,3.73204],[-75.26364,3.7318],[-75.26367,3.73168],[-75.26386,3.73149],[-75.26399,3.73145],[-75.26414,3.73134],[-75.26428,3.73115],[-75.26429,3.73107]]},"properties":{"NIVEL_PROP":"N3-Camino vecinal"}},{"type":"Feature","geometry":{"type":"LineString","coordinates":[[-75.06074,3.82194],[-75.06058,3.82192],[-75.06045,3.82193],[-75.06038,3.82192],[-75.06029,3.82195]]},"properties":{"NIVEL_PROP":"Sendero"}},{"type":"Feature","geometry":{"type":"LineString","coordinates":[[-75.06329,3.81875],[-75.0643,3.8191],[-75.06524,3.81944],[-75.06586,3.81965],[-75.06615,3.81976],[-75.06774,3.82034]]},"properties":{"NIVEL_PROP":"N2-Secundaria"}},{"type":"Feature","geometry":{"type":"LineString","coordinates":[[-75.11738,3.92264],[-75.1176,3.92244],[-75.11785,3.92229],[-75.1181,3.92223],[-75.11819,3.92212],[-75.11856,3.92183],[-75.11879,3.92175]]},"properties":{"NIVEL_PROP":"N3-Terciaria"}},{"type":"Feature","geometry":{"type":"LineString","coordinates":[[-75.09419,3.62205],[-75.095,3.62229]]},"properties":{"NIVEL_PROP":"N2-Secundaria"}},{"type":"Feature","geometry":{"type":"LineString","coordinates":[[-75.05835,3.81634],[-75.05847,3.81655],[-75.05856,3.81731],[-75.05871,3.81842],[-75.05889,3.81995]]},"properties":{"NIVEL_PROP":"N3-Terciaria"}},{"type":"Feature","geometry":{"type":"LineString","coordinates":[[-75.22248,3.93096],[-75.22244,3.93109]]},"properties":{"NIVEL_PROP":"Sendero"}},{"type":"Feature","geometry":{"type":"LineString","coordinates":[[-75.32551,3.90339],[-75.32535,3.90343],[-75.32517,3.90356],[-75.32501,3.90352],[-75.32485,3.90347],[-75.32473,3.90332],[-75.32465,3.90317],[-75.32453,3.90312],[-75.32442,3.90314]]},"properties":{"NIVEL_PROP":"N3-Terciaria"}},{"type":"Feature","geometry":{"type":"LineString","coordinates":[[-75.09547,3.9671],[-75.09542,3.96692]]},"properties":{"NIVEL_PROP":"N3-Terciaria"}},{"type":"Feature","geometry":{"type":"LineString","coordinates":[[-75.16269,3.80817],[-75.16263,3.80884],[-75.16258,3.80991],[-75.16272,3.81176],[-75.16263,3.81206],[-75.163,3.81303],[-75.16447,3.81366],[-75.16478,3.81388],[-75.16532,3.81594],[-75.16535,3.81624],[-75.16493,3.81675],[-75.16487,3.81704],[-75.16522,3.81739],[-75.16572,3.81757],[-75.16685,3.81821],[-75.16691,3.81838],[-75.16689,3.81859],[-75.16732,3.81881],[-75.16737,3.81903],[-75.1671,3.81954],[-75.16686,3.82082],[-75.16682,3.82156],[-75.16695,3.82193],[-75.16717,3.82201],[-75.16757,3.82174],[-75.16799,3.82155],[-75.16851,3.8216],[-75.16942,3.8222],[-75.17003,3.82305],[-75.17119,3.82365],[-75.17216,3.82412],[-75.17218,3.82424],[-75.17196,3.82448],[-75.17167,3.82475],[-75.17142,3.82546],[-75.1714,3.8274],[-75.17157,3.82754],[-75.17196,3.82771],[-75.17245,3.8281],[-75.17251,3.82835],[-75.17206,3.82895],[-75.17144,3.82958],[-75.17153,3.82988],[-75.17198,3.83048],[-75.17328,3.83155],[-75.1736,3.83203],[-75.17451,3.83254],[-75.17485,3.83259],[-75.17532,3.83279],[-75.17595,3.83323],[-75.17632,3.83368],[-75.17663,3.83438],[-75.17686,3.83462],[-75.17756,3.83503],[-75.17773,3.83578],[-75.17764,3.83641],[-75.17735,3.83658],[-75.17701,3.83694],[-75.17661,3.83709],[-75.1761,3.83693],[-75.17586,3.83706],[-75.17442,3.83868],[-75.17393,3.8395],[-75.17382,3.84013],[-75.17351,3.8407],[-75.17312,3.84102],[-75.17302,3.8416],[-75.17316,3.84206],[-75.17319,3.84244],[-75.17329,3.84258],[-75.17331,3.84264],[-75.17334,3.84271],[-75.1733,3.8429],[-75.17307,3.84352],[-75.17323,3.84433],[-75.17337,3.84466],[-75.17341,3.84511],[-75.17375,3.84573],[-75.17311,3.84668],[-75.17284,3.84695],[-75.17273,3.84725],[-75.17247,3.84745],[-75.1723,3.84781],[-75.17212,3.8486],[-75.17159,3.84909],[-75.17105,3.84946],[-75.1707,3.84989],[-75.17045,3.85011],[-75.17031,3.85051],[-75.16982,3.85066],[-75.16954,3.85114],[-75.16891,3.85159],[-75.16855,3.85198],[-75.16863,3.85249],[-75.16889,3.85294],[-75.16886,3.85314],[-75.16869,3.85343],[-75.16877,3.85397],[-75.16886,3.85408],[-75.16911,3.85384],[-75.16918,3.85364],[-75.16961,3.85323],[-75.16999,3.85248],[-75.17013,3.85246],[-75.17028,3.85268],[-75.17116,3.85304],[-75.17142,3.85301],[-75.17188,3.85324]]},"properties":{"NIVEL_PROP":"N3-Terciaria"}},{"type":"Feature","geometry":{"type":"LineString","coordinates":[[-75.02044,3.69283],[-75.02082,3.69214],[-75.0213,3.69144],[-75.02177,3.69067],[-75.02192,3.69038],[-75.02196,3.68921]]},"properties":{"NIVEL_PROP":"N3-Terciaria"}},{"type":"Feature","geometry":{"type":"LineString","coordinates":[[-75.60562,4.01078],[-75.60507,4.01036],[-75.60472,4.01008],[-75.60438,4.00982],[-75.60404,4.00955],[-75.60339,4.00904],[-75.60316,4.00936]]},"properties":{"NIVEL_PROP":"N3-Terciaria"}},{"type":"Feature","geometry":{"type":"LineString","coordinates":[[-75.15294,3.77241],[-75.15317,3.77252],[-75.15345,3.77268],[-75.1536,3.77287],[-75.15371,3.77305],[-75.15387,3.77314],[-75.15394,3.77328],[-75.15403,3.77422]]},"properties":{"NIVEL_PROP":"N3-Camino vecinal"}},{"type":"Feature","geometry":{"type":"LineString","coordinates":[[-75.02688,3.81342],[-75.02677,3.8139],[-75.02666,3.81431],[-75.02664,3.8145],[-75.02664,3.81482],[-75.02663,3.81517]]},"properties":{"NIVEL_PROP":"N3-Terciaria"}},{"type":"Feature","geometry":{"type":"LineString","coordinates":[[-75.14681,3.9325],[-75.147,3.93247],[-75.14745,3.9325],[-75.14783,3.93269],[-75.14821,3.93319],[-75.14835,3.93336],[-75.14874,3.9335],[-75.14917,3.93352],[-75.14988,3.93316],[-75.15011,3.93308],[-75.15019,3.93292],[-75.1503,3.93258],[-75.15053,3.93229],[-75.15107,3.93191],[-75.15156,3.93154],[-75.15254,3.93067],[-75.15311,3.93014],[-75.15311,3.92999],[-75.15296,3.92977],[-75.15274,3.92907],[-75.15273,3.92826]]},"properties":{"NIVEL_PROP":"N3-Terciaria"}},{"type":"Feature","geometry":{"type":"LineString","coordinates":[[-75.20831,3.86386],[-75.20732,3.86427]]},"properties":{"NIVEL_PROP":"N3-Terciaria"}},{"type":"Feature","geometry":{"type":"LineString","coordinates":[[-75.10441,3.91795],[-75.10445,3.91844],[-75.10444,3.9185],[-75.10447,3.91865]]},"properties":{"NIVEL_PROP":"N3-Terciaria"}},{"type":"Feature","geometry":{"type":"LineString","coordinates":[[-75.11048,3.52574],[-75.11086,3.52551],[-75.11091,3.52548],[-75.11094,3.52545],[-75.11095,3.52543],[-75.11147,3.52541]]},"properties":{"NIVEL_PROP":"N3-Terciaria"}},{"type":"Feature","geometry":{"type":"LineString","coordinates":[[-75.19244,3.40366],[-75.19162,3.40348]]},"properties":{"NIVEL_PROP":"N3-Camino vecinal"}},{"type":"Feature","geometry":{"type":"LineString","coordinates":[[-75.07888,3.60033],[-75.07894,3.60046],[-75.07899,3.60059],[-75.07911,3.60086],[-75.07918,3.60097],[-75.07926,3.60101]]},"properties":{"NIVEL_PROP":"N3-Camino vecinal"}},{"type":"Feature","geometry":{"type":"LineString","coordinates":[[-75.089,3.6232],[-75.08906,3.62289],[-75.08916,3.62263],[-75.08917,3.6226],[-75.08927,3.62227],[-75.08957,3.62142],[-75.0897,3.62112],[-75.08985,3.62069],[-75.09009,3.61991],[-75.09038,3.61908],[-75.09078,3.61807],[-75.09097,3.6175]]},"properties":{"NIVEL_PROP":"N3-Terciaria"}},{"type":"Feature","geometry":{"type":"LineString","coordinates":[[-75.0085,3.74113],[-75.00843,3.74072],[-75.00832,3.73892],[-75.00842,3.73795],[-75.00781,3.73742],[-75.0082,3.73615],[-75.00847,3.73561],[-75.00937,3.73443],[-75.00974,3.73409],[-75.01078,3.73432],[-75.01085,3.73426],[-75.01096,3.7339],[-75.01105,3.73374],[-75.01267,3.73395],[-75.01309,3.73392]]},"properties":{"NIVEL_PROP":"N3-Terciaria"}},{"type":"Feature","geometry":{"type":"LineString","coordinates":[[-75.02587,3.65314],[-75.02598,3.6535],[-75.02635,3.65445],[-75.02702,3.65526],[-75.02742,3.65588],[-75.02772,3.65685],[-75.02773,3.65706],[-75.02766,3.65737],[-75.02765,3.65853],[-75.02807,3.65989],[-75.02847,3.66082],[-75.02865,3.66182],[-75.02909,3.66246],[-75.02923,3.66304],[-75.02918,3.66317],[-75.02936,3.6637],[-75.02961,3.66381],[-75.02962,3.66445],[-75.02974,3.66469],[-75.0299,3.66487],[-75.03093,3.66566],[-75.03129,3.66602],[-75.03231,3.66782],[-75.03271,3.66983],[-75.03278,3.67041],[-75.03291,3.67091],[-75.03299,3.67181],[-75.03281,3.67209]]},"properties":{"NIVEL_PROP":"N3-Terciaria"}},{"type":"Feature","geometry":{"type":"LineString","coordinates":[[-75.16683,3.6991],[-75.16739,3.69905],[-75.16825,3.69897],[-75.1685,3.69901]]},"properties":{"NIVEL_PROP":"N3-Terciaria"}},{"type":"Feature","geometry":{"type":"LineString","coordinates":[[-75.60582,4.01244],[-75.60593,4.01268],[-75.60603,4.01288]]},"properties":{"NIVEL_PROP":"N3-Terciaria"}},{"type":"Feature","geometry":{"type":"LineString","coordinates":[[-75.34322,3.8242],[-75.34343,3.82427]]},"properties":{"NIVEL_PROP":"N3-Terciaria"}},{"type":"Feature","geometry":{"type":"LineString","coordinates":[[-75.1301,3.76541],[-75.13017,3.76549],[-75.13112,3.76518],[-75.13137,3.76509],[-75.13168,3.76472],[-75.13448,3.76049],[-75.1347,3.76024],[-75.13496,3.76012],[-75.13586,3.75969],[-75.13604,3.75954],[-75.13621,3.7593],[-75.13699,3.75777],[-75.1371,3.75762],[-75.13726,3.75747],[-75.13798,3.75705],[-75.14044,3.7557],[-75.14065,3.75563]]},"properties":{"NIVEL_PROP":"N3-Terciaria"}},{"type":"Feature","geometry":{"type":"LineString","coordinates":[[-75.19683,3.80141],[-75.19622,3.80099],[-75.19551,3.8005],[-75.19478,3.79999],[-75.19409,3.79951],[-75.19384,3.79936]]},"properties":{"NIVEL_PROP":"N3-Terciaria"}},{"type":"Feature","geometry":{"type":"LineString","coordinates":[[-75.10121,3.95526],[-75.10136,3.95509],[-75.10142,3.95482],[-75.10137,3.9545],[-75.10136,3.95431],[-75.10157,3.95399],[-75.10161,3.95369],[-75.10153,3.95344]]},"properties":{"NIVEL_PROP":"N3-Terciaria"}},{"type":"Feature","geometry":{"type":"LineString","coordinates":[[-75.17843,3.42936],[-75.1778,3.42908],[-75.17775,3.42906],[-75.17772,3.42904],[-75.17765,3.42902],[-75.1776,3.42901],[-75.17757,3.42903]]},"properties":{"NIVEL_PROP":"N3-Terciaria"}},{"type":"Feature","geometry":{"type":"LineString","coordinates":[[-75.09088,3.70088],[-75.09091,3.70084],[-75.09176,3.69973]]},"properties":{"NIVEL_PROP":"N3-Servicio"}},{"type":"Feature","geometry":{"type":"LineString","coordinates":[[-75.11286,3.95465],[-75.11292,3.95435],[-75.11305,3.9539],[-75.1133,3.95327],[-75.11386,3.95269],[-75.11426,3.95205],[-75.11445,3.95162]]},"properties":{"NIVEL_PROP":"N3-Terciaria"}},{"type":"Feature","geometry":{"type":"LineString","coordinates":[[-75.0974,3.55162],[-75.10024,3.55181],[-75.10033,3.55176],[-75.10134,3.55073],[-75.10269,3.54931],[-75.10273,3.54915],[-75.10218,3.54726],[-75.10165,3.54602],[-75.10109,3.54473],[-75.10109,3.54456],[-75.10111,3.54442],[-75.10128,3.54353],[-75.1016,3.54191],[-75.10162,3.54168],[-75.10156,3.54158],[-75.1006,3.54104],[-75.10051,3.54098],[-75.10046,3.54086],[-75.1004,3.54017],[-75.10043,3.53996],[-75.10087,3.53896],[-75.10089,3.53884],[-75.10092,3.53814],[-75.10124,3.53719],[-75.10127,3.53704],[-75.10125,3.53688],[-75.10107,3.53618],[-75.10107,3.53568],[-75.1011,3.53554],[-75.10144,3.53476],[-75.10157,3.5345],[-75.102,3.5338],[-75.1021,3.5336],[-75.1023,3.53314],[-75.10236,3.53287],[-75.10242,3.53267],[-75.10253,3.53236],[-75.10269,3.53203],[-75.10284,3.53175],[-75.10297,3.53159],[-75.10319,3.53143],[-75.10331,3.53135],[-75.10343,3.53129],[-75.10359,3.53115],[-75.10371,3.531],[-75.10385,3.53078],[-75.10403,3.53051],[-75.10412,3.53045],[-75.10424,3.5304],[-75.1048,3.53013]]},"properties":{"NIVEL_PROP":"N3-Terciaria"}},{"type":"Feature","geometry":{"type":"LineString","coordinates":[[-75.15088,3.94523],[-75.15108,3.94534],[-75.15118,3.94534]]},"properties":{"NIVEL_PROP":"N3-Terciaria"}},{"type":"Feature","geometry":{"type":"LineString","coordinates":[[-75.02325,3.7368],[-75.02339,3.7367],[-75.02364,3.73621],[-75.02403,3.73578],[-75.02409,3.73576],[-75.02442,3.73585],[-75.02559,3.73632],[-75.02603,3.73643],[-75.02643,3.73651],[-75.02684,3.73662],[-75.02812,3.73704]]},"properties":{"NIVEL_PROP":"N3-Terciaria"}},{"type":"Feature","geometry":{"type":"LineString","coordinates":[[-75.15044,3.4717],[-75.15032,3.47166],[-75.15019,3.47162],[-75.14992,3.47147]]},"properties":{"NIVEL_PROP":"N2-Secundaria"}},{"type":"Feature","geometry":{"type":"LineString","coordinates":[[-75.19737,3.79631],[-75.19688,3.79612],[-75.19653,3.79598]]},"properties":{"NIVEL_PROP":"N3-Terciaria"}},{"type":"Feature","geometry":{"type":"LineString","coordinates":[[-75.19746,3.79832],[-75.19791,3.79859],[-75.19826,3.79878],[-75.19844,3.7989],[-75.19861,3.79912],[-75.19873,3.7993],[-75.19872,3.79956],[-75.19878,3.79968],[-75.19885,3.79971],[-75.19928,3.79961],[-75.19978,3.79943],[-75.19991,3.79938],[-75.2002,3.79935],[-75.20036,3.79927],[-75.20066,3.79918],[-75.20096,3.79917]]},"properties":{"NIVEL_PROP":"N3-Terciaria"}},{"type":"Feature","geometry":{"type":"LineString","coordinates":[[-75.10341,3.91833],[-75.10333,3.91838],[-75.1032,3.91847],[-75.10315,3.91872]]},"properties":{"NIVEL_PROP":"N3-Terciaria"}},{"type":"Feature","geometry":{"type":"LineString","coordinates":[[-75.07904,3.79164],[-75.07931,3.79162],[-75.07948,3.79159],[-75.07963,3.79158],[-75.07975,3.7916],[-75.0799,3.79159],[-75.08006,3.79157],[-75.08536,3.78989],[-75.08587,3.78964],[-75.08624,3.78948],[-75.08641,3.78938],[-75.08659,3.78921],[-75.08675,3.78903],[-75.08698,3.78876],[-75.08729,3.78839],[-75.08757,3.78798],[-75.08775,3.7877],[-75.08787,3.78743],[-75.08796,3.78711],[-75.08804,3.7868],[-75.08811,3.78655],[-75.08826,3.78621],[-75.08839,3.786],[-75.08856,3.78576],[-75.08874,3.7856],[-75.08894,3.78544],[-75.08917,3.78528],[-75.08939,3.78515],[-75.08961,3.78506],[-75.08994,3.78492],[-75.09023,3.78482],[-75.09051,3.78473],[-75.09071,3.78468],[-75.09088,3.78463],[-75.09113,3.78454],[-75.09135,3.78448],[-75.09175,3.78434],[-75.09247,3.7841],[-75.09275,3.78403],[-75.09315,3.7839],[-75.09407,3.78361],[-75.09458,3.78346],[-75.09486,3.78336],[-75.09512,3.78327],[-75.09539,3.78315],[-75.09554,3.7831],[-75.09562,3.78306],[-75.09568,3.78299],[-75.09571,3.78291],[-75.09571,3.78279],[-75.09568,3.78263],[-75.09563,3.78238],[-75.09547,3.78155],[-75.09541,3.78123],[-75.09538,3.78104],[-75.09535,3.78081],[-75.09539,3.78034],[-75.09546,3.77993],[-75.09562,3.77946]]},"properties":{"NIVEL_PROP":"N3-Terciaria"}},{"type":"Feature","geometry":{"type":"LineString","coordinates":[[-75.17782,3.98957],[-75.17757,3.99005]]},"properties":{"NIVEL_PROP":"N3-Terciaria"}},{"type":"Feature","geometry":{"type":"LineString","coordinates":[[-75.08351,3.9578],[-75.08359,3.95784],[-75.08383,3.95781],[-75.08415,3.95753],[-75.08441,3.95728],[-75.0852,3.95708],[-75.08577,3.95692]]},"properties":{"NIVEL_PROP":"N3-Terciaria"}},{"type":"Feature","geometry":{"type":"LineString","coordinates":[[-75.16108,3.77326],[-75.16091,3.77393],[-75.16059,3.77474],[-75.16053,3.7751],[-75.16046,3.77576]]},"properties":{"NIVEL_PROP":"N3-Camino vecinal"}},{"type":"Feature","geometry":{"type":"LineString","coordinates":[[-75.16671,3.69715],[-75.16551,3.69778]]},"properties":{"NIVEL_PROP":"N3-Terciaria"}},{"type":"Feature","geometry":{"type":"LineString","coordinates":[[-75.10647,3.91706],[-75.10632,3.91714],[-75.1062,3.91728],[-75.1062,3.91744]]},"properties":{"NIVEL_PROP":"N3-Terciaria"}},{"type":"Feature","geometry":{"type":"LineString","coordinates":[[-75.12827,3.70845],[-75.12803,3.70907],[-75.12789,3.7094],[-75.12778,3.70968],[-75.12761,3.71075],[-75.12741,3.7115],[-75.12732,3.71177]]},"properties":{"NIVEL_PROP":"N3-Camino vecinal"}},{"type":"Feature","geometry":{"type":"LineString","coordinates":[[-75.10549,3.52978],[-75.10612,3.52946],[-75.10624,3.52943],[-75.10638,3.52938],[-75.10667,3.52937],[-75.10688,3.52937],[-75.10704,3.52938],[-75.10741,3.5294],[-75.10782,3.52943],[-75.10832,3.52946],[-75.10871,3.52946],[-75.10877,3.52946],[-75.10883,3.52945],[-75.10889,3.52942],[-75.10925,3.52927],[-75.10946,3.5292],[-75.1096,3.52917],[-75.10972,3.52916],[-75.10984,3.52915],[-75.11021,3.52917],[-75.11031,3.52917],[-75.11041,3.52917],[-75.11055,3.52915],[-75.11071,3.52911]]},"properties":{"NIVEL_PROP":"N3-Terciaria"}},{"type":"Feature","geometry":{"type":"LineString","coordinates":[[-75.12422,3.59209],[-75.12438,3.59281],[-75.12443,3.59295],[-75.1245,3.59306],[-75.12457,3.59315],[-75.12472,3.59328],[-75.12484,3.59339],[-75.12541,3.59408],[-75.12599,3.59472],[-75.12607,3.59483],[-75.12614,3.59492],[-75.12621,3.59499],[-75.12631,3.59505],[-75.12684,3.59545],[-75.12702,3.59553],[-75.12726,3.59561],[-75.12757,3.59566],[-75.12792,3.59566],[-75.12823,3.59563],[-75.12844,3.59558],[-75.12852,3.59554],[-75.12858,3.5955],[-75.12862,3.59545],[-75.12864,3.5954],[-75.12865,3.5953],[-75.12864,3.59518],[-75.12866,3.59512],[-75.12869,3.59507],[-75.12872,3.59501],[-75.12878,3.59496],[-75.12884,3.59492],[-75.12892,3.59488],[-75.12907,3.59488],[-75.12976,3.59498],[-75.12981,3.595],[-75.12987,3.59502],[-75.12994,3.59508],[-75.1302,3.59526],[-75.13063,3.59553],[-75.13073,3.59557],[-75.13102,3.59569],[-75.13111,3.59575],[-75.13121,3.59581],[-75.13174,3.59607],[-75.13221,3.59632],[-75.13248,3.59644],[-75.13269,3.59654],[-75.13281,3.59663]]},"properties":{"NIVEL_PROP":"N3-Servicio"}},{"type":"Feature","geometry":{"type":"LineString","coordinates":[[-75.14452,3.45459],[-75.14469,3.45447],[-75.1448,3.45445],[-75.14494,3.4545],[-75.14506,3.45452],[-75.14517,3.45448],[-75.14526,3.45439],[-75.14536,3.45427],[-75.14545,3.45413],[-75.14552,3.45398],[-75.1456,3.4538],[-75.14567,3.45352],[-75.14568,3.45341],[-75.14571,3.45331],[-75.14576,3.45318],[-75.14584,3.45311],[-75.14595,3.45303],[-75.14609,3.45294],[-75.14621,3.45286],[-75.14639,3.45281],[-75.14662,3.45277],[-75.14683,3.45274],[-75.14699,3.45268],[-75.14717,3.45261],[-75.14736,3.45253],[-75.14765,3.45238],[-75.14777,3.45232],[-75.1479,3.4523],[-75.14802,3.45235],[-75.14825,3.45262],[-75.14845,3.45286],[-75.14877,3.45316],[-75.14927,3.45354],[-75.14954,3.45376],[-75.14978,3.45399],[-75.14991,3.45407],[-75.15008,3.45413],[-75.15029,3.45412],[-75.1505,3.4541],[-75.15072,3.45414],[-75.15104,3.45415]]},"properties":{"NIVEL_PROP":"N3-Terciaria"}},{"type":"Feature","geometry":{"type":"LineString","coordinates":[[-75.0289,3.70643],[-75.02938,3.70728],[-75.02956,3.70748],[-75.02974,3.70756],[-75.03086,3.70781],[-75.0316,3.70805],[-75.03198,3.70807],[-75.03247,3.70779],[-75.03304,3.70729],[-75.03326,3.707],[-75.03415,3.70557],[-75.03438,3.70534],[-75.03446,3.70526],[-75.03529,3.70467],[-75.03776,3.70354],[-75.03792,3.70348],[-75.03807,3.70347],[-75.03824,3.70347],[-75.03846,3.70352],[-75.0386,3.70359],[-75.04094,3.70477],[-75.04171,3.70504],[-75.04197,3.70505],[-75.04216,3.70501],[-75.04231,3.70495],[-75.04246,3.70481],[-75.04588,3.70038],[-75.04659,3.69942],[-75.04664,3.69935],[-75.04684,3.69826],[-75.04714,3.69742],[-75.04747,3.69661],[-75.0478,3.69598],[-75.04788,3.69585],[-75.04808,3.69563],[-75.04822,3.69551],[-75.04863,3.69529],[-75.04955,3.69474],[-75.04993,3.69453],[-75.05032,3.69423],[-75.0509,3.69358],[-75.05118,3.69331],[-75.0513,3.69325],[-75.05139,3.69322],[-75.05147,3.69322],[-75.05156,3.69321],[-75.05164,3.69321],[-75.05183,3.69328],[-75.05346,3.69416],[-75.05474,3.69487],[-75.05505,3.69504],[-75.05526,3.69511],[-75.05546,3.69514],[-75.05755,3.69525],[-75.06005,3.69528],[-75.06033,3.69524],[-75.06075,3.69505],[-75.06646,3.69212],[-75.06669,3.69204],[-75.06684,3.69201],[-75.06704,3.69204],[-75.07053,3.69466],[-75.07088,3.6948],[-75.07526,3.69659],[-75.07537,3.69666],[-75.07548,3.69674],[-75.07558,3.69684],[-75.07601,3.69741],[-75.07646,3.69797],[-75.07668,3.69812],[-75.07686,3.69821],[-75.07696,3.69825],[-75.07706,3.69829],[-75.07712,3.69831],[-75.0772,3.69832],[-75.07729,3.69832],[-75.07948,3.69785],[-75.07958,3.69784],[-75.07965,3.69783],[-75.07972,3.69783],[-75.07984,3.69783],[-75.07995,3.69784],[-75.08017,3.69789],[-75.08063,3.69796],[-75.08152,3.69812],[-75.08286,3.69834],[-75.08305,3.69838],[-75.08324,3.69845],[-75.08339,3.69853],[-75.08355,3.69868],[-75.08366,3.69885],[-75.08372,3.69901],[-75.08375,3.69915],[-75.08359,3.70041],[-75.0836,3.70052],[-75.08362,3.70061],[-75.08372,3.70089],[-75.08384,3.70108],[-75.08404,3.70129],[-75.08426,3.7014],[-75.08448,3.70145],[-75.0847,3.70145],[-75.08873,3.70053],[-75.08892,3.7005],[-75.08908,3.70049],[-75.09091,3.70084],[-75.09227,3.70114],[-75.09236,3.70118],[-75.09245,3.70124],[-75.09254,3.7013],[-75.0927,3.70146],[-75.0928,3.70156],[-75.09287,3.70161],[-75.09294,3.70165],[-75.09304,3.70169],[-75.09328,3.70173],[-75.09434,3.70186],[-75.09548,3.70198],[-75.09696,3.70214],[-75.09708,3.70212],[-75.09721,3.70209],[-75.09734,3.70201],[-75.09745,3.70194],[-75.09755,3.70185],[-75.0977,3.70164],[-75.09789,3.70156],[-75.09804,3.70149],[-75.0987,3.70133],[-75.09907,3.70123],[-75.09946,3.70116],[-75.09961,3.70114],[-75.10058,3.70113],[-75.10076,3.70114],[-75.10203,3.70164],[-75.10264,3.70186],[-75.10326,3.702],[-75.10426,3.7022],[-75.10508,3.70245],[-75.10546,3.70256],[-75.10586,3.70264],[-75.1072,3.70275],[-75.10856,3.70282],[-75.10936,3.70279],[-75.10977,3.70276],[-75.11013,3.70272],[-75.11054,3.70261],[-75.11075,3.70253],[-75.11096,3.70244],[-75.11115,3.70231],[-75.11132,3.70217],[-75.11198,3.70146],[-75.11217,3.70137],[-75.11233,3.70135],[-75.11249,3.70135],[-75.11478,3.70178],[-75.1151,3.70194],[-75.11542,3.70216],[-75.11633,3.70286],[-75.11713,3.70372],[-75.11745,3.70404],[-75.11836,3.70457],[-75.11896,3.70474],[-75.11942,3.70497],[-75.11957,3.70508]]},"properties":{"NIVEL_PROP":"N3-Terciaria"}},{"type":"Feature","geometry":{"type":"LineString","coordinates":[[-75.11957,3.70508],[-75.11966,3.70511]]},"properties":{"NIVEL_PROP":"N3-Terciaria"}},{"type":"Feature","geometry":{"type":"LineString","coordinates":[[-75.22132,3.93013],[-75.22207,3.93037]]},"properties":{"NIVEL_PROP":"N3-Terciaria"}},{"type":"Feature","geometry":{"type":"LineString","coordinates":[[-75.29452,3.81381],[-75.29441,3.81384],[-75.29378,3.81359],[-75.29351,3.81346],[-75.29314,3.81343],[-75.2927,3.81348],[-75.29245,3.81357],[-75.29226,3.81361],[-75.29217,3.81387],[-75.29213,3.8141],[-75.2922,3.8143],[-75.29227,3.81456]]},"properties":{"NIVEL_PROP":"N3-Terciaria"}},{"type":"Feature","geometry":{"type":"LineString","coordinates":[[-75.10015,3.53695],[-75.09979,3.53684],[-75.09971,3.53676],[-75.09968,3.53665]]},"properties":{"NIVEL_PROP":"N3-Terciaria"}},{"type":"Feature","geometry":{"type":"LineString","coordinates":[[-75.15939,3.92135],[-75.15944,3.92124],[-75.15961,3.92112],[-75.1599,3.92098],[-75.16023,3.92079],[-75.16046,3.92066],[-75.16052,3.92058],[-75.16048,3.92046],[-75.16036,3.92042],[-75.16017,3.9204],[-75.16002,3.92035],[-75.15987,3.9202],[-75.15982,3.92003],[-75.15983,3.91986],[-75.15991,3.91973],[-75.16003,3.91965],[-75.16021,3.9196],[-75.16033,3.91949],[-75.16045,3.91941],[-75.16067,3.91936]]},"properties":{"NIVEL_PROP":"N3-Terciaria"}},{"type":"Feature","geometry":{"type":"LineString","coordinates":[[-75.09524,3.61863],[-75.09431,3.61835],[-75.0936,3.61814],[-75.09277,3.61789],[-75.09191,3.61763],[-75.09097,3.6175],[-75.09063,3.61744]]},"properties":{"NIVEL_PROP":"N3-Terciaria"}},{"type":"Feature","geometry":{"type":"LineString","coordinates":[[-75.05026,3.60741],[-75.05032,3.60732],[-75.05064,3.60667],[-75.05069,3.60662],[-75.05074,3.6066],[-75.05081,3.6066],[-75.05101,3.60664]]},"properties":{"NIVEL_PROP":"N3-Servicio"}},{"type":"Feature","geometry":{"type":"LineString","coordinates":[[-75.19373,3.79145],[-75.19359,3.79196],[-75.19357,3.79207],[-75.19353,3.79239],[-75.1935,3.79284],[-75.19347,3.79309],[-75.19342,3.79351],[-75.19335,3.79405],[-75.19331,3.7945],[-75.19324,3.79502]]},"properties":{"NIVEL_PROP":"N3-Terciaria"}},{"type":"Feature","geometry":{"type":"LineString","coordinates":[[-75.27228,3.86582],[-75.27239,3.86581],[-75.27251,3.86576],[-75.27355,3.86548],[-75.27435,3.86529],[-75.27476,3.8652],[-75.27497,3.86525],[-75.27515,3.86537],[-75.27559,3.86591],[-75.27608,3.86634],[-75.2764,3.86671],[-75.27664,3.86713],[-75.27696,3.86793],[-75.27729,3.86844],[-75.27775,3.86916],[-75.27806,3.8697],[-75.27833,3.86993],[-75.27899,3.87025],[-75.2793,3.87063],[-75.27963,3.87085],[-75.27997,3.87093],[-75.28054,3.87103],[-75.28081,3.87112],[-75.28089,3.87121],[-75.281,3.87135],[-75.28147,3.87176],[-75.28162,3.87177],[-75.28286,3.87103],[-75.28323,3.8709],[-75.28355,3.87098],[-75.28407,3.8714],[-75.2847,3.87203],[-75.28526,3.87225],[-75.28597,3.87264],[-75.28623,3.87287],[-75.28629,3.87304],[-75.28627,3.8734],[-75.28637,3.87367],[-75.28667,3.87384],[-75.2872,3.87378],[-75.28748,3.87393],[-75.28782,3.87404],[-75.28836,3.87455],[-75.28834,3.87496],[-75.28863,3.876],[-75.28898,3.87725],[-75.28933,3.87773],[-75.2897,3.87817],[-75.29017,3.87914],[-75.29064,3.88022],[-75.29079,3.88051],[-75.29102,3.88069],[-75.29151,3.88079],[-75.29188,3.88079],[-75.29225,3.88072],[-75.29308,3.8805],[-75.29327,3.88056],[-75.29344,3.88069],[-75.29366,3.88071],[-75.29362,3.88083],[-75.29378,3.88116],[-75.29389,3.88128],[-75.29423,3.88141],[-75.29445,3.88128],[-75.29459,3.88124],[-75.29474,3.88127],[-75.29504,3.88156],[-75.29561,3.88207],[-75.29617,3.88245],[-75.29688,3.8829],[-75.29695,3.88301],[-75.29695,3.88316],[-75.29675,3.88341],[-75.29649,3.8841],[-75.29677,3.88493],[-75.29673,3.88551],[-75.29679,3.88582],[-75.29698,3.88598],[-75.29701,3.88617],[-75.29666,3.88654],[-75.29664,3.88716],[-75.29672,3.88766],[-75.29681,3.88877],[-75.29687,3.88922],[-75.29684,3.88976],[-75.29695,3.89042],[-75.29714,3.89084],[-75.29778,3.89179],[-75.2984,3.89201],[-75.29879,3.8925],[-75.2995,3.89305],[-75.30012,3.89335],[-75.30096,3.89418],[-75.30166,3.89464],[-75.30292,3.89531],[-75.30349,3.89557],[-75.30392,3.89619],[-75.30495,3.8972],[-75.30578,3.89801],[-75.30652,3.89891],[-75.30729,3.9008],[-75.30765,3.90164],[-75.3082,3.90289],[-75.30851,3.9039],[-75.30866,3.90441],[-75.30904,3.90486],[-75.31003,3.90756],[-75.31006,3.90844],[-75.31027,3.90919],[-75.31048,3.90979],[-75.31041,3.9102],[-75.31047,3.91052],[-75.31076,3.91092],[-75.31175,3.91244],[-75.31233,3.91379],[-75.31364,3.91558],[-75.31462,3.91642],[-75.31568,3.91698],[-75.31623,3.91685],[-75.31642,3.91658],[-75.31646,3.91642]]},"properties":{"NIVEL_PROP":"N3-Terciaria"}},{"type":"Feature","geometry":{"type":"LineString","coordinates":[[-75.26394,3.90738],[-75.26393,3.90725],[-75.26378,3.90692],[-75.26372,3.90673],[-75.26373,3.90657],[-75.26383,3.90641],[-75.26385,3.90631],[-75.26383,3.90621],[-75.26379,3.90611],[-75.26378,3.90603],[-75.26383,3.90575],[-75.26383,3.90551],[-75.26392,3.90526],[-75.26391,3.905],[-75.26397,3.90459],[-75.26396,3.90444],[-75.26381,3.90437],[-75.26374,3.9043],[-75.26365,3.90396],[-75.26365,3.90358],[-75.26379,3.90324],[-75.26384,3.90301],[-75.26379,3.90266],[-75.2637,3.90211],[-75.26352,3.9016],[-75.26328,3.901],[-75.26316,3.90062],[-75.2633,3.90037],[-75.2633,3.90009],[-75.26334,3.89977],[-75.26343,3.89953],[-75.26351,3.89921],[-75.26358,3.8989],[-75.26352,3.89858],[-75.26359,3.89804],[-75.26359,3.89785],[-75.26345,3.89777],[-75.26333,3.89766],[-75.26321,3.89721],[-75.2631,3.89691],[-75.26292,3.89639],[-75.26273,3.89593]]},"properties":{"NIVEL_PROP":"N3-Terciaria"}},{"type":"Feature","geometry":{"type":"LineString","coordinates":[[-75.02688,3.81551],[-75.0269,3.81545],[-75.02694,3.81539],[-75.02699,3.81535]]},"properties":{"NIVEL_PROP":"N3-Terciaria"}},{"type":"Feature","geometry":{"type":"LineString","coordinates":[[-75.13191,3.82719],[-75.13081,3.82793],[-75.1307,3.82798],[-75.13059,3.82797],[-75.12929,3.82701],[-75.12874,3.82629],[-75.12763,3.82506],[-75.12748,3.82494],[-75.12639,3.82443],[-75.12593,3.82402],[-75.12575,3.82386],[-75.12492,3.82236],[-75.12471,3.82213],[-75.12422,3.82176],[-75.12401,3.8213],[-75.12382,3.82088],[-75.12328,3.81991],[-75.12322,3.81915],[-75.12221,3.8179],[-75.12198,3.81752],[-75.12179,3.8168],[-75.12157,3.81602],[-75.12131,3.81552],[-75.12082,3.81495],[-75.11935,3.81399],[-75.1189,3.81394],[-75.11806,3.81372],[-75.11755,3.81357],[-75.11721,3.81352],[-75.11701,3.8135],[-75.11666,3.8134],[-75.11652,3.81334],[-75.11587,3.81288],[-75.11563,3.81274],[-75.11534,3.81262],[-75.11524,3.81254],[-75.11515,3.81244],[-75.11495,3.81207],[-75.11487,3.81193],[-75.11476,3.81181],[-75.11411,3.81127],[-75.11324,3.81058],[-75.11306,3.81042],[-75.11287,3.81021],[-75.11279,3.81015],[-75.11263,3.81009],[-75.11245,3.81003],[-75.11178,3.81],[-75.11135,3.80996],[-75.11053,3.8097],[-75.11031,3.80961],[-75.11011,3.80948],[-75.11001,3.80938],[-75.10991,3.80929],[-75.10972,3.80917],[-75.10946,3.80906],[-75.10869,3.8088],[-75.10854,3.80876],[-75.10661,3.80868],[-75.10653,3.8087],[-75.10609,3.80885],[-75.10599,3.80887],[-75.10588,3.80888]]},"properties":{"NIVEL_PROP":"N3-Terciaria"}},{"type":"Feature","geometry":{"type":"LineString","coordinates":[[-75.1545,3.90112],[-75.15471,3.90071],[-75.15487,3.90052],[-75.15514,3.90036],[-75.15541,3.90023],[-75.15599,3.89972],[-75.15642,3.89946],[-75.15658,3.8994],[-75.15676,3.89933],[-75.15691,3.89924],[-75.15691,3.89909],[-75.15689,3.89886],[-75.15697,3.89874],[-75.15737,3.89844],[-75.15748,3.89826],[-75.15748,3.89793],[-75.1574,3.89783],[-75.15654,3.89774],[-75.15576,3.89773],[-75.15541,3.89765],[-75.15524,3.89759]]},"properties":{"NIVEL_PROP":"N3-Terciaria"}},{"type":"Feature","geometry":{"type":"LineString","coordinates":[[-75.09766,3.62204],[-75.09763,3.62225],[-75.0976,3.62242],[-75.09745,3.62305],[-75.09733,3.62348],[-75.09719,3.62389],[-75.09692,3.62458]]},"properties":{"NIVEL_PROP":"N3-Terciaria"}},{"type":"Feature","geometry":{"type":"LineString","coordinates":[[-75.12213,3.98614],[-75.12215,3.98618],[-75.1222,3.98631],[-75.12218,3.98644]]},"properties":{"NIVEL_PROP":"N3-Terciaria"}},{"type":"Feature","geometry":{"type":"LineString","coordinates":[[-75.14727,3.48835],[-75.14699,3.48761],[-75.14691,3.48751],[-75.14669,3.48733],[-75.14625,3.48703],[-75.1459,3.48668],[-75.14563,3.48632],[-75.14522,3.48593],[-75.14478,3.48573]]},"properties":{"NIVEL_PROP":"N3-Camino vecinal"}},{"type":"Feature","geometry":{"type":"LineString","coordinates":[[-75.15274,3.85952],[-75.15269,3.85933],[-75.14977,3.85654],[-75.14873,3.85513],[-75.14766,3.85407],[-75.14753,3.85391],[-75.14744,3.85379],[-75.14739,3.85366],[-75.14736,3.85353],[-75.14736,3.85342],[-75.14738,3.85336],[-75.14741,3.85328],[-75.14746,3.85321],[-75.14758,3.85308],[-75.14782,3.85282],[-75.14791,3.8527],[-75.14799,3.85258],[-75.14811,3.85241],[-75.14816,3.85234],[-75.14829,3.85223],[-75.14835,3.85217],[-75.14839,3.85212],[-75.14854,3.8519],[-75.1486,3.85183],[-75.14871,3.85173],[-75.14934,3.85126],[-75.14976,3.85037],[-75.15066,3.85006],[-75.15123,3.84958],[-75.15167,3.84888],[-75.15207,3.84849],[-75.15419,3.84738],[-75.15465,3.84719],[-75.15507,3.84713],[-75.15513,3.84697],[-75.15535,3.84681],[-75.15582,3.84656],[-75.15589,3.84642],[-75.15594,3.846],[-75.15659,3.84566],[-75.15687,3.84529],[-75.15697,3.84494],[-75.15723,3.8447],[-75.15765,3.84454],[-75.15801,3.84454],[-75.15814,3.84442],[-75.15843,3.84394],[-75.15853,3.84361],[-75.1586,3.8423],[-75.15851,3.84104],[-75.15856,3.84005],[-75.15839,3.83903],[-75.15832,3.83795],[-75.15837,3.83765],[-75.15852,3.83702],[-75.15869,3.83681],[-75.15899,3.83656],[-75.15943,3.83644],[-75.15969,3.83651],[-75.15976,3.83644],[-75.15969,3.83614],[-75.15926,3.83576],[-75.15933,3.83528],[-75.15909,3.83498],[-75.15904,3.83481],[-75.15969,3.83346],[-75.16005,3.83243],[-75.15997,3.83227],[-75.15899,3.83186],[-75.15769,3.83117],[-75.15762,3.83105],[-75.15767,3.83083],[-75.15834,3.82977],[-75.15853,3.82924],[-75.1588,3.82807],[-75.15865,3.82677],[-75.15864,3.82592],[-75.15847,3.82525],[-75.15844,3.82489],[-75.15848,3.82371],[-75.15911,3.82172],[-75.15902,3.82111],[-75.15879,3.82055],[-75.15874,3.81977],[-75.15922,3.81934],[-75.15931,3.81901],[-75.15931,3.81841],[-75.15966,3.81756],[-75.16044,3.817],[-75.16055,3.8163],[-75.16044,3.81589],[-75.16062,3.81541],[-75.16058,3.81488],[-75.16085,3.81423],[-75.16105,3.8123],[-75.16147,3.81172],[-75.16193,3.8108],[-75.16263,3.80884]]},"properties":{"NIVEL_PROP":"N3-Terciaria"}},{"type":"Feature","geometry":{"type":"LineString","coordinates":[[-75.02297,3.69304],[-75.02428,3.69515],[-75.02609,3.69812],[-75.02698,3.70292],[-75.02719,3.70341],[-75.02775,3.70428],[-75.02864,3.70596],[-75.02881,3.7063],[-75.0289,3.70643]]},"properties":{"NIVEL_PROP":"N3-Terciaria"}},{"type":"Feature","geometry":{"type":"LineString","coordinates":[[-75.19378,3.80011],[-75.19363,3.80015]]},"properties":{"NIVEL_PROP":"N3-Terciaria"}},{"type":"Feature","geometry":{"type":"LineString","coordinates":[[-75.22206,3.93087],[-75.22202,3.93097],[-75.22151,3.93162],[-75.22141,3.93153]]},"properties":{"NIVEL_PROP":"N3-Terciaria"}},{"type":"Feature","geometry":{"type":"LineString","coordinates":[[-75.06018,3.82152],[-75.06027,3.82143],[-75.06032,3.8214],[-75.06038,3.82137],[-75.06053,3.82131],[-75.06069,3.82129],[-75.0611,3.82115],[-75.06121,3.82112],[-75.06132,3.82107],[-75.06144,3.82105],[-75.06152,3.82101],[-75.06157,3.82098],[-75.06167,3.8209]]},"properties":{"NIVEL_PROP":"Sendero"}},{"type":"Feature","geometry":{"type":"LineString","coordinates":[[-75.60574,4.01436],[-75.60581,4.01416],[-75.60568,4.01377],[-75.60564,4.01346],[-75.60564,4.01319],[-75.60568,4.01302],[-75.60582,4.01244],[-75.60586,4.01219],[-75.60589,4.01195],[-75.60591,4.01183],[-75.60609,4.01153]]},"properties":{"NIVEL_PROP":"N2-Secundaria"}},{"type":"Feature","geometry":{"type":"LineString","coordinates":[[-75.19396,3.80173],[-75.19427,3.80188],[-75.19435,3.80192]]},"properties":{"NIVEL_PROP":"N3-Terciaria"}},{"type":"Feature","geometry":{"type":"LineString","coordinates":[[-75.08427,3.66162],[-75.08452,3.66009],[-75.08735,3.64253],[-75.0884,3.63564]]},"properties":{"NIVEL_PROP":"N3-Terciaria"}},{"type":"Feature","geometry":{"type":"LineString","coordinates":[[-75.22563,3.93378],[-75.22571,3.93428],[-75.22568,3.93454]]},"properties":{"NIVEL_PROP":"N3-Terciaria"}},{"type":"Feature","geometry":{"type":"LineString","coordinates":[[-75.27179,3.99973],[-75.27184,3.99983],[-75.27235,4.00028],[-75.27299,4.00082],[-75.27351,4.00126],[-75.27434,4.00202]]},"properties":{"NIVEL_PROP":"N3-Terciaria"}},{"type":"Feature","geometry":{"type":"LineString","coordinates":[[-75.09255,3.63674],[-75.09259,3.63681],[-75.09262,3.63685],[-75.09267,3.63687],[-75.09271,3.63688],[-75.09277,3.63688]]},"properties":{"NIVEL_PROP":"N2-Secundaria"}},{"type":"Feature","geometry":{"type":"LineString","coordinates":[[-75.21979,3.93076],[-75.22009,3.93092],[-75.22016,3.93098],[-75.2204,3.93115],[-75.22068,3.93135],[-75.22091,3.93129]]},"properties":{"NIVEL_PROP":"N3-Terciaria"}},{"type":"Feature","geometry":{"type":"LineString","coordinates":[[-75.33383,3.81187],[-75.33296,3.81131],[-75.33227,3.81088],[-75.33135,3.81029]]},"properties":{"NIVEL_PROP":"N3-Terciaria"}},{"type":"Feature","geometry":{"type":"LineString","coordinates":[[-75.26771,3.79169],[-75.26781,3.7922],[-75.26779,3.79245],[-75.26768,3.79281],[-75.26769,3.79287],[-75.26776,3.79292],[-75.26838,3.79294],[-75.26851,3.79298],[-75.26857,3.79308],[-75.26877,3.79386],[-75.26881,3.79437],[-75.26874,3.79455],[-75.26849,3.79491],[-75.26842,3.79515],[-75.26841,3.79537],[-75.2678,3.79606],[-75.26719,3.79697],[-75.2664,3.798],[-75.26656,3.80018],[-75.26621,3.80117],[-75.2656,3.80197],[-75.2656,3.80214],[-75.26561,3.80287],[-75.26549,3.80428],[-75.26552,3.80536],[-75.26565,3.80577],[-75.26553,3.80595],[-75.26534,3.80604],[-75.26507,3.80609],[-75.26485,3.80653],[-75.26482,3.80705],[-75.26477,3.80731],[-75.26455,3.80744],[-75.26341,3.80885],[-75.26319,3.8096],[-75.26336,3.8104],[-75.26358,3.81128],[-75.26349,3.81171],[-75.2634,3.81196],[-75.26315,3.81236],[-75.26307,3.81252],[-75.26295,3.81324],[-75.26287,3.81385],[-75.26277,3.81413],[-75.26259,3.81454],[-75.26243,3.81462],[-75.26225,3.81457],[-75.26211,3.81465],[-75.26185,3.81529],[-75.26164,3.81567],[-75.26131,3.81595],[-75.26119,3.81646],[-75.26114,3.81689],[-75.2613,3.81741],[-75.26136,3.81756],[-75.26128,3.81799],[-75.26149,3.81846],[-75.26161,3.81905],[-75.26148,3.81955],[-75.26122,3.8199],[-75.2608,3.82018],[-75.26021,3.82045],[-75.25973,3.8205],[-75.25939,3.82053],[-75.25901,3.82065],[-75.25862,3.82092],[-75.25862,3.8211],[-75.25869,3.82125],[-75.25865,3.82144],[-75.25842,3.8216],[-75.25828,3.82189],[-75.25828,3.82216],[-75.25819,3.82247],[-75.25782,3.82334],[-75.25763,3.82426],[-75.25751,3.82507],[-75.25672,3.82599],[-75.25613,3.82697],[-75.25559,3.82762],[-75.2553,3.82785],[-75.25479,3.82866],[-75.2543,3.82898],[-75.25389,3.82952],[-75.25302,3.83015],[-75.25236,3.83065],[-75.252,3.83094],[-75.25119,3.83137],[-75.2507,3.83196],[-75.25002,3.83212],[-75.24953,3.83214],[-75.24833,3.8324],[-75.24775,3.83245],[-75.24737,3.83253],[-75.24647,3.83236],[-75.24615,3.83229],[-75.24563,3.83229],[-75.24512,3.83218],[-75.24482,3.83228],[-75.24455,3.83241],[-75.24423,3.83239],[-75.24394,3.83238],[-75.24335,3.83286],[-75.24282,3.83315],[-75.24218,3.83355],[-75.24156,3.83406],[-75.24126,3.83423],[-75.24099,3.83466],[-75.24079,3.83508],[-75.24058,3.83528],[-75.23977,3.83572],[-75.23873,3.83625],[-75.23816,3.83651],[-75.23724,3.83661],[-75.23679,3.83677],[-75.23641,3.8371],[-75.23625,3.83744],[-75.23595,3.83784]]},"properties":{"NIVEL_PROP":"N3-Terciaria"}},{"type":"Feature","geometry":{"type":"LineString","coordinates":[[-75.11022,3.97221],[-75.11042,3.97159],[-75.11071,3.97104],[-75.11109,3.97039],[-75.11149,3.96949]]},"properties":{"NIVEL_PROP":"N3-Terciaria"}},{"type":"Feature","geometry":{"type":"LineString","coordinates":[[-75.04423,3.6971],[-75.04442,3.69663],[-75.04448,3.69626],[-75.04466,3.69593],[-75.04477,3.69581],[-75.04482,3.69571],[-75.04482,3.69561],[-75.04478,3.69539],[-75.04466,3.69502],[-75.04454,3.69476],[-75.04427,3.69439],[-75.04402,3.69411],[-75.04394,3.69398],[-75.04388,3.69385],[-75.0438,3.6936],[-75.04375,3.69267],[-75.0437,3.69226],[-75.04366,3.69142],[-75.04356,3.69139],[-75.04332,3.69121],[-75.04322,3.69106]]},"properties":{"NIVEL_PROP":"N3-Terciaria"}},{"type":"Feature","geometry":{"type":"LineString","coordinates":[[-75.10041,3.63852],[-75.10033,3.63825],[-75.10026,3.638],[-75.10023,3.63758],[-75.10018,3.63725],[-75.10011,3.63697],[-75.09999,3.63647],[-75.09973,3.63543],[-75.09905,3.63215],[-75.09874,3.63055],[-75.09868,3.6302],[-75.09858,3.62986],[-75.09834,3.62918]]},"properties":{"NIVEL_PROP":"N3-Terciaria"}},{"type":"Feature","geometry":{"type":"LineString","coordinates":[[-75.60716,4.0132],[-75.60678,4.01337],[-75.60633,4.01356]]},"properties":{"NIVEL_PROP":"N3-Terciaria"}},{"type":"Feature","geometry":{"type":"LineString","coordinates":[[-75.19335,3.79405],[-75.19381,3.79409],[-75.19418,3.79412]]},"properties":{"NIVEL_PROP":"N3-Terciaria"}},{"type":"Feature","geometry":{"type":"LineString","coordinates":[[-75.09429,3.62461],[-75.09349,3.62436],[-75.09255,3.62406],[-75.09177,3.62382],[-75.09106,3.6236]]},"properties":{"NIVEL_PROP":"N3-Terciaria"}},{"type":"Feature","geometry":{"type":"LineString","coordinates":[[-75.14622,3.86135],[-75.14619,3.86138],[-75.14618,3.8614],[-75.14617,3.8615],[-75.14614,3.8617],[-75.14612,3.86179],[-75.14609,3.86187],[-75.14603,3.86197],[-75.14584,3.86217],[-75.14581,3.86221],[-75.14577,3.86234],[-75.14575,3.8625],[-75.14573,3.86257],[-75.14569,3.86263],[-75.14565,3.86268],[-75.1456,3.86271],[-75.14529,3.86285],[-75.14497,3.863],[-75.1448,3.86313],[-75.14471,3.86323],[-75.14466,3.8633],[-75.14465,3.86336],[-75.14465,3.86344],[-75.14466,3.86363],[-75.14464,3.86371],[-75.14458,3.8638],[-75.14448,3.86386],[-75.14431,3.86391],[-75.14375,3.86411]]},"properties":{"NIVEL_PROP":"N3-Terciaria"}},{"type":"Feature","geometry":{"type":"LineString","coordinates":[[-75.2169,3.9253],[-75.21681,3.92533],[-75.21577,3.92567]]},"properties":{"NIVEL_PROP":"N3-Terciaria"}},{"type":"Feature","geometry":{"type":"LineString","coordinates":[[-75.06712,3.82212],[-75.06719,3.82195]]},"properties":{"NIVEL_PROP":"N3-Terciaria"}},{"type":"Feature","geometry":{"type":"LineString","coordinates":[[-75.11457,3.78016],[-75.11397,3.78028],[-75.11373,3.78033],[-75.11283,3.7805],[-75.11254,3.78055],[-75.11245,3.78056],[-75.1124,3.78057],[-75.11212,3.7806]]},"properties":{"NIVEL_PROP":"N3-Terciaria"}},{"type":"Feature","geometry":{"type":"LineString","coordinates":[[-75.10255,3.53647],[-75.10222,3.53633],[-75.10192,3.53626],[-75.10161,3.53624],[-75.10107,3.53618],[-75.10094,3.53606],[-75.10063,3.53583],[-75.10029,3.53558],[-75.10026,3.53547],[-75.10021,3.53529],[-75.10012,3.53515],[-75.10001,3.53503],[-75.09967,3.53466]]},"properties":{"NIVEL_PROP":"N3-Terciaria"}},{"type":"Feature","geometry":{"type":"LineString","coordinates":[[-75.09998,3.54441],[-75.09983,3.5445],[-75.09965,3.54465],[-75.09953,3.54483],[-75.09944,3.54494],[-75.09928,3.5451],[-75.09922,3.54522],[-75.09919,3.54542],[-75.09915,3.54556],[-75.09911,3.54561],[-75.09905,3.54561],[-75.09872,3.54556],[-75.09858,3.54554],[-75.09844,3.54556],[-75.09818,3.54563],[-75.09748,3.54564]]},"properties":{"NIVEL_PROP":"N3-Terciaria"}},{"type":"Feature","geometry":{"type":"LineString","coordinates":[[-75.09735,3.61914],[-75.09682,3.61905]]},"properties":{"NIVEL_PROP":"N3-Terciaria"}},{"type":"Feature","geometry":{"type":"LineString","coordinates":[[-75.20079,3.74743],[-75.20079,3.74764]]},"properties":{"NIVEL_PROP":"N3-Terciaria"}},{"type":"Feature","geometry":{"type":"LineString","coordinates":[[-75.09967,3.53466],[-75.09991,3.53423],[-75.10026,3.53387],[-75.1004,3.53372],[-75.10105,3.533],[-75.10122,3.53279],[-75.10134,3.53261],[-75.10148,3.53254]]},"properties":{"NIVEL_PROP":"N3-Terciaria"}},{"type":"Feature","geometry":{"type":"LineString","coordinates":[[-75.15329,3.93931],[-75.15447,3.9397]]},"properties":{"NIVEL_PROP":"N3-Terciaria"}},{"type":"Feature","geometry":{"type":"LineString","coordinates":[[-75.13178,3.89776],[-75.13135,3.90115],[-75.13079,3.90209],[-75.13054,3.90223],[-75.12984,3.90252],[-75.12916,3.90269],[-75.12896,3.90272],[-75.12895,3.90294],[-75.12895,3.90381],[-75.12894,3.90456],[-75.12869,3.90521],[-75.12859,3.90528],[-75.12833,3.9052],[-75.12817,3.90513],[-75.12805,3.90509]]},"properties":{"NIVEL_PROP":"N3-Terciaria"}},{"type":"Feature","geometry":{"type":"LineString","coordinates":[[-75.11071,3.52911],[-75.11147,3.52889],[-75.11164,3.52883],[-75.11176,3.52881],[-75.11191,3.52879],[-75.11226,3.52875],[-75.11239,3.52872],[-75.11261,3.52866],[-75.11302,3.52854],[-75.11359,3.52832],[-75.11396,3.52819],[-75.11467,3.52797],[-75.11478,3.52795],[-75.11502,3.52792],[-75.11526,3.5279],[-75.11544,3.52788],[-75.11561,3.52784],[-75.11585,3.52775],[-75.11612,3.52761],[-75.11619,3.52759],[-75.11625,3.52758],[-75.11653,3.52754],[-75.11679,3.52754],[-75.11692,3.52755],[-75.11704,3.52757],[-75.11712,3.52759],[-75.11718,3.52763],[-75.11725,3.52768],[-75.11733,3.52773],[-75.1174,3.52777],[-75.11759,3.52783],[-75.11829,3.52811],[-75.11848,3.52819],[-75.11903,3.52841],[-75.1197,3.52865],[-75.11993,3.52871],[-75.12009,3.5287],[-75.12023,3.52869],[-75.12041,3.52865],[-75.12058,3.52859],[-75.12082,3.52851],[-75.12106,3.52841],[-75.12126,3.52839],[-75.12142,3.52839],[-75.12153,3.52841],[-75.12175,3.52851],[-75.12188,3.52857],[-75.122,3.52864],[-75.12216,3.52879],[-75.12242,3.52923],[-75.12257,3.52944],[-75.12262,3.52949],[-75.12267,3.52952],[-75.12275,3.52956],[-75.1232,3.52973],[-75.1234,3.52977],[-75.1236,3.52979],[-75.12376,3.52977],[-75.12437,3.52969],[-75.12471,3.52965],[-75.12487,3.52964],[-75.12492,3.52964],[-75.12498,3.52966],[-75.12514,3.52976],[-75.12522,3.52979],[-75.12527,3.52981],[-75.12532,3.52982],[-75.12539,3.52983],[-75.12551,3.52984],[-75.12578,3.53]]},"properties":{"NIVEL_PROP":"N3-Terciaria"}},{"type":"Feature","geometry":{"type":"LineString","coordinates":[[-75.16914,3.91191],[-75.16912,3.91165]]},"properties":{"NIVEL_PROP":"N3-Terciaria"}},{"type":"Feature","geometry":{"type":"LineString","coordinates":[[-75.22047,3.93685],[-75.22017,3.93668],[-75.22009,3.93661],[-75.21999,3.93647],[-75.21986,3.93628],[-75.21972,3.93596]]},"properties":{"NIVEL_PROP":"N3-Terciaria"}},{"type":"Feature","geometry":{"type":"LineString","coordinates":[[-75.147,3.93247],[-75.1475,3.93225],[-75.14801,3.93212],[-75.14853,3.93206],[-75.14874,3.93192],[-75.14886,3.93172],[-75.14888,3.93159],[-75.14889,3.93019],[-75.14882,3.92949],[-75.14903,3.92855],[-75.14902,3.92817],[-75.14934,3.92801],[-75.14987,3.92793],[-75.15033,3.92791],[-75.15065,3.92787],[-75.15079,3.92779],[-75.15091,3.9276],[-75.15105,3.92708],[-75.15127,3.92663],[-75.1515,3.92638],[-75.15174,3.9262],[-75.15183,3.92608],[-75.15185,3.92581],[-75.15191,3.92556],[-75.15197,3.92527],[-75.15218,3.925],[-75.15222,3.92481],[-75.15229,3.92461],[-75.1524,3.92457],[-75.15254,3.92475]]},"properties":{"NIVEL_PROP":"N3-Terciaria"}},{"type":"Feature","geometry":{"type":"LineString","coordinates":[[-75.31921,3.91854],[-75.31913,3.9183],[-75.31914,3.91817],[-75.31902,3.91795],[-75.31895,3.91773],[-75.31888,3.91737],[-75.31878,3.91711],[-75.31865,3.91679],[-75.31857,3.91658],[-75.31807,3.91634],[-75.31747,3.91607],[-75.31724,3.91588],[-75.31714,3.91587],[-75.31706,3.91591],[-75.31657,3.91641],[-75.31646,3.91642],[-75.31636,3.91648],[-75.31628,3.91663],[-75.31616,3.91668],[-75.31606,3.91662],[-75.31603,3.91656],[-75.31598,3.91614],[-75.31622,3.91551],[-75.31637,3.91513],[-75.31651,3.91485],[-75.3169,3.91464],[-75.31696,3.91438],[-75.31718,3.91422],[-75.31747,3.91446],[-75.31779,3.91432],[-75.31857,3.91453],[-75.31893,3.91457],[-75.3195,3.91434],[-75.31976,3.91407],[-75.32004,3.91396],[-75.3203,3.91395],[-75.32045,3.9138],[-75.32066,3.9137],[-75.32073,3.91363],[-75.32076,3.91329],[-75.32086,3.91298],[-75.32114,3.91269],[-75.32175,3.91243],[-75.32229,3.91214],[-75.32246,3.91192],[-75.3227,3.91145],[-75.32303,3.91105],[-75.32327,3.9105],[-75.32345,3.91023],[-75.32373,3.90992],[-75.32394,3.9092],[-75.32403,3.90897],[-75.32435,3.90855],[-75.32456,3.90835],[-75.32464,3.90813],[-75.32471,3.90793],[-75.32471,3.90769],[-75.32464,3.90725],[-75.32468,3.90718],[-75.32475,3.90712],[-75.32564,3.90617],[-75.32571,3.90574],[-75.32548,3.90545],[-75.32536,3.90542],[-75.3253,3.9053],[-75.32541,3.90509],[-75.32554,3.90492],[-75.32577,3.90473],[-75.32568,3.90442],[-75.32568,3.90406],[-75.32554,3.90368],[-75.32551,3.90339],[-75.32564,3.9032],[-75.32581,3.90312],[-75.32606,3.90303],[-75.32627,3.90315],[-75.32655,3.90317],[-75.32672,3.90307],[-75.32678,3.90294],[-75.32683,3.90278],[-75.32694,3.90267],[-75.32729,3.90257],[-75.32754,3.90232],[-75.32764,3.90202],[-75.32771,3.9019],[-75.32784,3.90172],[-75.32801,3.90159],[-75.32855,3.90123],[-75.32868,3.90091],[-75.32876,3.90072],[-75.3289,3.90066],[-75.32927,3.90047],[-75.32999,3.9002],[-75.33077,3.90001],[-75.33106,3.89999],[-75.33131,3.89987],[-75.3315,3.89978],[-75.33169,3.89959],[-75.33187,3.89958],[-75.3321,3.89963],[-75.33231,3.89975],[-75.33251,3.8999],[-75.33278,3.89999],[-75.33304,3.9001],[-75.33307,3.90023],[-75.33322,3.90037],[-75.33367,3.90056],[-75.33391,3.90064],[-75.33414,3.90064],[-75.33434,3.90049],[-75.33448,3.90025],[-75.33462,3.90021],[-75.33483,3.90006],[-75.33497,3.89995],[-75.33514,3.90007],[-75.33526,3.9002],[-75.33536,3.90014],[-75.33561,3.89987],[-75.33573,3.89963],[-75.33594,3.89954],[-75.33611,3.89969],[-75.33639,3.90009],[-75.33667,3.90023],[-75.33719,3.90037],[-75.33774,3.90043],[-75.33825,3.90083],[-75.33861,3.90098],[-75.33919,3.90101],[-75.33957,3.90116],[-75.34011,3.90129],[-75.34047,3.90128],[-75.34076,3.90109],[-75.34105,3.90068],[-75.34129,3.9006],[-75.34148,3.9002],[-75.34153,3.8999],[-75.34147,3.89949],[-75.34141,3.89926],[-75.34114,3.89917],[-75.34102,3.89911],[-75.34104,3.89875],[-75.34116,3.89848],[-75.3415,3.8982],[-75.34161,3.89777],[-75.34175,3.8974],[-75.34185,3.89699],[-75.34214,3.89669],[-75.34231,3.89662],[-75.34256,3.89663],[-75.34318,3.89664],[-75.34368,3.8965],[-75.34394,3.89633],[-75.34411,3.89625],[-75.34448,3.89628],[-75.34471,3.89621],[-75.34507,3.89608],[-75.34524,3.89605],[-75.34541,3.89585],[-75.34559,3.89573],[-75.34608,3.89562],[-75.34636,3.89545],[-75.34645,3.89542],[-75.34677,3.8951],[-75.34692,3.89496],[-75.34711,3.89483],[-75.34754,3.89453],[-75.34761,3.89432],[-75.34762,3.89414],[-75.34753,3.89383],[-75.34768,3.89353],[-75.34799,3.89326],[-75.34825,3.89311],[-75.34841,3.89292],[-75.34843,3.89285]]},"properties":{"NIVEL_PROP":"N3-Terciaria"}},{"type":"Feature","geometry":{"type":"LineString","coordinates":[[-75.33257,3.8135],[-75.33267,3.81419],[-75.33283,3.81466],[-75.33341,3.81547],[-75.3342,3.81622],[-75.33493,3.81675],[-75.33496,3.81677],[-75.33552,3.81725],[-75.3362,3.81845],[-75.33688,3.81945],[-75.33756,3.82073],[-75.33799,3.8211],[-75.33935,3.82176],[-75.34014,3.82194],[-75.34086,3.82226],[-75.34154,3.82254],[-75.34203,3.82292],[-75.34235,3.82345],[-75.34293,3.82401],[-75.34322,3.8242]]},"properties":{"NIVEL_PROP":"N3-Terciaria"}},{"type":"Feature","geometry":{"type":"LineString","coordinates":[[-75.16531,3.69862],[-75.16535,3.69878],[-75.16561,3.69919]]},"properties":{"NIVEL_PROP":"N3-Terciaria"}},{"type":"Feature","geometry":{"type":"LineString","coordinates":[[-75.09806,3.62609],[-75.09803,3.62573]]},"properties":{"NIVEL_PROP":"N3-Terciaria"}},{"type":"Feature","geometry":{"type":"LineString","coordinates":[[-75.05476,3.77413],[-75.05453,3.77415],[-75.05429,3.77419],[-75.05397,3.77425],[-75.05354,3.77437],[-75.05342,3.77439],[-75.05332,3.77441],[-75.05319,3.77442],[-75.05295,3.77442],[-75.05214,3.77436],[-75.04786,3.7741],[-75.04575,3.77394],[-75.04224,3.7736],[-75.04219,3.77356],[-75.04218,3.77347],[-75.04283,3.77194],[-75.04567,3.76487],[-75.04579,3.76453],[-75.04582,3.76441],[-75.04585,3.76426],[-75.04587,3.76416],[-75.04589,3.76403],[-75.04591,3.76377],[-75.04591,3.76372],[-75.04591,3.76367],[-75.04588,3.76343],[-75.04586,3.76323],[-75.04587,3.76275],[-75.04592,3.76176],[-75.04594,3.76123],[-75.04598,3.76073],[-75.046,3.76054],[-75.04616,3.75953],[-75.04616,3.75944],[-75.04616,3.75933],[-75.0461,3.75878],[-75.04607,3.75854],[-75.04605,3.75838],[-75.04603,3.75823],[-75.04604,3.75791],[-75.04609,3.75779],[-75.04611,3.7577],[-75.04614,3.75756],[-75.04615,3.75747],[-75.04615,3.75736],[-75.04616,3.75726],[-75.04614,3.75715],[-75.046,3.75673],[-75.04598,3.75666],[-75.04596,3.75662],[-75.04594,3.75659],[-75.04591,3.75657],[-75.04587,3.75654],[-75.04558,3.75643],[-75.04553,3.7564],[-75.04547,3.75637],[-75.04545,3.75635],[-75.04544,3.75632],[-75.04543,3.75627],[-75.04544,3.75623],[-75.04561,3.75571],[-75.04563,3.75566],[-75.04563,3.75564],[-75.04563,3.75562],[-75.04561,3.75559],[-75.04557,3.75557],[-75.04496,3.75526],[-75.04488,3.75522],[-75.04487,3.7552],[-75.04486,3.75518],[-75.04486,3.75515],[-75.04487,3.7551],[-75.04488,3.75502],[-75.04503,3.75425],[-75.04515,3.75354]]},"properties":{"NIVEL_PROP":"N3-Terciaria"}},{"type":"Feature","geometry":{"type":"LineString","coordinates":[[-75.22009,3.93092],[-75.22022,3.93083],[-75.22031,3.93073]]},"properties":{"NIVEL_PROP":"N3-Terciaria"}},{"type":"Feature","geometry":{"type":"LineString","coordinates":[[-75.06289,3.82169],[-75.06291,3.82172],[-75.06306,3.82179]]},"properties":{"NIVEL_PROP":"N3-Servicio"}},{"type":"Feature","geometry":{"type":"LineString","coordinates":[[-75.16685,3.74647],[-75.166,3.74651]]},"properties":{"NIVEL_PROP":"N3-Camino vecinal"}},{"type":"Feature","geometry":{"type":"LineString","coordinates":[[-75.07194,3.82303],[-75.07192,3.82285],[-75.07186,3.82248],[-75.07173,3.82181]]},"properties":{"NIVEL_PROP":"N3-Servicio"}},{"type":"Feature","geometry":{"type":"LineString","coordinates":[[-75.1051,3.80797],[-75.10509,3.80794],[-75.10505,3.80787],[-75.10491,3.80774],[-75.10453,3.80747],[-75.1035,3.80672],[-75.10343,3.80666]]},"properties":{"NIVEL_PROP":"N3-Terciaria"}},{"type":"Feature","geometry":{"type":"LineString","coordinates":[[-75.13878,3.50051],[-75.13849,3.4998],[-75.13847,3.49974],[-75.13846,3.49971],[-75.13847,3.49967],[-75.13849,3.49962],[-75.13852,3.49959],[-75.13858,3.49952],[-75.13865,3.49939]]},"properties":{"NIVEL_PROP":"N3-Servicio"}},{"type":"Feature","geometry":{"type":"LineString","coordinates":[[-75.22855,3.78243],[-75.22831,3.78156],[-75.22802,3.78144],[-75.22739,3.78008],[-75.22739,3.78004]]},"properties":{"NIVEL_PROP":"N3-Terciaria"}},{"type":"Feature","geometry":{"type":"LineString","coordinates":[[-75.09985,3.5808],[-75.09972,3.58118],[-75.0997,3.58135],[-75.09962,3.58192]]},"properties":{"NIVEL_PROP":"N3-Terciaria"}},{"type":"Feature","geometry":{"type":"LineString","coordinates":[[-75.06088,3.82053],[-75.06053,3.82056]]},"properties":{"NIVEL_PROP":"N3-Terciaria"}},{"type":"Feature","geometry":{"type":"LineString","coordinates":[[-75.17697,3.76558],[-75.1767,3.76548],[-75.17647,3.76541],[-75.1753,3.76524]]},"properties":{"NIVEL_PROP":"N3-Camino vecinal"}},{"type":"Feature","geometry":{"type":"LineString","coordinates":[[-75.09229,3.63941],[-75.09226,3.6392],[-75.09206,3.63862]]},"properties":{"NIVEL_PROP":"N3-Servicio"}},{"type":"Feature","geometry":{"type":"LineString","coordinates":[[-75.0625,3.81923],[-75.06235,3.81914],[-75.06227,3.81913],[-75.06217,3.81913],[-75.06209,3.81914]]},"properties":{"NIVEL_PROP":"Sendero"}},{"type":"Feature","geometry":{"type":"LineString","coordinates":[[-75.11165,3.59952],[-75.11149,3.59933],[-75.11137,3.59923],[-75.11089,3.59898],[-75.11058,3.59878],[-75.11022,3.59863],[-75.11009,3.59856],[-75.11001,3.59852]]},"properties":{"NIVEL_PROP":"N3-Servicio"}},{"type":"Feature","geometry":{"type":"LineString","coordinates":[[-75.09784,3.61919],[-75.09735,3.61914]]},"properties":{"NIVEL_PROP":"N3-Terciaria"}},{"type":"Feature","geometry":{"type":"LineString","coordinates":[[-75.09855,3.62567],[-75.09803,3.62573],[-75.09727,3.62584]]},"properties":{"NIVEL_PROP":"N3-Terciaria"}},{"type":"Feature","geometry":{"type":"LineString","coordinates":[[-75.22288,3.9363],[-75.22277,3.93561]]},"properties":{"NIVEL_PROP":"N3-Terciaria"}},{"type":"Feature","geometry":{"type":"LineString","coordinates":[[-75.12374,3.97204],[-75.12379,3.97134],[-75.12394,3.97066],[-75.12405,3.97005]]},"properties":{"NIVEL_PROP":"N3-Camino vecinal"}},{"type":"Feature","geometry":{"type":"LineString","coordinates":[[-75.03442,3.70518],[-75.03446,3.70526]]},"properties":{"NIVEL_PROP":"N3-Terciaria"}},{"type":"Feature","geometry":{"type":"LineString","coordinates":[[-75.09263,3.61584],[-75.09251,3.61566],[-75.0922,3.61525],[-75.09191,3.61478],[-75.09165,3.61422],[-75.09125,3.61316],[-75.09093,3.61236],[-75.09086,3.61215],[-75.09084,3.61194],[-75.09086,3.61171],[-75.09093,3.61137],[-75.09094,3.61114],[-75.09092,3.61095],[-75.09079,3.61045],[-75.09061,3.60987],[-75.09042,3.60914],[-75.09008,3.60796],[-75.08984,3.60735],[-75.08978,3.60708],[-75.08975,3.60692],[-75.08973,3.60659],[-75.08969,3.60641],[-75.08966,3.60632],[-75.08859,3.60461],[-75.08801,3.60393],[-75.08789,3.60387],[-75.08773,3.60381],[-75.08702,3.60383],[-75.08682,3.60381],[-75.08665,3.60377],[-75.08606,3.60346],[-75.08527,3.60278],[-75.08448,3.60196],[-75.08426,3.60174],[-75.08402,3.60145],[-75.08379,3.6012],[-75.0835,3.60088],[-75.08326,3.60061],[-75.08306,3.6004],[-75.08286,3.60017],[-75.08273,3.60003],[-75.08263,3.59993],[-75.08252,3.59984],[-75.08244,3.59979],[-75.08235,3.59975],[-75.08226,3.5997],[-75.08217,3.59967],[-75.08205,3.59965],[-75.08192,3.59963],[-75.08175,3.5996],[-75.08151,3.59955],[-75.08131,3.59954],[-75.08118,3.59955],[-75.08112,3.59959],[-75.08109,3.59966],[-75.08109,3.59984],[-75.08112,3.60005],[-75.08112,3.60017],[-75.08107,3.60027]]},"properties":{"NIVEL_PROP":"N3-Terciaria"}},{"type":"Feature","geometry":{"type":"LineString","coordinates":[[-75.18284,3.98835],[-75.18299,3.98901],[-75.18287,3.9892],[-75.18288,3.98978],[-75.18305,3.99026],[-75.18292,3.9915],[-75.18301,3.99161],[-75.18332,3.99184],[-75.18348,3.99202],[-75.18353,3.99215],[-75.1839,3.99308],[-75.18405,3.99365],[-75.18389,3.99438],[-75.18381,3.99457],[-75.18363,3.99484],[-75.18362,3.99498],[-75.18339,3.99521],[-75.18288,3.99566],[-75.18248,3.99597]]},"properties":{"NIVEL_PROP":"N3-Terciaria"}},{"type":"Feature","geometry":{"type":"LineString","coordinates":[[-75.09466,3.83007],[-75.09458,3.82987],[-75.0945,3.82964],[-75.09441,3.82941],[-75.09437,3.82916],[-75.09436,3.82889],[-75.09437,3.82865],[-75.09442,3.82843],[-75.09451,3.8282],[-75.09463,3.82794],[-75.09476,3.82767],[-75.09491,3.82738],[-75.09504,3.82716],[-75.09516,3.82693],[-75.09528,3.8267],[-75.09544,3.82638],[-75.09563,3.82603],[-75.09577,3.82575],[-75.09614,3.82513],[-75.09638,3.82464],[-75.09654,3.82435],[-75.09691,3.8236],[-75.09691,3.82354],[-75.09691,3.82349],[-75.09689,3.82339]]},"properties":{"NIVEL_PROP":"N3-Terciaria"}},{"type":"Feature","geometry":{"type":"LineString","coordinates":[[-75.22074,3.9365],[-75.22047,3.93685]]},"properties":{"NIVEL_PROP":"N3-Terciaria"}},{"type":"Feature","geometry":{"type":"LineString","coordinates":[[-75.05889,3.81995],[-75.05849,3.82007],[-75.05834,3.82012],[-75.05824,3.82014],[-75.05812,3.82017],[-75.0579,3.82023]]},"properties":{"NIVEL_PROP":"N3-Terciaria"}},{"type":"Feature","geometry":{"type":"LineString","coordinates":[[-75.15821,3.92743],[-75.15829,3.92733],[-75.15848,3.92724],[-75.15866,3.9271],[-75.15885,3.927],[-75.1591,3.92674],[-75.15958,3.92628]]},"properties":{"NIVEL_PROP":"N3-Terciaria"}},{"type":"Feature","geometry":{"type":"LineString","coordinates":[[-75.24146,3.77155],[-75.24144,3.7716],[-75.24141,3.77169],[-75.24137,3.77182],[-75.24132,3.77193],[-75.2413,3.77204],[-75.24119,3.77213],[-75.24105,3.7722],[-75.24095,3.77224],[-75.24066,3.77239],[-75.24047,3.77247],[-75.24034,3.77251],[-75.24024,3.7725],[-75.24007,3.77248],[-75.23998,3.7725],[-75.23987,3.77253],[-75.23964,3.77258],[-75.23952,3.77264],[-75.23929,3.77281],[-75.23914,3.77291],[-75.23887,3.7731],[-75.23875,3.77324],[-75.23864,3.77341],[-75.23862,3.7735],[-75.23861,3.77369],[-75.23858,3.77386],[-75.23854,3.77397]]},"properties":{"NIVEL_PROP":"N3-Camino vecinal"}},{"type":"Feature","geometry":{"type":"LineString","coordinates":[[-75.09237,3.6375],[-75.09277,3.63688],[-75.09778,3.62993],[-75.09791,3.62976],[-75.09834,3.62918]]},"properties":{"NIVEL_PROP":"N1-Principal"}},{"type":"Feature","geometry":{"type":"LineString","coordinates":[[-75.10063,3.97374],[-75.10054,3.97389],[-75.10051,3.97409],[-75.10054,3.97438],[-75.10056,3.9745],[-75.10042,3.97456],[-75.10004,3.97463],[-75.09974,3.97467],[-75.09929,3.97457]]},"properties":{"NIVEL_PROP":"N3-Terciaria"}},{"type":"Feature","geometry":{"type":"LineString","coordinates":[[-75.10903,3.52325],[-75.10869,3.52329],[-75.10839,3.52332],[-75.10815,3.52334],[-75.10801,3.52335],[-75.10787,3.52338],[-75.10776,3.52341],[-75.10771,3.52344],[-75.10757,3.52353],[-75.10753,3.52355],[-75.1075,3.52356],[-75.10744,3.52357],[-75.10733,3.52356],[-75.1072,3.52353]]},"properties":{"NIVEL_PROP":"N3-Terciaria"}},{"type":"Feature","geometry":{"type":"LineString","coordinates":[[-75.1948,3.79513],[-75.19459,3.79506]]},"properties":{"NIVEL_PROP":"N3-Terciaria"}},{"type":"Feature","geometry":{"type":"LineString","coordinates":[[-75.15221,3.94199],[-75.15235,3.9422],[-75.15245,3.94249]]},"properties":{"NIVEL_PROP":"N3-Terciaria"}},{"type":"Feature","geometry":{"type":"LineString","coordinates":[[-75.06354,3.68151],[-75.06349,3.68145],[-75.0633,3.68123],[-75.06306,3.68101],[-75.06301,3.68097],[-75.06295,3.68094],[-75.06268,3.68082],[-75.0626,3.68077],[-75.06248,3.68068],[-75.06233,3.68056],[-75.06228,3.6805],[-75.06222,3.68035],[-75.06213,3.68014],[-75.06208,3.68007],[-75.06201,3.68001],[-75.06168,3.67978],[-75.06147,3.67961],[-75.06124,3.67943],[-75.06034,3.67885],[-75.05977,3.67854],[-75.05931,3.67824],[-75.0591,3.67814],[-75.05846,3.67781],[-75.05735,3.67726],[-75.05682,3.67703],[-75.05595,3.67656],[-75.05553,3.67636],[-75.05532,3.67629],[-75.05488,3.6761],[-75.05484,3.67608],[-75.05481,3.67606],[-75.0548,3.67605],[-75.0548,3.67603],[-75.05494,3.67532]]},"properties":{"NIVEL_PROP":"N3-Terciaria"}},{"type":"Feature","geometry":{"type":"LineString","coordinates":[[-75.10215,3.5817],[-75.10218,3.58194],[-75.10219,3.58227]]},"properties":{"NIVEL_PROP":"N3-Terciaria"}},{"type":"Feature","geometry":{"type":"LineString","coordinates":[[-75.12953,3.86187],[-75.12956,3.86173],[-75.1294,3.86156],[-75.12936,3.86132],[-75.12922,3.86118],[-75.12924,3.86086],[-75.12923,3.86075],[-75.12928,3.86045],[-75.129,3.86011],[-75.12877,3.86005],[-75.12873,3.85993],[-75.12864,3.85986],[-75.12859,3.85976],[-75.12859,3.85958],[-75.12844,3.8593],[-75.12846,3.85919],[-75.12857,3.8591],[-75.12869,3.85888],[-75.12875,3.85874],[-75.12871,3.85856]]},"properties":{"NIVEL_PROP":"Sendero"}},{"type":"Feature","geometry":{"type":"LineString","coordinates":[[-75.09609,3.62847],[-75.09498,3.62845]]},"properties":{"NIVEL_PROP":"N3-Terciaria"}},{"type":"Feature","geometry":{"type":"LineString","coordinates":[[-75.11414,3.88578],[-75.11444,3.88644],[-75.11461,3.88684],[-75.11465,3.88707],[-75.11461,3.88763],[-75.11447,3.88818],[-75.1144,3.88868],[-75.11416,3.88961],[-75.11404,3.89033],[-75.11392,3.89086],[-75.11384,3.89109],[-75.11344,3.89136],[-75.11321,3.89175],[-75.11307,3.8921],[-75.11282,3.89272],[-75.11269,3.89305],[-75.11237,3.89365],[-75.11225,3.89395],[-75.11201,3.89452],[-75.11174,3.89502],[-75.11137,3.89533],[-75.1112,3.89572],[-75.11128,3.89587]]},"properties":{"NIVEL_PROP":"N3-Terciaria"}},{"type":"Feature","geometry":{"type":"LineString","coordinates":[[-75.19406,3.79187],[-75.19446,3.79191],[-75.19445,3.79197]]},"properties":{"NIVEL_PROP":"N3-Terciaria"}},{"type":"Feature","geometry":{"type":"LineString","coordinates":[[-75.13349,3.7935],[-75.13565,3.78802]]},"properties":{"NIVEL_PROP":"N3-Terciaria"}},{"type":"Feature","geometry":{"type":"LineString","coordinates":[[-75.22256,3.92827],[-75.22342,3.92855]]},"properties":{"NIVEL_PROP":"N3-Terciaria"}},{"type":"Feature","geometry":{"type":"LineString","coordinates":[[-75.17188,3.85324],[-75.17214,3.85343]]},"properties":{"NIVEL_PROP":"N3-Terciaria"}},{"type":"Feature","geometry":{"type":"LineString","coordinates":[[-75.29368,3.9485],[-75.29341,3.94822],[-75.29323,3.948],[-75.29304,3.94786],[-75.29292,3.94785],[-75.29271,3.94779],[-75.29248,3.94784],[-75.29225,3.94775],[-75.29162,3.94778]]},"properties":{"NIVEL_PROP":"N3-Terciaria"}},{"type":"Feature","geometry":{"type":"LineString","coordinates":[[-75.07668,3.69812],[-75.07749,3.69514],[-75.07788,3.69358],[-75.07884,3.69012]]},"properties":{"NIVEL_PROP":"N3-Terciaria"}},{"type":"Feature","geometry":{"type":"LineString","coordinates":[[-75.09775,3.62778],[-75.09872,3.628]]},"properties":{"NIVEL_PROP":"N3-Terciaria"}},{"type":"Feature","geometry":{"type":"LineString","coordinates":[[-75.01785,3.72018],[-75.01866,3.71802],[-75.01882,3.71747],[-75.01888,3.71736],[-75.01895,3.71727],[-75.01969,3.7166],[-75.02031,3.71599],[-75.02567,3.71086],[-75.02777,3.70805],[-75.02782,3.70783],[-75.02784,3.70742],[-75.02801,3.70709],[-75.02831,3.70675],[-75.02882,3.70646],[-75.0289,3.70643],[-75.02934,3.70627],[-75.02947,3.70625],[-75.03265,3.70644],[-75.03281,3.7064],[-75.03299,3.70631],[-75.03442,3.70518]]},"properties":{"NIVEL_PROP":"N3-Terciaria"}},{"type":"Feature","geometry":{"type":"LineString","coordinates":[[-75.09789,3.77178],[-75.09788,3.77181]]},"properties":{"NIVEL_PROP":"N3-Terciaria"}},{"type":"Feature","geometry":{"type":"LineString","coordinates":[[-75.65132,4.02925],[-75.65128,4.02909]]},"properties":{"NIVEL_PROP":"N2-Secundaria"}},{"type":"Feature","geometry":{"type":"LineString","coordinates":[[-75.24433,3.93386],[-75.24459,3.93384],[-75.24485,3.93395],[-75.24486,3.9341],[-75.2448,3.93425],[-75.24478,3.9344],[-75.24481,3.93451],[-75.24515,3.93491],[-75.24542,3.93503],[-75.24577,3.93504],[-75.24616,3.9354]]},"properties":{"NIVEL_PROP":"N3-Terciaria"}},{"type":"Feature","geometry":{"type":"LineString","coordinates":[[-75.12562,3.95086],[-75.12551,3.95087],[-75.12533,3.95087],[-75.12501,3.95106],[-75.1247,3.95124],[-75.12428,3.95126],[-75.12361,3.9513]]},"properties":{"NIVEL_PROP":"N3-Terciaria"}},{"type":"Feature","geometry":{"type":"LineString","coordinates":[[-75.09528,3.62166],[-75.0951,3.62224]]},"properties":{"NIVEL_PROP":"N3-Servicio"}},{"type":"Feature","geometry":{"type":"LineString","coordinates":[[-75.14027,3.46272],[-75.1397,3.46318],[-75.13859,3.46406],[-75.13851,3.4641],[-75.13845,3.46412],[-75.13838,3.46413],[-75.13831,3.46413],[-75.13815,3.46412],[-75.13803,3.4641],[-75.13787,3.46402],[-75.13766,3.46394],[-75.13758,3.46392],[-75.13749,3.46392],[-75.13741,3.46393],[-75.13729,3.46397],[-75.13717,3.46402],[-75.13711,3.46404],[-75.13705,3.46406],[-75.13697,3.46407],[-75.13683,3.46407],[-75.13669,3.46406],[-75.13659,3.46403],[-75.13648,3.46398],[-75.1364,3.46394],[-75.13631,3.4639],[-75.13625,3.46389],[-75.13619,3.4639],[-75.13612,3.46392],[-75.13606,3.46394],[-75.13601,3.46395],[-75.13569,3.46398],[-75.13541,3.46401],[-75.13519,3.464],[-75.13499,3.464],[-75.13488,3.464],[-75.13479,3.46402],[-75.1347,3.46407],[-75.13467,3.46412],[-75.13461,3.46417],[-75.13453,3.4642],[-75.13442,3.46423],[-75.13419,3.4643],[-75.13389,3.46441],[-75.13337,3.46455],[-75.13328,3.46458],[-75.13319,3.46465],[-75.13312,3.4647],[-75.13296,3.46483],[-75.13286,3.4649],[-75.13273,3.46495],[-75.1326,3.46499],[-75.13247,3.465],[-75.13233,3.465],[-75.13222,3.46499],[-75.13216,3.46499],[-75.13208,3.46499],[-75.13197,3.46502],[-75.13174,3.46506],[-75.1317,3.46507],[-75.13152,3.46506],[-75.13136,3.46505],[-75.13119,3.46504],[-75.13106,3.46505],[-75.13089,3.46508],[-75.13085,3.4651],[-75.13074,3.46519],[-75.13072,3.46522],[-75.13068,3.46528],[-75.13061,3.46536],[-75.13058,3.46539],[-75.13041,3.46546],[-75.13038,3.46548],[-75.13005,3.46571],[-75.12998,3.46577],[-75.12979,3.46594],[-75.12957,3.46609]]},"properties":{"NIVEL_PROP":"N3-Terciaria"}},{"type":"Feature","geometry":{"type":"LineString","coordinates":[[-75.19364,3.79901],[-75.19372,3.79884],[-75.19354,3.79875]]},"properties":{"NIVEL_PROP":"N3-Terciaria"}},{"type":"Feature","geometry":{"type":"LineString","coordinates":[[-75.06289,3.82161],[-75.06288,3.82164],[-75.06288,3.82166],[-75.06289,3.82169]]},"properties":{"NIVEL_PROP":"N3-Servicio"}},{"type":"Feature","geometry":{"type":"LineString","coordinates":[[-75.1935,3.79284],[-75.19393,3.79285],[-75.1943,3.79291],[-75.19481,3.79301]]},"properties":{"NIVEL_PROP":"N3-Terciaria"}},{"type":"Feature","geometry":{"type":"LineString","coordinates":[[-75.05924,3.81633],[-75.05937,3.81719],[-75.05953,3.81773],[-75.05954,3.81774]]},"properties":{"NIVEL_PROP":"N3-Terciaria"}},{"type":"Feature","geometry":{"type":"LineString","coordinates":[[-75.20193,3.79018],[-75.20157,3.79028],[-75.20079,3.7905],[-75.20049,3.79076],[-75.19969,3.79149]]},"properties":{"NIVEL_PROP":"N3-Terciaria"}},{"type":"Feature","geometry":{"type":"LineString","coordinates":[[-75.05769,3.61984],[-75.05772,3.61994],[-75.05774,3.61999],[-75.05779,3.62009]]},"properties":{"NIVEL_PROP":"N3-Terciaria"}},{"type":"Feature","geometry":{"type":"LineString","coordinates":[[-75.22052,3.93622],[-75.22074,3.9365],[-75.22085,3.93652],[-75.22112,3.93668],[-75.22142,3.93686],[-75.22161,3.93695]]},"properties":{"NIVEL_PROP":"N3-Terciaria"}},{"type":"Feature","geometry":{"type":"LineString","coordinates":[[-75.11414,3.88578],[-75.11413,3.88551]]},"properties":{"NIVEL_PROP":"N3-Terciaria"}},{"type":"Feature","geometry":{"type":"LineString","coordinates":[[-75.1006,3.61472],[-75.10036,3.61466]]},"properties":{"NIVEL_PROP":"N1-Principal"}},{"type":"Feature","geometry":{"type":"LineString","coordinates":[[-75.10109,3.58355],[-75.10133,3.58284]]},"properties":{"NIVEL_PROP":"N3-Terciaria"}},{"type":"Feature","geometry":{"type":"LineString","coordinates":[[-75.13207,3.50175],[-75.13191,3.5018],[-75.13144,3.50189],[-75.13109,3.50191],[-75.13077,3.50189],[-75.13038,3.50185],[-75.13022,3.50185],[-75.1301,3.50188],[-75.12947,3.5023],[-75.12919,3.50241],[-75.12802,3.5028],[-75.12777,3.50284],[-75.12756,3.50288],[-75.12733,3.50299],[-75.12707,3.50318],[-75.12675,3.50351],[-75.12594,3.50433],[-75.12528,3.505],[-75.12508,3.50514],[-75.12479,3.5053],[-75.12459,3.50536],[-75.12282,3.50573],[-75.1226,3.50574],[-75.12249,3.50568],[-75.12241,3.50557],[-75.12228,3.50536],[-75.12218,3.50503]]},"properties":{"NIVEL_PROP":"N3-Terciaria"}},{"type":"Feature","geometry":{"type":"LineString","coordinates":[[-75.09078,3.61807],[-75.09004,3.61781],[-75.08952,3.61761],[-75.08923,3.61751],[-75.08894,3.61741],[-75.08879,3.61735]]},"properties":{"NIVEL_PROP":"N3-Terciaria"}},{"type":"Feature","geometry":{"type":"LineString","coordinates":[[-75.13075,3.87145],[-75.13041,3.87102],[-75.13,3.87055],[-75.12968,3.86999],[-75.12977,3.86965],[-75.13001,3.86947],[-75.13012,3.8692],[-75.12972,3.86886],[-75.12976,3.86864],[-75.12965,3.86833],[-75.13007,3.86682],[-75.13011,3.86629],[-75.13013,3.86545]]},"properties":{"NIVEL_PROP":"N3-Terciaria"}},{"type":"Feature","geometry":{"type":"LineString","coordinates":[[-75.0885,3.62107],[-75.08837,3.62156],[-75.08826,3.62193]]},"properties":{"NIVEL_PROP":"N3-Terciaria"}},{"type":"Feature","geometry":{"type":"LineString","coordinates":[[-75.13301,3.89745],[-75.13274,3.89764],[-75.13249,3.89767],[-75.13228,3.89769],[-75.132,3.89775],[-75.13178,3.89776],[-75.13039,3.89785],[-75.13006,3.89798],[-75.12984,3.89802],[-75.12863,3.89799],[-75.12844,3.89795],[-75.12825,3.89792],[-75.12799,3.89792],[-75.12757,3.89801],[-75.12729,3.89811],[-75.12717,3.89819],[-75.12703,3.89823],[-75.12685,3.89827],[-75.12667,3.89859],[-75.12646,3.89881],[-75.1263,3.89893],[-75.12612,3.899],[-75.12591,3.89916],[-75.12581,3.89921],[-75.12557,3.89927],[-75.12529,3.89958],[-75.12517,3.89977],[-75.12497,3.89995],[-75.12482,3.90003],[-75.12456,3.90008],[-75.12425,3.90017],[-75.12422,3.90027],[-75.12399,3.90036],[-75.12374,3.90038],[-75.12351,3.90047],[-75.12333,3.90066],[-75.1231,3.90072],[-75.12276,3.90077]]},"properties":{"NIVEL_PROP":"N3-Terciaria"}},{"type":"Feature","geometry":{"type":"LineString","coordinates":[[-75.1334,3.70996],[-75.13323,3.71107],[-75.13322,3.71115],[-75.1332,3.7112]]},"properties":{"NIVEL_PROP":"N3-Camino vecinal"}},{"type":"Feature","geometry":{"type":"LineString","coordinates":[[-75.61242,4.01294],[-75.61261,4.01279],[-75.61319,4.0125],[-75.61348,4.01239],[-75.61371,4.01233],[-75.614,4.01225],[-75.61437,4.01217],[-75.61448,4.01206],[-75.61447,4.01193],[-75.61442,4.01184],[-75.61423,4.01163],[-75.61386,4.01122],[-75.61366,4.01115],[-75.61349,4.01099],[-75.61348,4.01087],[-75.6135,4.01076],[-75.61365,4.01071],[-75.61411,4.01065],[-75.61467,4.01052],[-75.6157,4.01028],[-75.61607,4.01],[-75.61677,4.00985],[-75.6172,4.00955],[-75.61718,4.00919],[-75.6171,4.00867],[-75.61712,4.00855],[-75.61723,4.0084],[-75.61741,4.00816],[-75.61771,4.00783],[-75.61779,4.00735],[-75.6178,4.00722],[-75.61793,4.00658],[-75.61785,4.00627],[-75.61767,4.00587],[-75.6174,4.00555],[-75.61708,4.00523],[-75.61646,4.00457],[-75.61623,4.00444],[-75.61613,4.00443],[-75.61596,4.00435],[-75.61593,4.00418],[-75.61598,4.00392],[-75.61603,4.00363],[-75.61603,4.00341],[-75.61584,4.00317],[-75.61559,4.00299],[-75.61532,4.00295],[-75.61504,4.00285],[-75.61488,4.00272],[-75.6146,4.0025],[-75.61448,4.00252],[-75.61433,4.00262],[-75.61423,4.00268],[-75.61397,4.00267],[-75.6138,4.00263],[-75.6137,4.00254],[-75.6136,4.00235]]},"properties":{"NIVEL_PROP":"N3-Terciaria"}},{"type":"Feature","geometry":{"type":"LineString","coordinates":[[-75.09419,3.63112],[-75.09437,3.63133],[-75.09441,3.63138],[-75.09444,3.63143],[-75.09445,3.63149],[-75.09443,3.63155],[-75.09439,3.63159],[-75.09432,3.6316],[-75.09406,3.63157]]},"properties":{"NIVEL_PROP":"N3-Servicio"}},{"type":"Feature","geometry":{"type":"LineString","coordinates":[[-75.06524,3.81944],[-75.06536,3.8191],[-75.06541,3.81897]]},"properties":{"NIVEL_PROP":"N3-Terciaria"}},{"type":"Feature","geometry":{"type":"LineString","coordinates":[[-75.29226,3.81361],[-75.29175,3.81339]]},"properties":{"NIVEL_PROP":"N3-Terciaria"}},{"type":"Feature","geometry":{"type":"LineString","coordinates":[[-75.08865,3.61782],[-75.08853,3.61776]]},"properties":{"NIVEL_PROP":"N3-Terciaria"}},{"type":"Feature","geometry":{"type":"LineString","coordinates":[[-75.17912,3.77196],[-75.17922,3.77185],[-75.17931,3.77164],[-75.17932,3.77151],[-75.1798,3.77077],[-75.17996,3.77056],[-75.18003,3.77041],[-75.18004,3.77026],[-75.18006,3.76969],[-75.17999,3.7695],[-75.18003,3.76942],[-75.18017,3.76924],[-75.18026,3.76909],[-75.18033,3.76896],[-75.18036,3.76889],[-75.18042,3.76873],[-75.18043,3.76855]]},"properties":{"NIVEL_PROP":"N3-Terciaria"}},{"type":"Feature","geometry":{"type":"LineString","coordinates":[[-75.09432,3.91194],[-75.09425,3.91199]]},"properties":{"NIVEL_PROP":"N3-Terciaria"}},{"type":"Feature","geometry":{"type":"LineString","coordinates":[[-75.2272,3.78181],[-75.22633,3.78222],[-75.22523,3.78322],[-75.22506,3.78347],[-75.22486,3.78375],[-75.22461,3.78427],[-75.2243,3.78491],[-75.22401,3.78511],[-75.22371,3.78532],[-75.22107,3.78713],[-75.2199,3.78802],[-75.21965,3.7882],[-75.21946,3.78848],[-75.21933,3.78886],[-75.21885,3.78898],[-75.21832,3.789],[-75.21799,3.78896],[-75.21687,3.78823],[-75.2159,3.78767],[-75.21515,3.78731],[-75.21419,3.7875],[-75.21243,3.7879],[-75.20906,3.78857],[-75.20717,3.78909],[-75.20659,3.78945],[-75.20555,3.78943],[-75.20276,3.78998]]},"properties":{"NIVEL_PROP":"N3-Terciaria"}},{"type":"Feature","geometry":{"type":"LineString","coordinates":[[-75.10323,3.70219],[-75.10324,3.70213]]},"properties":{"NIVEL_PROP":"N3-Terciaria"}},{"type":"Feature","geometry":{"type":"LineString","coordinates":[[-75.09106,3.6236],[-75.09127,3.62275],[-75.09137,3.6224],[-75.09149,3.62204],[-75.09173,3.62143],[-75.09178,3.62132]]},"properties":{"NIVEL_PROP":"N3-Terciaria"}},{"type":"Feature","geometry":{"type":"LineString","coordinates":[[-75.2478,3.7506],[-75.24792,3.75023],[-75.24788,3.74983],[-75.24802,3.74932],[-75.24819,3.74886],[-75.24822,3.74843],[-75.24794,3.74774],[-75.24801,3.74717],[-75.24814,3.74646],[-75.2482,3.74623],[-75.2487,3.74557],[-75.24895,3.74517],[-75.24925,3.74502],[-75.24961,3.74483],[-75.2501,3.74427],[-75.25047,3.74364],[-75.25064,3.74341],[-75.25078,3.74318],[-75.25079,3.74292],[-75.2507,3.74276],[-75.25068,3.74249],[-75.25076,3.7419],[-75.25092,3.74123],[-75.25122,3.74066],[-75.25132,3.73986],[-75.25199,3.73876]]},"properties":{"NIVEL_PROP":"N3-Terciaria"}},{"type":"Feature","geometry":{"type":"LineString","coordinates":[[-75.22231,3.92919],[-75.22215,3.9293],[-75.222,3.92934],[-75.22188,3.92939],[-75.2215,3.92949],[-75.22091,3.92959],[-75.22051,3.92966],[-75.22032,3.9297]]},"properties":{"NIVEL_PROP":"N1-Principal"}},{"type":"Feature","geometry":{"type":"LineString","coordinates":[[-75.14261,3.45847],[-75.14283,3.45862],[-75.14299,3.45872],[-75.14316,3.4588],[-75.14324,3.45884],[-75.14342,3.4589],[-75.14352,3.45894],[-75.14358,3.45898],[-75.14361,3.459],[-75.14374,3.45919],[-75.14379,3.45928],[-75.14382,3.45934],[-75.14385,3.45944],[-75.14389,3.45954],[-75.14392,3.45978],[-75.14393,3.45999],[-75.14395,3.46015],[-75.14396,3.46021],[-75.14397,3.46028],[-75.14404,3.46048],[-75.14413,3.46064],[-75.14429,3.46095],[-75.14435,3.46108],[-75.14439,3.46117],[-75.14441,3.46127],[-75.14446,3.46156],[-75.14446,3.46169],[-75.14446,3.46184],[-75.14445,3.46218],[-75.14441,3.46259],[-75.14434,3.463],[-75.14429,3.4634],[-75.14428,3.46357],[-75.14428,3.46388]]},"properties":{"NIVEL_PROP":"N3-Terciaria"}},{"type":"Feature","geometry":{"type":"LineString","coordinates":[[-75.1172,3.88134],[-75.11766,3.88125],[-75.11799,3.88129],[-75.11826,3.88118],[-75.11858,3.88107],[-75.11896,3.88104],[-75.11995,3.88131],[-75.11999,3.88161],[-75.12049,3.88196],[-75.12079,3.88229],[-75.12142,3.88176]]},"properties":{"NIVEL_PROP":"N3-Terciaria"}},{"type":"Feature","geometry":{"type":"LineString","coordinates":[[-75.32584,3.81314],[-75.3277,3.81142],[-75.32808,3.81122],[-75.32832,3.81113],[-75.32854,3.81113],[-75.32883,3.81126],[-75.33019,3.81201]]},"properties":{"NIVEL_PROP":"N1-Principal"}},{"type":"Feature","geometry":{"type":"LineString","coordinates":[[-75.29261,3.83006],[-75.29224,3.8301],[-75.29204,3.82997],[-75.29194,3.82933],[-75.29122,3.82847],[-75.29092,3.82823],[-75.28945,3.82807],[-75.28829,3.82848],[-75.28785,3.82865],[-75.28704,3.82834],[-75.28613,3.82835],[-75.28581,3.82843],[-75.28475,3.82818],[-75.28425,3.82766],[-75.28334,3.82754]]},"properties":{"NIVEL_PROP":"N3-Terciaria"}},{"type":"Feature","geometry":{"type":"LineString","coordinates":[[-75.21022,3.89876],[-75.21023,3.89863],[-75.21008,3.89847],[-75.2096,3.89807],[-75.20945,3.89786],[-75.20938,3.89746],[-75.20927,3.89725],[-75.20904,3.89701],[-75.20888,3.89683],[-75.20864,3.8966],[-75.20829,3.89631],[-75.20812,3.89629],[-75.20799,3.89624]]},"properties":{"NIVEL_PROP":"N3-Terciaria"}},{"type":"Feature","geometry":{"type":"LineString","coordinates":[[-75.24632,3.93555],[-75.24655,3.93571],[-75.24681,3.9358],[-75.24732,3.9359],[-75.24766,3.936],[-75.24793,3.93611],[-75.24849,3.93637],[-75.24925,3.93679],[-75.25083,3.93744],[-75.2512,3.93768],[-75.2514,3.93786],[-75.25154,3.9381],[-75.25167,3.93836],[-75.25196,3.93863],[-75.25223,3.93882],[-75.25261,3.93897],[-75.25285,3.93902],[-75.25311,3.93904],[-75.25332,3.93916],[-75.25355,3.93938],[-75.25408,3.93981],[-75.25476,3.94028],[-75.2567,3.94168]]},"properties":{"NIVEL_PROP":"N3-Terciaria"}},{"type":"Feature","geometry":{"type":"LineString","coordinates":[[-75.09834,3.62918],[-75.10104,3.62548],[-75.10122,3.62518],[-75.10137,3.62495],[-75.10161,3.62441],[-75.10169,3.62399],[-75.10169,3.62361],[-75.10055,3.61693],[-75.10049,3.61655],[-75.10048,3.61638],[-75.10048,3.61617],[-75.10048,3.61586],[-75.10048,3.61559],[-75.10054,3.61513],[-75.1006,3.61472],[-75.10098,3.61362]]},"properties":{"NIVEL_PROP":"N1-Principal"}},{"type":"Feature","geometry":{"type":"LineString","coordinates":[[-75.05979,3.81985],[-75.05889,3.81995]]},"properties":{"NIVEL_PROP":"N3-Terciaria"}},{"type":"Feature","geometry":{"type":"LineString","coordinates":[[-75.11756,3.92313],[-75.11743,3.92299],[-75.11737,3.92288],[-75.11697,3.9227],[-75.11678,3.92249],[-75.11668,3.92239],[-75.11657,3.92231],[-75.11643,3.92233],[-75.11639,3.92244],[-75.11641,3.92259],[-75.11631,3.92271]]},"properties":{"NIVEL_PROP":"N3-Terciaria"}},{"type":"Feature","geometry":{"type":"LineString","coordinates":[[-75.08536,3.78989],[-75.08542,3.78997],[-75.0856,3.79019],[-75.08583,3.79048],[-75.08636,3.7912],[-75.08666,3.79163],[-75.0869,3.79194],[-75.08705,3.79213],[-75.08717,3.79227],[-75.08722,3.79234],[-75.08727,3.79241],[-75.0873,3.7925],[-75.08734,3.79268],[-75.08738,3.79287],[-75.08742,3.79301],[-75.08745,3.79309],[-75.08755,3.79327],[-75.0876,3.79335],[-75.08763,3.79342],[-75.08764,3.79352],[-75.08765,3.79363],[-75.08761,3.79388],[-75.08759,3.7941],[-75.0876,3.79438],[-75.08759,3.79458],[-75.0876,3.79464],[-75.08763,3.79474],[-75.08765,3.7948],[-75.08768,3.79484],[-75.0877,3.79488],[-75.08772,3.79492],[-75.08773,3.79498],[-75.08775,3.79502],[-75.08775,3.79508],[-75.08775,3.79514],[-75.08774,3.79519],[-75.08773,3.79522],[-75.08772,3.79526],[-75.08772,3.79533],[-75.08772,3.79538],[-75.08772,3.79542],[-75.08774,3.79547],[-75.08776,3.79552],[-75.08778,3.79555],[-75.0878,3.79559],[-75.08781,3.79564],[-75.08782,3.79568],[-75.08784,3.79573],[-75.08787,3.79577],[-75.0879,3.79583],[-75.08792,3.79587],[-75.08793,3.79592],[-75.08794,3.796],[-75.08793,3.79605],[-75.0879,3.79611],[-75.08785,3.79618],[-75.08779,3.79629],[-75.08771,3.79641],[-75.08753,3.79671],[-75.08747,3.79684],[-75.08745,3.79689],[-75.08744,3.79693],[-75.08745,3.79697],[-75.08747,3.797],[-75.08752,3.79703],[-75.08777,3.79716],[-75.08805,3.7973],[-75.08821,3.79737],[-75.08827,3.79739],[-75.08832,3.79742],[-75.08835,3.79745],[-75.08839,3.79751],[-75.08842,3.79756],[-75.08847,3.79762],[-75.08853,3.79766],[-75.08862,3.79768],[-75.0887,3.7977],[-75.08876,3.79772],[-75.08882,3.79776],[-75.08888,3.79779],[-75.08895,3.79782],[-75.08906,3.79784],[-75.08932,3.79785],[-75.08958,3.79786],[-75.08989,3.79786],[-75.09001,3.79785],[-75.09008,3.79785],[-75.09016,3.79788],[-75.0903,3.79794],[-75.09045,3.798],[-75.09087,3.79816],[-75.09135,3.79836],[-75.09186,3.79853],[-75.09258,3.79883],[-75.093,3.79899],[-75.09355,3.79921],[-75.09431,3.7995],[-75.09494,3.79975],[-75.0955,3.79997],[-75.09579,3.80007],[-75.09584,3.80009],[-75.09586,3.80012],[-75.09586,3.80015],[-75.09586,3.80019],[-75.09583,3.80021],[-75.0957,3.8003],[-75.09541,3.80049],[-75.09518,3.80069],[-75.09504,3.80081],[-75.09493,3.80096],[-75.09487,3.80108],[-75.0948,3.80127],[-75.09467,3.80158],[-75.09462,3.80172],[-75.09461,3.80191],[-75.09459,3.80218],[-75.09455,3.80235],[-75.09455,3.80245],[-75.09457,3.80266],[-75.0946,3.80283],[-75.09459,3.80294],[-75.09458,3.80305],[-75.09456,3.80315],[-75.09454,3.8032],[-75.09452,3.80329],[-75.09452,3.80336],[-75.09453,3.80348]]},"properties":{"NIVEL_PROP":"N3-Terciaria"}},{"type":"Feature","geometry":{"type":"LineString","coordinates":[[-75.16585,3.93657],[-75.16562,3.93675],[-75.16528,3.93713],[-75.16515,3.93737],[-75.16491,3.93774],[-75.1647,3.93803],[-75.16451,3.93829],[-75.16424,3.93878],[-75.16412,3.9392],[-75.16406,3.93935],[-75.16374,3.93949],[-75.16354,3.93953]]},"properties":{"NIVEL_PROP":"N3-Terciaria"}},{"type":"Feature","geometry":{"type":"LineString","coordinates":[[-75.17106,3.42195],[-75.17117,3.42198],[-75.1713,3.42203],[-75.17135,3.42205],[-75.17142,3.42208],[-75.17149,3.4221],[-75.17156,3.42211],[-75.17162,3.42211],[-75.17168,3.42211],[-75.17172,3.42211],[-75.17177,3.42213],[-75.17184,3.42216],[-75.17194,3.42223],[-75.17204,3.42228],[-75.17211,3.4223],[-75.17222,3.42232],[-75.17265,3.42248],[-75.17299,3.42265],[-75.17319,3.42274],[-75.17327,3.42279],[-75.17335,3.42287],[-75.17346,3.42309],[-75.17362,3.42324],[-75.17382,3.42338],[-75.17528,3.42428],[-75.17551,3.42445],[-75.17565,3.42459],[-75.17576,3.42473],[-75.17579,3.42484],[-75.17581,3.42494],[-75.17581,3.42503],[-75.17579,3.42511],[-75.1758,3.42515],[-75.17582,3.42522],[-75.17585,3.42533],[-75.17596,3.42563],[-75.17613,3.42624],[-75.17633,3.42659],[-75.17643,3.42672],[-75.17661,3.4269],[-75.17732,3.42751],[-75.17755,3.42777],[-75.17774,3.42799],[-75.17778,3.42804],[-75.17782,3.42809],[-75.17786,3.42814]]},"properties":{"NIVEL_PROP":"N3-Terciaria"}},{"type":"Feature","geometry":{"type":"LineString","coordinates":[[-75.18302,3.92227],[-75.18273,3.92203],[-75.18174,3.92124],[-75.18152,3.92112],[-75.18137,3.92104],[-75.18093,3.92091],[-75.18073,3.92086],[-75.18055,3.92079],[-75.18036,3.92069],[-75.18016,3.92053],[-75.17986,3.92021],[-75.17957,3.91982],[-75.17945,3.91953],[-75.17944,3.9193],[-75.17944,3.9189],[-75.17956,3.91753],[-75.17958,3.91736],[-75.17963,3.91716],[-75.17976,3.91672],[-75.17994,3.91612],[-75.18014,3.91546],[-75.18025,3.91516],[-75.18045,3.91475],[-75.18055,3.91457],[-75.18065,3.91442],[-75.18078,3.91432],[-75.18088,3.91425],[-75.18164,3.91397],[-75.18226,3.91375],[-75.18339,3.91324],[-75.18356,3.9132],[-75.18385,3.91316],[-75.18424,3.91314],[-75.18494,3.91315],[-75.18561,3.91327],[-75.18596,3.91341],[-75.18617,3.9135],[-75.18649,3.91366],[-75.18658,3.91374],[-75.18664,3.91381],[-75.18669,3.91391],[-75.18677,3.91432],[-75.18682,3.91457],[-75.18686,3.91468],[-75.18696,3.91478],[-75.18706,3.91485],[-75.1876,3.91506],[-75.18775,3.91513],[-75.18791,3.9153],[-75.18803,3.91548],[-75.18819,3.9157],[-75.18841,3.91625],[-75.18854,3.9168],[-75.18862,3.9169],[-75.18872,3.91697],[-75.18882,3.91699],[-75.18928,3.91699],[-75.18939,3.91701],[-75.18949,3.91704],[-75.1897,3.91716],[-75.19009,3.91745],[-75.19022,3.91752],[-75.19038,3.91757],[-75.1906,3.91758],[-75.191,3.91753],[-75.19125,3.91746],[-75.19138,3.91741],[-75.1917,3.91717],[-75.19204,3.91686],[-75.19227,3.91665],[-75.19261,3.91631],[-75.19315,3.91574],[-75.19357,3.91528],[-75.19372,3.91517],[-75.19391,3.9151],[-75.19411,3.91505],[-75.19421,3.91504],[-75.19436,3.91504],[-75.19479,3.91505],[-75.19517,3.91506],[-75.19577,3.91503],[-75.19616,3.91501],[-75.1967,3.91496],[-75.19884,3.91475],[-75.19897,3.91472],[-75.19908,3.91468],[-75.19916,3.91465],[-75.20145,3.91346],[-75.20153,3.91345],[-75.20163,3.91347],[-75.20282,3.91414],[-75.20395,3.91488],[-75.20414,3.91502],[-75.20428,3.91516],[-75.20438,3.91525],[-75.20457,3.91543],[-75.20574,3.91698],[-75.20588,3.91706],[-75.20599,3.91712],[-75.20613,3.91716],[-75.20628,3.91719],[-75.20642,3.91718],[-75.20653,3.91716],[-75.20664,3.91712],[-75.20705,3.91692],[-75.20715,3.91689],[-75.20727,3.91687],[-75.20744,3.91689],[-75.20758,3.91691],[-75.2081,3.91715],[-75.20881,3.91751],[-75.209,3.91767],[-75.20959,3.91823],[-75.2099,3.91842],[-75.21032,3.9186],[-75.21086,3.91892],[-75.21131,3.91917],[-75.21163,3.91955],[-75.2118,3.91982],[-75.21215,3.92053],[-75.21224,3.9206],[-75.21241,3.92065],[-75.21277,3.92065],[-75.21311,3.92058],[-75.21366,3.92055],[-75.21393,3.9206],[-75.21421,3.92068],[-75.21451,3.9208],[-75.21472,3.92091],[-75.21487,3.92099],[-75.21497,3.92105],[-75.2152,3.9212],[-75.21532,3.92133],[-75.21544,3.92149],[-75.21554,3.92175],[-75.21579,3.92263],[-75.21594,3.9231],[-75.21599,3.92324],[-75.21606,3.92342],[-75.21638,3.92431],[-75.21653,3.92455],[-75.21675,3.92494],[-75.2169,3.9253],[-75.21708,3.92577],[-75.21745,3.92663],[-75.2177,3.92712],[-75.21815,3.92788],[-75.21856,3.9285],[-75.21972,3.9297],[-75.21988,3.92972],[-75.22032,3.9297]]},"properties":{"NIVEL_PROP":"N1-Principal"}},{"type":"Feature","geometry":{"type":"LineString","coordinates":[[-75.06792,3.79468],[-75.06771,3.79585],[-75.06751,3.79695],[-75.06734,3.79752],[-75.06729,3.79759],[-75.06725,3.79762],[-75.0672,3.79765],[-75.06717,3.79765],[-75.06691,3.79766],[-75.06459,3.7975],[-75.06454,3.79751],[-75.06451,3.79756],[-75.06447,3.79767]]},"properties":{"NIVEL_PROP":"N3-Terciaria"}},{"type":"Feature","geometry":{"type":"LineString","coordinates":[[-75.22331,4.10026],[-75.22371,4.10015],[-75.22509,4.09973],[-75.2256,4.0996],[-75.22607,4.09948]]},"properties":{"NIVEL_PROP":"N3-Terciaria"}},{"type":"Feature","geometry":{"type":"LineString","coordinates":[[-75.10034,3.54648],[-75.10021,3.54635],[-75.10014,3.54626],[-75.10009,3.54615],[-75.10003,3.54597],[-75.10001,3.54556],[-75.09998,3.54494],[-75.09998,3.54441],[-75.09992,3.54374]]},"properties":{"NIVEL_PROP":"N3-Terciaria"}},{"type":"Feature","geometry":{"type":"LineString","coordinates":[[-75.10612,3.96864],[-75.10589,3.9692],[-75.10549,3.97034],[-75.10542,3.97099],[-75.10535,3.9712],[-75.10542,3.97146],[-75.10531,3.97177],[-75.10509,3.97197],[-75.10503,3.97214],[-75.105,3.97234],[-75.10489,3.97249],[-75.10482,3.97279]]},"properties":{"NIVEL_PROP":"N3-Camino vecinal"}},{"type":"Feature","geometry":{"type":"LineString","coordinates":[[-75.09691,3.96754],[-75.09693,3.96726],[-75.09701,3.96704]]},"properties":{"NIVEL_PROP":"N3-Servicio"}},{"type":"Feature","geometry":{"type":"LineString","coordinates":[[-75.14113,3.75629],[-75.14129,3.7567],[-75.14128,3.75744],[-75.14133,3.75803],[-75.1413,3.75827],[-75.14103,3.75899],[-75.14103,3.75921],[-75.1411,3.75966],[-75.14119,3.75987],[-75.14119,3.76],[-75.14124,3.76015],[-75.1414,3.76026],[-75.14151,3.7604],[-75.14151,3.76063],[-75.1414,3.76088],[-75.14113,3.76151],[-75.14098,3.76194],[-75.14096,3.76214],[-75.14096,3.76226],[-75.14095,3.76242],[-75.14076,3.76266],[-75.1407,3.76287],[-75.14072,3.76304],[-75.14085,3.76379],[-75.14092,3.76467],[-75.14089,3.76528],[-75.141,3.76582]]},"properties":{"NIVEL_PROP":"N3-Camino vecinal"}},{"type":"Feature","geometry":{"type":"LineString","coordinates":[[-75.09929,3.97457],[-75.09901,3.97451]]},"properties":{"NIVEL_PROP":"N3-Terciaria"}},{"type":"Feature","geometry":{"type":"LineString","coordinates":[[-75.1349,3.85542],[-75.13492,3.8557],[-75.13479,3.85593],[-75.13462,3.85618],[-75.13456,3.85642],[-75.13449,3.85673],[-75.13466,3.85692],[-75.13487,3.85711],[-75.13506,3.85726]]},"properties":{"NIVEL_PROP":"N3-Camino vecinal"}},{"type":"Feature","geometry":{"type":"LineString","coordinates":[[-75.09692,3.62458],[-75.09677,3.62455],[-75.09616,3.62435],[-75.09537,3.62409],[-75.09456,3.62382],[-75.09373,3.62356],[-75.09278,3.62324],[-75.09204,3.623],[-75.09127,3.62275]]},"properties":{"NIVEL_PROP":"N3-Terciaria"}},{"type":"Feature","geometry":{"type":"LineString","coordinates":[[-75.12924,3.70998],[-75.12932,3.70925]]},"properties":{"NIVEL_PROP":"N3-Camino vecinal"}},{"type":"Feature","geometry":{"type":"LineString","coordinates":[[-75.20079,3.74764],[-75.20091,3.7481],[-75.20117,3.74856],[-75.20188,3.74956],[-75.20321,3.75141],[-75.20337,3.75172],[-75.20327,3.7521],[-75.2029,3.75292],[-75.20242,3.7536],[-75.20194,3.75387],[-75.20147,3.75447],[-75.20109,3.7554],[-75.20112,3.75611],[-75.20128,3.75648],[-75.20149,3.75653],[-75.20194,3.75676],[-75.20191,3.7572],[-75.20155,3.75777],[-75.20101,3.75834],[-75.20078,3.75876],[-75.20064,3.75924],[-75.20097,3.76082],[-75.2012,3.76316],[-75.20202,3.76385],[-75.20259,3.76379],[-75.20315,3.76351],[-75.20375,3.76364],[-75.2045,3.76433],[-75.20501,3.76463],[-75.20551,3.76472],[-75.20757,3.76456],[-75.20962,3.76441],[-75.21041,3.76468],[-75.21143,3.76496],[-75.21209,3.76522]]},"properties":{"NIVEL_PROP":"N3-Terciaria"}},{"type":"Feature","geometry":{"type":"LineString","coordinates":[[-75.16693,3.97712],[-75.16726,3.97655],[-75.16755,3.97607],[-75.16761,3.97601],[-75.16805,3.97567],[-75.1681,3.97563],[-75.16814,3.97558],[-75.16824,3.97527],[-75.16833,3.97493],[-75.16844,3.97481],[-75.16858,3.97471],[-75.16875,3.97464],[-75.16953,3.97448],[-75.16978,3.97442],[-75.17001,3.97433],[-75.17015,3.97419],[-75.17064,3.97346],[-75.17141,3.97227],[-75.17146,3.97216],[-75.17151,3.97201],[-75.17155,3.97157],[-75.17155,3.97139],[-75.17148,3.97098],[-75.17143,3.97061],[-75.17134,3.97048],[-75.17111,3.97028],[-75.17093,3.97025],[-75.17079,3.97025],[-75.17065,3.97022],[-75.17055,3.97024],[-75.17046,3.97036],[-75.17038,3.97073],[-75.17032,3.97087],[-75.17026,3.97095],[-75.1702,3.97097],[-75.17012,3.97097],[-75.17005,3.97095],[-75.17,3.9709],[-75.16995,3.97045],[-75.16987,3.97036],[-75.1698,3.97031],[-75.1697,3.97028],[-75.16954,3.97027],[-75.16935,3.97032],[-75.16879,3.97032],[-75.16786,3.97017],[-75.16771,3.97016],[-75.1676,3.97019],[-75.16753,3.97025],[-75.16714,3.97064],[-75.16668,3.97097],[-75.16633,3.97125],[-75.1661,3.97151],[-75.16582,3.97174],[-75.16572,3.97177],[-75.16562,3.97179],[-75.16552,3.97178],[-75.16541,3.97174],[-75.16529,3.97166],[-75.1652,3.97149],[-75.16485,3.97088],[-75.16467,3.9705],[-75.16455,3.97033],[-75.16454,3.97021],[-75.16442,3.97004],[-75.16441,3.96992],[-75.16426,3.96984],[-75.16399,3.96972],[-75.1638,3.96959],[-75.16362,3.9695],[-75.16351,3.96939],[-75.1635,3.96926],[-75.16346,3.96901],[-75.16342,3.96888],[-75.16329,3.96881],[-75.16324,3.96859],[-75.16319,3.96851],[-75.16301,3.96827],[-75.16259,3.9679],[-75.16202,3.96755],[-75.1619,3.96741],[-75.16183,3.96724],[-75.16166,3.96678],[-75.16161,3.96645],[-75.16145,3.9662],[-75.16125,3.96568],[-75.16097,3.96517],[-75.16047,3.96453],[-75.1604,3.96448],[-75.16027,3.96416],[-75.16009,3.96366],[-75.15989,3.96332],[-75.15965,3.96306],[-75.15947,3.96283],[-75.1594,3.9627],[-75.15927,3.96238],[-75.1592,3.96228],[-75.15888,3.96184],[-75.15863,3.96141],[-75.15857,3.96124],[-75.15849,3.96089],[-75.15832,3.96048],[-75.15818,3.96027],[-75.15798,3.96012],[-75.15777,3.96002],[-75.15755,3.95996],[-75.15687,3.95985],[-75.15642,3.95979],[-75.15601,3.95975],[-75.15575,3.95969],[-75.15537,3.95951],[-75.15514,3.95944],[-75.15498,3.95933],[-75.15483,3.95917],[-75.15476,3.9591],[-75.15461,3.959],[-75.15441,3.95893],[-75.15281,3.95835],[-75.15123,3.95801],[-75.15096,3.95792],[-75.15084,3.95784],[-75.15072,3.95772],[-75.15063,3.95751],[-75.15049,3.95705],[-75.15032,3.95648],[-75.15,3.95601],[-75.14947,3.95516],[-75.14909,3.95465],[-75.14879,3.95443],[-75.14852,3.95428],[-75.14815,3.95411],[-75.14755,3.95387],[-75.1474,3.95379],[-75.14728,3.95366],[-75.14698,3.95334],[-75.14683,3.95319],[-75.14657,3.95303],[-75.14636,3.95292],[-75.14626,3.95281],[-75.14614,3.95264],[-75.14572,3.95208],[-75.14525,3.95157]]},"properties":{"NIVEL_PROP":"N3-Terciaria"}},{"type":"Feature","geometry":{"type":"LineString","coordinates":[[-75.60438,4.00982],[-75.60424,4.00999]]},"properties":{"NIVEL_PROP":"N3-Terciaria"}},{"type":"Feature","geometry":{"type":"LineString","coordinates":[[-75.17994,3.42934],[-75.18023,3.42872],[-75.18025,3.42864],[-75.18025,3.42856],[-75.18021,3.42848],[-75.17983,3.42813],[-75.17976,3.42801],[-75.17946,3.42753],[-75.17938,3.42733],[-75.17926,3.42694],[-75.17916,3.42669],[-75.1791,3.42661],[-75.17903,3.42657],[-75.17893,3.42655],[-75.17881,3.42657]]},"properties":{"NIVEL_PROP":"N3-Terciaria"}},{"type":"Feature","geometry":{"type":"LineString","coordinates":[[-75.19378,3.8012],[-75.19422,3.80122],[-75.19456,3.80134],[-75.19475,3.80147]]},"properties":{"NIVEL_PROP":"N3-Terciaria"}},{"type":"Feature","geometry":{"type":"LineString","coordinates":[[-75.024,3.77304],[-75.02419,3.77306],[-75.02756,3.77426],[-75.02787,3.77425],[-75.02815,3.77415],[-75.02832,3.774],[-75.02842,3.77379],[-75.02854,3.77355],[-75.02869,3.77339],[-75.02884,3.77329],[-75.02901,3.77324],[-75.02975,3.77315],[-75.02998,3.7731],[-75.03014,3.77298],[-75.03064,3.77236],[-75.03087,3.77224],[-75.03111,3.77219],[-75.03136,3.77221],[-75.03256,3.77308],[-75.03271,3.77325],[-75.03353,3.77487],[-75.03354,3.77515],[-75.03349,3.77556],[-75.03348,3.77584],[-75.03359,3.77609],[-75.03377,3.77634],[-75.03428,3.77686],[-75.03526,3.77732],[-75.03551,3.77736],[-75.03641,3.77776],[-75.03772,3.7785],[-75.03892,3.7788],[-75.03932,3.77858],[-75.04029,3.77757],[-75.04105,3.77657],[-75.04192,3.77437],[-75.04204,3.77418],[-75.04219,3.77405],[-75.04236,3.77395],[-75.04254,3.7739],[-75.04575,3.77406]]},"properties":{"NIVEL_PROP":"N3-Terciaria"}},{"type":"Feature","geometry":{"type":"LineString","coordinates":[[-75.14158,3.70553],[-75.14104,3.70527],[-75.14068,3.70497],[-75.1403,3.70474],[-75.13779,3.70513],[-75.1372,3.70497],[-75.1368,3.70506]]},"properties":{"NIVEL_PROP":"N3-Terciaria"}},{"type":"Feature","geometry":{"type":"LineString","coordinates":[[-75.11931,3.93951],[-75.11906,3.93919],[-75.11883,3.93896],[-75.11872,3.93882],[-75.11853,3.93868],[-75.11853,3.93851],[-75.11859,3.9383],[-75.11859,3.93797],[-75.1186,3.9375],[-75.11859,3.93724],[-75.11853,3.93709],[-75.11843,3.93695],[-75.11822,3.93659],[-75.11813,3.93639],[-75.11812,3.93602],[-75.11803,3.93562],[-75.118,3.93532],[-75.1179,3.93512],[-75.11771,3.93464],[-75.11746,3.93417],[-75.11718,3.93366],[-75.11697,3.93339],[-75.11673,3.9332],[-75.11641,3.93308]]},"properties":{"NIVEL_PROP":"N3-Terciaria"}},{"type":"Feature","geometry":{"type":"LineString","coordinates":[[-75.18749,3.96662],[-75.18728,3.96679],[-75.18715,3.96685],[-75.18708,3.96714],[-75.18694,3.9672],[-75.18695,3.96751],[-75.18696,3.9676],[-75.18685,3.96769],[-75.18682,3.96785],[-75.18674,3.96797],[-75.18674,3.96839],[-75.18668,3.96859],[-75.18654,3.96874],[-75.18635,3.96888]]},"properties":{"NIVEL_PROP":"N3-Terciaria"}},{"type":"Feature","geometry":{"type":"LineString","coordinates":[[-75.12695,3.56226],[-75.1266,3.56218],[-75.12645,3.56218],[-75.12624,3.56222],[-75.12598,3.56217]]},"properties":{"NIVEL_PROP":"N3-Servicio"}},{"type":"Feature","geometry":{"type":"LineString","coordinates":[[-75.12607,3.5682],[-75.12527,3.56847],[-75.12499,3.56854],[-75.12469,3.56861],[-75.12426,3.56868],[-75.12361,3.56879],[-75.12332,3.5688],[-75.12306,3.56883],[-75.12288,3.56892],[-75.12242,3.56915],[-75.12225,3.56917],[-75.12177,3.56917],[-75.12152,3.56912],[-75.12118,3.56902],[-75.12096,3.56897],[-75.12059,3.56899],[-75.12038,3.56913],[-75.1198,3.56963],[-75.11962,3.56974],[-75.11942,3.56982],[-75.11893,3.57009],[-75.11859,3.57018],[-75.11811,3.57026],[-75.11766,3.57037],[-75.11729,3.57041],[-75.11698,3.57041],[-75.11662,3.57043],[-75.11657,3.57042],[-75.11651,3.57041],[-75.11642,3.57039],[-75.11638,3.57038],[-75.11635,3.57037],[-75.11631,3.57038],[-75.11627,3.5704],[-75.11617,3.57044],[-75.11613,3.57046],[-75.1161,3.57046],[-75.11566,3.57048],[-75.11555,3.57051],[-75.11543,3.57057],[-75.11535,3.57059],[-75.11528,3.5706],[-75.11502,3.57062]]},"properties":{"NIVEL_PROP":"N3-Terciaria"}},{"type":"Feature","geometry":{"type":"LineString","coordinates":[[-75.13649,3.92806],[-75.13646,3.92825],[-75.13626,3.92871],[-75.13607,3.92902],[-75.13609,3.92911]]},"properties":{"NIVEL_PROP":"N3-Terciaria"}},{"type":"Feature","geometry":{"type":"LineString","coordinates":[[-75.33121,3.81261],[-75.33182,3.81164],[-75.33227,3.81088],[-75.33283,3.80993]]},"properties":{"NIVEL_PROP":"N3-Terciaria"}},{"type":"Feature","geometry":{"type":"LineString","coordinates":[[-75.11853,3.93709],[-75.11858,3.93695],[-75.11896,3.93658],[-75.11905,3.93646],[-75.11898,3.93631],[-75.11902,3.93621],[-75.119,3.93609],[-75.11891,3.9359],[-75.119,3.93563],[-75.11909,3.93545],[-75.1191,3.93529]]},"properties":{"NIVEL_PROP":"N3-Terciaria"}},{"type":"Feature","geometry":{"type":"LineString","coordinates":[[-75.05799,3.84331],[-75.0619,3.8332],[-75.06205,3.83274],[-75.06216,3.83232],[-75.06224,3.83193],[-75.06232,3.8314],[-75.06238,3.83064],[-75.06306,3.82183]]},"properties":{"NIVEL_PROP":"N1-Principal"}},{"type":"Feature","geometry":{"type":"LineString","coordinates":[[-75.33121,3.81261],[-75.33028,3.81477],[-75.32923,3.81658],[-75.32922,3.81659],[-75.32902,3.81682]]},"properties":{"NIVEL_PROP":"N1-Principal"}},{"type":"Feature","geometry":{"type":"LineString","coordinates":[[-75.14745,3.94832],[-75.14746,3.9485],[-75.14769,3.94874],[-75.14771,3.94882],[-75.14781,3.94906]]},"properties":{"NIVEL_PROP":"N3-Terciaria"}},{"type":"Feature","geometry":{"type":"LineString","coordinates":[[-75.32967,3.81691],[-75.33076,3.81701],[-75.33156,3.81768],[-75.33179,3.81788]]},"properties":{"NIVEL_PROP":"N3-Terciaria"}},{"type":"Feature","geometry":{"type":"LineString","coordinates":[[-75.21272,3.84617],[-75.21319,3.84528],[-75.21361,3.8447],[-75.21378,3.84456],[-75.21392,3.84445],[-75.21388,3.84425],[-75.21373,3.84403],[-75.21367,3.84342],[-75.2137,3.84322],[-75.21371,3.84294],[-75.21366,3.84254],[-75.21379,3.84165]]},"properties":{"NIVEL_PROP":"N3-Terciaria"}},{"type":"Feature","geometry":{"type":"LineString","coordinates":[[-75.15561,3.79503],[-75.1585,3.79333],[-75.15903,3.79306],[-75.16124,3.79272],[-75.16153,3.79253],[-75.16169,3.79231],[-75.16182,3.79199],[-75.16214,3.79049],[-75.16237,3.78967],[-75.16262,3.78936],[-75.16302,3.78925],[-75.16343,3.78935],[-75.16386,3.78949],[-75.16506,3.78924],[-75.16566,3.78908],[-75.16668,3.78898],[-75.167,3.7888],[-75.16721,3.78848],[-75.16748,3.78754],[-75.16762,3.78706],[-75.16813,3.786],[-75.16846,3.78537],[-75.16879,3.78416],[-75.16909,3.78323],[-75.16911,3.7831],[-75.16912,3.78296],[-75.1691,3.7828],[-75.16907,3.78268],[-75.169,3.78255],[-75.16885,3.78237],[-75.16866,3.78221],[-75.16799,3.7817],[-75.16789,3.78158],[-75.16779,3.78145],[-75.16774,3.78135],[-75.16763,3.78074],[-75.16749,3.77992],[-75.16744,3.7798],[-75.16737,3.77967],[-75.16727,3.77955],[-75.16714,3.77945],[-75.16677,3.77921],[-75.16604,3.77875],[-75.16587,3.77854],[-75.16565,3.7782],[-75.16522,3.77758],[-75.1651,3.77734],[-75.16508,3.77719],[-75.16508,3.77708],[-75.1651,3.77697],[-75.16516,3.77678],[-75.16526,3.77665],[-75.16536,3.77656],[-75.16619,3.77603],[-75.16692,3.77558]]},"properties":{"NIVEL_PROP":"N3-Terciaria"}},{"type":"Feature","geometry":{"type":"LineString","coordinates":[[-75.09658,3.62534],[-75.09593,3.62513],[-75.09511,3.62487],[-75.09429,3.62461]]},"properties":{"NIVEL_PROP":"N3-Terciaria"}},{"type":"Feature","geometry":{"type":"LineString","coordinates":[[-75.25582,4.06643],[-75.25587,4.06639],[-75.25626,4.06567],[-75.25658,4.06553],[-75.25741,4.06525],[-75.25755,4.06493],[-75.25765,4.06355],[-75.25789,4.06339],[-75.25833,4.06351],[-75.25903,4.06367],[-75.25956,4.06324],[-75.26001,4.06298],[-75.26026,4.06289],[-75.2602,4.06271]]},"properties":{"NIVEL_PROP":"N3-Terciaria"}},{"type":"Feature","geometry":{"type":"LineString","coordinates":[[-75.60603,4.01288],[-75.60615,4.01333],[-75.60624,4.01345],[-75.60633,4.01356],[-75.60647,4.01371],[-75.6068,4.01401]]},"properties":{"NIVEL_PROP":"N3-Terciaria"}},{"type":"Feature","geometry":{"type":"LineString","coordinates":[[-75.05751,3.62001],[-75.05764,3.62004],[-75.05771,3.62007],[-75.05779,3.62009]]},"properties":{"NIVEL_PROP":"N3-Terciaria"}},{"type":"Feature","geometry":{"type":"LineString","coordinates":[[-75.20168,3.77065],[-75.2017,3.77038],[-75.20187,3.77024],[-75.20204,3.77007],[-75.20225,3.76989],[-75.20242,3.76967]]},"properties":{"NIVEL_PROP":"Sendero"}},{"type":"Feature","geometry":{"type":"LineString","coordinates":[[-74.99315,3.75541],[-74.9933,3.75522],[-74.99361,3.7547],[-74.99375,3.75442],[-74.99391,3.75401],[-74.99416,3.75349],[-74.99432,3.75335],[-74.99452,3.75308],[-74.99474,3.75267],[-74.99487,3.75257]]},"properties":{"NIVEL_PROP":"N3-Terciaria"}},{"type":"Feature","geometry":{"type":"LineString","coordinates":[[-75.06051,3.82206],[-75.06059,3.82201],[-75.06074,3.82194]]},"properties":{"NIVEL_PROP":"Sendero"}},{"type":"Feature","geometry":{"type":"LineString","coordinates":[[-74.99878,3.71899],[-74.99909,3.71933]]},"properties":{"NIVEL_PROP":"N3-Terciaria"}},{"type":"Feature","geometry":{"type":"LineString","coordinates":[[-75.11056,3.55707],[-75.11051,3.55708],[-75.11042,3.55714],[-75.11034,3.55729],[-75.11033,3.55749],[-75.11033,3.5585],[-75.10717,3.55894],[-75.10671,3.55897],[-75.10493,3.55899]]},"properties":{"NIVEL_PROP":"N3-Camino vecinal"}},{"type":"Feature","geometry":{"type":"LineString","coordinates":[[-75.00964,3.76502],[-75.00979,3.76434],[-75.01005,3.76341],[-75.0111,3.76031],[-75.01174,3.75807],[-75.0122,3.7557],[-75.01223,3.7556],[-75.01231,3.75499],[-75.01227,3.75415],[-75.01218,3.75284],[-75.01211,3.75158],[-75.01198,3.75082],[-75.01185,3.7505],[-75.01086,3.74959]]},"properties":{"NIVEL_PROP":"N3-Terciaria"}},{"type":"Feature","geometry":{"type":"LineString","coordinates":[[-75.196,3.42155],[-75.19586,3.42146],[-75.19519,3.42109],[-75.19433,3.42061],[-75.19416,3.42053],[-75.1941,3.42052],[-75.19403,3.42052],[-75.19394,3.42053],[-75.19389,3.42055],[-75.19384,3.42055],[-75.19378,3.42056],[-75.19373,3.42055],[-75.19366,3.42054],[-75.19348,3.4205],[-75.19322,3.42043],[-75.19303,3.42036],[-75.19291,3.42031],[-75.1928,3.42027],[-75.19275,3.42025],[-75.1927,3.42024],[-75.19267,3.42022],[-75.19263,3.42018],[-75.1926,3.42014],[-75.19251,3.42]]},"properties":{"NIVEL_PROP":"N3-Servicio"}},{"type":"Feature","geometry":{"type":"LineString","coordinates":[[-75.11181,3.97974],[-75.11201,3.97984],[-75.11217,3.97994],[-75.11222,3.98005],[-75.11219,3.98037],[-75.11212,3.98115],[-75.11211,3.98132],[-75.11203,3.98158],[-75.1119,3.98184]]},"properties":{"NIVEL_PROP":"N3-Terciaria"}},{"type":"Feature","geometry":{"type":"LineString","coordinates":[[-75.16645,3.69849],[-75.16683,3.6991]]},"properties":{"NIVEL_PROP":"N3-Terciaria"}},{"type":"Feature","geometry":{"type":"LineString","coordinates":[[-75.22303,3.93693],[-75.22288,3.9363]]},"properties":{"NIVEL_PROP":"N3-Terciaria"}},{"type":"Feature","geometry":{"type":"LineString","coordinates":[[-75.0674,3.82132],[-75.06707,3.82121]]},"properties":{"NIVEL_PROP":"N3-Terciaria"}},{"type":"Feature","geometry":{"type":"LineString","coordinates":[[-75.15871,3.74582],[-75.15904,3.7453],[-75.15921,3.74516],[-75.16019,3.74461],[-75.16037,3.74442],[-75.16083,3.74381],[-75.16131,3.74341],[-75.16185,3.74287],[-75.16193,3.74281],[-75.16203,3.74281],[-75.16253,3.74319],[-75.1627,3.74326],[-75.16329,3.74343],[-75.16349,3.74357],[-75.16355,3.74374],[-75.16366,3.74452],[-75.16374,3.74469],[-75.16385,3.74485],[-75.16451,3.74563],[-75.16467,3.74593],[-75.16499,3.74675]]},"properties":{"NIVEL_PROP":"N3-Terciaria"}},{"type":"Feature","geometry":{"type":"LineString","coordinates":[[-75.22216,3.93498],[-75.22247,3.93371],[-75.22248,3.93365],[-75.22256,3.93332]]},"properties":{"NIVEL_PROP":"N3-Terciaria"}},{"type":"Feature","geometry":{"type":"LineString","coordinates":[[-75.22023,3.9398],[-75.22084,3.93982],[-75.22099,3.93982],[-75.22128,3.93973],[-75.22142,3.93974],[-75.22225,3.9398]]},"properties":{"NIVEL_PROP":"N3-Terciaria"}},{"type":"Feature","geometry":{"type":"LineString","coordinates":[[-75.2444,3.88922],[-75.24326,3.88859],[-75.24309,3.88852],[-75.24289,3.88854],[-75.24255,3.88861],[-75.24216,3.88867],[-75.24175,3.88869],[-75.24157,3.88874],[-75.24119,3.88894],[-75.24104,3.88894],[-75.24084,3.88895],[-75.24048,3.88893],[-75.24029,3.88883],[-75.24016,3.88879],[-75.2397,3.88848],[-75.23884,3.888],[-75.23863,3.88785],[-75.23812,3.88727],[-75.23803,3.88726],[-75.23769,3.88726],[-75.23695,3.88722],[-75.23648,3.88712],[-75.23606,3.887],[-75.23557,3.88699],[-75.2342,3.88701]]},"properties":{"NIVEL_PROP":"N3-Terciaria"}},{"type":"Feature","geometry":{"type":"LineString","coordinates":[[-75.19324,3.79502],[-75.19293,3.79638],[-75.19271,3.79712]]},"properties":{"NIVEL_PROP":"N3-Terciaria"}},{"type":"Feature","geometry":{"type":"LineString","coordinates":[[-74.98539,3.69644],[-74.98691,3.69759],[-74.98726,3.6978],[-74.98751,3.69792],[-74.99062,3.69919],[-74.99087,3.69934],[-74.99133,3.69962],[-74.99156,3.69982]]},"properties":{"NIVEL_PROP":"N3-Camino vecinal"}},{"type":"Feature","geometry":{"type":"LineString","coordinates":[[-75.21959,3.93171],[-75.21966,3.93182],[-75.22032,3.93269],[-75.22055,3.93291],[-75.22126,3.93322]]},"properties":{"NIVEL_PROP":"N3-Terciaria"}},{"type":"Feature","geometry":{"type":"LineString","coordinates":[[-75.15041,3.4714],[-75.15016,3.47125],[-75.15006,3.47114],[-75.15004,3.47102],[-75.15008,3.47089],[-75.15021,3.47078],[-75.15033,3.4707]]},"properties":{"NIVEL_PROP":"N3-Servicio"}},{"type":"Feature","geometry":{"type":"LineString","coordinates":[[-75.14243,3.93933],[-75.14194,3.93921],[-75.14178,3.93924],[-75.14143,3.93936],[-75.141,3.93932],[-75.14048,3.93926],[-75.14036,3.93929],[-75.14026,3.93936],[-75.14008,3.93951],[-75.13941,3.94005]]},"properties":{"NIVEL_PROP":"N3-Terciaria"}},{"type":"Feature","geometry":{"type":"LineString","coordinates":[[-75.19537,3.79648],[-75.19616,3.79681],[-75.19697,3.7972],[-75.19731,3.79737]]},"properties":{"NIVEL_PROP":"N3-Terciaria"}},{"type":"Feature","geometry":{"type":"LineString","coordinates":[[-75.13355,3.71993],[-75.13452,3.72054],[-75.13458,3.72074],[-75.13444,3.72164],[-75.13394,3.72255],[-75.1334,3.72337],[-75.13322,3.72396],[-75.13268,3.72461],[-75.13207,3.7258],[-75.13187,3.72693],[-75.13193,3.72718],[-75.13212,3.72744],[-75.13288,3.72796],[-75.13291,3.72805],[-75.13291,3.72817],[-75.13271,3.72843],[-75.1327,3.72862],[-75.13315,3.72943],[-75.13414,3.73025],[-75.13421,3.73039],[-75.13414,3.73067],[-75.13399,3.73102],[-75.13369,3.73131],[-75.13359,3.7315],[-75.13359,3.7316],[-75.13369,3.73179],[-75.13381,3.7319],[-75.13434,3.73207],[-75.13467,3.73228],[-75.13509,3.73261],[-75.13554,3.73326],[-75.13571,3.73337],[-75.13626,3.73362],[-75.13697,3.73391],[-75.13734,3.73409],[-75.13797,3.73449],[-75.13834,3.73513],[-75.13854,3.73537],[-75.13879,3.73557],[-75.13921,3.73581],[-75.13938,3.73587],[-75.1406,3.7361],[-75.14184,3.73653],[-75.14348,3.73775],[-75.14375,3.7381],[-75.14411,3.73838],[-75.14409,3.73855],[-75.14398,3.73881],[-75.14398,3.73892],[-75.14409,3.73902],[-75.14505,3.73936],[-75.14619,3.74034],[-75.14642,3.74045],[-75.14859,3.74125],[-75.14936,3.74158],[-75.14988,3.74182],[-75.15006,3.74184],[-75.15023,3.74186],[-75.15099,3.74187],[-75.15161,3.74195],[-75.15172,3.74199],[-75.15234,3.74247],[-75.15366,3.74332],[-75.15373,3.74334],[-75.15383,3.74337],[-75.15419,3.74346],[-75.15438,3.74352],[-75.15481,3.74372]]},"properties":{"NIVEL_PROP":"N3-Terciaria"}},{"type":"Feature","geometry":{"type":"LineString","coordinates":[[-75.22702,3.77947],[-75.22617,3.78009],[-75.22599,3.78013]]},"properties":{"NIVEL_PROP":"N3-Terciaria"}},{"type":"Feature","geometry":{"type":"LineString","coordinates":[[-75.21845,3.93927],[-75.21894,3.9381]]},"properties":{"NIVEL_PROP":"N3-Terciaria"}},{"type":"Feature","geometry":{"type":"LineString","coordinates":[[-75.15053,3.86813],[-75.15358,3.87109]]},"properties":{"NIVEL_PROP":"N3-Terciaria"}},{"type":"Feature","geometry":{"type":"LineString","coordinates":[[-75.11501,3.77551],[-75.11502,3.77562]]},"properties":{"NIVEL_PROP":"N3-Terciaria"}},{"type":"Feature","geometry":{"type":"LineString","coordinates":[[-75.22124,3.93326],[-75.22165,3.93342],[-75.22192,3.93351],[-75.22247,3.93371],[-75.22328,3.93396],[-75.22398,3.93419],[-75.22412,3.9342]]},"properties":{"NIVEL_PROP":"N3-Terciaria"}},{"type":"Feature","geometry":{"type":"LineString","coordinates":[[-75.11033,3.5585],[-75.11035,3.55898],[-75.11041,3.55965],[-75.11048,3.56019],[-75.11052,3.5606],[-75.11051,3.56079],[-75.11034,3.56116],[-75.10804,3.56603],[-75.10786,3.56624],[-75.10647,3.5677],[-75.10626,3.56786],[-75.10613,3.56791],[-75.10604,3.568],[-75.10597,3.56809],[-75.10586,3.56812],[-75.10581,3.56815],[-75.10572,3.56823],[-75.1056,3.56823],[-75.10558,3.56816],[-75.10554,3.56812],[-75.10547,3.5681],[-75.10543,3.56815],[-75.10542,3.56823],[-75.10549,3.56828],[-75.10556,3.56828],[-75.1056,3.56823]]},"properties":{"NIVEL_PROP":"N3-Camino vecinal"}},{"type":"Feature","geometry":{"type":"LineString","coordinates":[[-75.10029,3.53558],[-75.10023,3.53579],[-75.10004,3.5361],[-75.09992,3.53625],[-75.09973,3.53643],[-75.09968,3.53653],[-75.09968,3.53665]]},"properties":{"NIVEL_PROP":"N3-Terciaria"}},{"type":"Feature","geometry":{"type":"LineString","coordinates":[[-75.19058,3.40041],[-75.19055,3.40044],[-75.19046,3.4006],[-75.19038,3.40075],[-75.19032,3.40093],[-75.1902,3.40133]]},"properties":{"NIVEL_PROP":"N3-Terciaria"}},{"type":"Feature","geometry":{"type":"LineString","coordinates":[[-75.19124,3.79571],[-75.19141,3.79533],[-75.19151,3.79503]]},"properties":{"NIVEL_PROP":"N3-Terciaria"}},{"type":"Feature","geometry":{"type":"LineString","coordinates":[[-75.22486,3.93533],[-75.22488,3.93494],[-75.22474,3.93477],[-75.22461,3.93457]]},"properties":{"NIVEL_PROP":"N3-Terciaria"}},{"type":"Feature","geometry":{"type":"LineString","coordinates":[[-74.99894,3.76433],[-74.99894,3.76447],[-74.99894,3.76466]]},"properties":{"NIVEL_PROP":"N3-Terciaria"}},{"type":"Feature","geometry":{"type":"LineString","coordinates":[[-75.15354,3.88396],[-75.15407,3.88448],[-75.15422,3.88453],[-75.1556,3.88451],[-75.15624,3.88455],[-75.15687,3.88459],[-75.15758,3.8848],[-75.15785,3.88488],[-75.15839,3.88485],[-75.15924,3.885],[-75.15999,3.88527],[-75.16055,3.88557],[-75.16074,3.8858],[-75.16078,3.88612],[-75.16065,3.88632],[-75.1606,3.88664],[-75.16072,3.88676],[-75.16087,3.88678],[-75.16101,3.8867],[-75.16113,3.88657],[-75.16154,3.88642],[-75.16183,3.88609],[-75.16188,3.8859],[-75.162,3.88577],[-75.16273,3.88575],[-75.1629,3.88571],[-75.16318,3.88572],[-75.16358,3.88555],[-75.16381,3.88538],[-75.16394,3.88527],[-75.16411,3.8851],[-75.16438,3.88515],[-75.16452,3.88515],[-75.16477,3.88507],[-75.16533,3.88473],[-75.16565,3.88446],[-75.16582,3.88428],[-75.16596,3.88413],[-75.16649,3.88395],[-75.16698,3.884],[-75.16719,3.88395],[-75.16792,3.88377],[-75.16877,3.88354],[-75.16908,3.88343],[-75.16944,3.88303]]},"properties":{"NIVEL_PROP":"N3-Terciaria"}},{"type":"Feature","geometry":{"type":"LineString","coordinates":[[-75.22338,3.93708],[-75.2234,3.93691],[-75.22366,3.93687],[-75.22373,3.93699],[-75.22388,3.93713]]},"properties":{"NIVEL_PROP":"Sendero"}},{"type":"Feature","geometry":{"type":"LineString","coordinates":[[-75.12148,3.76767],[-75.11903,3.76794],[-75.11843,3.76714],[-75.11842,3.76704],[-75.11894,3.76604],[-75.11667,3.76208],[-75.11666,3.76202],[-75.1167,3.76195],[-75.11676,3.7619],[-75.11682,3.76185],[-75.11684,3.76182],[-75.11685,3.76178],[-75.11685,3.76174],[-75.11663,3.76134],[-75.11403,3.7571],[-75.11245,3.75497],[-75.11245,3.75494],[-75.11246,3.75491],[-75.11254,3.75477],[-75.11283,3.75431],[-75.11317,3.75371],[-75.11324,3.75358],[-75.11334,3.75334],[-75.11344,3.75318],[-75.11354,3.75308],[-75.11366,3.75301]]},"properties":{"NIVEL_PROP":"N3-Terciaria"}},{"type":"Feature","geometry":{"type":"LineString","coordinates":[[-75.22603,4.10577],[-75.22682,4.10438]]},"properties":{"NIVEL_PROP":"N3-Terciaria"}},{"type":"Feature","geometry":{"type":"LineString","coordinates":[[-75.09742,3.61674],[-75.09702,3.61669],[-75.09677,3.61665]]},"properties":{"NIVEL_PROP":"N3-Terciaria"}},{"type":"Feature","geometry":{"type":"LineString","coordinates":[[-75.0957,3.61988],[-75.09551,3.62064],[-75.09527,3.62131],[-75.09522,3.62152]]},"properties":{"NIVEL_PROP":"N3-Terciaria"}},{"type":"Feature","geometry":{"type":"LineString","coordinates":[[-75.1878,3.43957],[-75.18772,3.43936],[-75.1877,3.43932],[-75.18768,3.43926],[-75.18762,3.43921],[-75.18754,3.43916],[-75.18741,3.4391],[-75.18732,3.43906],[-75.18728,3.43905],[-75.18721,3.43902]]},"properties":{"NIVEL_PROP":"N3-Terciaria"}},{"type":"Feature","geometry":{"type":"LineString","coordinates":[[-75.22498,3.93165],[-75.22515,3.93162],[-75.22508,3.93115]]},"properties":{"NIVEL_PROP":"N3-Terciaria"}},{"type":"Feature","geometry":{"type":"LineString","coordinates":[[-75.18349,3.92274],[-75.18411,3.92252],[-75.18417,3.92242],[-75.18458,3.92179],[-75.18478,3.92141],[-75.18497,3.92115],[-75.18516,3.92091],[-75.18541,3.92071]]},"properties":{"NIVEL_PROP":"N3-Terciaria"}},{"type":"Feature","geometry":{"type":"LineString","coordinates":[[-75.2176,3.93662],[-75.21745,3.93672],[-75.21721,3.93692]]},"properties":{"NIVEL_PROP":"N3-Terciaria"}},{"type":"Feature","geometry":{"type":"LineString","coordinates":[[-75.19409,3.79951],[-75.19418,3.79928],[-75.19444,3.79873],[-75.19469,3.79807]]},"properties":{"NIVEL_PROP":"N3-Terciaria"}},{"type":"Feature","geometry":{"type":"LineString","coordinates":[[-75.32577,3.90473],[-75.32577,3.90495],[-75.32575,3.90532]]},"properties":{"NIVEL_PROP":"N3-Terciaria"}},{"type":"Feature","geometry":{"type":"LineString","coordinates":[[-75.07773,3.64066],[-75.07785,3.64096],[-75.07788,3.64104],[-75.07794,3.64113],[-75.0781,3.6412],[-75.07837,3.64134],[-75.07843,3.64139],[-75.07853,3.64149],[-75.07873,3.64179],[-75.07877,3.64185],[-75.07885,3.64192],[-75.07896,3.64198],[-75.07908,3.64204],[-75.07926,3.64207],[-75.07939,3.64211],[-75.07943,3.64213],[-75.07945,3.64219],[-75.07946,3.64228]]},"properties":{"NIVEL_PROP":"N3-Servicio"}},{"type":"Feature","geometry":{"type":"LineString","coordinates":[[-75.26516,3.87246],[-75.2656,3.87292],[-75.26633,3.87324],[-75.2669,3.87342],[-75.26748,3.87347],[-75.26888,3.87309]]},"properties":{"NIVEL_PROP":"N3-Terciaria"}},{"type":"Feature","geometry":{"type":"LineString","coordinates":[[-75.17896,3.42867],[-75.1792,3.42871]]},"properties":{"NIVEL_PROP":"N3-Servicio"}},{"type":"Feature","geometry":{"type":"LineString","coordinates":[[-75.22396,3.93068],[-75.22298,3.93049],[-75.22219,3.9303],[-75.2221,3.93028]]},"properties":{"NIVEL_PROP":"N3-Terciaria"}},{"type":"Feature","geometry":{"type":"LineString","coordinates":[[-75.17838,3.85452],[-75.17817,3.85452],[-75.17757,3.85381],[-75.17669,3.85229],[-75.17662,3.85232]]},"properties":{"NIVEL_PROP":"N3-Terciaria"}},{"type":"Feature","geometry":{"type":"LineString","coordinates":[[-75.08049,3.94892],[-75.08087,3.95036],[-75.08093,3.95115],[-75.081,3.95161],[-75.08119,3.95201],[-75.08144,3.95255],[-75.08148,3.95295],[-75.08144,3.9533],[-75.08152,3.95351],[-75.08164,3.95356],[-75.082,3.95366],[-75.08255,3.95373],[-75.08271,3.95376],[-75.08281,3.95382],[-75.08291,3.95425],[-75.08309,3.95469],[-75.08315,3.95552],[-75.0831,3.95608],[-75.08318,3.95669],[-75.08313,3.95696],[-75.08307,3.95708]]},"properties":{"NIVEL_PROP":"N3-Camino vecinal"}},{"type":"Feature","geometry":{"type":"LineString","coordinates":[[-75.06202,3.81939],[-75.06178,3.82012]]},"properties":{"NIVEL_PROP":"N3-Terciaria"}},{"type":"Feature","geometry":{"type":"LineString","coordinates":[[-75.3242,3.92624],[-75.32417,3.92606],[-75.32409,3.92586],[-75.32411,3.92579],[-75.32425,3.92574],[-75.32449,3.92559],[-75.32455,3.92552],[-75.32466,3.92536],[-75.32482,3.92516],[-75.32499,3.92452],[-75.3251,3.92448],[-75.32534,3.92441],[-75.32549,3.92444],[-75.32576,3.9247],[-75.32597,3.92476],[-75.32609,3.92471],[-75.32624,3.92459],[-75.32637,3.92444],[-75.3265,3.92435],[-75.32666,3.92429],[-75.32698,3.92436],[-75.32725,3.92454],[-75.32743,3.92461],[-75.32779,3.92461],[-75.3282,3.9247],[-75.32851,3.92464],[-75.32874,3.9246],[-75.32885,3.92447],[-75.32905,3.92419],[-75.32923,3.92407],[-75.32946,3.92394],[-75.32989,3.92369],[-75.33007,3.92345],[-75.33016,3.92341],[-75.33024,3.92343],[-75.3303,3.92349],[-75.33031,3.92359],[-75.33015,3.92396],[-75.33004,3.92414],[-75.33001,3.92433],[-75.3301,3.92445],[-75.33024,3.92448],[-75.33074,3.92426],[-75.33129,3.92412],[-75.33169,3.92399],[-75.33216,3.92384],[-75.33287,3.92362],[-75.33335,3.92346],[-75.33353,3.92336],[-75.33377,3.92315],[-75.33404,3.92293],[-75.33448,3.9227],[-75.33471,3.92265],[-75.33514,3.92275],[-75.33599,3.923],[-75.33689,3.92321],[-75.33715,3.92324],[-75.33741,3.92322],[-75.33762,3.92312],[-75.33785,3.923],[-75.33819,3.92285],[-75.33837,3.92285],[-75.3391,3.92306],[-75.33925,3.92307],[-75.3398,3.92302],[-75.33995,3.92301],[-75.34027,3.92288],[-75.34052,3.92267]]},"properties":{"NIVEL_PROP":"N3-Terciaria"}},{"type":"Feature","geometry":{"type":"LineString","coordinates":[[-75.17696,3.70709],[-75.17669,3.7069],[-75.17644,3.7067],[-75.17612,3.70666]]},"properties":{"NIVEL_PROP":"N3-Camino vecinal"}},{"type":"Feature","geometry":{"type":"LineString","coordinates":[[-75.16412,3.9392],[-75.16414,3.93932],[-75.1641,3.93955],[-75.16413,3.93978],[-75.16432,3.93986],[-75.16446,3.93993],[-75.16449,3.93997],[-75.16449,3.94002],[-75.16445,3.94015],[-75.16427,3.94048],[-75.16427,3.94058],[-75.16435,3.94076],[-75.16449,3.9409],[-75.16455,3.94095],[-75.16454,3.94106],[-75.16439,3.94135],[-75.16422,3.94167],[-75.16403,3.94198],[-75.16379,3.94236],[-75.16372,3.94249],[-75.16364,3.94256],[-75.1635,3.94264],[-75.16335,3.94262],[-75.16325,3.94259]]},"properties":{"NIVEL_PROP":"N3-Terciaria"}},{"type":"Feature","geometry":{"type":"LineString","coordinates":[[-75.07835,3.59928],[-75.07844,3.59931],[-75.07856,3.59932],[-75.07868,3.59935],[-75.07872,3.59943],[-75.07876,3.59966],[-75.0788,3.59991],[-75.07884,3.60012],[-75.07888,3.60033],[-75.07885,3.60043],[-75.07875,3.60052],[-75.07851,3.60056],[-75.07779,3.60066],[-75.07737,3.60069]]},"properties":{"NIVEL_PROP":"N3-Camino vecinal"}},{"type":"Feature","geometry":{"type":"LineString","coordinates":[[-75.13274,3.43144],[-75.13265,3.43161],[-75.13259,3.43179],[-75.13257,3.43193],[-75.13257,3.4321],[-75.13262,3.43235],[-75.13264,3.43252]]},"properties":{"NIVEL_PROP":"N2-Secundaria"}},{"type":"Feature","geometry":{"type":"LineString","coordinates":[[-75.08899,3.61812],[-75.08865,3.61797]]},"properties":{"NIVEL_PROP":"N3-Terciaria"}},{"type":"Feature","geometry":{"type":"LineString","coordinates":[[-74.9914,3.75176],[-74.99136,3.75207],[-74.99132,3.75227],[-74.99123,3.75244],[-74.99069,3.75287]]},"properties":{"NIVEL_PROP":"N3-Terciaria"}},{"type":"Feature","geometry":{"type":"LineString","coordinates":[[-75.16122,3.45575],[-75.16156,3.4563],[-75.1616,3.45636],[-75.16162,3.45641],[-75.16163,3.45648],[-75.16161,3.45657],[-75.16119,3.45734],[-75.1611,3.45745],[-75.1588,3.45938],[-75.15869,3.45958],[-75.15856,3.45982],[-75.15854,3.45987],[-75.15852,3.45993],[-75.15839,3.46161]]},"properties":{"NIVEL_PROP":"N3-Terciaria"}},{"type":"Feature","geometry":{"type":"LineString","coordinates":[[-75.22193,3.93251],[-75.22196,3.9325],[-75.22202,3.93252],[-75.22211,3.93254],[-75.22222,3.93255]]},"properties":{"NIVEL_PROP":"N3-Terciaria"}},{"type":"Feature","geometry":{"type":"LineString","coordinates":[[-75.12152,3.77714],[-75.12198,3.77708],[-75.1222,3.77687],[-75.123,3.77697],[-75.12317,3.77692],[-75.12363,3.77698],[-75.12443,3.77692]]},"properties":{"NIVEL_PROP":"N3-Terciaria"}},{"type":"Feature","geometry":{"type":"LineString","coordinates":[[-75.10969,3.67526],[-75.10961,3.67528],[-75.10956,3.67532],[-75.10955,3.6754],[-75.1096,3.67564],[-75.10964,3.67611],[-75.10968,3.67663],[-75.10972,3.67711],[-75.10972,3.6779],[-75.10969,3.67845],[-75.10965,3.67899],[-75.10958,3.67921],[-75.10948,3.67941],[-75.10936,3.6796],[-75.10928,3.67968],[-75.10917,3.67974],[-75.10906,3.67978],[-75.10894,3.67977],[-75.10884,3.67971],[-75.1086,3.67955],[-75.10855,3.67953],[-75.10849,3.67953],[-75.10836,3.67954],[-75.10829,3.67954],[-75.10821,3.67952],[-75.10798,3.6794],[-75.10776,3.67927],[-75.10761,3.67917],[-75.1075,3.67915],[-75.10741,3.67915],[-75.1072,3.67916],[-75.107,3.67917]]},"properties":{"NIVEL_PROP":"N3-Terciaria"}},{"type":"Feature","geometry":{"type":"LineString","coordinates":[[-75.12608,3.56891],[-75.12615,3.56892],[-75.12635,3.56896],[-75.12677,3.56909],[-75.1272,3.56925],[-75.12874,3.5704],[-75.1293,3.5708],[-75.12934,3.57085],[-75.12937,3.57091],[-75.12938,3.57098],[-75.1294,3.57116],[-75.12943,3.57125],[-75.12946,3.57131],[-75.12963,3.57153],[-75.12969,3.57159],[-75.12975,3.57164],[-75.12983,3.57168],[-75.12991,3.57175],[-75.13,3.57188],[-75.13006,3.57201],[-75.13011,3.57224],[-75.13011,3.57286],[-75.1301,3.57318],[-75.1301,3.57347],[-75.13002,3.57389],[-75.12999,3.57405],[-75.13,3.57414],[-75.13004,3.57422],[-75.13009,3.57431],[-75.13017,3.57438],[-75.13034,3.5745],[-75.13052,3.57465],[-75.13108,3.57524],[-75.13111,3.57526],[-75.13115,3.57526],[-75.13126,3.57526],[-75.1314,3.57526],[-75.1318,3.57528],[-75.13184,3.57528],[-75.13202,3.57521],[-75.13207,3.57518],[-75.13215,3.57515],[-75.13239,3.57509],[-75.13248,3.57509],[-75.13256,3.5751],[-75.13264,3.57511],[-75.13271,3.57514],[-75.13275,3.57521],[-75.13277,3.57529],[-75.13278,3.57536],[-75.13279,3.57572]]},"properties":{"NIVEL_PROP":"N3-Terciaria"}},{"type":"Feature","geometry":{"type":"LineString","coordinates":[[-75.17515,3.70886],[-75.17516,3.70891],[-75.17524,3.70905],[-75.17521,3.70925],[-75.17511,3.7094]]},"properties":{"NIVEL_PROP":"Sendero"}},{"type":"Feature","geometry":{"type":"LineString","coordinates":[[-75.15177,3.46675],[-75.15199,3.46644]]},"properties":{"NIVEL_PROP":"N1-Principal"}},{"type":"Feature","geometry":{"type":"LineString","coordinates":[[-75.13759,4.00407],[-75.13758,4.00395],[-75.13752,4.00379],[-75.13744,4.00371],[-75.13733,4.00365],[-75.13721,4.00359],[-75.13711,4.00351],[-75.13709,4.00348],[-75.13707,4.00344],[-75.13707,4.0034],[-75.13707,4.00337],[-75.13707,4.00333],[-75.13708,4.00329],[-75.1371,4.00326],[-75.13729,4.00284],[-75.13744,4.00256],[-75.13751,4.00234],[-75.13758,4.00196],[-75.13767,4.00152],[-75.13773,4.00097],[-75.13777,4.00061],[-75.13783,4.00042],[-75.13794,4.00011],[-75.13799,3.99983],[-75.138,3.99976],[-75.138,3.9997],[-75.13799,3.99963],[-75.13798,3.99954],[-75.13795,3.99945],[-75.13792,3.99937],[-75.1378,3.99913],[-75.13764,3.99892],[-75.13755,3.99874],[-75.13741,3.99837],[-75.13729,3.99812],[-75.13718,3.99791],[-75.13712,3.99763],[-75.13709,3.99743],[-75.13703,3.99724],[-75.13696,3.99716],[-75.13684,3.9971]]},"properties":{"NIVEL_PROP":"N3-Terciaria"}},{"type":"Feature","geometry":{"type":"LineString","coordinates":[[-75.32953,3.8181],[-75.32964,3.81832],[-75.3297,3.81844],[-75.33,3.8187],[-75.33012,3.81886]]},"properties":{"NIVEL_PROP":"N3-Servicio"}},{"type":"Feature","geometry":{"type":"LineString","coordinates":[[-75.34104,3.89875],[-75.34105,3.89858],[-75.34106,3.89843],[-75.34111,3.89827],[-75.34116,3.89818],[-75.34119,3.89803],[-75.34123,3.89789],[-75.34124,3.89782],[-75.34137,3.89769],[-75.34139,3.89762],[-75.34141,3.89761],[-75.34144,3.89758],[-75.34152,3.89745]]},"properties":{"NIVEL_PROP":"N3-Terciaria"}},{"type":"Feature","geometry":{"type":"LineString","coordinates":[[-75.19577,3.91503],[-75.19566,3.91582]]},"properties":{"NIVEL_PROP":"N3-Terciaria"}},{"type":"Feature","geometry":{"type":"LineString","coordinates":[[-75.17329,3.7791],[-75.17329,3.78015],[-75.17328,3.78064],[-75.17318,3.78134],[-75.17294,3.78214],[-75.17247,3.78328],[-75.17235,3.7835],[-75.17214,3.78364],[-75.17178,3.78379],[-75.17159,3.78392],[-75.17145,3.78415]]},"properties":{"NIVEL_PROP":"N3-Camino vecinal"}},{"type":"Feature","geometry":{"type":"LineString","coordinates":[[-75.12757,3.70542],[-75.12681,3.70552],[-75.12651,3.70552],[-75.12604,3.70542],[-75.12525,3.7052],[-75.1251,3.70512],[-75.1251,3.70497],[-75.125,3.7048],[-75.12482,3.70462],[-75.1246,3.70443],[-75.12446,3.70429],[-75.12438,3.70406],[-75.12426,3.70389],[-75.12369,3.70358],[-75.12299,3.70319],[-75.12259,3.70308]]},"properties":{"NIVEL_PROP":"N3-Terciaria"}},{"type":"Feature","geometry":{"type":"LineString","coordinates":[[-75.0918,3.69973],[-75.09194,3.69954]]},"properties":{"NIVEL_PROP":"N3-Servicio"}},{"type":"Feature","geometry":{"type":"LineString","coordinates":[[-74.99161,3.75171],[-74.99171,3.75134],[-74.99176,3.7511],[-74.99175,3.75094],[-74.99174,3.75087],[-74.99169,3.75077],[-74.99153,3.75048],[-74.99151,3.75038],[-74.99155,3.75021],[-74.99164,3.75]]},"properties":{"NIVEL_PROP":"N3-Camino vecinal"}},{"type":"Feature","geometry":{"type":"LineString","coordinates":[[-75.08796,3.6201],[-75.08832,3.6202]]},"properties":{"NIVEL_PROP":"N3-Terciaria"}},{"type":"Feature","geometry":{"type":"LineString","coordinates":[[-75.09745,3.62305],[-75.09677,3.62286],[-75.09662,3.62282]]},"properties":{"NIVEL_PROP":"N3-Terciaria"}},{"type":"Feature","geometry":{"type":"LineString","coordinates":[[-75.12877,3.97414],[-75.13004,3.97306],[-75.13031,3.97288],[-75.13148,3.97197]]},"properties":{"NIVEL_PROP":"N3-Camino vecinal"}},{"type":"Feature","geometry":{"type":"LineString","coordinates":[[-75.07904,3.79164],[-75.07763,3.79179],[-75.07716,3.7918],[-75.07674,3.79179],[-75.07647,3.79181],[-75.0762,3.79187],[-75.07602,3.79189],[-75.07582,3.79199],[-75.07568,3.79201],[-75.07549,3.792],[-75.07527,3.79191],[-75.0742,3.79157],[-75.07309,3.79132],[-75.06988,3.79081]]},"properties":{"NIVEL_PROP":"N3-Terciaria"}},{"type":"Feature","geometry":{"type":"LineString","coordinates":[[-75.11364,3.6764],[-75.11406,3.67636],[-75.11425,3.67637],[-75.11439,3.67639],[-75.11453,3.67641],[-75.11459,3.67638],[-75.11464,3.67634],[-75.11474,3.67622],[-75.11479,3.67617],[-75.11484,3.6761],[-75.11488,3.67605],[-75.11493,3.67601],[-75.11508,3.67596],[-75.11521,3.67585],[-75.11525,3.67578],[-75.11526,3.67568],[-75.11524,3.67551],[-75.11516,3.67491],[-75.11512,3.6748],[-75.11506,3.67473],[-75.11479,3.67455],[-75.11467,3.67446],[-75.11453,3.67431],[-75.11445,3.67422],[-75.11434,3.67412],[-75.11415,3.67398],[-75.11399,3.67386],[-75.11392,3.6738],[-75.11386,3.67374],[-75.11374,3.67355]]},"properties":{"NIVEL_PROP":"N3-Terciaria"}},{"type":"Feature","geometry":{"type":"LineString","coordinates":[[-75.22144,3.93919],[-75.22147,3.9391],[-75.22152,3.93894]]},"properties":{"NIVEL_PROP":"Sendero"}},{"type":"Feature","geometry":{"type":"LineString","coordinates":[[-75.11988,3.93997],[-75.11998,3.93997],[-75.12034,3.94019],[-75.12063,3.94021],[-75.12087,3.94016],[-75.12123,3.9401],[-75.12149,3.94007],[-75.12153,3.93994],[-75.12151,3.93977],[-75.12147,3.93952],[-75.12172,3.93901],[-75.12192,3.93848],[-75.12195,3.93807],[-75.12196,3.9376],[-75.12188,3.93722],[-75.12193,3.937]]},"properties":{"NIVEL_PROP":"N3-Terciaria"}},{"type":"Feature","geometry":{"type":"LineString","coordinates":[[-75.09763,3.62225],[-75.09684,3.62203]]},"properties":{"NIVEL_PROP":"N3-Terciaria"}},{"type":"Feature","geometry":{"type":"LineString","coordinates":[[-75.09082,3.70097],[-75.09088,3.70088]]},"properties":{"NIVEL_PROP":"N3-Servicio"}},{"type":"Feature","geometry":{"type":"LineString","coordinates":[[-75.08905,3.618],[-75.08865,3.61782]]},"properties":{"NIVEL_PROP":"N3-Terciaria"}},{"type":"Feature","geometry":{"type":"LineString","coordinates":[[-75.01319,3.71657],[-75.01323,3.71738],[-75.01311,3.71801],[-75.01309,3.71844],[-75.0128,3.71958],[-75.01239,3.72017],[-75.01193,3.72092],[-75.01028,3.72287],[-75.01002,3.72333],[-75.00906,3.72439],[-75.00882,3.72477],[-75.00877,3.72491],[-75.00876,3.72526],[-75.00872,3.72536],[-75.00866,3.72548],[-75.00777,3.727],[-75.00734,3.7268],[-75.00702,3.72738],[-75.00674,3.72761],[-75.00694,3.72793],[-75.0067,3.72839],[-75.00671,3.72856],[-75.00678,3.72863],[-75.00691,3.72865],[-75.00714,3.72861],[-75.00847,3.72788],[-75.00861,3.72785],[-75.0087,3.7279],[-75.01024,3.72933],[-75.01062,3.72988],[-75.011,3.73081],[-75.01106,3.73117],[-75.01113,3.73127],[-75.01133,3.73136],[-75.0121,3.73141],[-75.01284,3.73176]]},"properties":{"NIVEL_PROP":"N3-Terciaria"}},{"type":"Feature","geometry":{"type":"LineString","coordinates":[[-75.12434,3.54375],[-75.12438,3.54339],[-75.12439,3.54334],[-75.1244,3.54331],[-75.12443,3.54329],[-75.1245,3.54326],[-75.12501,3.54312],[-75.12553,3.54297],[-75.1257,3.54294]]},"properties":{"NIVEL_PROP":"N3-Terciaria"}},{"type":"Feature","geometry":{"type":"LineString","coordinates":[[-75.14557,3.93096],[-75.14558,3.93019],[-75.1455,3.92916],[-75.14547,3.92886],[-75.14526,3.92864],[-75.14469,3.9284],[-75.14401,3.92824],[-75.14385,3.92819],[-75.14385,3.92804],[-75.14391,3.92785],[-75.14399,3.92773],[-75.14415,3.92776],[-75.1443,3.92758],[-75.14451,3.92759],[-75.14476,3.92751],[-75.14509,3.92733],[-75.1452,3.92723],[-75.14565,3.92701],[-75.14588,3.92688],[-75.14622,3.92653],[-75.14643,3.92636],[-75.14658,3.92613],[-75.14692,3.92587],[-75.14736,3.92542],[-75.14767,3.92515]]},"properties":{"NIVEL_PROP":"N3-Terciaria"}},{"type":"Feature","geometry":{"type":"LineString","coordinates":[[-75.18669,3.40075],[-75.18669,3.40067],[-75.18675,3.40053]]},"properties":{"NIVEL_PROP":"N3-Terciaria"}},{"type":"Feature","geometry":{"type":"LineString","coordinates":[[-75.19088,3.40447],[-75.19181,3.40469]]},"properties":{"NIVEL_PROP":"N3-Terciaria"}},{"type":"Feature","geometry":{"type":"LineString","coordinates":[[-75.11198,3.53374],[-75.11188,3.53195],[-75.11184,3.53143],[-75.11165,3.53074],[-75.11139,3.53027],[-75.11103,3.52972],[-75.11086,3.52944],[-75.11071,3.52911]]},"properties":{"NIVEL_PROP":"N3-Terciaria"}},{"type":"Feature","geometry":{"type":"LineString","coordinates":[[-75.19438,3.79239],[-75.19397,3.79236],[-75.19353,3.79239]]},"properties":{"NIVEL_PROP":"N3-Terciaria"}},{"type":"Feature","geometry":{"type":"LineString","coordinates":[[-75.22515,3.93162],[-75.22547,3.93154],[-75.22563,3.93152],[-75.22578,3.93149],[-75.22591,3.93146],[-75.22599,3.93128],[-75.22603,3.93119],[-75.22604,3.93113],[-75.22605,3.93107],[-75.22598,3.93103]]},"properties":{"NIVEL_PROP":"N3-Terciaria"}},{"type":"Feature","geometry":{"type":"LineString","coordinates":[[-75.09272,3.61602],[-75.09263,3.61584]]},"properties":{"NIVEL_PROP":"N3-Terciaria"}},{"type":"Feature","geometry":{"type":"LineString","coordinates":[[-75.09522,3.62152],[-75.09516,3.62168],[-75.095,3.62229]]},"properties":{"NIVEL_PROP":"N3-Terciaria"}},{"type":"Feature","geometry":{"type":"LineString","coordinates":[[-75.09635,3.62363],[-75.09662,3.62282],[-75.09684,3.62203],[-75.09699,3.62152],[-75.09705,3.62128],[-75.09711,3.6211],[-75.09722,3.6206],[-75.09725,3.6204],[-75.09727,3.61994],[-75.0973,3.6196],[-75.09735,3.61914],[-75.09743,3.61832],[-75.0975,3.61759],[-75.09754,3.61733],[-75.09759,3.61721],[-75.09767,3.61706],[-75.09786,3.61689],[-75.09793,3.61685]]},"properties":{"NIVEL_PROP":"N2-Secundaria"}},{"type":"Feature","geometry":{"type":"LineString","coordinates":[[-75.003,3.66147],[-75.00327,3.66132]]},"properties":{"NIVEL_PROP":"N3-Terciaria"}},{"type":"Feature","geometry":{"type":"LineString","coordinates":[[-75.20276,3.78998],[-75.20245,3.79005],[-75.2022,3.79011],[-75.20193,3.79018]]},"properties":{"NIVEL_PROP":"N3-Terciaria"}},{"type":"Feature","geometry":{"type":"LineString","coordinates":[[-75.2252,3.93635],[-75.22503,3.93641],[-75.22483,3.93643],[-75.22467,3.93642],[-75.22442,3.93636],[-75.22417,3.93632],[-75.22406,3.93629],[-75.22288,3.9363]]},"properties":{"NIVEL_PROP":"N3-Terciaria"}},{"type":"Feature","geometry":{"type":"LineString","coordinates":[[-75.16718,3.91098],[-75.16701,3.91107],[-75.1669,3.91127],[-75.16664,3.91177],[-75.16619,3.91279],[-75.166,3.91314]]},"properties":{"NIVEL_PROP":"N3-Terciaria"}},{"type":"Feature","geometry":{"type":"LineString","coordinates":[[-75.126,3.56355],[-75.12584,3.56354],[-75.12575,3.56351],[-75.12535,3.56329],[-75.12513,3.56306],[-75.12506,3.56284],[-75.12496,3.56266],[-75.12481,3.56256],[-75.12416,3.56221]]},"properties":{"NIVEL_PROP":"N3-Terciaria"}},{"type":"Feature","geometry":{"type":"LineString","coordinates":[[-75.09136,3.62505],[-75.09084,3.62488]]},"properties":{"NIVEL_PROP":"N3-Terciaria"}},{"type":"Feature","geometry":{"type":"LineString","coordinates":[[-75.0568,3.72177],[-75.05676,3.72185],[-75.05674,3.72191],[-75.05666,3.72205],[-75.05662,3.72213],[-75.05659,3.72222],[-75.05654,3.72239],[-75.05648,3.72251],[-75.05641,3.7226],[-75.05629,3.72269],[-75.05623,3.72273],[-75.05618,3.72276],[-75.05612,3.72281],[-75.05607,3.72286],[-75.05601,3.72288],[-75.05592,3.72289],[-75.05583,3.72288],[-75.05571,3.72286],[-75.0556,3.72282]]},"properties":{"NIVEL_PROP":"N3-Servicio"}},{"type":"Feature","geometry":{"type":"LineString","coordinates":[[-75.08026,3.71708],[-75.07404,3.71542],[-75.07341,3.7154],[-75.07163,3.71526],[-75.06994,3.71474],[-75.06826,3.71414],[-75.06819,3.71413],[-75.06813,3.71412],[-75.06758,3.71423],[-75.067,3.71429],[-75.06586,3.71442],[-75.06548,3.71439],[-75.06511,3.71429],[-75.06396,3.71357],[-75.06333,3.71317],[-75.06315,3.71304],[-75.06275,3.71276],[-75.06266,3.71271],[-75.06217,3.7124],[-75.0618,3.71216],[-75.06043,3.7113],[-75.06002,3.71105],[-75.05909,3.71048],[-75.05809,3.70989],[-75.05794,3.70981],[-75.05601,3.70912],[-75.05231,3.70789],[-75.05047,3.70727],[-75.04867,3.70666],[-75.04494,3.70543],[-75.04473,3.70539],[-75.04328,3.70522],[-75.04216,3.70501]]},"properties":{"NIVEL_PROP":"N3-Terciaria"}},{"type":"Feature","geometry":{"type":"LineString","coordinates":[[-75.06967,3.77121],[-75.06967,3.77128]]},"properties":{"NIVEL_PROP":"N3-Terciaria"}},{"type":"Feature","geometry":{"type":"LineString","coordinates":[[-75.09173,3.63975],[-75.09196,3.63968],[-75.09214,3.63963],[-75.09227,3.63951]]},"properties":{"NIVEL_PROP":"N3-Servicio"}},{"type":"Feature","geometry":{"type":"LineString","coordinates":[[-75.02268,3.69093],[-75.023,3.69108],[-75.02377,3.6916],[-75.02428,3.69193]]},"properties":{"NIVEL_PROP":"N3-Terciaria"}},{"type":"Feature","geometry":{"type":"LineString","coordinates":[[-75.13641,3.85987],[-75.13649,3.85999],[-75.13658,3.85992],[-75.13665,3.85995],[-75.13661,3.86017]]},"properties":{"NIVEL_PROP":"Sendero"}},{"type":"Feature","geometry":{"type":"LineString","coordinates":[[-75.22568,3.93454],[-75.22572,3.93496],[-75.22573,3.93512],[-75.22573,3.93529],[-75.22568,3.93547],[-75.22558,3.93575],[-75.22554,3.93587],[-75.22544,3.9361],[-75.22535,3.9362],[-75.2252,3.93635]]},"properties":{"NIVEL_PROP":"N3-Terciaria"}},{"type":"Feature","geometry":{"type":"LineString","coordinates":[[-75.18152,3.70657],[-75.18135,3.7066],[-75.18113,3.70661],[-75.1806,3.70669],[-75.18033,3.70669],[-75.18007,3.7067],[-75.17995,3.70668],[-75.1798,3.70659],[-75.17966,3.70645],[-75.17955,3.70638],[-75.17939,3.70639],[-75.17844,3.70646],[-75.17782,3.70651],[-75.17757,3.7066],[-75.17696,3.70709],[-75.17617,3.70759],[-75.17606,3.70761]]},"properties":{"NIVEL_PROP":"N3-Camino vecinal"}},{"type":"Feature","geometry":{"type":"LineString","coordinates":[[-75.60521,4.01142],[-75.60501,4.01164],[-75.60483,4.01181],[-75.60449,4.0121],[-75.60399,4.0125],[-75.6038,4.01266],[-75.60365,4.0128],[-75.60358,4.01298],[-75.60357,4.01305]]},"properties":{"NIVEL_PROP":"Sendero"}},{"type":"Feature","geometry":{"type":"LineString","coordinates":[[-75.16882,3.93629],[-75.16903,3.9365],[-75.16937,3.93679],[-75.16956,3.93692],[-75.16972,3.93698]]},"properties":{"NIVEL_PROP":"N3-Terciaria"}},{"type":"Feature","geometry":{"type":"LineString","coordinates":[[-75.02681,3.8153],[-75.02683,3.81537],[-75.02686,3.81544],[-75.02688,3.81551]]},"properties":{"NIVEL_PROP":"N3-Terciaria"}},{"type":"Feature","geometry":{"type":"LineString","coordinates":[[-75.10044,3.84641],[-75.10021,3.84653],[-75.10011,3.8466],[-75.10005,3.84669],[-75.09989,3.84707],[-75.09968,3.84764]]},"properties":{"NIVEL_PROP":"N3-Servicio"}},{"type":"Feature","geometry":{"type":"LineString","coordinates":[[-75.13355,3.71993],[-75.13358,3.71988]]},"properties":{"NIVEL_PROP":"N3-Terciaria"}},{"type":"Feature","geometry":{"type":"LineString","coordinates":[[-75.04112,3.78137],[-75.03863,3.78311],[-75.03834,3.78318],[-75.03729,3.78303],[-75.03689,3.78297],[-75.03486,3.78253],[-75.03425,3.78253],[-75.03383,3.78239],[-75.03122,3.77925],[-75.03045,3.77814],[-75.0295,3.77677],[-75.02777,3.7755],[-75.02541,3.77377],[-75.02495,3.77349],[-75.024,3.77304],[-75.0239,3.77298],[-75.023,3.77248],[-75.02228,3.77217],[-75.02166,3.77195],[-75.02087,3.77174],[-75.01982,3.77159],[-75.02054,3.77117],[-75.02077,3.77101],[-75.02155,3.77054],[-75.02368,3.76917],[-75.02375,3.76913],[-75.02381,3.76906],[-75.02393,3.76873],[-75.02415,3.76802],[-75.02435,3.76743],[-75.02451,3.7668],[-75.02475,3.76598],[-75.02501,3.76482],[-75.02503,3.76461],[-75.02487,3.76343]]},"properties":{"NIVEL_PROP":"N3-Terciaria"}},{"type":"Feature","geometry":{"type":"LineString","coordinates":[[-75.08871,3.62207],[-75.08897,3.62122],[-75.0892,3.62048],[-75.08945,3.61971],[-75.08969,3.61885],[-75.09004,3.61781],[-75.09011,3.61762]]},"properties":{"NIVEL_PROP":"N3-Terciaria"}},{"type":"Feature","geometry":{"type":"LineString","coordinates":[[-75.2602,4.06271],[-75.26016,4.06262]]},"properties":{"NIVEL_PROP":"N3-Terciaria"}},{"type":"Feature","geometry":{"type":"LineString","coordinates":[[-75.0131,3.7952],[-75.01378,3.79567],[-75.01422,3.79621],[-75.0144,3.79651],[-75.0145,3.79714],[-75.01462,3.79829],[-75.01466,3.79872],[-75.01483,3.79939],[-75.01531,3.80003],[-75.01542,3.80048],[-75.016,3.80092],[-75.01626,3.80161],[-75.01699,3.80206],[-75.01727,3.80232],[-75.01722,3.80279],[-75.0174,3.80401],[-75.01757,3.80416],[-75.01819,3.80465],[-75.01937,3.80662],[-75.01954,3.80716],[-75.01955,3.80718]]},"properties":{"NIVEL_PROP":"N3-Terciaria"}},{"type":"Feature","geometry":{"type":"LineString","coordinates":[[-75.17586,3.93536],[-75.17604,3.93569],[-75.1769,3.9365],[-75.17707,3.93686],[-75.17751,3.93727],[-75.17788,3.93771],[-75.17817,3.93832],[-75.17827,3.93897],[-75.17821,3.93969],[-75.17836,3.93999],[-75.17837,3.94012],[-75.1783,3.94023],[-75.17812,3.94027],[-75.1778,3.94056],[-75.17758,3.94087],[-75.17749,3.94102],[-75.17765,3.94145],[-75.17779,3.9417],[-75.17797,3.94213],[-75.17793,3.94248],[-75.17799,3.94278],[-75.17792,3.94312]]},"properties":{"NIVEL_PROP":"N3-Terciaria"}},{"type":"Feature","geometry":{"type":"LineString","coordinates":[[-75.19759,3.79692],[-75.19718,3.79673],[-75.1967,3.79649],[-75.19638,3.79633]]},"properties":{"NIVEL_PROP":"N3-Terciaria"}},{"type":"Feature","geometry":{"type":"LineString","coordinates":[[-75.65128,4.02909],[-75.65122,4.02895],[-75.6507,4.02863],[-75.65053,4.02845],[-75.65018,4.02809],[-75.6498,4.02787],[-75.64906,4.02789],[-75.64872,4.02799],[-75.64827,4.02796],[-75.64801,4.02804],[-75.64785,4.02802],[-75.64756,4.02789],[-75.64741,4.02767],[-75.64728,4.0276],[-75.64699,4.02758],[-75.64676,4.02763],[-75.64667,4.02761],[-75.64663,4.02751],[-75.64665,4.02718],[-75.64643,4.02692],[-75.64635,4.02691],[-75.64627,4.02704],[-75.6462,4.02707],[-75.64588,4.02684],[-75.64574,4.0269],[-75.64544,4.0268],[-75.64508,4.02677],[-75.64462,4.02653],[-75.64451,4.02651],[-75.6444,4.02656],[-75.64414,4.02689],[-75.64352,4.02697],[-75.64339,4.02694],[-75.6432,4.02679],[-75.64305,4.02661],[-75.64299,4.02644],[-75.64292,4.02607],[-75.64289,4.02603],[-75.64284,4.026],[-75.64279,4.02601],[-75.64274,4.02604],[-75.64258,4.02626],[-75.64225,4.02635],[-75.6421,4.02629],[-75.64191,4.02611],[-75.64179,4.02605],[-75.6414,4.026],[-75.64112,4.02609],[-75.64087,4.02594],[-75.6407,4.02592],[-75.63986,4.02617],[-75.63908,4.02628],[-75.63881,4.02639],[-75.63815,4.0265],[-75.63785,4.0266],[-75.6377,4.02652],[-75.63753,4.02614],[-75.63732,4.02594],[-75.6371,4.02589],[-75.6366,4.02589],[-75.63616,4.02576],[-75.63598,4.02568],[-75.63548,4.02508],[-75.63516,4.02492],[-75.63499,4.02476],[-75.63432,4.02389],[-75.63417,4.02347],[-75.63408,4.02335],[-75.63361,4.02322],[-75.63334,4.02302],[-75.63292,4.02263],[-75.63241,4.02246],[-75.63158,4.022],[-75.63088,4.02152],[-75.63028,4.02096],[-75.63016,4.02077],[-75.63009,4.02042],[-75.62965,4.0198],[-75.6294,4.01931],[-75.6294,4.01911],[-75.62954,4.01892],[-75.62965,4.01862],[-75.62966,4.01852],[-75.62962,4.01843],[-75.62941,4.01821],[-75.62883,4.01775],[-75.62814,4.01742],[-75.6278,4.01691],[-75.62768,4.01681],[-75.62686,4.0167],[-75.62618,4.0165],[-75.62593,4.01651],[-75.62578,4.01658],[-75.62543,4.01697],[-75.62497,4.01715],[-75.62463,4.01742],[-75.62407,4.01776],[-75.62383,4.01786],[-75.62327,4.01793],[-75.62322,4.01802],[-75.62308,4.01815],[-75.62291,4.01816],[-75.62265,4.01816],[-75.62117,4.01794],[-75.62031,4.01763],[-75.6198,4.01743],[-75.61958,4.01737],[-75.61947,4.01724],[-75.61906,4.01623],[-75.61897,4.01605],[-75.6188,4.01588],[-75.61822,4.01563],[-75.61796,4.01543],[-75.61778,4.01539],[-75.61737,4.01539],[-75.6172,4.01537],[-75.61706,4.01539],[-75.61673,4.01554],[-75.61647,4.01555],[-75.61633,4.01547],[-75.61582,4.01495],[-75.61549,4.01427],[-75.61551,4.01388],[-75.61534,4.01342],[-75.61527,4.01287],[-75.61515,4.0127],[-75.61504,4.01263],[-75.61407,4.01251],[-75.61395,4.01253],[-75.61374,4.01267],[-75.61365,4.01271],[-75.61344,4.01273],[-75.61324,4.01282],[-75.61304,4.01285],[-75.61283,4.01283],[-75.61242,4.01294],[-75.6122,4.013]]},"properties":{"NIVEL_PROP":"N2-Secundaria"}},{"type":"Feature","geometry":{"type":"LineString","coordinates":[[-75.06176,3.8209],[-75.06177,3.82128]]},"properties":{"NIVEL_PROP":"N3-Terciaria"}},{"type":"Feature","geometry":{"type":"LineString","coordinates":[[-75.06422,3.82063],[-75.06385,3.82058],[-75.06316,3.82047],[-75.06267,3.82036],[-75.0622,3.82024],[-75.06178,3.82012],[-75.06143,3.82001],[-75.06089,3.81984],[-75.06048,3.81987],[-75.05982,3.81991]]},"properties":{"NIVEL_PROP":"N3-Terciaria"}},{"type":"Feature","geometry":{"type":"LineString","coordinates":[[-75.17405,3.93627],[-75.174,3.93649],[-75.17369,3.93705],[-75.17357,3.93724],[-75.17341,3.93732],[-75.17326,3.93743],[-75.17327,3.93771],[-75.17316,3.93799],[-75.17309,3.93831]]},"properties":{"NIVEL_PROP":"N3-Terciaria"}},{"type":"Feature","geometry":{"type":"LineString","coordinates":[[-75.09641,3.52917],[-75.0967,3.52907],[-75.09784,3.52908],[-75.09802,3.52912],[-75.09819,3.52919],[-75.09833,3.52925],[-75.0988,3.52932],[-75.0996,3.52942],[-75.09995,3.52962],[-75.10008,3.52975],[-75.10017,3.52988],[-75.10059,3.53138],[-75.10084,3.53178],[-75.10103,3.53197],[-75.10126,3.53213]]},"properties":{"NIVEL_PROP":"N3-Terciaria"}},{"type":"Feature","geometry":{"type":"LineString","coordinates":[[-75.22225,3.9398],[-75.22232,3.93939]]},"properties":{"NIVEL_PROP":"N3-Terciaria"}},{"type":"Feature","geometry":{"type":"LineString","coordinates":[[-75.19056,3.79742],[-75.19062,3.7979],[-75.19063,3.79798],[-75.1909,3.79826],[-75.19119,3.79848],[-75.19147,3.79872]]},"properties":{"NIVEL_PROP":"N3-Terciaria"}},{"type":"Feature","geometry":{"type":"LineString","coordinates":[[-75.12668,3.97357],[-75.12727,3.9734]]},"properties":{"NIVEL_PROP":"N3-Camino vecinal"}},{"type":"Feature","geometry":{"type":"LineString","coordinates":[[-75.60471,4.01061],[-75.60451,4.01091]]},"properties":{"NIVEL_PROP":"N3-Camino vecinal"}},{"type":"Feature","geometry":{"type":"LineString","coordinates":[[-75.08335,3.69478],[-75.08327,3.69479],[-75.08317,3.69479],[-75.08312,3.6948],[-75.08309,3.69481],[-75.08306,3.69484]]},"properties":{"NIVEL_PROP":"N3-Servicio"}},{"type":"Feature","geometry":{"type":"LineString","coordinates":[[-74.99192,3.75922],[-74.99189,3.75973]]},"properties":{"NIVEL_PROP":"N3-Terciaria"}},{"type":"Feature","geometry":{"type":"LineString","coordinates":[[-75.11435,3.52953],[-75.11434,3.52953],[-75.11434,3.52953],[-75.11434,3.52952],[-75.11434,3.52952],[-75.11433,3.52951],[-75.11432,3.5295],[-75.1143,3.52948],[-75.11418,3.52941],[-75.11401,3.52929],[-75.11355,3.52897],[-75.11343,3.52888],[-75.11338,3.52883],[-75.11335,3.5288],[-75.1133,3.52873],[-75.11329,3.52871],[-75.11327,3.5287],[-75.11325,3.52868],[-75.11316,3.52864],[-75.11313,3.52862],[-75.1131,3.5286],[-75.11302,3.52854]]},"properties":{"NIVEL_PROP":"N3-Terciaria"}},{"type":"Feature","geometry":{"type":"LineString","coordinates":[[-75.16161,3.99226],[-75.16165,3.99217],[-75.16169,3.9921],[-75.16169,3.99207],[-75.16163,3.99207],[-75.16159,3.99206],[-75.16157,3.99202],[-75.16163,3.99196],[-75.1617,3.99192],[-75.16173,3.99186],[-75.16177,3.9918],[-75.1618,3.99167],[-75.16184,3.99152],[-75.16189,3.99143],[-75.16191,3.99116],[-75.16188,3.99099],[-75.16181,3.99082],[-75.16165,3.99063],[-75.16153,3.99051],[-75.16153,3.9904],[-75.1614,3.99038],[-75.16129,3.99031],[-75.16123,3.99027],[-75.16116,3.99027],[-75.16108,3.99028],[-75.16103,3.99018],[-75.16101,3.99016],[-75.16107,3.99015],[-75.16105,3.99011],[-75.16098,3.99004],[-75.16089,3.98999],[-75.16086,3.98992],[-75.16077,3.98991],[-75.16068,3.98988],[-75.16064,3.98982],[-75.16061,3.98982],[-75.16052,3.9897],[-75.16044,3.98961]]},"properties":{"NIVEL_PROP":"Sendero"}},{"type":"Feature","geometry":{"type":"LineString","coordinates":[[-75.22083,3.94049],[-75.2203,3.94049]]},"properties":{"NIVEL_PROP":"N3-Terciaria"}},{"type":"Feature","geometry":{"type":"LineString","coordinates":[[-75.60609,4.01153],[-75.60632,4.01119]]},"properties":{"NIVEL_PROP":"N3-Terciaria"}},{"type":"Feature","geometry":{"type":"LineString","coordinates":[[-75.12367,3.83643],[-75.12332,3.83586],[-75.12304,3.83532],[-75.122,3.8341],[-75.12135,3.8331],[-75.12008,3.83108],[-75.11927,3.83007],[-75.11772,3.82876]]},"properties":{"NIVEL_PROP":"N3-Terciaria"}},{"type":"Feature","geometry":{"type":"LineString","coordinates":[[-75.14027,3.46272],[-75.13999,3.46242]]},"properties":{"NIVEL_PROP":"N2-Secundaria"}},{"type":"Feature","geometry":{"type":"LineString","coordinates":[[-75.15537,3.95951],[-75.15547,3.95976],[-75.15556,3.95992],[-75.15556,3.96002],[-75.15545,3.96006],[-75.15534,3.96012],[-75.15524,3.96017],[-75.15519,3.96027]]},"properties":{"NIVEL_PROP":"N3-Terciaria"}},{"type":"Feature","geometry":{"type":"MultiLineString","coordinates":[[[-75.26217,4.06088],[-75.2624,4.06068],[-75.26247,4.06034],[-75.26251,4.06007],[-75.26251,4.05995],[-75.26306,4.05909],[-75.26308,4.05906],[-75.26311,4.05902],[-75.26313,4.05897],[-75.26314,4.05893],[-75.26315,4.05887],[-75.26315,4.05882],[-75.26316,4.05876],[-75.26317,4.0587],[-75.26318,4.05864],[-75.2632,4.05859],[-75.26323,4.05853],[-75.26327,4.05848],[-75.26331,4.05843],[-75.2635,4.0583],[-75.26387,4.05807],[-75.26427,4.05774],[-75.26455,4.05763],[-75.26459,4.05764],[-75.26463,4.05764],[-75.26467,4.05763],[-75.26471,4.05762],[-75.26475,4.0576],[-75.26478,4.05757],[-75.26481,4.05754],[-75.26484,4.0575],[-75.26485,4.05745],[-75.26486,4.05741],[-75.26504,4.05719],[-75.2651,4.05716],[-75.26517,4.05713],[-75.26523,4.05711],[-75.2653,4.05709],[-75.26536,4.05708],[-75.26542,4.05707],[-75.26549,4.05708],[-75.26555,4.05708],[-75.26591,4.05706],[-75.26634,4.05702],[-75.26636,4.05701],[-75.26639,4.057],[-75.26641,4.05699],[-75.26644,4.05697],[-75.26645,4.05695],[-75.26646,4.05692],[-75.26647,4.05688],[-75.26647,4.05685],[-75.26645,4.05682],[-75.26643,4.05679],[-75.26631,4.05655],[-75.26622,4.05608],[-75.26623,4.05601],[-75.26624,4.05595],[-75.26626,4.05588],[-75.26628,4.05582],[-75.26632,4.05576],[-75.26636,4.05571],[-75.26641,4.05565],[-75.26646,4.0556],[-75.26652,4.05556],[-75.26659,4.05553],[-75.26666,4.05551],[-75.2667,4.05548],[-75.26673,4.05545],[-75.26676,4.05541],[-75.26678,4.05537],[-75.2668,4.05532],[-75.26682,4.05526],[-75.26682,4.0552],[-75.26682,4.05514],[-75.26675,4.0549],[-75.26673,4.05487],[-75.26671,4.05484],[-75.26668,4.05481],[-75.26664,4.05478],[-75.26659,4.05476],[-75.26655,4.05475],[-75.2665,4.05475],[-75.26631,4.05478],[-75.26617,4.05472],[-75.26611,4.05469],[-75.26605,4.05465],[-75.266,4.05461],[-75.26595,4.05457],[-75.26591,4.05451],[-75.26588,4.05446],[-75.26585,4.0544],[-75.26583,4.05434],[-75.26582,4.05428],[-75.26581,4.05422],[-75.26581,4.05416],[-75.26581,4.0541],[-75.26585,4.054],[-75.26589,4.0539],[-75.26593,4.05381],[-75.26599,4.05372],[-75.26605,4.05363],[-75.26611,4.05356],[-75.26617,4.05349],[-75.26624,4.05343],[-75.26631,4.05338],[-75.26683,4.05323],[-75.26706,4.05321],[-75.26726,4.05326],[-75.26743,4.05333],[-75.26751,4.05333],[-75.2676,4.05328],[-75.2678,4.05318],[-75.26795,4.05315],[-75.26805,4.05314],[-75.26817,4.05311],[-75.26826,4.05303],[-75.26844,4.05276],[-75.26882,4.05236],[-75.26887,4.0523],[-75.2689,4.05224],[-75.26894,4.05217],[-75.26897,4.05211],[-75.269,4.05202],[-75.26902,4.05193],[-75.26903,4.05184],[-75.26904,4.05174],[-75.26914,4.05143],[-75.26912,4.05139],[-75.26912,4.05134],[-75.26913,4.0513],[-75.26914,4.05125],[-75.26916,4.05121],[-75.26919,4.05118],[-75.26922,4.05115],[-75.26926,4.05112],[-75.26951,4.05096],[-75.26961,4.05081],[-75.26972,4.05044],[-75.26974,4.05039],[-75.26977,4.05035],[-75.26979,4.05031],[-75.26983,4.05027],[-75.26986,4.05024],[-75.2699,4.05021],[-75.26993,4.05019],[-75.27,4.05016],[-75.27008,4.05013],[-75.27016,4.0501],[-75.27024,4.05008],[-75.27032,4.05007],[-75.27041,4.05007],[-75.2705,4.05008],[-75.27058,4.05009],[-75.27066,4.05012],[-75.27075,4.05015],[-75.27082,4.05018],[-75.27105,4.05027],[-75.27107,4.05027],[-75.2711,4.05027],[-75.27113,4.05026],[-75.27115,4.05024],[-75.27117,4.05022],[-75.27118,4.0502],[-75.27118,4.05018],[-75.27118,4.05015],[-75.27121,4.04986],[-75.27124,4.04956],[-75.27129,4.04944],[-75.27132,4.04926],[-75.27131,4.0491],[-75.27135,4.04882],[-75.27149,4.04848],[-75.27173,4.048],[-75.27178,4.04795],[-75.27182,4.04791],[-75.27187,4.04787],[-75.27193,4.04784],[-75.27198,4.04781],[-75.27204,4.04779],[-75.27211,4.04778],[-75.27217,4.04777],[-75.27276,4.04777],[-75.27284,4.04777],[-75.27292,4.04775],[-75.27301,4.04773],[-75.27307,4.0477],[-75.27314,4.04767],[-75.2732,4.04763],[-75.27325,4.04758],[-75.27382,4.04714],[-75.27431,4.04645],[-75.27438,4.04637],[-75.27444,4.04628],[-75.27452,4.04621],[-75.27461,4.04612],[-75.2747,4.04603],[-75.27477,4.046],[-75.27483,4.04596],[-75.27489,4.04591],[-75.27495,4.04586],[-75.275,4.0458],[-75.27504,4.04573],[-75.27507,4.04566],[-75.2751,4.04559],[-75.27536,4.0453],[-75.27551,4.04524],[-75.27567,4.04519],[-75.27583,4.04515],[-75.276,4.04512],[-75.27612,4.0451],[-75.27624,4.04509],[-75.27636,4.04508],[-75.27645,4.04508],[-75.27655,4.04506],[-75.27664,4.04504],[-75.27674,4.04501],[-75.27682,4.04498],[-75.27691,4.04494],[-75.27699,4.0449],[-75.27704,4.04488],[-75.2771,4.04487],[-75.27716,4.04486],[-75.27721,4.04486],[-75.27726,4.04487],[-75.27731,4.04488],[-75.27736,4.04489],[-75.27759,4.04495],[-75.27763,4.04495],[-75.27766,4.04494],[-75.2777,4.04493],[-75.27773,4.0449],[-75.27776,4.04487],[-75.2778,4.04487],[-75.27784,4.04488],[-75.27788,4.04489],[-75.27791,4.0449],[-75.27794,4.04492],[-75.27797,4.04495],[-75.27808,4.04504],[-75.2781,4.04505],[-75.27812,4.04507],[-75.27814,4.04507],[-75.27817,4.04507],[-75.27819,4.04507],[-75.27821,4.04506],[-75.27823,4.04504],[-75.27824,4.04499],[-75.27825,4.04494],[-75.27824,4.04489],[-75.27824,4.04484],[-75.27822,4.04478],[-75.2782,4.04473],[-75.27817,4.04468],[-75.27815,4.04449],[-75.27848,4.04367],[-75.27858,4.04339],[-75.27861,4.04332],[-75.27864,4.04324],[-75.27866,4.04316],[-75.27867,4.04308],[-75.27868,4.04301],[-75.2786,4.04274],[-75.27837,4.04202],[-75.27832,4.04194],[-75.27826,4.04186],[-75.2782,4.04178],[-75.27813,4.04171],[-75.27805,4.04165],[-75.27797,4.04159],[-75.27789,4.04154],[-75.2778,4.04149],[-75.2777,4.04145],[-75.2776,4.04141],[-75.2775,4.04139],[-75.2774,4.04137],[-75.2773,4.04136],[-75.27724,4.04134],[-75.27719,4.04133],[-75.27713,4.04132],[-75.27708,4.04133],[-75.27703,4.04134],[-75.27698,4.04135],[-75.27678,4.04141],[-75.27674,4.04142],[-75.2767,4.04143],[-75.27666,4.04142],[-75.27663,4.04141],[-75.27659,4.04139],[-75.27656,4.04136],[-75.27654,4.04133],[-75.27653,4.04129],[-75.27652,4.04125],[-75.27649,4.04119],[-75.27646,4.04114],[-75.27642,4.04108],[-75.27638,4.04103],[-75.27632,4.04099],[-75.27627,4.04095],[-75.27621,4.04091],[-75.27614,4.04088],[-75.27608,4.04086],[-75.27588,4.04068],[-75.27586,4.04064],[-75.27585,4.0406],[-75.27584,4.04055],[-75.27584,4.0405],[-75.27585,4.04046],[-75.27586,4.04042],[-75.27588,4.04037],[-75.27591,4.04034],[-75.27594,4.0403],[-75.27598,4.04028],[-75.2768,4.03958],[-75.27749,4.03895],[-75.27755,4.03891],[-75.2776,4.03888],[-75.27766,4.03886],[-75.27773,4.03885],[-75.27779,4.03884],[-75.27785,4.03885],[-75.27791,4.03886],[-75.27797,4.03888],[-75.27802,4.0389],[-75.27808,4.03893],[-75.27835,4.03918],[-75.27861,4.03934],[-75.2789,4.03955],[-75.27893,4.03957],[-75.27896,4.0396],[-75.27899,4.03961],[-75.27903,4.03962],[-75.27906,4.03963],[-75.27909,4.03962],[-75.27912,4.03961],[-75.27914,4.0396],[-75.27916,4.03958],[-75.27917,4.03955],[-75.27917,4.03953],[-75.27917,4.0395],[-75.27916,4.03948],[-75.27915,4.03945],[-75.27913,4.03944],[-75.27901,4.03924],[-75.27901,4.03921],[-75.279,4.03917],[-75.27901,4.03913],[-75.27901,4.03909],[-75.27903,4.03905],[-75.27905,4.03902],[-75.27907,4.03898],[-75.2791,4.03895],[-75.27913,4.03893],[-75.27933,4.03866],[-75.27937,4.03862],[-75.2794,4.03857],[-75.27943,4.03851],[-75.27945,4.03846],[-75.27946,4.0384],[-75.27947,4.03835],[-75.27948,4.0383],[-75.27947,4.03825],[-75.27946,4.03818],[-75.27946,4.03812],[-75.27946,4.03805],[-75.27946,4.03797],[-75.27947,4.03788],[-75.27949,4.0378],[-75.27985,4.03713],[-75.27988,4.0371],[-75.27993,4.03708],[-75.27997,4.03706],[-75.28001,4.03706],[-75.28005,4.03706],[-75.28009,4.03707],[-75.28013,4.03708],[-75.28017,4.0371],[-75.2802,4.03711],[-75.28024,4.03711],[-75.28027,4.0371],[-75.2803,4.03709],[-75.28033,4.03707],[-75.28036,4.03705],[-75.28045,4.03695],[-75.28055,4.03683],[-75.28069,4.0367],[-75.28074,4.03657],[-75.28075,4.03629],[-75.28073,4.03625],[-75.28072,4.03621],[-75.28072,4.03617],[-75.28073,4.03613],[-75.28074,4.03609],[-75.28076,4.03606],[-75.28079,4.03603],[-75.2808,4.03601],[-75.28082,4.036],[-75.28085,4.03596],[-75.28088,4.03592],[-75.2809,4.03588],[-75.28092,4.03583],[-75.28092,4.03579],[-75.28092,4.03574],[-75.28092,4.0357],[-75.28091,4.03566],[-75.28086,4.03535],[-75.28085,4.03528],[-75.28083,4.0352],[-75.28081,4.03513],[-75.28078,4.03506],[-75.28074,4.03499],[-75.28069,4.03492],[-75.28064,4.03486],[-75.28045,4.03464],[-75.28029,4.03422],[-75.28023,4.03402],[-75.28026,4.03388],[-75.2803,4.03365],[-75.28029,4.03287],[-75.28029,4.03281],[-75.28027,4.03275],[-75.28026,4.0327],[-75.28023,4.03264],[-75.2802,4.03258],[-75.28017,4.03253],[-75.28013,4.03249],[-75.27997,4.0323],[-75.27995,4.03226],[-75.27994,4.03221],[-75.27994,4.03216],[-75.27994,4.03212],[-75.27995,4.03207],[-75.27997,4.03202],[-75.27999,4.03197],[-75.28002,4.03192],[-75.28005,4.03188],[-75.28009,4.03184],[-75.28013,4.03181],[-75.28018,4.03179],[-75.28022,4.03177],[-75.28027,4.03175],[-75.28032,4.03174],[-75.28047,4.03169],[-75.28053,4.03164],[-75.28057,4.03155],[-75.28054,4.0314],[-75.28049,4.03127],[-75.28052,4.03107],[-75.28059,4.03075],[-75.28058,4.03069],[-75.28057,4.03062],[-75.28058,4.03056],[-75.28059,4.0305],[-75.28062,4.03044],[-75.28065,4.03038],[-75.28069,4.03033],[-75.28073,4.03029],[-75.28079,4.03025],[-75.28082,4.03023],[-75.28085,4.03021],[-75.28091,4.03017],[-75.28097,4.03013],[-75.28102,4.03007],[-75.28106,4.03001],[-75.2811,4.02996],[-75.28113,4.0299],[-75.28115,4.02983],[-75.28116,4.02977],[-75.28117,4.0297],[-75.28113,4.02931],[-75.2811,4.0292],[-75.28109,4.02909],[-75.28108,4.02898],[-75.28108,4.02886],[-75.28109,4.02875],[-75.2811,4.02864],[-75.28112,4.02853],[-75.28115,4.02841],[-75.28119,4.0283],[-75.28124,4.02819],[-75.28127,4.02813],[-75.28129,4.02806],[-75.2813,4.02799],[-75.2813,4.02792],[-75.2813,4.02785],[-75.28128,4.02778],[-75.28126,4.02771],[-75.28123,4.02765],[-75.2812,4.02759],[-75.28115,4.02754],[-75.28111,4.02749],[-75.28107,4.02735],[-75.28104,4.02718],[-75.28108,4.0269],[-75.28116,4.02675]],[[-75.28261,4.01005],[-75.2825,4.0099],[-75.28247,4.00958],[-75.28255,4.00931],[-75.28272,4.00909],[-75.28274,4.00883],[-75.28265,4.00865],[-75.2824,4.0086],[-75.28213,4.00878],[-75.28206,4.0087],[-75.28198,4.0085],[-75.28171,4.00846],[-75.28151,4.00847],[-75.28142,4.00836],[-75.28154,4.00817],[-75.28166,4.00793],[-75.28164,4.00772],[-75.28148,4.00754],[-75.28152,4.00739],[-75.28194,4.0068],[-75.28213,4.00645],[-75.28225,4.00629],[-75.28223,4.00613],[-75.28203,4.00614],[-75.2816,4.0062],[-75.28151,4.00612],[-75.28154,4.00595],[-75.28156,4.00578],[-75.2814,4.00573],[-75.2812,4.00593],[-75.28101,4.00644],[-75.28061,4.00658],[-75.28042,4.00675],[-75.28023,4.00702],[-75.28001,4.00714],[-75.27982,4.00709],[-75.27957,4.0069],[-75.27928,4.00692],[-75.27908,4.0069],[-75.27904,4.00679],[-75.27898,4.00656],[-75.27885,4.00599]]]},"properties":{"NIVEL_PROP":"N3-Camino vecinal"}},{"type":"Feature","geometry":{"type":"LineString","coordinates":[[-75.60797,4.00808],[-75.60782,4.00823],[-75.60773,4.00842],[-75.60763,4.00865],[-75.60751,4.00884],[-75.60739,4.00898],[-75.60727,4.00908],[-75.60714,4.00923],[-75.60698,4.00955],[-75.60697,4.0097],[-75.60699,4.00991],[-75.6069,4.01021],[-75.60682,4.01037]]},"properties":{"NIVEL_PROP":"Sendero"}},{"type":"Feature","geometry":{"type":"LineString","coordinates":[[-75.01223,3.7556],[-75.01169,3.7553],[-75.01162,3.75482],[-75.01147,3.75472],[-75.01103,3.75451],[-75.01036,3.75386],[-75.00879,3.75307],[-75.0084,3.75282],[-75.00823,3.75276],[-75.0081,3.75277],[-75.00757,3.75286],[-75.00726,3.75283],[-75.00677,3.75282],[-75.00651,3.7528],[-75.00621,3.75274],[-75.00585,3.75264],[-75.00564,3.75262],[-75.00468,3.75274],[-75.00408,3.75302]]},"properties":{"NIVEL_PROP":"N3-Camino vecinal"}},{"type":"Feature","geometry":{"type":"LineString","coordinates":[[-75.11922,3.92638],[-75.11907,3.92647],[-75.11895,3.92653],[-75.11857,3.92648],[-75.11818,3.92648],[-75.1179,3.92654],[-75.11766,3.92681],[-75.11739,3.92706],[-75.11702,3.92725],[-75.11666,3.9272],[-75.11647,3.92723],[-75.11632,3.92735],[-75.11615,3.92727],[-75.11609,3.92699],[-75.11585,3.92673],[-75.11567,3.92639],[-75.11555,3.92617],[-75.11526,3.92595],[-75.11493,3.92569]]},"properties":{"NIVEL_PROP":"N3-Terciaria"}},{"type":"Feature","geometry":{"type":"LineString","coordinates":[[-75.0972,3.62559],[-75.09701,3.62621],[-75.09682,3.62693]]},"properties":{"NIVEL_PROP":"N3-Terciaria"}},{"type":"Feature","geometry":{"type":"LineString","coordinates":[[-75.28089,3.87121],[-75.28134,3.87082],[-75.28153,3.87067],[-75.28165,3.87048]]},"properties":{"NIVEL_PROP":"N3-Terciaria"}},{"type":"Feature","geometry":{"type":"LineString","coordinates":[[-75.19558,3.79524],[-75.19525,3.79603]]},"properties":{"NIVEL_PROP":"N3-Terciaria"}},{"type":"Feature","geometry":{"type":"LineString","coordinates":[[-75.20085,3.95384],[-75.20115,3.95329],[-75.20115,3.95318],[-75.20144,3.95278],[-75.20151,3.95252],[-75.20183,3.95155],[-75.20227,3.95074],[-75.20234,3.95051],[-75.20227,3.94959],[-75.20209,3.94809],[-75.20198,3.94673],[-75.20171,3.94392],[-75.20159,3.94291]]},"properties":{"NIVEL_PROP":"N3-Terciaria"}},{"type":"Feature","geometry":{"type":"LineString","coordinates":[[-75.22329,3.93514],[-75.22294,3.93511],[-75.22216,3.93498],[-75.22082,3.93471],[-75.22074,3.93469],[-75.22059,3.93468]]},"properties":{"NIVEL_PROP":"N3-Terciaria"}},{"type":"Feature","geometry":{"type":"LineString","coordinates":[[-75.127,3.91748],[-75.12673,3.91716],[-75.12654,3.91703],[-75.12617,3.91682],[-75.12587,3.91671],[-75.12556,3.91663],[-75.12511,3.91664],[-75.1247,3.91676],[-75.12462,3.91686]]},"properties":{"NIVEL_PROP":"N3-Terciaria"}},{"type":"Feature","geometry":{"type":"LineString","coordinates":[[-75.05445,3.70217],[-75.0545,3.70234],[-75.05451,3.70242],[-75.05451,3.70249],[-75.05452,3.70259],[-75.05456,3.70268],[-75.05458,3.70273],[-75.05457,3.7028],[-75.05454,3.7029],[-75.05448,3.70305],[-75.05445,3.70313],[-75.05442,3.70324]]},"properties":{"NIVEL_PROP":"N3-Servicio"}},{"type":"Feature","geometry":{"type":"LineString","coordinates":[[-75.0757,3.74922],[-75.07668,3.74962],[-75.07718,3.7499],[-75.07754,3.75015],[-75.07793,3.75037],[-75.07803,3.75047],[-75.07813,3.75075],[-75.07819,3.75085],[-75.07824,3.7509],[-75.07833,3.75094],[-75.07856,3.751],[-75.0787,3.75112],[-75.07876,3.75132],[-75.07878,3.75149],[-75.07881,3.75156],[-75.07887,3.75163],[-75.07894,3.7517],[-75.079,3.75179],[-75.07906,3.75181],[-75.07912,3.75183],[-75.07917,3.75182],[-75.07922,3.7518],[-75.07929,3.75176],[-75.07938,3.75167],[-75.07965,3.75142],[-75.07979,3.75133],[-75.08,3.7513],[-75.08023,3.75129],[-75.08036,3.75129]]},"properties":{"NIVEL_PROP":"N3-Servicio"}},{"type":"Feature","geometry":{"type":"LineString","coordinates":[[-75.34175,3.8974],[-75.34173,3.89731],[-75.34175,3.89722],[-75.34167,3.89699]]},"properties":{"NIVEL_PROP":"N3-Terciaria"}},{"type":"Feature","geometry":{"type":"LineString","coordinates":[[-75.16366,3.9232],[-75.16432,3.92347],[-75.16454,3.92355],[-75.1646,3.92352],[-75.16465,3.92345],[-75.16483,3.92311],[-75.16526,3.92262],[-75.16575,3.92204],[-75.16637,3.92136],[-75.16689,3.92086],[-75.16713,3.92071],[-75.16849,3.92057]]},"properties":{"NIVEL_PROP":"N3-Terciaria"}},{"type":"Feature","geometry":{"type":"LineString","coordinates":[[-75.22161,3.93695],[-75.22173,3.93697],[-75.22191,3.93698],[-75.22303,3.93693],[-75.22338,3.93708],[-75.22364,3.93745],[-75.22443,3.93836]]},"properties":{"NIVEL_PROP":"N3-Terciaria"}},{"type":"Feature","geometry":{"type":"LineString","coordinates":[[-75.0617,3.81779],[-75.06164,3.81816],[-75.06158,3.81895],[-75.06151,3.81944],[-75.06143,3.82001]]},"properties":{"NIVEL_PROP":"N3-Terciaria"}},{"type":"Feature","geometry":{"type":"LineString","coordinates":[[-75.19443,3.79217],[-75.1949,3.79223]]},"properties":{"NIVEL_PROP":"N3-Terciaria"}},{"type":"Feature","geometry":{"type":"LineString","coordinates":[[-75.09874,3.63055],[-75.09894,3.63057],[-75.09911,3.6306],[-75.10085,3.63084],[-75.1011,3.63087],[-75.10138,3.63094],[-75.10162,3.631],[-75.10188,3.63108],[-75.10282,3.63142],[-75.103,3.63148],[-75.10336,3.63159],[-75.10354,3.63166],[-75.10437,3.63197],[-75.10537,3.63236],[-75.10648,3.6328],[-75.1071,3.63301],[-75.10771,3.63319],[-75.10779,3.63323],[-75.10786,3.63328],[-75.10794,3.63336],[-75.10801,3.63341],[-75.10872,3.63389],[-75.10936,3.63427],[-75.10944,3.63431],[-75.10954,3.63435],[-75.10965,3.6344],[-75.10987,3.63453],[-75.11102,3.63522],[-75.11216,3.63571],[-75.11232,3.63575],[-75.1124,3.63576],[-75.11248,3.63575],[-75.11299,3.63557],[-75.11317,3.63553],[-75.11343,3.63551],[-75.1135,3.63549],[-75.11356,3.63544],[-75.1136,3.63537],[-75.11362,3.63527],[-75.11364,3.63516],[-75.11363,3.63503],[-75.11363,3.63485],[-75.11367,3.63469],[-75.11379,3.63441]]},"properties":{"NIVEL_PROP":"N3-Terciaria"}},{"type":"Feature","geometry":{"type":"LineString","coordinates":[[-75.32531,3.90331],[-75.32551,3.90339]]},"properties":{"NIVEL_PROP":"N3-Terciaria"}},{"type":"Feature","geometry":{"type":"LineString","coordinates":[[-75.21944,3.93528],[-75.21932,3.93567]]},"properties":{"NIVEL_PROP":"N3-Terciaria"}},{"type":"Feature","geometry":{"type":"LineString","coordinates":[[-75.23018,3.78065],[-75.22939,3.77984],[-75.22908,3.77952],[-75.22904,3.77942],[-75.22883,3.77931],[-75.22774,3.7784]]},"properties":{"NIVEL_PROP":"N3-Terciaria"}},{"type":"Feature","geometry":{"type":"LineString","coordinates":[[-75.18151,3.99473],[-75.18153,3.99459],[-75.18141,3.99426]]},"properties":{"NIVEL_PROP":"N3-Terciaria"}},{"type":"Feature","geometry":{"type":"LineString","coordinates":[[-75.11165,3.59952],[-75.11186,3.59973],[-75.11192,3.5998],[-75.11217,3.59999],[-75.11239,3.60009],[-75.11258,3.60018]]},"properties":{"NIVEL_PROP":"N3-Servicio"}},{"type":"Feature","geometry":{"type":"LineString","coordinates":[[-75.16427,3.94048],[-75.16399,3.9405],[-75.16379,3.94049]]},"properties":{"NIVEL_PROP":"N3-Terciaria"}},{"type":"Feature","geometry":{"type":"LineString","coordinates":[[-75.22025,3.94011],[-75.21976,3.93999],[-75.21938,3.93981],[-75.21845,3.93927],[-75.21815,3.9391],[-75.21772,3.93881],[-75.21761,3.93866]]},"properties":{"NIVEL_PROP":"N3-Terciaria"}},{"type":"Feature","geometry":{"type":"LineString","coordinates":[[-75.22156,3.92844],[-75.22191,3.92784],[-75.22206,3.92745],[-75.22221,3.92715]]},"properties":{"NIVEL_PROP":"N3-Terciaria"}},{"type":"Feature","geometry":{"type":"LineString","coordinates":[[-75.17529,3.91632],[-75.17494,3.91668],[-75.17486,3.91686],[-75.17465,3.91722],[-75.17468,3.91745],[-75.17445,3.91798],[-75.17431,3.91844],[-75.17416,3.91856]]},"properties":{"NIVEL_PROP":"N3-Terciaria"}},{"type":"Feature","geometry":{"type":"LineString","coordinates":[[-75.6136,4.00235],[-75.61295,4.00291],[-75.61242,4.00465],[-75.61234,4.00583],[-75.61205,4.00618],[-75.6113,4.00648],[-75.60987,4.00672],[-75.60928,4.00695],[-75.60897,4.00739],[-75.60814,4.00805],[-75.60797,4.00808],[-75.60784,4.00805],[-75.60777,4.00794],[-75.60768,4.00778],[-75.60763,4.00763],[-75.60755,4.00748],[-75.60749,4.00736],[-75.6074,4.00732],[-75.60729,4.00734],[-75.60721,4.00748],[-75.60698,4.00782],[-75.6068,4.00803],[-75.60631,4.00843],[-75.6061,4.00857],[-75.60597,4.00866],[-75.60579,4.00872],[-75.60566,4.00873],[-75.60556,4.00865],[-75.60549,4.00848],[-75.60542,4.00825],[-75.60531,4.00821],[-75.60512,4.00827],[-75.60504,4.00826],[-75.60496,4.00814],[-75.60488,4.00808],[-75.60477,4.0081],[-75.60469,4.00822],[-75.60465,4.00831],[-75.60455,4.00849],[-75.60449,4.00863],[-75.60443,4.00869],[-75.60428,4.0087],[-75.6041,4.00859],[-75.60398,4.00851],[-75.60387,4.00844],[-75.60378,4.00844],[-75.60375,4.00855],[-75.6038,4.00865],[-75.60385,4.00879],[-75.60394,4.00896],[-75.604,4.00909],[-75.60408,4.00929],[-75.60413,4.00945]]},"properties":{"NIVEL_PROP":"N3-Terciaria"}},{"type":"Feature","geometry":{"type":"LineString","coordinates":[[-75.27301,4.00331],[-75.27247,4.00292]]},"properties":{"NIVEL_PROP":"N3-Terciaria"}},{"type":"Feature","geometry":{"type":"LineString","coordinates":[[-75.33156,3.81768],[-75.33176,3.81758],[-75.33206,3.81742],[-75.33222,3.8174],[-75.33237,3.81751],[-75.33247,3.81752],[-75.33257,3.81749],[-75.33271,3.81739],[-75.33287,3.81727],[-75.33302,3.81721],[-75.33333,3.8171],[-75.33379,3.81708],[-75.3341,3.81708],[-75.33433,3.81702],[-75.3346,3.81697],[-75.33482,3.81685],[-75.33493,3.81675],[-75.33505,3.81665],[-75.33521,3.81647],[-75.33545,3.81628],[-75.33569,3.81615],[-75.33598,3.8161],[-75.33622,3.8159]]},"properties":{"NIVEL_PROP":"N3-Terciaria"}},{"type":"Feature","geometry":{"type":"LineString","coordinates":[[-75.19088,3.40477],[-75.19009,3.40461],[-75.18963,3.4046],[-75.18944,3.40457],[-75.18874,3.40451],[-75.18856,3.40447],[-75.18835,3.40436]]},"properties":{"NIVEL_PROP":"N3-Terciaria"}},{"type":"Feature","geometry":{"type":"LineString","coordinates":[[-75.19626,3.80199],[-75.19584,3.80173],[-75.19516,3.80129],[-75.19443,3.80081]]},"properties":{"NIVEL_PROP":"N3-Terciaria"}},{"type":"Feature","geometry":{"type":"LineString","coordinates":[[-75.15561,3.79503],[-75.15468,3.79557],[-75.15449,3.79575],[-75.15431,3.79621],[-75.15417,3.79657],[-75.15385,3.79727],[-75.15361,3.79781],[-75.15321,3.7988],[-75.15299,3.79936],[-75.15288,3.79959],[-75.15278,3.79974],[-75.15248,3.79996],[-75.1518,3.80049],[-75.15053,3.80143],[-75.15037,3.80152],[-75.1502,3.80156],[-75.15004,3.80158],[-75.14986,3.80156],[-75.1496,3.80149],[-75.14944,3.80146],[-75.14923,3.80143],[-75.14906,3.80137],[-75.14888,3.80126],[-75.1487,3.80111],[-75.14857,3.80105],[-75.1484,3.80104],[-75.14819,3.80107],[-75.14792,3.80121],[-75.14781,3.80132],[-75.14752,3.80181],[-75.14732,3.80218],[-75.14728,3.80235],[-75.14729,3.80261],[-75.14744,3.803],[-75.1477,3.80368],[-75.14798,3.8044],[-75.14802,3.80466],[-75.14801,3.80484],[-75.14794,3.80509],[-75.14775,3.80555],[-75.14757,3.80614],[-75.14722,3.80711],[-75.14693,3.80796],[-75.1467,3.80849],[-75.14651,3.80869],[-75.1463,3.80881],[-75.14564,3.80903],[-75.14463,3.8094],[-75.14426,3.80955],[-75.14397,3.80972],[-75.14333,3.81012],[-75.14279,3.81046],[-75.14237,3.81069],[-75.14212,3.81093],[-75.14148,3.81173],[-75.14124,3.812],[-75.14059,3.81276],[-75.14003,3.81347],[-75.13913,3.81453],[-75.13898,3.81469],[-75.13882,3.81475],[-75.13859,3.81481],[-75.13805,3.81486],[-75.1368,3.81494],[-75.13655,3.81499],[-75.13633,3.8151],[-75.13605,3.81545],[-75.13481,3.81688],[-75.1347,3.81707],[-75.13466,3.81726],[-75.13463,3.81756],[-75.1346,3.81836],[-75.13456,3.81865],[-75.13446,3.81888],[-75.13428,3.81908],[-75.13341,3.81982],[-75.13246,3.82061],[-75.13221,3.82082],[-75.13199,3.82093],[-75.13165,3.82105],[-75.13058,3.82142],[-75.13043,3.8215],[-75.13033,3.82158],[-75.13023,3.82172],[-75.12959,3.82242],[-75.12943,3.82253],[-75.12926,3.82261],[-75.12909,3.82263],[-75.12888,3.82266],[-75.12776,3.82277],[-75.12671,3.8229],[-75.12656,3.82294],[-75.12646,3.82301],[-75.12629,3.82317],[-75.12618,3.82336],[-75.12601,3.82368],[-75.12598,3.82384],[-75.12593,3.82402],[-75.12589,3.8241],[-75.12564,3.82433],[-75.12535,3.82477],[-75.12519,3.82508],[-75.12497,3.82546],[-75.12453,3.82595],[-75.12395,3.82663],[-75.12331,3.82732],[-75.12258,3.82816],[-75.12172,3.82914],[-75.12087,3.83007],[-75.12021,3.83083],[-75.12013,3.83094],[-75.12008,3.83108]]},"properties":{"NIVEL_PROP":"N3-Terciaria"}},{"type":"Feature","geometry":{"type":"LineString","coordinates":[[-75.12846,3.85919],[-75.12846,3.85894],[-75.12844,3.85872],[-75.12837,3.8586],[-75.12823,3.85859],[-75.12814,3.85845],[-75.12802,3.85843],[-75.12787,3.85823],[-75.12784,3.8581],[-75.12773,3.85795],[-75.12772,3.85781],[-75.12775,3.85767],[-75.12783,3.85758],[-75.12796,3.85733],[-75.12792,3.85715],[-75.12777,3.85698],[-75.12779,3.8566]]},"properties":{"NIVEL_PROP":"Sendero"}},{"type":"Feature","geometry":{"type":"LineString","coordinates":[[-75.02066,3.69303],[-75.02044,3.69283]]},"properties":{"NIVEL_PROP":"N3-Terciaria"}},{"type":"Feature","geometry":{"type":"LineString","coordinates":[[-75.10363,3.64106],[-75.10346,3.64119],[-75.10315,3.6414],[-75.10293,3.64152],[-75.10275,3.6416],[-75.10247,3.64168],[-75.10224,3.64173],[-75.10203,3.64177],[-75.10189,3.64179],[-75.10178,3.64181],[-75.10163,3.64183],[-75.10147,3.64184]]},"properties":{"NIVEL_PROP":"N3-Servicio"}},{"type":"Feature","geometry":{"type":"LineString","coordinates":[[-75.10482,3.97279],[-75.10539,3.97303],[-75.10555,3.97295],[-75.1058,3.97275],[-75.10594,3.97199],[-75.10598,3.97128],[-75.1061,3.97078],[-75.10628,3.97027],[-75.10648,3.96987],[-75.10652,3.9694],[-75.10663,3.96873]]},"properties":{"NIVEL_PROP":"N3-Terciaria"}},{"type":"Feature","geometry":{"type":"LineString","coordinates":[[-75.28597,3.87264],[-75.28561,3.87322],[-75.28543,3.87352],[-75.28531,3.87358],[-75.285,3.87364],[-75.28471,3.87383],[-75.28449,3.87397]]},"properties":{"NIVEL_PROP":"N3-Terciaria"}},{"type":"Feature","geometry":{"type":"LineString","coordinates":[[-75.18573,3.9829],[-75.18542,3.98316],[-75.18524,3.98355],[-75.1852,3.98393],[-75.18538,3.98438],[-75.18534,3.98482],[-75.18524,3.98528],[-75.18507,3.98578],[-75.18466,3.98639],[-75.184,3.98712],[-75.18345,3.9876],[-75.18311,3.98789],[-75.18292,3.98822],[-75.18284,3.98835],[-75.18246,3.98862],[-75.18203,3.98892],[-75.18178,3.98914],[-75.18146,3.98921],[-75.18129,3.98935],[-75.18111,3.98969],[-75.18088,3.98982],[-75.18036,3.98995],[-75.1801,3.98987],[-75.17972,3.98983],[-75.17936,3.98982],[-75.17895,3.98972],[-75.17826,3.98965],[-75.17782,3.98957],[-75.17696,3.98959],[-75.1765,3.9896]]},"properties":{"NIVEL_PROP":"N3-Terciaria"}},{"type":"Feature","geometry":{"type":"LineString","coordinates":[[-74.99826,3.72907],[-74.99797,3.7291],[-74.99785,3.72918],[-74.99766,3.7292],[-74.99689,3.72925],[-74.99632,3.72922]]},"properties":{"NIVEL_PROP":"N3-Terciaria"}},{"type":"Feature","geometry":{"type":"LineString","coordinates":[[-75.24646,3.73901],[-75.2465,3.73994],[-75.24625,3.74048],[-75.24609,3.74088],[-75.24614,3.7412],[-75.24593,3.7416],[-75.24597,3.74181],[-75.24639,3.74233],[-75.24674,3.74264],[-75.24724,3.74238],[-75.2475,3.74223],[-75.2475,3.7421],[-75.24761,3.7421],[-75.24779,3.74212],[-75.24803,3.74203],[-75.24824,3.74193],[-75.24842,3.74171],[-75.2486,3.74155],[-75.24883,3.74129],[-75.24867,3.74116],[-75.24857,3.74123],[-75.24844,3.74131],[-75.24826,3.74134],[-75.24807,3.74129],[-75.24791,3.74116],[-75.24783,3.74112],[-75.24763,3.74134],[-75.24743,3.74142],[-75.24721,3.74149],[-75.24702,3.74144],[-75.24688,3.7412],[-75.24672,3.74098],[-75.2465,3.74083],[-75.24639,3.74066],[-75.24625,3.74048]]},"properties":{"NIVEL_PROP":"Sendero"}},{"type":"Feature","geometry":{"type":"LineString","coordinates":[[-75.6048,4.01068],[-75.60539,4.01107],[-75.60609,4.01153]]},"properties":{"NIVEL_PROP":"N3-Terciaria"}},{"type":"Feature","geometry":{"type":"LineString","coordinates":[[-75.27954,4.00391],[-75.27993,4.00398],[-75.2803,4.00422],[-75.28027,4.00457],[-75.28038,4.00466],[-75.28048,4.00463],[-75.28057,4.00447],[-75.28064,4.00432],[-75.28081,4.00426],[-75.2813,4.00412],[-75.28163,4.00424],[-75.28194,4.00464],[-75.28214,4.00493],[-75.28234,4.00513],[-75.28262,4.00535],[-75.28299,4.00554],[-75.28369,4.0057],[-75.28434,4.00573],[-75.28471,4.00613],[-75.28472,4.00623]]},"properties":{"NIVEL_PROP":"N3-Terciaria"}},{"type":"Feature","geometry":{"type":"LineString","coordinates":[[-75.07114,3.78141],[-75.06758,3.78069],[-75.06734,3.78067],[-75.06372,3.78125],[-75.06374,3.7812],[-75.06376,3.78113],[-75.06377,3.78106],[-75.06378,3.78099],[-75.06377,3.78082],[-75.06375,3.78044],[-75.06372,3.77989],[-75.0637,3.77918],[-75.06368,3.77877],[-75.06366,3.77843],[-75.0636,3.77759],[-75.06345,3.77361],[-75.06346,3.77354],[-75.06348,3.77349],[-75.06354,3.77342],[-75.06487,3.77224],[-75.065,3.77215],[-75.06514,3.77211],[-75.06639,3.77189],[-75.06967,3.77133],[-75.06997,3.77126],[-75.07013,3.77126],[-75.07024,3.77129],[-75.07106,3.77163],[-75.07116,3.77165],[-75.07254,3.77172],[-75.07639,3.77188],[-75.07653,3.7719],[-75.07763,3.77216],[-75.07779,3.77219],[-75.07856,3.7723],[-75.07935,3.77238],[-75.08096,3.77257],[-75.08416,3.77296],[-75.08435,3.77292],[-75.09149,3.76978],[-75.09171,3.76978],[-75.09185,3.76981],[-75.09216,3.76992],[-75.09249,3.77004],[-75.09282,3.77017],[-75.09298,3.77022],[-75.09313,3.77026],[-75.09335,3.77026],[-75.09369,3.77018],[-75.09408,3.77009],[-75.0942,3.77007],[-75.09432,3.77007],[-75.09452,3.77011],[-75.09485,3.77027],[-75.0952,3.77044],[-75.09586,3.77078],[-75.09718,3.77144],[-75.09744,3.77156],[-75.09752,3.77161],[-75.09778,3.77176],[-75.09782,3.77179],[-75.09788,3.77181],[-75.09851,3.77209],[-75.09984,3.77274],[-75.09993,3.7728],[-75.10001,3.77286],[-75.10046,3.77321],[-75.10062,3.77333],[-75.10067,3.77337],[-75.10085,3.77354],[-75.10087,3.77356],[-75.10102,3.77367],[-75.10103,3.77368],[-75.10104,3.77368],[-75.10118,3.77377],[-75.10121,3.77379],[-75.10146,3.77398],[-75.10149,3.77401],[-75.10152,3.77406],[-75.10154,3.77408],[-75.10185,3.77433],[-75.10191,3.77436],[-75.10194,3.77436],[-75.10199,3.77437],[-75.10204,3.77436],[-75.10208,3.77436],[-75.10212,3.77435],[-75.10219,3.77432],[-75.10221,3.77431],[-75.10224,3.77431],[-75.10243,3.77432],[-75.10253,3.77431],[-75.10255,3.7743],[-75.10257,3.7743],[-75.1027,3.77425],[-75.10641,3.77285],[-75.10648,3.77283],[-75.10656,3.77283],[-75.10666,3.77282],[-75.10676,3.77284],[-75.10686,3.77286],[-75.10905,3.77393],[-75.1092,3.77399],[-75.11028,3.77423],[-75.11039,3.77428],[-75.11049,3.77434],[-75.11056,3.7744],[-75.11059,3.77443],[-75.11066,3.77454],[-75.11068,3.77457],[-75.11077,3.77483],[-75.11082,3.77492],[-75.11088,3.775],[-75.11096,3.77506],[-75.11104,3.77511],[-75.11112,3.77515],[-75.11122,3.77518],[-75.11131,3.77518],[-75.11139,3.77516],[-75.11157,3.77511],[-75.11177,3.77511],[-75.11216,3.77514],[-75.11219,3.77515],[-75.11222,3.77516],[-75.11236,3.77524],[-75.11238,3.77525],[-75.11246,3.77533],[-75.11252,3.77538],[-75.11255,3.7754],[-75.11258,3.7754],[-75.1126,3.7754],[-75.11264,3.7754],[-75.11268,3.77539],[-75.1127,3.77537],[-75.11272,3.77535],[-75.11278,3.77527],[-75.11281,3.77524],[-75.11285,3.77522],[-75.11291,3.77519],[-75.11297,3.77517],[-75.11303,3.77517],[-75.11313,3.77516],[-75.11364,3.77521],[-75.11367,3.77522],[-75.1137,3.77523],[-75.11392,3.77534],[-75.11394,3.77535],[-75.11397,3.77536],[-75.11481,3.77551],[-75.11482,3.77551],[-75.11484,3.77551],[-75.11488,3.77551],[-75.11501,3.77549],[-75.11516,3.77546],[-75.11522,3.77544],[-75.11527,3.77541],[-75.11532,3.77537],[-75.11539,3.7753],[-75.11625,3.77447],[-75.1163,3.77442],[-75.11696,3.77384],[-75.11706,3.77377],[-75.11864,3.77294],[-75.11869,3.7729],[-75.11874,3.77285],[-75.11883,3.77274],[-75.119,3.77252],[-75.11973,3.77136],[-75.12031,3.77047],[-75.12087,3.7696],[-75.12101,3.76934],[-75.12105,3.7691],[-75.12111,3.76854],[-75.12126,3.7682],[-75.12173,3.76772],[-75.1219,3.76757],[-75.12206,3.76749],[-75.12239,3.76741],[-75.12527,3.76676],[-75.12606,3.76651],[-75.12885,3.76567],[-75.12994,3.7653],[-75.13006,3.76535]]},"properties":{"NIVEL_PROP":"N3-Terciaria"}},{"type":"Feature","geometry":{"type":"LineString","coordinates":[[-75.11596,3.62605],[-75.11542,3.62581],[-75.11474,3.62547],[-75.11443,3.62532],[-75.11414,3.62516],[-75.11383,3.62499],[-75.11327,3.62453],[-75.11295,3.62427],[-75.1129,3.62422],[-75.11283,3.62418],[-75.11277,3.62414],[-75.1127,3.62411],[-75.11262,3.62408],[-75.11254,3.62406],[-75.11245,3.62403],[-75.11225,3.62398],[-75.11184,3.62388],[-75.11129,3.62379],[-75.11124,3.62378],[-75.11118,3.62378],[-75.11112,3.62378],[-75.11106,3.62379],[-75.111,3.6238],[-75.11095,3.62382],[-75.1107,3.62391],[-75.11033,3.62406],[-75.11007,3.62414],[-75.1098,3.62421],[-75.10956,3.62432],[-75.10919,3.62454],[-75.10884,3.62471],[-75.10875,3.62474],[-75.10866,3.62477],[-75.10858,3.62481],[-75.1085,3.62486],[-75.10843,3.62491],[-75.10837,3.62496],[-75.10831,3.62501],[-75.10824,3.62507],[-75.10818,3.62514],[-75.10813,3.62521],[-75.10808,3.62529],[-75.10797,3.62545],[-75.10784,3.62558],[-75.10761,3.62577],[-75.10723,3.62626],[-75.10714,3.62636],[-75.10705,3.62643],[-75.10686,3.62653],[-75.10665,3.62662],[-75.10634,3.62671],[-75.10624,3.62672],[-75.10615,3.62671],[-75.10603,3.62667],[-75.1055,3.62643],[-75.1052,3.6263],[-75.10466,3.62614],[-75.10428,3.62598],[-75.10402,3.6259],[-75.10326,3.62574],[-75.10254,3.62561],[-75.10196,3.62547],[-75.10122,3.62518]]},"properties":{"NIVEL_PROP":"N3-Servicio"}},{"type":"Feature","geometry":{"type":"LineString","coordinates":[[-75.11095,3.52543],[-75.11094,3.5254],[-75.11091,3.52535],[-75.11089,3.5253],[-75.11085,3.52525],[-75.11079,3.52518],[-75.11069,3.52504],[-75.11066,3.52501],[-75.11059,3.52495],[-75.11055,3.52492],[-75.11054,3.52491],[-75.11054,3.5249],[-75.11053,3.52488],[-75.11054,3.52482],[-75.11057,3.52465]]},"properties":{"NIVEL_PROP":"N3-Terciaria"}},{"type":"Feature","geometry":{"type":"LineString","coordinates":[[-75.00541,3.79153],[-75.00618,3.79086],[-75.00727,3.78977],[-75.00942,3.78728],[-75.01138,3.78543],[-75.01344,3.78277],[-75.01386,3.78197],[-75.01566,3.77902],[-75.01659,3.77768],[-75.01727,3.77662],[-75.01788,3.77551],[-75.01879,3.77383],[-75.01905,3.77323],[-75.01929,3.77251],[-75.01961,3.77194],[-75.01982,3.77159],[-75.01627,3.76945],[-75.01579,3.7691],[-75.01202,3.76685],[-75.01122,3.76637],[-75.0108,3.76604],[-75.01035,3.76561],[-75.01011,3.76534],[-75.00991,3.76517],[-75.00964,3.76502],[-75.00926,3.76497],[-75.00904,3.76486],[-75.00879,3.76463],[-75.00769,3.76341],[-75.00757,3.76339],[-75.00747,3.76343],[-75.00733,3.76377],[-75.00727,3.76382],[-75.00716,3.76379],[-75.00671,3.76327],[-75.0064,3.76298],[-75.00515,3.76236],[-75.00455,3.76213],[-75.00401,3.76203],[-75.00384,3.76206],[-75.00367,3.76228],[-75.00358,3.76234],[-75.00344,3.76234],[-75.00301,3.76211],[-75.00253,3.76189],[-75.00241,3.76183],[-75.00217,3.76158],[-75.00192,3.76135],[-75.00121,3.7612]]},"properties":{"NIVEL_PROP":"N3-Terciaria"}},{"type":"Feature","geometry":{"type":"LineString","coordinates":[[-75.13369,3.99628],[-75.13312,3.99616],[-75.13278,3.99616],[-75.1326,3.9961],[-75.13225,3.9961],[-75.13175,3.99627],[-75.1315,3.99633],[-75.1313,3.99637],[-75.13082,3.99636],[-75.13045,3.99646],[-75.13021,3.99647]]},"properties":{"NIVEL_PROP":"N3-Terciaria"}},{"type":"Feature","geometry":{"type":"LineString","coordinates":[[-75.0957,3.61988],[-75.09495,3.6196],[-75.094,3.61925]]},"properties":{"NIVEL_PROP":"N3-Terciaria"}},{"type":"Feature","geometry":{"type":"LineString","coordinates":[[-75.17986,3.7723],[-75.17972,3.77231],[-75.1796,3.77242],[-75.17937,3.77251],[-75.17915,3.77242],[-75.17777,3.77238],[-75.17688,3.77222],[-75.17635,3.77229],[-75.17623,3.77226],[-75.17606,3.77215],[-75.17595,3.77206],[-75.17463,3.7713],[-75.1745,3.77123],[-75.17434,3.77114],[-75.1741,3.77108],[-75.17355,3.77092],[-75.17341,3.77085]]},"properties":{"NIVEL_PROP":"N3-Terciaria"}},{"type":"Feature","geometry":{"type":"LineString","coordinates":[[-75.19285,3.79879],[-75.19253,3.79867]]},"properties":{"NIVEL_PROP":"N3-Terciaria"}},{"type":"Feature","geometry":{"type":"LineString","coordinates":[[-75.09658,3.62534],[-75.09644,3.62609],[-75.09626,3.62687],[-75.09623,3.62724]]},"properties":{"NIVEL_PROP":"N3-Terciaria"}},{"type":"Feature","geometry":{"type":"LineString","coordinates":[[-75.09669,3.62612],[-75.09687,3.62542]]},"properties":{"NIVEL_PROP":"N3-Terciaria"}},{"type":"Feature","geometry":{"type":"LineString","coordinates":[[-75.25805,3.73745],[-75.25852,3.73797],[-75.25945,3.73886],[-75.25995,3.73938],[-75.2604,3.74037],[-75.26093,3.74075],[-75.26147,3.74071],[-75.26218,3.73981],[-75.26273,3.73937],[-75.26345,3.73902],[-75.26442,3.73838],[-75.26484,3.73837],[-75.26576,3.73905],[-75.26692,3.74002],[-75.2684,3.74053],[-75.26894,3.74118],[-75.26907,3.74213],[-75.26758,3.74475],[-75.2659,3.74758],[-75.26549,3.74807],[-75.26529,3.74856],[-75.26551,3.74893],[-75.26597,3.74928],[-75.26607,3.74961],[-75.26578,3.75012],[-75.26589,3.75097],[-75.26578,3.75151],[-75.26585,3.75187],[-75.26617,3.75214],[-75.26633,3.75252],[-75.26622,3.75284],[-75.26586,3.75281],[-75.26561,3.75313],[-75.26542,3.75363],[-75.26507,3.75435]]},"properties":{"NIVEL_PROP":"N3-Camino vecinal"}},{"type":"Feature","geometry":{"type":"LineString","coordinates":[[-75.09252,3.62155],[-75.09325,3.62177],[-75.09419,3.62205]]},"properties":{"NIVEL_PROP":"N2-Secundaria"}},{"type":"Feature","geometry":{"type":"LineString","coordinates":[[-75.14336,3.85273],[-75.14337,3.85274],[-75.14339,3.85275],[-75.14341,3.85276],[-75.14343,3.85277],[-75.14368,3.85283],[-75.14375,3.85284],[-75.14378,3.85284],[-75.1438,3.85283],[-75.14381,3.85283],[-75.14382,3.85282]]},"properties":{"NIVEL_PROP":"N3-Servicio"}},{"type":"Feature","geometry":{"type":"LineString","coordinates":[[-75.07011,3.76499],[-75.06935,3.76436],[-75.0691,3.76405],[-75.06885,3.76385],[-75.06781,3.76351],[-75.06779,3.7635],[-75.06777,3.76349],[-75.06776,3.76347],[-75.06776,3.76345],[-75.06776,3.76323],[-75.06776,3.76294],[-75.06777,3.76289],[-75.06777,3.76286],[-75.06776,3.76283],[-75.06774,3.76282],[-75.0677,3.7628],[-75.06723,3.76258],[-75.06691,3.7624],[-75.06655,3.76206],[-75.06644,3.76195],[-75.06631,3.76187],[-75.06472,3.76179],[-75.06446,3.76171]]},"properties":{"NIVEL_PROP":"N3-Terciaria"}},{"type":"Feature","geometry":{"type":"LineString","coordinates":[[-75.17574,3.8531],[-75.17578,3.85311],[-75.17581,3.85313],[-75.17583,3.85313],[-75.17585,3.85314],[-75.17586,3.85315],[-75.17589,3.85317],[-75.1759,3.85318],[-75.17591,3.85319],[-75.17593,3.85321],[-75.17594,3.85323],[-75.17597,3.85325]]},"properties":{"NIVEL_PROP":"Sendero"}},{"type":"Feature","geometry":{"type":"LineString","coordinates":[[-75.2678,3.79606],[-75.2667,3.79521]]},"properties":{"NIVEL_PROP":"N3-Terciaria"}},{"type":"Feature","geometry":{"type":"LineString","coordinates":[[-75.2111,3.89928],[-75.21022,3.89876],[-75.20934,3.89853],[-75.20918,3.89845],[-75.2091,3.89836],[-75.20901,3.89829],[-75.20892,3.89815],[-75.20881,3.89801],[-75.2086,3.89791]]},"properties":{"NIVEL_PROP":"N3-Terciaria"}},{"type":"Feature","geometry":{"type":"LineString","coordinates":[[-75.13358,3.71988],[-75.13361,3.71981]]},"properties":{"NIVEL_PROP":"N3-Terciaria"}},{"type":"Feature","geometry":{"type":"LineString","coordinates":[[-75.16523,3.90996],[-75.165,3.91016],[-75.16482,3.9103],[-75.16475,3.91055],[-75.16478,3.91064]]},"properties":{"NIVEL_PROP":"N3-Terciaria"}},{"type":"Feature","geometry":{"type":"LineString","coordinates":[[-75.12193,3.78013],[-75.12054,3.77973],[-75.12035,3.77969],[-75.12029,3.77968],[-75.12027,3.77967],[-75.12025,3.77967],[-75.12015,3.77969],[-75.11925,3.77979],[-75.11836,3.77992],[-75.11732,3.78004],[-75.11644,3.78014],[-75.11612,3.78016],[-75.11601,3.78018],[-75.11585,3.78022],[-75.11576,3.78024],[-75.11536,3.78037],[-75.11474,3.78057],[-75.1147,3.78058],[-75.11468,3.78059],[-75.11466,3.78058],[-75.11465,3.78058],[-75.11464,3.78056],[-75.11457,3.78016],[-75.11454,3.78001],[-75.11453,3.77997],[-75.11451,3.77994],[-75.11436,3.77973],[-75.11434,3.7797],[-75.11431,3.77968],[-75.11412,3.77953],[-75.11411,3.77952],[-75.1141,3.77952],[-75.11407,3.77951],[-75.11367,3.77942],[-75.11366,3.77942],[-75.11365,3.77941],[-75.11364,3.7794],[-75.11331,3.77899],[-75.1133,3.77897],[-75.1133,3.77895],[-75.11328,3.77883],[-75.11328,3.77882],[-75.11328,3.77881],[-75.11328,3.77879],[-75.11334,3.77864],[-75.11336,3.77858],[-75.11336,3.77855],[-75.11337,3.77845],[-75.11339,3.77803],[-75.1134,3.77799],[-75.1134,3.77796],[-75.11348,3.77767],[-75.11349,3.77765],[-75.11349,3.77764],[-75.11349,3.77763],[-75.11351,3.77761],[-75.11356,3.77756],[-75.11406,3.77698],[-75.11458,3.77634],[-75.11473,3.77614],[-75.11477,3.77609],[-75.11498,3.77575],[-75.11499,3.77574],[-75.115,3.77571],[-75.11502,3.77562]]},"properties":{"NIVEL_PROP":"N3-Terciaria"}},{"type":"Feature","geometry":{"type":"LineString","coordinates":[[-75.2514,3.88519],[-75.25169,3.88527],[-75.25222,3.88536]]},"properties":{"NIVEL_PROP":"N3-Terciaria"}},{"type":"Feature","geometry":{"type":"LineString","coordinates":[[-75.21111,3.90411],[-75.21123,3.90397],[-75.21138,3.90391],[-75.2116,3.90393],[-75.21172,3.90385],[-75.21238,3.90321]]},"properties":{"NIVEL_PROP":"N3-Terciaria"}},{"type":"Feature","geometry":{"type":"LineString","coordinates":[[-75.21497,3.92105],[-75.215,3.92093],[-75.21498,3.92039],[-75.21495,3.92002],[-75.2149,3.91986],[-75.21472,3.91938],[-75.21459,3.91875],[-75.21463,3.91712],[-75.21459,3.91643],[-75.2146,3.91533],[-75.2146,3.91509],[-75.21463,3.91477],[-75.21464,3.91428],[-75.21454,3.91347],[-75.21449,3.91296],[-75.21453,3.91265],[-75.21448,3.9123],[-75.21417,3.91163],[-75.21249,3.90892],[-75.21183,3.90744],[-75.21135,3.9065],[-75.21115,3.90593],[-75.21118,3.90503],[-75.21111,3.90421],[-75.21111,3.90411],[-75.21106,3.90274],[-75.2111,3.90225],[-75.21125,3.90171],[-75.21129,3.90138],[-75.21124,3.90085],[-75.2111,3.90019],[-75.21102,3.89966],[-75.2111,3.89928],[-75.21113,3.89914],[-75.21164,3.89738],[-75.21178,3.89678],[-75.21169,3.89629],[-75.21157,3.89547],[-75.21137,3.89468],[-75.21142,3.89429],[-75.21085,3.89224],[-75.21066,3.89122],[-75.21054,3.89099],[-75.20931,3.88781],[-75.20857,3.8866],[-75.20727,3.88504],[-75.20724,3.88448],[-75.20701,3.88381],[-75.20738,3.88066],[-75.20746,3.87992],[-75.2074,3.87891],[-75.20755,3.87796],[-75.20741,3.87678],[-75.20734,3.87667],[-75.20728,3.8766],[-75.20666,3.87584],[-75.20644,3.87507],[-75.20664,3.87322],[-75.20662,3.87273],[-75.20639,3.8723],[-75.20562,3.87158],[-75.20513,3.86599],[-75.20562,3.86387],[-75.20594,3.8634],[-75.20664,3.86336],[-75.20698,3.86382],[-75.207,3.86393],[-75.20713,3.8641],[-75.20719,3.86427],[-75.20732,3.86427]]},"properties":{"NIVEL_PROP":"N3-Terciaria"}},{"type":"Feature","geometry":{"type":"LineString","coordinates":[[-75.09782,3.6184],[-75.09743,3.61832],[-75.09702,3.61823],[-75.09625,3.61801],[-75.09549,3.6178],[-75.0946,3.61755],[-75.09384,3.61733],[-75.093,3.61709],[-75.09291,3.61702],[-75.09288,3.61699],[-75.09283,3.61689],[-75.0928,3.61671],[-75.09277,3.61638],[-75.09275,3.61612]]},"properties":{"NIVEL_PROP":"N3-Terciaria"}},{"type":"Feature","geometry":{"type":"LineString","coordinates":[[-75.09601,3.62177],[-75.09522,3.62152],[-75.09443,3.62127],[-75.09349,3.62098]]},"properties":{"NIVEL_PROP":"N3-Terciaria"}},{"type":"Feature","geometry":{"type":"LineString","coordinates":[[-75.09854,3.62603],[-75.09814,3.62609],[-75.09806,3.62609],[-75.09733,3.62618]]},"properties":{"NIVEL_PROP":"N3-Terciaria"}},{"type":"Feature","geometry":{"type":"LineString","coordinates":[[-75.09948,3.59776],[-75.09935,3.59771],[-75.09921,3.59766],[-75.09913,3.59763],[-75.09905,3.59759],[-75.09897,3.59754],[-75.09891,3.59747],[-75.09884,3.59736],[-75.09875,3.59725],[-75.09867,3.59711],[-75.0986,3.59695],[-75.09852,3.5968],[-75.09843,3.59667],[-75.09834,3.59652],[-75.09826,3.59638],[-75.09822,3.59627],[-75.09818,3.59614],[-75.09811,3.59602],[-75.09805,3.59594],[-75.09798,3.59588],[-75.09792,3.5958],[-75.09785,3.59574],[-75.09773,3.59567],[-75.09762,3.59561],[-75.09752,3.59553],[-75.09735,3.59539],[-75.09717,3.59524],[-75.09694,3.59508],[-75.09682,3.59499],[-75.09674,3.59491],[-75.09669,3.59486],[-75.09666,3.5948],[-75.09664,3.59475],[-75.09661,3.59471],[-75.09658,3.59467],[-75.09653,3.59462],[-75.0964,3.59455],[-75.09628,3.59449],[-75.09615,3.5944],[-75.09602,3.59431],[-75.09588,3.59422],[-75.09581,3.59417],[-75.09575,3.59414],[-75.09571,3.5941],[-75.09567,3.59403],[-75.09565,3.59393],[-75.09563,3.59365],[-75.09561,3.59351],[-75.09557,3.59336],[-75.09553,3.59328],[-75.09549,3.59321],[-75.09543,3.59315],[-75.09513,3.59296],[-75.0948,3.59278],[-75.09427,3.59255],[-75.09246,3.59164],[-75.09236,3.5916],[-75.09226,3.59158],[-75.09216,3.59157],[-75.09208,3.5916],[-75.09199,3.59164],[-75.09186,3.59169],[-75.09173,3.59175],[-75.09163,3.59178],[-75.09152,3.59182],[-75.09142,3.59186],[-75.0913,3.59193],[-75.09113,3.59205]]},"properties":{"NIVEL_PROP":"N3-Servicio"}},{"type":"Feature","geometry":{"type":"LineString","coordinates":[[-75.10379,3.43257],[-75.10393,3.43286],[-75.10412,3.43312],[-75.1043,3.43333],[-75.1052,3.43415],[-75.10536,3.43422],[-75.10566,3.43427],[-75.10605,3.43426],[-75.10632,3.43421],[-75.10668,3.43417],[-75.10697,3.43418],[-75.10734,3.43418],[-75.10756,3.4342],[-75.10779,3.43428],[-75.10811,3.4346],[-75.10824,3.43468],[-75.10934,3.43502],[-75.1094,3.435],[-75.10943,3.43496],[-75.10944,3.43488],[-75.10944,3.43478],[-75.10946,3.43472],[-75.10952,3.43455],[-75.10994,3.43393],[-75.11005,3.43382],[-75.11016,3.43375],[-75.11034,3.43368],[-75.11046,3.43361],[-75.11057,3.43352],[-75.11081,3.43323],[-75.11095,3.43314],[-75.11109,3.43309],[-75.11135,3.43304],[-75.11177,3.4331],[-75.11238,3.43342],[-75.11265,3.43356],[-75.11316,3.43389],[-75.11367,3.43407],[-75.11458,3.43437],[-75.1156,3.43503],[-75.11595,3.43516],[-75.11625,3.43513],[-75.11676,3.43479],[-75.11747,3.43404],[-75.11769,3.43396],[-75.11799,3.43394],[-75.11851,3.43405],[-75.11908,3.43389],[-75.1192,3.43396],[-75.11933,3.43423],[-75.11944,3.43423],[-75.11953,3.43412],[-75.11973,3.43409],[-75.11982,3.43387],[-75.12011,3.43369],[-75.12046,3.43368],[-75.12072,3.4336]]},"properties":{"NIVEL_PROP":"N3-Terciaria"}},{"type":"Feature","geometry":{"type":"LineString","coordinates":[[-75.15046,3.94562],[-75.15049,3.94566],[-75.15057,3.94578],[-75.15077,3.94584],[-75.15099,3.94615],[-75.15107,3.94642],[-75.15112,3.94654],[-75.15125,3.94657],[-75.15151,3.94657],[-75.15171,3.94653],[-75.15181,3.94656],[-75.1519,3.94676],[-75.15186,3.94701],[-75.15188,3.94718],[-75.15197,3.9473],[-75.15214,3.94737],[-75.15245,3.94744]]},"properties":{"NIVEL_PROP":"N3-Terciaria"}},{"type":"Feature","geometry":{"type":"LineString","coordinates":[[-75.09106,3.6236],[-75.09071,3.62348],[-75.09038,3.62335],[-75.09016,3.62326],[-75.09003,3.62325],[-75.08989,3.62326],[-75.08982,3.62327],[-75.08972,3.62327],[-75.08956,3.62327],[-75.08935,3.62325],[-75.08917,3.62324],[-75.089,3.6232]]},"properties":{"NIVEL_PROP":"N3-Terciaria"}},{"type":"Feature","geometry":{"type":"LineString","coordinates":[[-75.25168,3.88505],[-75.25167,3.88469],[-75.25164,3.8843],[-75.25159,3.88385],[-75.25154,3.8837],[-75.25148,3.88347],[-75.25152,3.8833],[-75.25168,3.88302],[-75.2517,3.8827],[-75.25167,3.88228],[-75.25167,3.88196],[-75.25157,3.88164],[-75.25154,3.88133],[-75.25151,3.88077],[-75.25148,3.88067],[-75.25136,3.88049],[-75.25126,3.88026],[-75.2512,3.88013],[-75.25126,3.87996],[-75.25121,3.87984],[-75.25113,3.87971],[-75.25117,3.87958],[-75.25131,3.87947],[-75.25141,3.87943],[-75.25142,3.87929],[-75.25146,3.87919],[-75.25156,3.87904]]},"properties":{"NIVEL_PROP":"N3-Terciaria"}},{"type":"Feature","geometry":{"type":"LineString","coordinates":[[-75.20209,3.94809],[-75.20169,3.94811],[-75.20129,3.94819],[-75.20086,3.94839],[-75.20057,3.94859],[-75.20033,3.94862],[-75.19971,3.94855],[-75.1988,3.94835],[-75.19851,3.94828],[-75.1983,3.94822],[-75.19812,3.94814],[-75.19801,3.94806],[-75.19777,3.94798]]},"properties":{"NIVEL_PROP":"N3-Terciaria"}},{"type":"Feature","geometry":{"type":"LineString","coordinates":[[-75.60151,4.01168],[-75.60238,4.01171],[-75.60274,4.01188],[-75.60313,4.01239],[-75.60325,4.01275],[-75.60342,4.01296],[-75.60357,4.01305],[-75.60374,4.0132],[-75.6038,4.0133],[-75.6039,4.01341],[-75.60394,4.01354],[-75.60391,4.01389],[-75.60403,4.01411],[-75.60434,4.01424],[-75.60549,4.01446],[-75.60574,4.01436]]},"properties":{"NIVEL_PROP":"N2-Secundaria"}},{"type":"Feature","geometry":{"type":"LineString","coordinates":[[-75.22328,3.92914],[-75.22374,3.92926]]},"properties":{"NIVEL_PROP":"N3-Terciaria"}},{"type":"Feature","geometry":{"type":"LineString","coordinates":[[-75.22031,3.93073],[-75.22027,3.9306],[-75.22029,3.93042],[-75.22031,3.93029],[-75.22034,3.9302],[-75.22039,3.93011],[-75.2205,3.92988],[-75.22051,3.92966]]},"properties":{"NIVEL_PROP":"N3-Terciaria"}},{"type":"Feature","geometry":{"type":"LineString","coordinates":[[-75.05874,3.81728],[-75.05877,3.81651]]},"properties":{"NIVEL_PROP":"N3-Terciaria"}},{"type":"Feature","geometry":{"type":"LineString","coordinates":[[-75.08979,3.94904],[-75.08954,3.94911],[-75.08934,3.94909],[-75.08912,3.94899]]},"properties":{"NIVEL_PROP":"N3-Camino vecinal"}},{"type":"Feature","geometry":{"type":"LineString","coordinates":[[-75.18152,3.70657],[-75.18174,3.70679],[-75.18206,3.70722],[-75.18228,3.70756],[-75.18246,3.70779],[-75.18271,3.70802],[-75.18296,3.70814],[-75.18324,3.70832],[-75.18347,3.70855],[-75.18442,3.7093],[-75.18471,3.70959],[-75.18487,3.70984],[-75.18494,3.71013],[-75.18488,3.71059],[-75.1846,3.7117],[-75.18461,3.71205],[-75.18508,3.71292]]},"properties":{"NIVEL_PROP":"N3-Terciaria"}},{"type":"Feature","geometry":{"type":"LineString","coordinates":[[-75.19508,3.79235],[-75.19499,3.79279],[-75.19495,3.79296],[-75.19481,3.79301]]},"properties":{"NIVEL_PROP":"N3-Terciaria"}},{"type":"Feature","geometry":{"type":"LineString","coordinates":[[-75.22401,3.93179],[-75.22406,3.93176],[-75.22462,3.93169],[-75.22498,3.93165]]},"properties":{"NIVEL_PROP":"N3-Terciaria"}},{"type":"Feature","geometry":{"type":"LineString","coordinates":[[-75.09635,3.62363],[-75.09557,3.62337],[-75.09477,3.62311]]},"properties":{"NIVEL_PROP":"N3-Terciaria"}},{"type":"Feature","geometry":{"type":"LineString","coordinates":[[-75.16739,3.69905],[-75.1672,3.69956],[-75.16717,3.69975],[-75.167,3.70001],[-75.16695,3.70012],[-75.16683,3.70028]]},"properties":{"NIVEL_PROP":"N3-Terciaria"}},{"type":"Feature","geometry":{"type":"LineString","coordinates":[[-75.19746,3.79832],[-75.19665,3.79794],[-75.19582,3.7976],[-75.19504,3.79729],[-75.19428,3.79695],[-75.19376,3.79673],[-75.19293,3.79638],[-75.1925,3.79621],[-75.19219,3.79608],[-75.19191,3.79597],[-75.19124,3.79571]]},"properties":{"NIVEL_PROP":"N3-Terciaria"}},{"type":"Feature","geometry":{"type":"LineString","coordinates":[[-75.223,3.93165],[-75.22377,3.93182],[-75.22393,3.93181],[-75.22401,3.93179]]},"properties":{"NIVEL_PROP":"N3-Terciaria"}},{"type":"Feature","geometry":{"type":"LineString","coordinates":[[-75.22402,3.93128],[-75.22284,3.93104],[-75.22255,3.93098],[-75.22248,3.93096],[-75.22206,3.93087],[-75.22194,3.93082]]},"properties":{"NIVEL_PROP":"N3-Terciaria"}},{"type":"Feature","geometry":{"type":"LineString","coordinates":[[-75.15077,3.90732],[-75.15092,3.90755],[-75.15108,3.90809],[-75.15112,3.90923],[-75.1511,3.90954],[-75.15106,3.90964],[-75.15091,3.9097],[-75.15076,3.90984],[-75.15055,3.90991],[-75.15024,3.90983],[-75.14998,3.90986],[-75.14958,3.91003],[-75.14915,3.91038],[-75.1485,3.91094],[-75.14839,3.91101],[-75.14811,3.91121]]},"properties":{"NIVEL_PROP":"N3-Terciaria"}},{"type":"Feature","geometry":{"type":"LineString","coordinates":[[-75.01299,3.72916],[-75.01399,3.72913],[-75.01509,3.73027],[-75.01523,3.73053],[-75.01557,3.73094]]},"properties":{"NIVEL_PROP":"N3-Terciaria"}},{"type":"Feature","geometry":{"type":"LineString","coordinates":[[-75.19332,3.39587],[-75.19308,3.39618],[-75.19289,3.3965],[-75.19287,3.39663],[-75.19286,3.39708],[-75.19288,3.39713],[-75.193,3.39732],[-75.19302,3.39739],[-75.19319,3.39803],[-75.19372,3.3991],[-75.19374,3.39924],[-75.19365,3.40018]]},"properties":{"NIVEL_PROP":"N3-Servicio"}},{"type":"Feature","geometry":{"type":"LineString","coordinates":[[-75.3333,3.81256],[-75.33251,3.81207],[-75.33182,3.81164],[-75.33085,3.81105]]},"properties":{"NIVEL_PROP":"N3-Terciaria"}},{"type":"Feature","geometry":{"type":"LineString","coordinates":[[-75.02657,3.81514],[-75.02663,3.81517],[-75.02673,3.81522],[-75.02681,3.8153],[-75.02699,3.81535],[-75.02704,3.81531],[-75.02723,3.81481],[-75.02732,3.81464],[-75.02745,3.81448],[-75.02767,3.81434],[-75.02775,3.81425],[-75.0278,3.81415],[-75.02806,3.81365],[-75.02845,3.81327],[-75.02859,3.81309],[-75.02869,3.81302],[-75.02876,3.81298],[-75.0289,3.81297],[-75.02936,3.81304],[-75.02953,3.81304],[-75.0297,3.81298],[-75.03006,3.81279],[-75.03065,3.81246],[-75.03249,3.81085],[-75.03336,3.80959],[-75.03394,3.80834],[-75.03405,3.8072],[-75.03467,3.80635],[-75.03588,3.80488],[-75.03608,3.80378],[-75.03662,3.80244],[-75.03673,3.80227],[-75.03693,3.80217],[-75.03735,3.80228],[-75.03824,3.80289],[-75.03883,3.80329],[-75.03939,3.80338],[-75.03992,3.80339],[-75.04038,3.8035],[-75.0427,3.80461],[-75.04329,3.80479],[-75.04388,3.80475],[-75.04441,3.80489],[-75.04484,3.80523],[-75.0451,3.8058],[-75.0451,3.8064],[-75.04498,3.80678],[-75.04462,3.80703],[-75.04456,3.80732],[-75.04461,3.80764],[-75.04487,3.80805],[-75.04537,3.80854],[-75.04577,3.80884],[-75.04589,3.80892],[-75.04603,3.80893],[-75.04618,3.80888],[-75.04643,3.8088],[-75.04691,3.80863],[-75.04722,3.80855],[-75.04734,3.80852],[-75.04746,3.80846],[-75.04764,3.80832],[-75.04784,3.80812],[-75.04797,3.80795],[-75.04815,3.80775],[-75.04834,3.80756],[-75.04851,3.80744],[-75.04879,3.80735],[-75.04917,3.80724],[-75.04966,3.80709],[-75.04977,3.80707],[-75.04988,3.80708],[-75.05001,3.80713],[-75.05022,3.80724],[-75.05067,3.80747],[-75.05203,3.80824],[-75.05332,3.80895],[-75.05611,3.81051],[-75.05623,3.81062],[-75.0563,3.81072],[-75.05638,3.81087],[-75.05739,3.81272],[-75.05775,3.81333],[-75.05793,3.81363],[-75.05814,3.8139],[-75.05876,3.81396],[-75.05883,3.81399],[-75.05885,3.81406],[-75.05888,3.81438],[-75.059,3.81498],[-75.05913,3.81566],[-75.05924,3.81633]]},"properties":{"NIVEL_PROP":"N3-Terciaria"}},{"type":"Feature","geometry":{"type":"LineString","coordinates":[[-75.16935,3.93594],[-75.16903,3.93575],[-75.16896,3.93563],[-75.16888,3.93518],[-75.16881,3.93496],[-75.16859,3.9344],[-75.16859,3.93418],[-75.16881,3.9335],[-75.16876,3.93319],[-75.1686,3.9327],[-75.16855,3.93232],[-75.16856,3.93207],[-75.16882,3.93159],[-75.16883,3.93151],[-75.16875,3.9314],[-75.16867,3.93083],[-75.16864,3.93042],[-75.16878,3.93012],[-75.16889,3.92993],[-75.16922,3.92988],[-75.16942,3.92995],[-75.16965,3.9299],[-75.16987,3.92973],[-75.17007,3.92979],[-75.17019,3.92989],[-75.17044,3.92988]]},"properties":{"NIVEL_PROP":"N3-Terciaria"}},{"type":"Feature","geometry":{"type":"LineString","coordinates":[[-75.19447,3.86184],[-75.19466,3.86041],[-75.19462,3.86012],[-75.19468,3.85991],[-75.195,3.85975],[-75.19532,3.85958]]},"properties":{"NIVEL_PROP":"N3-Terciaria"}},{"type":"Feature","geometry":{"type":"LineString","coordinates":[[-75.21898,3.9316],[-75.21953,3.9317]]},"properties":{"NIVEL_PROP":"N3-Terciaria"}},{"type":"Feature","geometry":{"type":"LineString","coordinates":[[-75.07815,3.73196],[-75.07957,3.72194],[-75.08026,3.71708],[-75.08286,3.69834],[-75.08301,3.69721],[-75.08302,3.69711],[-75.0833,3.69512],[-75.08335,3.69478],[-75.08395,3.69058],[-75.08496,3.68334],[-75.08624,3.6741],[-75.08952,3.65054],[-75.0899,3.6479],[-75.08992,3.64771],[-75.09026,3.6451],[-75.09039,3.64436],[-75.09054,3.64376],[-75.09069,3.64323],[-75.09173,3.63975],[-75.09206,3.63862],[-75.09237,3.6375]]},"properties":{"NIVEL_PROP":"N1-Principal"}},{"type":"Feature","geometry":{"type":"LineString","coordinates":[[-75.19579,3.79556],[-75.19587,3.79546],[-75.19608,3.79532],[-75.19623,3.79521],[-75.19629,3.79514],[-75.19636,3.79505],[-75.19642,3.79486],[-75.1965,3.79457],[-75.19659,3.79439],[-75.19679,3.7941],[-75.19742,3.79336],[-75.19772,3.79311],[-75.19793,3.79297]]},"properties":{"NIVEL_PROP":"N2-Secundaria"}},{"type":"Feature","geometry":{"type":"LineString","coordinates":[[-75.07404,3.71542],[-75.07405,3.71536],[-75.07403,3.71532],[-75.07399,3.71528],[-75.07394,3.71526],[-75.07383,3.71523],[-75.07373,3.71517],[-75.07361,3.71509],[-75.07351,3.71503],[-75.07347,3.71495],[-75.07346,3.71482],[-75.07348,3.71474],[-75.07351,3.71467],[-75.0736,3.71458]]},"properties":{"NIVEL_PROP":"N3-Servicio"}},{"type":"Feature","geometry":{"type":"LineString","coordinates":[[-75.2209,3.92806],[-75.22077,3.92827],[-75.22049,3.92815],[-75.22042,3.92829]]},"properties":{"NIVEL_PROP":"N3-Terciaria"}},{"type":"Feature","geometry":{"type":"LineString","coordinates":[[-75.0987,3.62264],[-75.09829,3.62255],[-75.09807,3.62251],[-75.0976,3.62242]]},"properties":{"NIVEL_PROP":"N3-Terciaria"}},{"type":"Feature","geometry":{"type":"LineString","coordinates":[[-75.08306,3.76079],[-75.08364,3.76226],[-75.08387,3.76327]]},"properties":{"NIVEL_PROP":"N3-Servicio"}},{"type":"Feature","geometry":{"type":"LineString","coordinates":[[-75.22374,3.92926],[-75.22379,3.92968],[-75.22386,3.93013]]},"properties":{"NIVEL_PROP":"N3-Terciaria"}},{"type":"Feature","geometry":{"type":"LineString","coordinates":[[-75.09477,3.62311],[-75.09395,3.62285],[-75.093,3.62254]]},"properties":{"NIVEL_PROP":"N3-Terciaria"}},{"type":"Feature","geometry":{"type":"LineString","coordinates":[[-75.11223,3.66886],[-75.11206,3.66866],[-75.1118,3.66854],[-75.11165,3.6685],[-75.1115,3.66847],[-75.11124,3.66849]]},"properties":{"NIVEL_PROP":"N3-Servicio"}},{"type":"Feature","geometry":{"type":"LineString","coordinates":[[-75.09623,3.62724],[-75.0962,3.62728],[-75.09616,3.62729],[-75.09539,3.62704]]},"properties":{"NIVEL_PROP":"N3-Terciaria"}},{"type":"Feature","geometry":{"type":"LineString","coordinates":[[-75.07928,3.80377],[-75.0805,3.80416],[-75.08115,3.80436],[-75.08177,3.80452],[-75.08212,3.80461],[-75.08215,3.80461],[-75.08216,3.80462],[-75.08219,3.80462],[-75.08232,3.80463],[-75.08235,3.80464],[-75.08238,3.80465],[-75.08248,3.8047],[-75.0826,3.80476],[-75.08294,3.80494],[-75.08299,3.80498],[-75.08306,3.805],[-75.08323,3.80504],[-75.08324,3.80504],[-75.08324,3.80504],[-75.08332,3.80504],[-75.08333,3.80504],[-75.08334,3.80504],[-75.08334,3.80504],[-75.08339,3.80508]]},"properties":{"NIVEL_PROP":"N3-Servicio"}},{"type":"Feature","geometry":{"type":"LineString","coordinates":[[-75.15623,3.9087],[-75.15622,3.90896],[-75.15631,3.90911]]},"properties":{"NIVEL_PROP":"N3-Terciaria"}},{"type":"Feature","geometry":{"type":"LineString","coordinates":[[-75.04504,3.6981],[-75.04357,3.69866],[-75.04245,3.69929],[-75.04223,3.69945],[-75.0413,3.70015],[-75.04098,3.70057],[-75.04067,3.70092],[-75.04001,3.70172],[-75.0398,3.70195],[-75.03951,3.7022],[-75.03892,3.70265],[-75.03788,3.7032],[-75.0368,3.70369],[-75.0351,3.70445],[-75.03491,3.70459],[-75.03442,3.70518]]},"properties":{"NIVEL_PROP":"N3-Terciaria"}},{"type":"Feature","geometry":{"type":"LineString","coordinates":[[-75.17665,3.7688],[-75.17648,3.7691],[-75.17646,3.76931],[-75.1765,3.76963],[-75.17648,3.76994],[-75.17635,3.77056],[-75.17595,3.77206],[-75.17584,3.77236],[-75.17573,3.77242],[-75.17551,3.77245],[-75.17419,3.77251],[-75.17402,3.77256],[-75.17386,3.77267],[-75.17384,3.77288],[-75.17384,3.77315],[-75.17379,3.77334],[-75.17368,3.77345],[-75.17355,3.77358],[-75.17332,3.77361],[-75.17321,3.77365],[-75.17285,3.77419],[-75.17241,3.7748]]},"properties":{"NIVEL_PROP":"N3-Camino vecinal"}},{"type":"Feature","geometry":{"type":"LineString","coordinates":[[-75.07835,3.59928],[-75.0783,3.59914],[-75.07827,3.59893],[-75.07823,3.5987],[-75.07792,3.59829],[-75.07796,3.59795],[-75.07777,3.59761],[-75.07752,3.59722],[-75.07728,3.59675],[-75.07709,3.59642],[-75.07707,3.59629],[-75.07707,3.59608],[-75.07693,3.59542],[-75.07667,3.59469],[-75.07645,3.59402],[-75.07609,3.59274],[-75.07573,3.59145],[-75.07567,3.59123],[-75.07559,3.59101],[-75.07539,3.59075],[-75.07515,3.59038],[-75.07472,3.58972],[-75.07428,3.58904],[-75.07351,3.58772],[-75.07335,3.58735],[-75.07316,3.58701],[-75.07279,3.58635],[-75.0724,3.58562],[-75.07237,3.58555],[-75.07236,3.58547],[-75.07225,3.58372],[-75.07218,3.58305],[-75.0722,3.58241],[-75.07241,3.58166],[-75.0725,3.58043],[-75.07253,3.57949],[-75.07234,3.57904],[-75.07168,3.57845],[-75.071,3.5777],[-75.0708,3.5772],[-75.07073,3.57646],[-75.07045,3.57578],[-75.06999,3.57507],[-75.069,3.57436],[-75.06799,3.57348],[-75.06709,3.57313],[-75.06664,3.57254],[-75.06603,3.5714],[-75.06555,3.57094],[-75.06528,3.57029],[-75.06516,3.56985],[-75.06454,3.56922],[-75.06394,3.56873],[-75.06367,3.56834],[-75.06324,3.5672],[-75.06278,3.56672],[-75.0625,3.56621],[-75.06225,3.56591],[-75.06182,3.5656],[-75.06152,3.56528],[-75.06065,3.56506],[-75.05974,3.56473],[-75.05922,3.56482],[-75.05899,3.56481],[-75.05885,3.56476],[-75.05844,3.56459],[-75.05799,3.56445],[-75.05751,3.56442],[-75.05726,3.56438],[-75.05674,3.56426],[-75.05642,3.56417],[-75.05606,3.5641],[-75.05561,3.56408],[-75.05505,3.56409],[-75.05416,3.56413],[-75.05398,3.56411],[-75.05385,3.56398],[-75.05374,3.5637],[-75.05359,3.56312],[-75.05307,3.5622],[-75.05269,3.56153],[-75.05204,3.56066],[-75.0517,3.56022],[-75.05142,3.55969],[-75.05105,3.55929],[-75.05078,3.55889],[-75.05019,3.55812],[-75.05001,3.55782],[-75.04996,3.55761],[-75.04995,3.55735],[-75.04999,3.55698],[-75.05014,3.55646],[-75.05063,3.55444],[-75.05069,3.55425],[-75.05083,3.55406],[-75.05087,3.55389],[-75.05083,3.55351],[-75.05079,3.55284],[-75.05063,3.5523],[-75.05061,3.55212],[-75.05063,3.5519],[-75.05085,3.5511],[-75.05096,3.55044],[-75.05113,3.54974],[-75.05127,3.54902],[-75.05127,3.54842],[-75.05124,3.54778],[-75.05131,3.54729],[-75.05144,3.54664],[-75.05152,3.54598],[-75.05168,3.54506],[-75.05176,3.54465],[-75.05182,3.5445],[-75.05197,3.54429],[-75.05272,3.54334],[-75.05283,3.54314],[-75.05288,3.54299],[-75.053,3.54242],[-75.05309,3.54202],[-75.05309,3.54181],[-75.05304,3.54102],[-75.05307,3.54049],[-75.053,3.53889],[-75.05301,3.53735],[-75.05308,3.5362],[-75.05302,3.53558],[-75.05312,3.53503],[-75.05317,3.53486],[-75.05329,3.53443],[-75.05335,3.53421],[-75.05342,3.53399],[-75.05356,3.53358],[-75.05367,3.53332],[-75.05371,3.53302],[-75.05376,3.53277],[-75.05384,3.5325],[-75.05397,3.53235],[-75.05427,3.53207],[-75.05453,3.53181],[-75.05492,3.5313],[-75.05509,3.53102],[-75.05523,3.53072],[-75.05536,3.53049],[-75.05544,3.53037],[-75.05549,3.53032],[-75.0556,3.53013],[-75.05576,3.52991],[-75.0559,3.52976],[-75.05607,3.52952],[-75.05622,3.52935],[-75.05643,3.52906],[-75.05657,3.5289],[-75.05668,3.52879],[-75.05679,3.52862],[-75.05718,3.52815],[-75.05733,3.528],[-75.0576,3.52765],[-75.0577,3.52746],[-75.05777,3.52717],[-75.0578,3.52686],[-75.05778,3.52656],[-75.05775,3.52639],[-75.05769,3.52606],[-75.05761,3.52583],[-75.05756,3.52564],[-75.05757,3.5255],[-75.05761,3.52538],[-75.05779,3.52519],[-75.05808,3.52491],[-75.05847,3.52455],[-75.05877,3.52423],[-75.05894,3.52407],[-75.05926,3.52386],[-75.05967,3.52363],[-75.0602,3.52347],[-75.06067,3.52334],[-75.06129,3.5231],[-75.06172,3.5229],[-75.06232,3.52252],[-75.0628,3.52217],[-75.06318,3.52185],[-75.06371,3.52134],[-75.06398,3.52112],[-75.06426,3.52095],[-75.06442,3.52086],[-75.06454,3.52069],[-75.06477,3.52024],[-75.06486,3.52004],[-75.06503,3.51962],[-75.06514,3.51944],[-75.06523,3.5193],[-75.06552,3.51896],[-75.0657,3.51878],[-75.06599,3.5184],[-75.06605,3.51824],[-75.0661,3.51802],[-75.06615,3.51768],[-75.06616,3.51732],[-75.06617,3.51717],[-75.06626,3.51702],[-75.06655,3.51671],[-75.06674,3.51657],[-75.06694,3.51637],[-75.06719,3.51608],[-75.06753,3.51563],[-75.06784,3.51528],[-75.06807,3.51509],[-75.06847,3.51489],[-75.06891,3.51467],[-75.06919,3.51448],[-75.06955,3.51421],[-75.06996,3.51376],[-75.07018,3.51345],[-75.07028,3.51314],[-75.07056,3.5125],[-75.07094,3.51181],[-75.07131,3.51118],[-75.0718,3.51047],[-75.07197,3.51015],[-75.07212,3.50977],[-75.07251,3.50918],[-75.07297,3.50853],[-75.07356,3.50801],[-75.07419,3.50755],[-75.0748,3.50685],[-75.07547,3.50599],[-75.07601,3.50514],[-75.07626,3.50484],[-75.07647,3.50476],[-75.07684,3.50483],[-75.07715,3.50491],[-75.07741,3.50489],[-75.07892,3.50431],[-75.07926,3.50404],[-75.07967,3.50368],[-75.07992,3.50331],[-75.08011,3.50308],[-75.08032,3.50285],[-75.08067,3.50266],[-75.081,3.50258],[-75.08139,3.50232],[-75.08165,3.50195],[-75.08174,3.50145],[-75.08194,3.50112],[-75.08227,3.50055],[-75.08253,3.49984],[-75.08267,3.49964],[-75.08283,3.49954],[-75.08321,3.4994],[-75.08352,3.4992],[-75.0839,3.49896],[-75.0841,3.49865],[-75.08428,3.49839],[-75.08446,3.4981],[-75.08477,3.49789],[-75.08511,3.49764],[-75.08519,3.4975],[-75.08558,3.497],[-75.08588,3.4967],[-75.08604,3.49639],[-75.08635,3.49578],[-75.08664,3.49534],[-75.08681,3.49515],[-75.0869,3.49501],[-75.08691,3.49487],[-75.08691,3.49472],[-75.08705,3.49438],[-75.08715,3.49402],[-75.08722,3.4938],[-75.08738,3.49332],[-75.08745,3.49292],[-75.08752,3.49265],[-75.08759,3.49241],[-75.08763,3.49218],[-75.08764,3.49191],[-75.08764,3.49169],[-75.0876,3.4914],[-75.08758,3.49107],[-75.08764,3.49078],[-75.08785,3.49046],[-75.08819,3.49004],[-75.08843,3.48982],[-75.08853,3.48955],[-75.08861,3.48898],[-75.0887,3.48821],[-75.08878,3.48763],[-75.08887,3.48721],[-75.08894,3.48684],[-75.08894,3.48659],[-75.08897,3.48625],[-75.08902,3.48591],[-75.08909,3.48564],[-75.08912,3.48538],[-75.08917,3.48527],[-75.0894,3.48507],[-75.08957,3.48503],[-75.08979,3.48504],[-75.08996,3.48501],[-75.09012,3.48489],[-75.09018,3.48477],[-75.09016,3.48461],[-75.09011,3.48439],[-75.0901,3.4842],[-75.09009,3.48398],[-75.0901,3.48374],[-75.09013,3.48355],[-75.09019,3.48342],[-75.09033,3.48319],[-75.09045,3.483],[-75.09055,3.48279],[-75.0907,3.4825],[-75.09099,3.482],[-75.09121,3.48165],[-75.09153,3.48124],[-75.09173,3.48097],[-75.09191,3.48072],[-75.09206,3.48049],[-75.09218,3.48039],[-75.09233,3.48029],[-75.09257,3.48018],[-75.09286,3.48004],[-75.09328,3.47976],[-75.09386,3.47934],[-75.09428,3.47902],[-75.09443,3.47887],[-75.09459,3.47868],[-75.09497,3.47829],[-75.09513,3.47812],[-75.09536,3.47795],[-75.09573,3.4777],[-75.09598,3.47754],[-75.09618,3.4773],[-75.09658,3.47685],[-75.09699,3.47653],[-75.09726,3.4763],[-75.09738,3.47622],[-75.09757,3.47613],[-75.09779,3.476],[-75.09815,3.47575],[-75.09847,3.47559],[-75.09889,3.4754],[-75.09912,3.47523],[-75.09945,3.47498],[-75.09964,3.47485],[-75.10003,3.47459],[-75.10032,3.47437],[-75.10058,3.47419],[-75.10081,3.47398],[-75.10105,3.47376],[-75.10151,3.47329],[-75.10181,3.47298],[-75.10207,3.47262],[-75.10228,3.47233],[-75.10242,3.47219],[-75.1025,3.47206],[-75.10252,3.47195],[-75.10254,3.47178],[-75.10261,3.47165],[-75.10274,3.47155],[-75.1029,3.47146],[-75.10297,3.47134],[-75.10312,3.47108],[-75.10327,3.47084],[-75.10358,3.47047],[-75.10378,3.47022],[-75.10397,3.47008],[-75.10429,3.46992],[-75.10492,3.46961],[-75.10532,3.4693],[-75.10563,3.46905],[-75.10584,3.46875],[-75.10598,3.46839],[-75.10604,3.46791],[-75.10612,3.46753],[-75.1062,3.4672],[-75.10622,3.46704],[-75.10623,3.46692],[-75.10615,3.46675],[-75.10601,3.46646],[-75.10585,3.46609],[-75.10575,3.46577],[-75.10565,3.46557],[-75.10554,3.46539],[-75.10546,3.46519],[-75.10542,3.465],[-75.10537,3.46486],[-75.10508,3.46457],[-75.10501,3.46447],[-75.10493,3.46436],[-75.10489,3.46426],[-75.10488,3.46417],[-75.10484,3.46411],[-75.10477,3.46408],[-75.10466,3.46397],[-75.1046,3.46373],[-75.10455,3.46348],[-75.10441,3.46323],[-75.10426,3.46303],[-75.10414,3.46267],[-75.10406,3.46244],[-75.10398,3.4623],[-75.10396,3.46202],[-75.10364,3.4613],[-75.10334,3.46077],[-75.10297,3.46008],[-75.10283,3.45967],[-75.10265,3.4591],[-75.10261,3.45885],[-75.10243,3.45852],[-75.10225,3.45829],[-75.10218,3.45817],[-75.10204,3.45806],[-75.10188,3.45803],[-75.10152,3.458],[-75.10105,3.45787],[-75.10075,3.45781],[-75.10052,3.45779],[-75.10045,3.45779],[-75.1004,3.45776],[-75.10023,3.45763],[-75.10007,3.45751],[-75.09991,3.45742],[-75.09976,3.45738],[-75.09969,3.45733],[-75.09965,3.45729],[-75.09964,3.45723],[-75.0996,3.45714],[-75.09958,3.45705],[-75.09955,3.45697],[-75.09953,3.45687],[-75.0995,3.45679],[-75.09951,3.45675],[-75.09958,3.45664],[-75.09969,3.45652],[-75.09978,3.4564],[-75.09983,3.45632],[-75.09987,3.45621],[-75.09995,3.45603],[-75.1,3.45593],[-75.10004,3.45581],[-75.10009,3.45561],[-75.10018,3.45545],[-75.10034,3.45525],[-75.10051,3.45504],[-75.1006,3.45486],[-75.10061,3.45466],[-75.10061,3.45449],[-75.10063,3.4543],[-75.10065,3.45405],[-75.10059,3.45377],[-75.10043,3.45349],[-75.10032,3.45325],[-75.10021,3.453],[-75.10018,3.4528],[-75.10011,3.45254],[-75.09998,3.45227],[-75.09993,3.45203],[-75.09993,3.45185],[-75.0999,3.45169],[-75.09984,3.45161],[-75.09976,3.45161],[-75.09966,3.4516],[-75.09961,3.45154],[-75.09962,3.45145],[-75.09964,3.45132],[-75.09959,3.45119],[-75.09935,3.4506],[-75.09914,3.45024],[-75.09908,3.45005],[-75.09902,3.44987],[-75.09902,3.44973],[-75.09926,3.44919],[-75.09954,3.44853],[-75.09978,3.44811],[-75.09999,3.44774],[-75.10008,3.44759],[-75.10028,3.44725],[-75.10044,3.44696],[-75.10054,3.44677],[-75.10056,3.44661],[-75.1006,3.44632],[-75.10063,3.44614],[-75.1007,3.44593],[-75.10074,3.4457],[-75.10078,3.44545],[-75.10083,3.44521],[-75.10082,3.44489],[-75.10073,3.44462]]},"properties":{"NIVEL_PROP":"N3-Terciaria"}},{"type":"Feature","geometry":{"type":"LineString","coordinates":[[-75.17572,3.99399],[-75.1757,3.99413],[-75.17562,3.9942],[-75.17553,3.99424]]},"properties":{"NIVEL_PROP":"N3-Terciaria"}},{"type":"Feature","geometry":{"type":"LineString","coordinates":[[-75.27425,3.99626],[-75.27442,3.99689],[-75.27447,3.99762],[-75.2744,3.99788],[-75.27422,3.99787],[-75.27339,3.99725],[-75.27308,3.99706],[-75.27279,3.99694],[-75.27254,3.99698],[-75.27187,3.99757],[-75.27181,3.99775],[-75.27186,3.99788],[-75.2721,3.99813],[-75.27228,3.99854],[-75.27256,3.99901],[-75.27306,3.9996],[-75.27486,4.00151],[-75.27575,4.00247],[-75.27674,4.00315],[-75.27757,4.00418],[-75.27796,4.00438],[-75.27839,4.00456],[-75.27878,4.00484]]},"properties":{"NIVEL_PROP":"N3-Terciaria"}},{"type":"Feature","geometry":{"type":"LineString","coordinates":[[-75.14785,3.47037],[-75.14771,3.47041],[-75.14757,3.4705],[-75.14744,3.47066]]},"properties":{"NIVEL_PROP":"N3-Servicio"}},{"type":"Feature","geometry":{"type":"LineString","coordinates":[[-75.21927,3.93638],[-75.21907,3.93631],[-75.21891,3.93625]]},"properties":{"NIVEL_PROP":"Sendero"}},{"type":"Feature","geometry":{"type":"LineString","coordinates":[[-75.19756,4.01533],[-75.1974,4.01435],[-75.1969,4.01309],[-75.19661,4.01277],[-75.19665,4.01242],[-75.19676,4.01225],[-75.19678,4.01205],[-75.19668,4.01115],[-75.19647,4.01099],[-75.19626,4.01103],[-75.19606,4.01091],[-75.19568,4.01022]]},"properties":{"NIVEL_PROP":"N3-Terciaria"}},{"type":"Feature","geometry":{"type":"LineString","coordinates":[[-75.05774,3.69839],[-75.05777,3.69835],[-75.05782,3.69825],[-75.05783,3.69808],[-75.05782,3.69797],[-75.05781,3.69784],[-75.05778,3.69778],[-75.05776,3.69772],[-75.05772,3.6976],[-75.05767,3.69752],[-75.05764,3.69747],[-75.05762,3.6974],[-75.0576,3.69737],[-75.05759,3.69733],[-75.0576,3.69726]]},"properties":{"NIVEL_PROP":"N3-Servicio"}},{"type":"Feature","geometry":{"type":"LineString","coordinates":[[-75.11772,3.82876],[-75.1177,3.82872],[-75.11769,3.82867],[-75.11766,3.82844],[-75.11768,3.82816],[-75.1177,3.82783],[-75.1177,3.8272],[-75.11773,3.82314],[-75.11773,3.82305],[-75.11771,3.82297],[-75.11768,3.82292],[-75.11766,3.82285],[-75.11766,3.82272]]},"properties":{"NIVEL_PROP":"N3-Terciaria"}},{"type":"Feature","geometry":{"type":"LineString","coordinates":[[-75.26566,3.79225],[-75.26593,3.79292],[-75.26605,3.79344],[-75.26606,3.7938],[-75.26594,3.79423]]},"properties":{"NIVEL_PROP":"N3-Terciaria"}},{"type":"Feature","geometry":{"type":"LineString","coordinates":[[-75.10556,3.52803],[-75.10546,3.52791],[-75.10543,3.52788],[-75.10532,3.52782],[-75.10517,3.52776],[-75.10485,3.52765],[-75.10454,3.52749],[-75.10418,3.52726],[-75.1039,3.52707]]},"properties":{"NIVEL_PROP":"N3-Terciaria"}},{"type":"Feature","geometry":{"type":"LineString","coordinates":[[-75.19102,3.40345],[-75.19199,3.40413],[-75.19243,3.40442],[-75.19254,3.40449]]},"properties":{"NIVEL_PROP":"N3-Terciaria"}},{"type":"Feature","geometry":{"type":"LineString","coordinates":[[-75.18074,3.83623],[-75.18014,3.83561],[-75.17947,3.83524],[-75.17933,3.83489],[-75.17966,3.83403],[-75.17941,3.83308],[-75.17964,3.83233],[-75.17966,3.83197],[-75.1796,3.83154],[-75.17978,3.8311],[-75.17963,3.83041],[-75.17973,3.83018],[-75.17983,3.83018],[-75.1799,3.83027],[-75.18012,3.8302],[-75.18085,3.82948],[-75.18086,3.82933],[-75.18082,3.82902],[-75.18093,3.82857],[-75.18126,3.82824],[-75.18154,3.82794],[-75.18177,3.82786],[-75.18224,3.82717],[-75.18234,3.82687]]},"properties":{"NIVEL_PROP":"N3-Terciaria"}},{"type":"Feature","geometry":{"type":"LineString","coordinates":[[-75.05949,3.81799],[-75.05923,3.81721]]},"properties":{"NIVEL_PROP":"N3-Terciaria"}},{"type":"Feature","geometry":{"type":"LineString","coordinates":[[-75.60562,4.01078],[-75.60539,4.01107],[-75.60516,4.01138]]},"properties":{"NIVEL_PROP":"N3-Terciaria"}},{"type":"Feature","geometry":{"type":"LineString","coordinates":[[-75.17611,3.91772],[-75.17673,3.91838]]},"properties":{"NIVEL_PROP":"N3-Terciaria"}},{"type":"Feature","geometry":{"type":"LineString","coordinates":[[-75.22076,3.92797],[-75.22104,3.92743]]},"properties":{"NIVEL_PROP":"N3-Terciaria"}},{"type":"Feature","geometry":{"type":"LineString","coordinates":[[-75.22221,3.92715],[-75.22278,3.92746]]},"properties":{"NIVEL_PROP":"N3-Terciaria"}},{"type":"Feature","geometry":{"type":"LineString","coordinates":[[-75.06316,3.77225],[-75.06306,3.77022],[-75.06304,3.76855],[-75.0628,3.764],[-75.06271,3.76266],[-75.06261,3.7612],[-75.06253,3.75944]]},"properties":{"NIVEL_PROP":"N3-Terciaria"}},{"type":"Feature","geometry":{"type":"LineString","coordinates":[[-75.14839,3.91101],[-75.1484,3.9111],[-75.14848,3.9113],[-75.14849,3.91145],[-75.14847,3.91151],[-75.14823,3.91178]]},"properties":{"NIVEL_PROP":"N3-Terciaria"}},{"type":"Feature","geometry":{"type":"LineString","coordinates":[[-75.03349,3.71662],[-75.03273,3.71643],[-75.03221,3.71626],[-75.03128,3.71609]]},"properties":{"NIVEL_PROP":"N3-Terciaria"}},{"type":"Feature","geometry":{"type":"LineString","coordinates":[[-75.30661,3.92107],[-75.30625,3.92127]]},"properties":{"NIVEL_PROP":"N3-Terciaria"}},{"type":"Feature","geometry":{"type":"LineString","coordinates":[[-75.13763,3.72488],[-75.13782,3.72491],[-75.13835,3.725],[-75.13867,3.72508],[-75.13894,3.72518],[-75.13932,3.72537],[-75.13957,3.72551],[-75.1397,3.72563],[-75.13973,3.72573]]},"properties":{"NIVEL_PROP":"N3-Terciaria"}},{"type":"Feature","geometry":{"type":"LineString","coordinates":[[-75.21942,3.93696],[-75.21968,3.93717],[-75.21995,3.93731],[-75.22002,3.93732]]},"properties":{"NIVEL_PROP":"N3-Terciaria"}},{"type":"Feature","geometry":{"type":"LineString","coordinates":[[-75.19568,4.01022],[-75.19539,4.01002],[-75.19474,4.01],[-75.19442,4.00984],[-75.19368,4.00974],[-75.19326,4.00941],[-75.19306,4.00931],[-75.19284,4.00922],[-75.19229,4.00842],[-75.19221,4.00788],[-75.19206,4.00737],[-75.19195,4.00707],[-75.19175,4.00683],[-75.19131,4.00675],[-75.19048,4.00595],[-75.19013,4.00516],[-75.1898,4.00458],[-75.18979,4.0042],[-75.18984,4.00381],[-75.18995,4.00318],[-75.19013,4.00261],[-75.1905,4.00211],[-75.19071,4.00165],[-75.19062,4.00139],[-75.19044,4.00073],[-75.1905,4.00021],[-75.19067,3.99985],[-75.19031,3.99845],[-75.19034,3.99778],[-75.19018,3.99715],[-75.19001,3.99701],[-75.18956,3.99736],[-75.18934,3.99738],[-75.18924,3.99656],[-75.1892,3.99612],[-75.1891,3.99561],[-75.1891,3.99495],[-75.18958,3.99427],[-75.18969,3.99376],[-75.18978,3.99316],[-75.19017,3.99149],[-75.19032,3.99081],[-75.19008,3.98947],[-75.19002,3.98885],[-75.19024,3.98658],[-75.19021,3.98576],[-75.19005,3.98512],[-75.19009,3.98436],[-75.19024,3.98343],[-75.19021,3.98294],[-75.18983,3.9826],[-75.18935,3.98219],[-75.18943,3.981],[-75.18942,3.98035],[-75.18923,3.97999],[-75.18899,3.97971],[-75.18879,3.97935],[-75.1895,3.97759],[-75.18971,3.9772],[-75.19094,3.97389],[-75.19171,3.97195],[-75.19214,3.97028],[-75.19258,3.96877],[-75.193,3.96779],[-75.1932,3.96746],[-75.19346,3.96722],[-75.19407,3.96707],[-75.19431,3.96658],[-75.19448,3.9663],[-75.19511,3.9655],[-75.19669,3.96119],[-75.19692,3.96058],[-75.1985,3.95897],[-75.1991,3.95778],[-75.19952,3.95655],[-75.20024,3.95572],[-75.20035,3.95527],[-75.20085,3.95384],[-75.20053,3.95319],[-75.20011,3.95259],[-75.19889,3.95185],[-75.19759,3.95131],[-75.19709,3.95019],[-75.19676,3.94982],[-75.19613,3.94875],[-75.19572,3.94794],[-75.19519,3.94756],[-75.1945,3.94722],[-75.19351,3.94725]]},"properties":{"NIVEL_PROP":"N3-Terciaria"}},{"type":"Feature","geometry":{"type":"LineString","coordinates":[[-75.11848,3.52819],[-75.11857,3.52811],[-75.11864,3.52806],[-75.11869,3.52801],[-75.11883,3.52783],[-75.11899,3.52768],[-75.11932,3.52725],[-75.11942,3.52708],[-75.11948,3.52696],[-75.11956,3.52675],[-75.11964,3.52658]]},"properties":{"NIVEL_PROP":"N3-Terciaria"}},{"type":"Feature","geometry":{"type":"LineString","coordinates":[[-75.22093,3.9412],[-75.22226,3.94107]]},"properties":{"NIVEL_PROP":"N3-Terciaria"}},{"type":"Feature","geometry":{"type":"LineString","coordinates":[[-75.1345,3.84174],[-75.13348,3.84047],[-75.13228,3.84043],[-75.13188,3.84034],[-75.13141,3.84002],[-75.13133,3.83968],[-75.13169,3.83791],[-75.1303,3.83611],[-75.13049,3.83551],[-75.13015,3.83521],[-75.12881,3.8344],[-75.12699,3.83384]]},"properties":{"NIVEL_PROP":"N3-Terciaria"}},{"type":"Feature","geometry":{"type":"LineString","coordinates":[[-75.13471,3.84196],[-75.1345,3.84174]]},"properties":{"NIVEL_PROP":"N3-Terciaria"}},{"type":"Feature","geometry":{"type":"LineString","coordinates":[[-75.09227,3.63951],[-75.09229,3.63941]]},"properties":{"NIVEL_PROP":"N3-Servicio"}},{"type":"Feature","geometry":{"type":"LineString","coordinates":[[-75.20511,3.77425],[-75.2048,3.77381],[-75.20434,3.77354],[-75.2038,3.77294],[-75.20326,3.77246],[-75.20255,3.77169],[-75.20168,3.77065]]},"properties":{"NIVEL_PROP":"N3-Terciaria"}},{"type":"Feature","geometry":{"type":"LineString","coordinates":[[-75.0781,3.73229],[-75.07815,3.73196]]},"properties":{"NIVEL_PROP":"N1-Principal"}},{"type":"Feature","geometry":{"type":"LineString","coordinates":[[-75.19863,3.81798],[-75.19887,3.81504],[-75.19917,3.81354],[-75.19955,3.81213]]},"properties":{"NIVEL_PROP":"N3-Terciaria"}},{"type":"Feature","geometry":{"type":"LineString","coordinates":[[-75.07425,3.75959],[-75.07428,3.75934]]},"properties":{"NIVEL_PROP":"N1-Principal"}},{"type":"Feature","geometry":{"type":"LineString","coordinates":[[-75.13447,3.99311],[-75.13454,3.99303],[-75.13454,3.99294],[-75.13451,3.99282],[-75.13448,3.99272],[-75.13444,3.99265],[-75.13441,3.99256],[-75.13443,3.99244],[-75.13448,3.99232],[-75.13451,3.99222]]},"properties":{"NIVEL_PROP":"N3-Camino vecinal"}},{"type":"Feature","geometry":{"type":"LineString","coordinates":[[-75.18516,3.71309],[-75.18546,3.71379],[-75.18569,3.7141],[-75.18611,3.71456],[-75.18638,3.71545],[-75.18633,3.71617],[-75.18662,3.71675],[-75.1876,3.71709],[-75.18788,3.71735],[-75.18813,3.7177],[-75.18806,3.71861],[-75.18829,3.71926],[-75.18843,3.72031],[-75.18865,3.72095],[-75.18874,3.72162],[-75.18928,3.72274],[-75.18952,3.72319],[-75.18958,3.72339],[-75.18962,3.72353],[-75.18962,3.72382],[-75.18954,3.7243],[-75.18938,3.72465],[-75.18922,3.72523],[-75.18923,3.72576],[-75.18927,3.72695],[-75.18971,3.72785],[-75.19035,3.72994],[-75.19065,3.73066],[-75.1908,3.73121],[-75.19086,3.73142],[-75.19101,3.73189],[-75.19108,3.73236],[-75.19141,3.73276],[-75.19174,3.73321],[-75.1922,3.73353],[-75.19236,3.73396],[-75.19225,3.73457],[-75.19229,3.73477],[-75.19238,3.73519],[-75.19259,3.73582],[-75.19285,3.73617],[-75.19457,3.73583],[-75.19612,3.7361],[-75.19759,3.7366],[-75.19913,3.7399],[-75.19946,3.74069],[-75.19945,3.74149],[-75.19948,3.74183],[-75.19954,3.74238],[-75.20011,3.74347],[-75.20114,3.745],[-75.20119,3.7458],[-75.20078,3.74655],[-75.20079,3.74743]]},"properties":{"NIVEL_PROP":"N3-Terciaria"}},{"type":"Feature","geometry":{"type":"LineString","coordinates":[[-75.09408,3.96809],[-75.09399,3.96769]]},"properties":{"NIVEL_PROP":"N3-Terciaria"}},{"type":"Feature","geometry":{"type":"LineString","coordinates":[[-75.13942,3.84577],[-75.13965,3.84528],[-75.14012,3.84457],[-75.14038,3.84436],[-75.14141,3.84352],[-75.14189,3.843],[-75.14226,3.8425],[-75.14232,3.84231],[-75.14222,3.84204],[-75.14183,3.84165],[-75.14172,3.84088]]},"properties":{"NIVEL_PROP":"N3-Camino vecinal"}},{"type":"Feature","geometry":{"type":"LineString","coordinates":[[-74.99579,3.66548],[-74.99599,3.66668],[-74.99604,3.6673],[-74.99597,3.66762],[-74.99543,3.66856],[-74.99524,3.66908],[-74.99498,3.66919],[-74.99476,3.66945],[-74.99472,3.66958],[-74.99473,3.66976],[-74.99491,3.67008],[-74.99514,3.6708],[-74.9953,3.67107],[-74.99574,3.67136],[-74.99619,3.67155],[-74.99659,3.67184],[-74.99674,3.67225],[-74.99669,3.6725],[-74.99649,3.67299],[-74.9965,3.6731],[-74.99687,3.6738],[-74.99715,3.6742],[-74.99728,3.67447],[-74.99733,3.67477],[-74.99733,3.67512],[-74.99725,3.676],[-74.99726,3.67634],[-74.99748,3.67694],[-74.99809,3.67794]]},"properties":{"NIVEL_PROP":"N3-Terciaria"}},{"type":"Feature","geometry":{"type":"LineString","coordinates":[[-75.35366,3.81179],[-75.35343,3.81134],[-75.35325,3.81105],[-75.35319,3.81081],[-75.35307,3.81067],[-75.35292,3.81058],[-75.35282,3.8104],[-75.35256,3.8096],[-75.35238,3.80902],[-75.35234,3.80878],[-75.35232,3.80861],[-75.3523,3.8085],[-75.35219,3.80835],[-75.35208,3.80824],[-75.35187,3.8082],[-75.35152,3.80815],[-75.35138,3.80819],[-75.3513,3.80824],[-75.35122,3.80823],[-75.35104,3.80811],[-75.35095,3.80809],[-75.35056,3.80805],[-75.35036,3.80801],[-75.35021,3.80786],[-75.35005,3.80762],[-75.34994,3.8074],[-75.34987,3.80733],[-75.34981,3.80728],[-75.3494,3.80696],[-75.34916,3.80686],[-75.34897,3.80681],[-75.34878,3.80683],[-75.34866,3.8069],[-75.34823,3.80704],[-75.34805,3.80709],[-75.3477,3.80718],[-75.3473,3.80712],[-75.34703,3.80703],[-75.34697,3.80701],[-75.34688,3.80701],[-75.34678,3.80698],[-75.34669,3.8069],[-75.34658,3.80685],[-75.34643,3.80688],[-75.34622,3.80703]]},"properties":{"NIVEL_PROP":"Sendero"}},{"type":"Feature","geometry":{"type":"LineString","coordinates":[[-75.20893,3.85917],[-75.21001,3.85911],[-75.21083,3.85899],[-75.21226,3.85851],[-75.21283,3.85814],[-75.21317,3.858],[-75.21393,3.85742],[-75.21484,3.85724],[-75.21803,3.85424],[-75.21852,3.8539],[-75.21879,3.85384],[-75.21967,3.85381],[-75.22016,3.85373],[-75.22032,3.85361],[-75.22063,3.85252],[-75.22111,3.85183],[-75.22192,3.85008],[-75.22266,3.84934],[-75.22294,3.8487],[-75.22328,3.84829],[-75.22362,3.84804],[-75.22394,3.84771],[-75.22467,3.8474],[-75.22628,3.84635],[-75.22661,3.84594],[-75.22696,3.84533],[-75.22799,3.84485],[-75.22869,3.84426],[-75.22899,3.84407],[-75.22953,3.84388],[-75.23,3.84353],[-75.2318,3.84271],[-75.23286,3.84185],[-75.23315,3.84134],[-75.23411,3.84049],[-75.23551,3.83898],[-75.23595,3.83784]]},"properties":{"NIVEL_PROP":"N3-Terciaria"}},{"type":"Feature","geometry":{"type":"LineString","coordinates":[[-74.98754,3.7632],[-74.9879,3.76316],[-74.9884,3.76316],[-74.98852,3.76314],[-74.98858,3.76309],[-74.98962,3.76184],[-74.98971,3.7617],[-74.9899,3.76138],[-74.99015,3.76102],[-74.99034,3.76081],[-74.99081,3.76043],[-74.99111,3.76018],[-74.99167,3.75962],[-74.99192,3.75922],[-74.99206,3.75879],[-74.99222,3.75833]]},"properties":{"NIVEL_PROP":"N3-Terciaria"}},{"type":"Feature","geometry":{"type":"LineString","coordinates":[[-75.15283,3.863],[-75.15289,3.86271],[-75.15339,3.86242],[-75.15359,3.86227],[-75.15358,3.86207],[-75.15361,3.86172],[-75.15382,3.86146],[-75.15394,3.86126]]},"properties":{"NIVEL_PROP":"N3-Terciaria"}},{"type":"Feature","geometry":{"type":"LineString","coordinates":[[-75.11241,3.94006],[-75.11313,3.9403],[-75.11381,3.94039],[-75.114,3.94042],[-75.11425,3.94062],[-75.11456,3.94103],[-75.1148,3.94115],[-75.11512,3.94135],[-75.11529,3.94134],[-75.11567,3.94118],[-75.11585,3.94115],[-75.11629,3.9412],[-75.11661,3.9411],[-75.11673,3.94092],[-75.11693,3.94057],[-75.11735,3.94028],[-75.11782,3.94014],[-75.11821,3.94009],[-75.11849,3.93975],[-75.11863,3.93963],[-75.11887,3.93958],[-75.11917,3.93947],[-75.11931,3.93951],[-75.11949,3.9396],[-75.11969,3.93982],[-75.11988,3.93997],[-75.12006,3.94026],[-75.1202,3.94055],[-75.12045,3.94077],[-75.12064,3.94083],[-75.12075,3.94089],[-75.12093,3.94088],[-75.12105,3.94078],[-75.12118,3.94077],[-75.1214,3.94089],[-75.12145,3.94102],[-75.12144,3.94123],[-75.1217,3.94174],[-75.12201,3.94224],[-75.12212,3.94251],[-75.12254,3.94303],[-75.12289,3.94344],[-75.12311,3.94382],[-75.12327,3.94416],[-75.12342,3.9445],[-75.12346,3.94482],[-75.12356,3.94519],[-75.12358,3.94538],[-75.12356,3.94556],[-75.12368,3.94628],[-75.12357,3.94669],[-75.12345,3.94717],[-75.12331,3.94773],[-75.12328,3.948],[-75.12332,3.94811],[-75.12326,3.94829],[-75.12333,3.94847],[-75.12349,3.94865],[-75.12388,3.94904],[-75.1244,3.94967],[-75.12459,3.94986],[-75.12562,3.95086],[-75.12576,3.95099],[-75.12638,3.9505],[-75.12659,3.95031],[-75.1273,3.9506],[-75.12856,3.95107],[-75.12913,3.9521],[-75.12917,3.95239],[-75.1293,3.95283],[-75.12949,3.95309],[-75.12975,3.95332],[-75.1303,3.95361],[-75.13064,3.95378],[-75.13076,3.95388],[-75.13074,3.95406],[-75.13057,3.95426],[-75.13044,3.9544],[-75.13044,3.95469],[-75.1305,3.95491],[-75.13128,3.95629],[-75.13196,3.95752],[-75.13217,3.95786],[-75.13278,3.95842],[-75.13318,3.95874],[-75.13369,3.9609]]},"properties":{"NIVEL_PROP":"N3-Terciaria"}},{"type":"Feature","geometry":{"type":"LineString","coordinates":[[-75.29292,3.94785],[-75.29275,3.94812],[-75.29255,3.94837]]},"properties":{"NIVEL_PROP":"N3-Terciaria"}},{"type":"Feature","geometry":{"type":"LineString","coordinates":[[-75.22124,3.93326],[-75.22099,3.93397],[-75.22074,3.93469]]},"properties":{"NIVEL_PROP":"N3-Terciaria"}},{"type":"Feature","geometry":{"type":"LineString","coordinates":[[-75.12946,3.97264],[-75.13021,3.97157]]},"properties":{"NIVEL_PROP":"N3-Camino vecinal"}},{"type":"Feature","geometry":{"type":"LineString","coordinates":[[-75.22708,3.77952],[-75.22714,3.77991],[-75.227,3.78015],[-75.22704,3.78093],[-75.2272,3.78181]]},"properties":{"NIVEL_PROP":"N3-Terciaria"}},{"type":"Feature","geometry":{"type":"LineString","coordinates":[[-75.09866,3.58635],[-75.09934,3.58627],[-75.09937,3.58626],[-75.09941,3.58625],[-75.09943,3.58622],[-75.09945,3.58619],[-75.09946,3.58616],[-75.09947,3.58609],[-75.09948,3.58598],[-75.09948,3.58593],[-75.09949,3.5859],[-75.09951,3.58587],[-75.09959,3.58584],[-75.09968,3.58581],[-75.10026,3.5859],[-75.10036,3.58589],[-75.10041,3.58586],[-75.10043,3.58578],[-75.10047,3.58569],[-75.10057,3.58529],[-75.10061,3.5852],[-75.10069,3.58513],[-75.1008,3.58509],[-75.10089,3.58511],[-75.10118,3.58527],[-75.1013,3.58531]]},"properties":{"NIVEL_PROP":"N3-Terciaria"}},{"type":"Feature","geometry":{"type":"LineString","coordinates":[[-75.24616,3.9354],[-75.24632,3.93555]]},"properties":{"NIVEL_PROP":"N3-Terciaria"}},{"type":"Feature","geometry":{"type":"LineString","coordinates":[[-74.99868,3.76459],[-74.99882,3.76462],[-74.99894,3.76466]]},"properties":{"NIVEL_PROP":"N3-Terciaria"}},{"type":"Feature","geometry":{"type":"LineString","coordinates":[[-75.13707,4.00939],[-75.13759,4.00867],[-75.13766,4.00853],[-75.13762,4.00841],[-75.1372,4.00824],[-75.13709,4.00806],[-75.13663,4.00775],[-75.1361,4.00728],[-75.13585,4.0071],[-75.13575,4.00684],[-75.13559,4.00652],[-75.13553,4.00597],[-75.13546,4.00493],[-75.13525,4.00463],[-75.13486,4.00436],[-75.13441,4.00393],[-75.134,4.00349],[-75.1334,4.0031],[-75.13289,4.00249],[-75.13281,4.00188],[-75.13284,4.00163],[-75.13315,4.00139],[-75.13343,4.00128]]},"properties":{"NIVEL_PROP":"N3-Terciaria"}},{"type":"Feature","geometry":{"type":"LineString","coordinates":[[-75.15078,3.47426],[-75.15015,3.47439],[-75.14959,3.47451],[-75.14929,3.47461]]},"properties":{"NIVEL_PROP":"N3-Terciaria"}},{"type":"Feature","geometry":{"type":"LineString","coordinates":[[-75.12636,3.52911],[-75.12666,3.52923],[-75.12682,3.52928],[-75.12693,3.5293],[-75.12709,3.52927],[-75.1273,3.52923],[-75.12749,3.52923],[-75.12768,3.52929],[-75.12784,3.52939],[-75.12798,3.52944],[-75.12815,3.52947],[-75.12831,3.52946],[-75.12844,3.5294],[-75.12849,3.52932],[-75.12849,3.52914],[-75.12846,3.52895],[-75.12851,3.52884],[-75.12874,3.52844],[-75.12881,3.52834],[-75.12899,3.52825],[-75.12915,3.52813],[-75.12927,3.5281],[-75.1294,3.52805],[-75.12946,3.5279],[-75.12959,3.52784],[-75.12979,3.52775],[-75.12998,3.52761],[-75.13014,3.5275],[-75.13029,3.52744],[-75.13048,3.52743],[-75.13065,3.52742],[-75.13077,3.5274],[-75.13089,3.52731],[-75.13105,3.52719],[-75.13139,3.52695],[-75.13147,3.52687],[-75.13155,3.52659],[-75.13169,3.52645],[-75.132,3.52624],[-75.13221,3.52615],[-75.13242,3.52606],[-75.13261,3.52582],[-75.13288,3.52566],[-75.13309,3.52555],[-75.1333,3.52552],[-75.13348,3.52554],[-75.13379,3.52558],[-75.13499,3.52606],[-75.13539,3.52625]]},"properties":{"NIVEL_PROP":"N3-Camino vecinal"}},{"type":"Feature","geometry":{"type":"LineString","coordinates":[[-75.15235,3.9422],[-75.15246,3.94225],[-75.15254,3.94229],[-75.15284,3.94259]]},"properties":{"NIVEL_PROP":"N3-Terciaria"}},{"type":"Feature","geometry":{"type":"LineString","coordinates":[[-75.06034,3.81769],[-75.06037,3.81826],[-75.06042,3.81892],[-75.06048,3.81987],[-75.06053,3.82056],[-75.06054,3.82082]]},"properties":{"NIVEL_PROP":"N3-Terciaria"}},{"type":"Feature","geometry":{"type":"LineString","coordinates":[[-75.2203,3.94049],[-75.22025,3.94011],[-75.22023,3.9398],[-75.2202,3.9392],[-75.22017,3.93852]]},"properties":{"NIVEL_PROP":"N3-Terciaria"}},{"type":"Feature","geometry":{"type":"LineString","coordinates":[[-74.96016,3.72029],[-74.96006,3.72044],[-74.95975,3.7209],[-74.95954,3.72114]]},"properties":{"NIVEL_PROP":"N3-Terciaria"}},{"type":"Feature","geometry":{"type":"LineString","coordinates":[[-75.18824,3.97856],[-75.18804,3.97843],[-75.18787,3.97829],[-75.1877,3.97821],[-75.18743,3.97808],[-75.1872,3.97779],[-75.18707,3.9777],[-75.18692,3.97771],[-75.18661,3.97794],[-75.1864,3.97812],[-75.1862,3.97838],[-75.18595,3.97851],[-75.18533,3.97847],[-75.18502,3.97863],[-75.18486,3.97864],[-75.18459,3.97854],[-75.18401,3.97846],[-75.18378,3.97862],[-75.18344,3.97896],[-75.18313,3.97908],[-75.1828,3.97906],[-75.18242,3.979],[-75.18233,3.97899],[-75.18231,3.97884],[-75.18219,3.97867],[-75.1818,3.97837],[-75.18144,3.97813],[-75.1812,3.97795],[-75.18095,3.97761],[-75.18072,3.97742],[-75.18042,3.97721],[-75.18032,3.97717],[-75.17994,3.97733],[-75.17984,3.97731],[-75.17961,3.97714],[-75.1792,3.97693],[-75.17893,3.97672],[-75.17868,3.97655],[-75.17847,3.97636],[-75.17836,3.97616],[-75.17814,3.97597],[-75.17795,3.97594],[-75.17768,3.97576],[-75.17746,3.97556],[-75.17737,3.97533]]},"properties":{"NIVEL_PROP":"N3-Terciaria"}},{"type":"Feature","geometry":{"type":"LineString","coordinates":[[-75.08305,3.69492],[-75.08307,3.69496],[-75.08311,3.69499],[-75.08316,3.69502],[-75.08323,3.69507],[-75.0833,3.69512]]},"properties":{"NIVEL_PROP":"N3-Servicio"}},{"type":"Feature","geometry":{"type":"LineString","coordinates":[[-75.13084,3.97335],[-75.13095,3.97304],[-75.13141,3.97239]]},"properties":{"NIVEL_PROP":"N3-Camino vecinal"}},{"type":"Feature","geometry":{"type":"LineString","coordinates":[[-75.3082,3.90289],[-75.30828,3.9026],[-75.30827,3.90225],[-75.30828,3.90194],[-75.30832,3.90178],[-75.30845,3.90165],[-75.30858,3.90141],[-75.30867,3.90132]]},"properties":{"NIVEL_PROP":"N3-Terciaria"}},{"type":"Feature","geometry":{"type":"LineString","coordinates":[[-75.12185,3.81239],[-75.12186,3.81108],[-75.12187,3.81],[-75.12187,3.80988]]},"properties":{"NIVEL_PROP":"N3-Terciaria"}},{"type":"Feature","geometry":{"type":"LineString","coordinates":[[-75.08832,3.6202],[-75.0892,3.62048],[-75.08985,3.62069],[-75.09089,3.62103],[-75.09151,3.62123],[-75.09169,3.62129],[-75.09178,3.62132]]},"properties":{"NIVEL_PROP":"N3-Terciaria"}},{"type":"Feature","geometry":{"type":"LineString","coordinates":[[-75.24148,3.89713],[-75.24153,3.89737],[-75.24149,3.89772],[-75.2414,3.89805],[-75.24139,3.89819],[-75.24146,3.89847],[-75.24155,3.89866],[-75.24215,3.89975],[-75.24237,3.90006],[-75.2425,3.90017],[-75.2427,3.90016],[-75.24303,3.90024],[-75.24317,3.90033],[-75.24327,3.90043],[-75.24334,3.90097],[-75.24335,3.90172],[-75.24338,3.9022],[-75.24341,3.9029],[-75.24339,3.90353]]},"properties":{"NIVEL_PROP":"N3-Terciaria"}},{"type":"Feature","geometry":{"type":"LineString","coordinates":[[-75.20985,3.84941],[-75.21016,3.84929],[-75.21076,3.84887],[-75.2118,3.84748],[-75.21259,3.84623],[-75.21272,3.84617],[-75.21384,3.8463],[-75.21407,3.84631],[-75.21518,3.84609],[-75.21551,3.84599],[-75.21592,3.8457],[-75.21607,3.84551],[-75.21703,3.84526],[-75.2178,3.84537],[-75.21796,3.84532],[-75.21815,3.84507],[-75.21814,3.84497],[-75.21798,3.84467],[-75.21798,3.8443],[-75.21796,3.84377],[-75.21824,3.84328],[-75.21802,3.84268],[-75.21755,3.84227],[-75.2174,3.84181],[-75.21692,3.84131],[-75.21687,3.84112],[-75.21703,3.84059],[-75.21684,3.84018],[-75.21682,3.83979],[-75.21707,3.83904]]},"properties":{"NIVEL_PROP":"N3-Terciaria"}},{"type":"Feature","geometry":{"type":"LineString","coordinates":[[-75.18907,3.79807],[-75.18948,3.79817],[-75.19011,3.79803],[-75.19039,3.79796],[-75.19063,3.79798]]},"properties":{"NIVEL_PROP":"N3-Terciaria"}},{"type":"Feature","geometry":{"type":"LineString","coordinates":[[-75.04719,3.69373],[-75.04726,3.69376],[-75.04731,3.69379],[-75.04762,3.69398],[-75.04785,3.69414],[-75.04809,3.69427],[-75.04845,3.69445],[-75.0488,3.69463],[-75.04891,3.69468],[-75.04902,3.69468],[-75.04925,3.69465],[-75.04936,3.69465],[-75.04944,3.69467],[-75.04955,3.69474]]},"properties":{"NIVEL_PROP":"N3-Terciaria"}},{"type":"Feature","geometry":{"type":"LineString","coordinates":[[-75.10465,3.95768],[-75.10527,3.95758],[-75.10553,3.95749],[-75.10562,3.9574],[-75.10578,3.95728],[-75.10611,3.95717],[-75.10627,3.95704],[-75.10639,3.95691],[-75.10654,3.95676],[-75.107,3.95655],[-75.10727,3.95648],[-75.10774,3.95632],[-75.10798,3.95623],[-75.10815,3.9561],[-75.10847,3.95592],[-75.10873,3.95583],[-75.10893,3.95559],[-75.10909,3.95542],[-75.10936,3.95527],[-75.10962,3.95513],[-75.10989,3.95497],[-75.10996,3.95488],[-75.10992,3.95469],[-75.1099,3.95463],[-75.10992,3.95459],[-75.10998,3.95458],[-75.11007,3.95459],[-75.11048,3.95475],[-75.1112,3.955],[-75.11165,3.95514],[-75.11202,3.95526],[-75.11235,3.95538],[-75.11256,3.95545],[-75.11259,3.95545],[-75.11262,3.95541],[-75.11265,3.95532],[-75.11281,3.95481],[-75.11286,3.95465],[-75.11291,3.95464],[-75.11309,3.95467],[-75.11323,3.95471],[-75.11334,3.95479],[-75.11349,3.95483],[-75.11371,3.95478],[-75.11384,3.95473],[-75.11429,3.95474],[-75.11442,3.95478],[-75.11471,3.95512],[-75.11492,3.95537],[-75.1152,3.95559],[-75.11574,3.95604],[-75.11634,3.95666],[-75.11745,3.95772],[-75.1185,3.95873],[-75.11892,3.95914],[-75.1197,3.95987],[-75.12035,3.96037],[-75.12119,3.96096],[-75.12226,3.96161],[-75.12324,3.96222],[-75.12395,3.9626],[-75.12399,3.96263],[-75.12397,3.9627],[-75.12395,3.96283],[-75.12388,3.96297],[-75.12394,3.96317],[-75.12418,3.96352],[-75.12466,3.96406],[-75.12482,3.96437],[-75.12492,3.96488],[-75.12492,3.96544],[-75.12484,3.96622],[-75.12498,3.96706],[-75.12565,3.96827],[-75.1263,3.96922],[-75.1271,3.97021],[-75.12773,3.97111],[-75.12836,3.9717],[-75.12891,3.97232],[-75.12946,3.97264],[-75.12983,3.97285],[-75.12994,3.97294],[-75.13004,3.97306],[-75.1301,3.97318],[-75.13025,3.97346],[-75.1303,3.97355],[-75.1304,3.97368],[-75.13044,3.97376],[-75.13042,3.97385],[-75.13024,3.97404],[-75.12999,3.97422],[-75.12987,3.97439],[-75.12972,3.97455],[-75.12953,3.97467],[-75.12932,3.97483],[-75.12925,3.97493],[-75.12924,3.97504],[-75.12918,3.97516],[-75.12907,3.97539],[-75.12901,3.97557],[-75.12891,3.97612],[-75.12886,3.97647],[-75.12874,3.97683],[-75.1287,3.97717],[-75.12871,3.97738],[-75.12867,3.97766],[-75.12869,3.97789],[-75.12873,3.97803],[-75.12888,3.97812]]},"properties":{"NIVEL_PROP":"N3-Terciaria"}},{"type":"Feature","geometry":{"type":"LineString","coordinates":[[-75.05784,3.67478],[-75.05777,3.67467],[-75.05729,3.67413],[-75.05645,3.67336],[-75.05605,3.67292]]},"properties":{"NIVEL_PROP":"N3-Terciaria"}},{"type":"Feature","geometry":{"type":"LineString","coordinates":[[-75.03039,3.63705],[-75.03324,3.6376],[-75.03454,3.63869],[-75.03659,3.63991]]},"properties":{"NIVEL_PROP":"N3-Camino vecinal"}},{"type":"Feature","geometry":{"type":"LineString","coordinates":[[-75.2286,3.78118],[-75.22843,3.78107],[-75.228,3.78026],[-75.22786,3.78],[-75.22767,3.77989],[-75.22708,3.77952],[-75.22702,3.77947],[-75.22594,3.77852],[-75.22528,3.77681],[-75.22501,3.77667],[-75.22454,3.77658]]},"properties":{"NIVEL_PROP":"N3-Terciaria"}},{"type":"Feature","geometry":{"type":"LineString","coordinates":[[-75.11662,3.92168],[-75.11652,3.92167],[-75.11641,3.92151],[-75.1163,3.92143],[-75.11614,3.92142],[-75.11593,3.92136],[-75.1158,3.92152],[-75.11584,3.9218],[-75.11587,3.92189]]},"properties":{"NIVEL_PROP":"N3-Terciaria"}},{"type":"Feature","geometry":{"type":"LineString","coordinates":[[-75.18344,3.92264],[-75.18302,3.92227]]},"properties":{"NIVEL_PROP":"N1-Principal"}},{"type":"Feature","geometry":{"type":"LineString","coordinates":[[-75.1794,3.70194],[-75.17965,3.70207],[-75.17983,3.70225],[-75.18021,3.70305],[-75.18066,3.70423],[-75.18084,3.70492],[-75.18091,3.70511],[-75.18091,3.70527],[-75.18082,3.70556],[-75.18057,3.70607],[-75.18033,3.70669],[-75.18024,3.70701],[-75.18012,3.70724],[-75.17938,3.70799],[-75.1789,3.70847],[-75.17885,3.7086],[-75.17885,3.70874],[-75.17886,3.70899]]},"properties":{"NIVEL_PROP":"N3-Camino vecinal"}},{"type":"Feature","geometry":{"type":"LineString","coordinates":[[-75.09065,3.62554],[-75.09114,3.62571]]},"properties":{"NIVEL_PROP":"N3-Terciaria"}},{"type":"Feature","geometry":{"type":"LineString","coordinates":[[-75.19229,3.73477],[-75.19215,3.73492],[-75.19197,3.73522],[-75.19189,3.73572],[-75.19184,3.73594],[-75.19167,3.73638]]},"properties":{"NIVEL_PROP":"N3-Terciaria"}},{"type":"Feature","geometry":{"type":"LineString","coordinates":[[-75.08594,3.86083],[-75.08592,3.86089],[-75.08591,3.86091],[-75.0859,3.86093],[-75.08589,3.86095],[-75.08587,3.86097],[-75.08584,3.861],[-75.0858,3.86102],[-75.08576,3.86103],[-75.08571,3.86104],[-75.08565,3.86105],[-75.08561,3.86106],[-75.08558,3.86107],[-75.08555,3.86109],[-75.0854,3.86119],[-75.08529,3.86126],[-75.08522,3.86129],[-75.08517,3.86132],[-75.08509,3.86135],[-75.08504,3.86138],[-75.08499,3.86143],[-75.08486,3.86156],[-75.08483,3.86159],[-75.0848,3.86162],[-75.08477,3.86164],[-75.08474,3.86166],[-75.08471,3.86166],[-75.08468,3.86167],[-75.08434,3.86169],[-75.08413,3.86167],[-75.08382,3.86164],[-75.08377,3.86164],[-75.08372,3.86165],[-75.08368,3.86165],[-75.08361,3.86167],[-75.08356,3.8617],[-75.08352,3.86172],[-75.08347,3.86176],[-75.08331,3.86196],[-75.08318,3.86207],[-75.083,3.86221],[-75.08254,3.86254],[-75.08225,3.86277],[-75.08214,3.86285],[-75.08211,3.86287],[-75.08208,3.86288],[-75.08204,3.8629],[-75.08202,3.8629],[-75.082,3.86291],[-75.08174,3.86291],[-75.08171,3.86292],[-75.08168,3.86294],[-75.08165,3.86296],[-75.08163,3.86299],[-75.08162,3.86302],[-75.08161,3.86305],[-75.08161,3.86309],[-75.08162,3.86312],[-75.08164,3.86315],[-75.08176,3.86335],[-75.0818,3.86346],[-75.08181,3.8635],[-75.0818,3.86354],[-75.0818,3.86357],[-75.08179,3.8636],[-75.08178,3.86363],[-75.08151,3.86396],[-75.08137,3.86414]]},"properties":{"NIVEL_PROP":"N3-Terciaria"}},{"type":"Feature","geometry":{"type":"LineString","coordinates":[[-75.2567,3.94168],[-75.25753,3.94214],[-75.25863,3.94265],[-75.25901,3.943],[-75.25943,3.94344],[-75.2598,3.94368],[-75.26086,3.94441],[-75.26159,3.94484],[-75.26221,3.94517],[-75.26287,3.94556],[-75.26316,3.94589],[-75.2643,3.94626],[-75.26476,3.9468],[-75.26634,3.94727],[-75.26716,3.94724],[-75.26813,3.94711],[-75.26877,3.9471],[-75.26927,3.94727],[-75.26973,3.94763],[-75.26984,3.94773],[-75.27027,3.94778],[-75.2712,3.94766],[-75.27183,3.94758],[-75.27251,3.94745],[-75.27298,3.94722],[-75.27352,3.94699],[-75.274,3.94712],[-75.27467,3.94706],[-75.27493,3.94744],[-75.27542,3.94803],[-75.27613,3.94851],[-75.2771,3.94935],[-75.27826,3.94929],[-75.27901,3.94943],[-75.27964,3.94968],[-75.27988,3.95028],[-75.28011,3.95052],[-75.28097,3.95082],[-75.28162,3.95095],[-75.28215,3.95109],[-75.28257,3.95117],[-75.28342,3.9513],[-75.28383,3.9514],[-75.28423,3.95142],[-75.28461,3.95141],[-75.28523,3.95161],[-75.28604,3.95188],[-75.28677,3.95204],[-75.28754,3.95204],[-75.2884,3.95204],[-75.28892,3.95208],[-75.28946,3.95208],[-75.2901,3.9519],[-75.29081,3.95143],[-75.29132,3.95101],[-75.2919,3.95093],[-75.29287,3.95072],[-75.29371,3.95051],[-75.2942,3.95051],[-75.29478,3.95061],[-75.29519,3.95065],[-75.29557,3.95066],[-75.29639,3.95059],[-75.29692,3.95058],[-75.29797,3.95076],[-75.29862,3.95103],[-75.29928,3.95137],[-75.30026,3.95202],[-75.30122,3.95257],[-75.30185,3.95289],[-75.30279,3.95324],[-75.30363,3.95382],[-75.30401,3.95426],[-75.30431,3.95465],[-75.3046,3.95521],[-75.30497,3.95555],[-75.30553,3.95602],[-75.30601,3.95646],[-75.30644,3.95704],[-75.3067,3.95756],[-75.30696,3.95785],[-75.30738,3.95823],[-75.30756,3.95849],[-75.30769,3.95862],[-75.30776,3.95902],[-75.30794,3.95928],[-75.30829,3.9595],[-75.30861,3.95969],[-75.30901,3.95998],[-75.30942,3.9602],[-75.3098,3.96038],[-75.31039,3.96063],[-75.31049,3.96067],[-75.31063,3.96074],[-75.31097,3.96091],[-75.31156,3.96129],[-75.31175,3.96142],[-75.31209,3.96148],[-75.31239,3.96153],[-75.31273,3.96157],[-75.31382,3.96182],[-75.31402,3.96184],[-75.31488,3.96191],[-75.3151,3.96195],[-75.31585,3.96209],[-75.31617,3.96222],[-75.31667,3.96229],[-75.31722,3.96237],[-75.31776,3.96254],[-75.3181,3.96272],[-75.31843,3.96286],[-75.31889,3.96295],[-75.31931,3.96312],[-75.3199,3.9633],[-75.32026,3.96349],[-75.32069,3.96386],[-75.32103,3.96429],[-75.32132,3.96441],[-75.32153,3.96452],[-75.32174,3.96465],[-75.32205,3.96491],[-75.32228,3.96508],[-75.32242,3.96532],[-75.32268,3.96548],[-75.32286,3.96561],[-75.32316,3.96579],[-75.32328,3.96593],[-75.32354,3.96622],[-75.32362,3.96642],[-75.32367,3.96658],[-75.32377,3.96663],[-75.32402,3.96664],[-75.32405,3.96676],[-75.32423,3.96681],[-75.32432,3.96699],[-75.3244,3.96717],[-75.32474,3.96739],[-75.32505,3.96753],[-75.32531,3.96762],[-75.32547,3.96768],[-75.32567,3.9677],[-75.32577,3.96775]]},"properties":{"NIVEL_PROP":"N3-Terciaria"}},{"type":"Feature","geometry":{"type":"LineString","coordinates":[[-75.13782,3.79087],[-75.13795,3.79109],[-75.13807,3.79113],[-75.13816,3.79118],[-75.13819,3.79147],[-75.13819,3.79166],[-75.13837,3.79209],[-75.13849,3.79266],[-75.13854,3.79292],[-75.13844,3.7932],[-75.13842,3.79334],[-75.13853,3.79346],[-75.13867,3.79361]]},"properties":{"NIVEL_PROP":"N3-Terciaria"}},{"type":"Feature","geometry":{"type":"LineString","coordinates":[[-75.0928,3.96847],[-75.09309,3.96835]]},"properties":{"NIVEL_PROP":"N1-Principal"}},{"type":"Feature","geometry":{"type":"LineString","coordinates":[[-75.11577,3.59053],[-75.1149,3.59009],[-75.11403,3.58969],[-75.11397,3.58965],[-75.11395,3.5896],[-75.11396,3.58956],[-75.114,3.58951],[-75.1146,3.58888],[-75.11466,3.58882],[-75.11467,3.58879],[-75.11464,3.58875],[-75.11459,3.58867],[-75.11437,3.58833]]},"properties":{"NIVEL_PROP":"N3-Servicio"}},{"type":"Feature","geometry":{"type":"LineString","coordinates":[[-75.13274,3.43144],[-75.13285,3.43132]]},"properties":{"NIVEL_PROP":"N2-Secundaria"}},{"type":"Feature","geometry":{"type":"LineString","coordinates":[[-75.22443,3.93836],[-75.2245,3.93951]]},"properties":{"NIVEL_PROP":"N3-Terciaria"}},{"type":"Feature","geometry":{"type":"LineString","coordinates":[[-75.166,3.74651],[-75.16568,3.74652],[-75.16536,3.74657],[-75.16499,3.74675],[-75.16459,3.74708],[-75.16411,3.74743],[-75.16369,3.74766],[-75.16341,3.74765],[-75.16321,3.74759],[-75.1625,3.74717],[-75.16225,3.74712],[-75.16202,3.74713],[-75.16175,3.74722],[-75.16144,3.74745],[-75.16028,3.7483],[-75.16019,3.74849],[-75.1601,3.74899],[-75.15998,3.74948],[-75.15977,3.74972],[-75.15943,3.74991],[-75.15914,3.75],[-75.15883,3.74995],[-75.15733,3.74922],[-75.15598,3.74863],[-75.15578,3.74838],[-75.15551,3.74729],[-75.15474,3.74449],[-75.15472,3.74431],[-75.15475,3.74416],[-75.15485,3.74395],[-75.15494,3.74378],[-75.15498,3.74356],[-75.15504,3.74335],[-75.15524,3.74288],[-75.15537,3.74275],[-75.15568,3.74247],[-75.15614,3.74205],[-75.15662,3.74161],[-75.15711,3.74112],[-75.15769,3.74066],[-75.1581,3.74034],[-75.15844,3.74006],[-75.15867,3.73979],[-75.15876,3.73961],[-75.15876,3.73947],[-75.15875,3.73911],[-75.15867,3.73784],[-75.15859,3.73722],[-75.15853,3.73708],[-75.15844,3.73694],[-75.15834,3.73683],[-75.15792,3.73646],[-75.15735,3.73601],[-75.15667,3.73542],[-75.156,3.73488],[-75.1554,3.73435],[-75.15518,3.7341],[-75.15493,3.73377],[-75.15443,3.73314],[-75.15417,3.73278],[-75.15395,3.73262],[-75.15376,3.73242],[-75.15365,3.73219],[-75.15355,3.732],[-75.15341,3.73179],[-75.15332,3.73162],[-75.15331,3.73127],[-75.15336,3.73089],[-75.1534,3.73012],[-75.15335,3.72986],[-75.15326,3.72974],[-75.15311,3.7295],[-75.15294,3.72935],[-75.15266,3.72924],[-75.15183,3.72908],[-75.15108,3.7289],[-75.15083,3.72877],[-75.15059,3.7285],[-75.1504,3.72823],[-75.15032,3.72803],[-75.1503,3.72788],[-75.15034,3.72771],[-75.1504,3.72753],[-75.15052,3.7274],[-75.15068,3.72724],[-75.1509,3.72706],[-75.15106,3.72689],[-75.15119,3.7267],[-75.15124,3.72653],[-75.15124,3.72625],[-75.15115,3.72579],[-75.15102,3.72479],[-75.15095,3.72445],[-75.15089,3.72422],[-75.15077,3.72401],[-75.15062,3.72386],[-75.15041,3.72374],[-75.15012,3.72364],[-75.14898,3.72328],[-75.14807,3.72299],[-75.1474,3.72277],[-75.14723,3.7227],[-75.14703,3.72254],[-75.14673,3.72222],[-75.14591,3.72131],[-75.14551,3.72085],[-75.14438,3.71962],[-75.14363,3.71879],[-75.14346,3.71865],[-75.14334,3.71858],[-75.14316,3.71852],[-75.14302,3.71847],[-75.14284,3.71848],[-75.14222,3.71865],[-75.14108,3.71897],[-75.14021,3.71921],[-75.13974,3.71932],[-75.13948,3.71941],[-75.13911,3.71967],[-75.13856,3.72019],[-75.13833,3.7204],[-75.13809,3.72051],[-75.13784,3.72053],[-75.13743,3.7205],[-75.13675,3.72037],[-75.13508,3.72011],[-75.1343,3.71998],[-75.1339,3.7199],[-75.13362,3.71978]]},"properties":{"NIVEL_PROP":"N3-Terciaria"}},{"type":"Feature","geometry":{"type":"LineString","coordinates":[[-75.22146,3.93271],[-75.22151,3.9327],[-75.22157,3.9327],[-75.22166,3.9327],[-75.22172,3.93269],[-75.22179,3.93267],[-75.22182,3.93265],[-75.22187,3.93259],[-75.2219,3.93255],[-75.22193,3.93251]]},"properties":{"NIVEL_PROP":"N3-Terciaria"}},{"type":"Feature","geometry":{"type":"LineString","coordinates":[[-75.09303,3.6292],[-75.09329,3.62825],[-75.0936,3.62713],[-75.0939,3.62602],[-75.09408,3.6254],[-75.09429,3.62461]]},"properties":{"NIVEL_PROP":"N3-Terciaria"}},{"type":"Feature","geometry":{"type":"LineString","coordinates":[[-74.9909,3.66624],[-74.99138,3.66538],[-74.99197,3.66466],[-74.99225,3.66425],[-74.99249,3.66387],[-74.99259,3.66358],[-74.99255,3.66342],[-74.99258,3.66187],[-74.99272,3.65972],[-74.99286,3.65907],[-74.99302,3.65883],[-74.9931,3.6587],[-74.99304,3.65852],[-74.99306,3.65838],[-74.99312,3.6582],[-74.99305,3.65798],[-74.99301,3.6577],[-74.99307,3.65745],[-74.99303,3.65709],[-74.99311,3.65693],[-74.99329,3.6568],[-74.99414,3.65583]]},"properties":{"NIVEL_PROP":"N3-Terciaria"}},{"type":"Feature","geometry":{"type":"LineString","coordinates":[[-75.27073,4.00608],[-75.27082,4.00547],[-75.2712,4.00499],[-75.2714,4.0045],[-75.27151,4.00442],[-75.27171,4.00439],[-75.2718,4.00434],[-75.27202,4.00389],[-75.27211,4.00384],[-75.27257,4.00383],[-75.27278,4.00375],[-75.27289,4.00364],[-75.27294,4.00338],[-75.27301,4.00331]]},"properties":{"NIVEL_PROP":"N3-Terciaria"}},{"type":"Feature","geometry":{"type":"LineString","coordinates":[[-75.25126,3.75036],[-75.2478,3.7506],[-75.24666,3.75068],[-75.24143,3.75125],[-75.24115,3.75125],[-75.2409,3.75107],[-75.24069,3.75064],[-75.24051,3.74968],[-75.24025,3.74946],[-75.23632,3.74817],[-75.23546,3.74821],[-75.23535,3.74824],[-75.23442,3.74881]]},"properties":{"NIVEL_PROP":"N3-Camino vecinal"}},{"type":"Feature","geometry":{"type":"LineString","coordinates":[[-74.9916,3.68408],[-74.99233,3.68412],[-74.99284,3.68451]]},"properties":{"NIVEL_PROP":"N3-Terciaria"}},{"type":"Feature","geometry":{"type":"LineString","coordinates":[[-75.10965,3.59912],[-75.10989,3.59923],[-75.11,3.59931],[-75.11016,3.59942],[-75.11052,3.59961],[-75.11084,3.59976],[-75.11097,3.59984],[-75.1111,3.59995],[-75.1112,3.60005],[-75.11128,3.60014],[-75.11135,3.60019],[-75.11142,3.60023],[-75.11148,3.60025],[-75.11179,3.60023],[-75.11205,3.60026],[-75.11275,3.60043],[-75.11281,3.60045],[-75.11287,3.60047],[-75.11294,3.60053],[-75.11313,3.60083],[-75.11326,3.60106],[-75.1133,3.60113],[-75.11333,3.60121],[-75.11337,3.60131],[-75.11338,3.60136],[-75.11336,3.60139],[-75.11313,3.60148],[-75.11307,3.6015],[-75.11299,3.60151],[-75.11284,3.60154],[-75.11272,3.60153],[-75.11263,3.60151],[-75.11252,3.60151],[-75.11246,3.6015],[-75.11242,3.60149],[-75.11238,3.60148],[-75.11232,3.60146],[-75.11228,3.60145],[-75.11223,3.60144],[-75.11218,3.60146],[-75.11221,3.60153],[-75.11228,3.6016],[-75.11233,3.60168],[-75.11238,3.60173],[-75.11242,3.60179]]},"properties":{"NIVEL_PROP":"N3-Servicio"}},{"type":"Feature","geometry":{"type":"LineString","coordinates":[[-75.18951,3.79881],[-75.18971,3.79852],[-75.19011,3.79803]]},"properties":{"NIVEL_PROP":"N3-Terciaria"}},{"type":"Feature","geometry":{"type":"LineString","coordinates":[[-75.09077,3.62523],[-75.09124,3.6254]]},"properties":{"NIVEL_PROP":"N3-Terciaria"}},{"type":"Feature","geometry":{"type":"LineString","coordinates":[[-74.9975,3.72723],[-74.99759,3.72717],[-74.99761,3.72703],[-74.99751,3.72648],[-74.99748,3.72625],[-74.99749,3.72612],[-74.99755,3.72609],[-74.99811,3.72604],[-74.99831,3.72606],[-74.99842,3.7261],[-74.9988,3.72637],[-74.99909,3.72654],[-74.99927,3.72661],[-74.99972,3.72671],[-74.99985,3.72671],[-74.99993,3.72668],[-75.00007,3.72654],[-75.00019,3.72636],[-75.00024,3.72616],[-75.00025,3.72541],[-75.00013,3.72499],[-75.00013,3.72486],[-75.00015,3.72479],[-75.00027,3.72457],[-75.00042,3.72414],[-75.00067,3.72361],[-75.00067,3.72355],[-75.0006,3.72338],[-75.00055,3.72317],[-75.00053,3.72288],[-75.00053,3.72257],[-75.0005,3.72241],[-75.00035,3.72207],[-75.00028,3.72199],[-75.00015,3.72191],[-75.00004,3.7219],[-74.99993,3.72194],[-74.99983,3.72201],[-74.99976,3.72211],[-74.99963,3.72243],[-74.99953,3.72264],[-74.99938,3.72285],[-74.99928,3.72293],[-74.99915,3.72301],[-74.99899,3.72304],[-74.99882,3.72302],[-74.99876,3.72299],[-74.99857,3.72255],[-74.99848,3.72232],[-74.99848,3.72221],[-74.99849,3.72209]]},"properties":{"NIVEL_PROP":"N3-Terciaria"}},{"type":"Feature","geometry":{"type":"LineString","coordinates":[[-75.1416,3.48602],[-75.14184,3.48626],[-75.14201,3.48636],[-75.1422,3.48661],[-75.14272,3.48749],[-75.14272,3.48759],[-75.1426,3.48784],[-75.1426,3.48802],[-75.14252,3.48898]]},"properties":{"NIVEL_PROP":"N3-Terciaria"}},{"type":"Feature","geometry":{"type":"LineString","coordinates":[[-75.22357,3.93276],[-75.22351,3.93298],[-75.2233,3.9339]]},"properties":{"NIVEL_PROP":"N3-Terciaria"}},{"type":"Feature","geometry":{"type":"LineString","coordinates":[[-75.13931,3.86569],[-75.13949,3.8656],[-75.14015,3.86491],[-75.14056,3.86465],[-75.1412,3.86446],[-75.14214,3.86427],[-75.14244,3.86428],[-75.14276,3.86431],[-75.14315,3.86437],[-75.1433,3.86436],[-75.1434,3.86432],[-75.14355,3.86424],[-75.14375,3.86411]]},"properties":{"NIVEL_PROP":"N3-Terciaria"}},{"type":"Feature","geometry":{"type":"LineString","coordinates":[[-75.17697,3.76558],[-75.17709,3.76546],[-75.17717,3.76538],[-75.17728,3.7652],[-75.17718,3.76244],[-75.17712,3.76063],[-75.177,3.75962],[-75.17687,3.75902],[-75.17658,3.75789],[-75.17653,3.75768],[-75.17653,3.7575],[-75.17662,3.75727],[-75.17685,3.75707],[-75.17699,3.75683],[-75.17696,3.75664],[-75.17686,3.75626],[-75.17667,3.75554],[-75.17656,3.75488],[-75.17647,3.75432],[-75.17642,3.75387],[-75.17639,3.75334],[-75.1764,3.75295],[-75.1764,3.75265],[-75.17633,3.75219],[-75.17627,3.75187],[-75.1762,3.75159],[-75.17614,3.75128],[-75.17603,3.75027],[-75.17598,3.74961],[-75.17596,3.74932],[-75.17573,3.74914],[-75.17537,3.74904],[-75.17508,3.74882],[-75.17486,3.74834],[-75.17469,3.74798],[-75.17453,3.7476],[-75.17437,3.74708],[-75.17421,3.74658],[-75.17402,3.74641],[-75.17361,3.74627],[-75.17321,3.74633],[-75.17295,3.74645],[-75.17272,3.74654],[-75.17237,3.74672],[-75.17212,3.74679],[-75.17187,3.74687],[-75.17162,3.74705],[-75.17127,3.74729],[-75.17099,3.74747],[-75.17077,3.74765],[-75.17063,3.74782],[-75.17045,3.74797],[-75.17003,3.74818],[-75.16984,3.74821],[-75.16883,3.74822],[-75.16874,3.74821],[-75.16787,3.74787],[-75.1676,3.74776],[-75.16706,3.74751],[-75.16677,3.74747],[-75.1663,3.74753],[-75.16596,3.74761],[-75.16574,3.74767],[-75.16542,3.74765],[-75.16532,3.74747],[-75.16516,3.74721],[-75.16499,3.74675]]},"properties":{"NIVEL_PROP":"N3-Terciaria"}},{"type":"Feature","geometry":{"type":"LineString","coordinates":[[-75.15178,3.94312],[-75.1522,3.94316],[-75.15316,3.94316],[-75.15332,3.94311],[-75.15417,3.94323],[-75.15516,3.9435],[-75.1556,3.94357],[-75.15599,3.94393],[-75.15642,3.94452],[-75.1567,3.94488],[-75.15705,3.94517],[-75.15747,3.94546],[-75.15763,3.94563],[-75.15846,3.94606],[-75.15893,3.94628],[-75.1595,3.94638],[-75.15999,3.94651],[-75.16007,3.94653],[-75.1601,3.94668],[-75.16015,3.94685],[-75.16043,3.94716],[-75.16059,3.94751],[-75.16086,3.94773],[-75.16112,3.94782],[-75.16131,3.94787],[-75.16187,3.94836],[-75.16238,3.94876]]},"properties":{"NIVEL_PROP":"N3-Terciaria"}},{"type":"Feature","geometry":{"type":"LineString","coordinates":[[-75.33257,3.8135],[-75.33191,3.81307],[-75.33121,3.81261]]},"properties":{"NIVEL_PROP":"N3-Terciaria"}},{"type":"Feature","geometry":{"type":"LineString","coordinates":[[-75.22324,3.9293],[-75.22328,3.92914],[-75.22334,3.92885],[-75.22342,3.92855],[-75.22353,3.92816],[-75.2236,3.92792],[-75.22357,3.92775]]},"properties":{"NIVEL_PROP":"N3-Terciaria"}},{"type":"Feature","geometry":{"type":"LineString","coordinates":[[-75.09106,3.6236],[-75.09078,3.62443],[-75.08993,3.62715],[-75.08956,3.62843],[-75.08933,3.62988],[-75.08912,3.6307],[-75.08895,3.63178],[-75.08879,3.6332],[-75.0884,3.63564]]},"properties":{"NIVEL_PROP":"N3-Terciaria"}},{"type":"Feature","geometry":{"type":"LineString","coordinates":[[-75.10445,3.87174],[-75.10422,3.87155],[-75.1042,3.87153],[-75.10413,3.87148],[-75.10408,3.87143],[-75.10404,3.87138],[-75.10401,3.87135],[-75.10397,3.87131],[-75.10362,3.87099],[-75.10221,3.86973],[-75.10192,3.86948],[-75.10188,3.86944],[-75.10116,3.86895],[-75.10095,3.8688],[-75.10089,3.86877],[-75.10086,3.86875],[-75.10082,3.86874],[-75.10057,3.86872],[-75.0999,3.86871],[-75.09976,3.86871],[-75.09969,3.8687],[-75.09961,3.86869],[-75.09952,3.86867],[-75.09932,3.86862],[-75.09914,3.86856],[-75.0983,3.86826],[-75.09789,3.86813],[-75.0975,3.86798],[-75.09728,3.86787],[-75.09714,3.8678],[-75.09702,3.86773],[-75.0968,3.86761],[-75.09668,3.86753],[-75.09654,3.86743],[-75.09647,3.86739],[-75.09639,3.86736],[-75.09625,3.8673],[-75.09621,3.86729],[-75.09617,3.86729],[-75.0961,3.8673],[-75.09601,3.86734],[-75.09594,3.86736],[-75.09589,3.86739],[-75.09582,3.86741],[-75.09575,3.86744],[-75.09568,3.86747],[-75.09558,3.86751],[-75.09529,3.86765],[-75.0951,3.86773],[-75.09479,3.86782],[-75.09472,3.86785],[-75.09464,3.86786],[-75.09457,3.86788],[-75.09449,3.86788],[-75.0944,3.86788],[-75.09432,3.86787],[-75.09423,3.86784],[-75.09415,3.86781],[-75.09324,3.86753],[-75.09315,3.8675],[-75.09304,3.86747],[-75.09296,3.86744],[-75.09288,3.86739],[-75.09212,3.86676],[-75.09134,3.86614],[-75.09062,3.86556],[-75.09036,3.86537],[-75.09011,3.8652],[-75.08941,3.86476],[-75.08878,3.8644],[-75.08822,3.86405],[-75.08729,3.86349],[-75.08718,3.86342],[-75.08708,3.86336],[-75.087,3.8633],[-75.08694,3.86321],[-75.08686,3.86304],[-75.08668,3.86257],[-75.08649,3.86209],[-75.08625,3.86149],[-75.08612,3.86121],[-75.086,3.86101],[-75.08597,3.86092],[-75.08594,3.86083]]},"properties":{"NIVEL_PROP":"N3-Terciaria"}},{"type":"Feature","geometry":{"type":"LineString","coordinates":[[-75.08916,3.62263],[-75.08995,3.62285]]},"properties":{"NIVEL_PROP":"N3-Terciaria"}},{"type":"Feature","geometry":{"type":"LineString","coordinates":[[-75.21846,3.93751],[-75.21818,3.93787],[-75.21761,3.93866]]},"properties":{"NIVEL_PROP":"N3-Terciaria"}},{"type":"Feature","geometry":{"type":"LineString","coordinates":[[-75.21948,3.93798],[-75.21968,3.93717]]},"properties":{"NIVEL_PROP":"N3-Terciaria"}},{"type":"Feature","geometry":{"type":"LineString","coordinates":[[-75.22598,3.93103],[-75.22508,3.93115],[-75.22402,3.93128]]},"properties":{"NIVEL_PROP":"N3-Terciaria"}},{"type":"Feature","geometry":{"type":"LineString","coordinates":[[-75.33919,3.90101],[-75.33891,3.90108],[-75.33871,3.90111],[-75.33855,3.90111]]},"properties":{"NIVEL_PROP":"N3-Terciaria"}},{"type":"Feature","geometry":{"type":"LineString","coordinates":[[-75.19595,3.75968],[-75.1966,3.76018],[-75.19667,3.76036],[-75.19686,3.76078],[-75.19701,3.76116],[-75.19699,3.76131]]},"properties":{"NIVEL_PROP":"N3-Terciaria"}},{"type":"Feature","geometry":{"type":"LineString","coordinates":[[-75.09813,3.62217],[-75.09827,3.62144],[-75.09841,3.62076],[-75.09848,3.62047],[-75.0985,3.6204],[-75.09851,3.62019],[-75.09849,3.6201],[-75.09843,3.62006],[-75.09838,3.62006],[-75.09832,3.62008]]},"properties":{"NIVEL_PROP":"N3-Terciaria"}},{"type":"Feature","geometry":{"type":"LineString","coordinates":[[-75.30315,3.77314],[-75.30224,3.7737]]},"properties":{"NIVEL_PROP":"N3-Terciaria"}},{"type":"Feature","geometry":{"type":"LineString","coordinates":[[-75.14264,3.45844],[-75.14251,3.45833],[-75.14224,3.45813],[-75.14202,3.45794],[-75.14201,3.45791],[-75.142,3.45787],[-75.14201,3.45783],[-75.14214,3.45761],[-75.14232,3.45731],[-75.1424,3.45713],[-75.14254,3.45691],[-75.14271,3.45669],[-75.14283,3.45651],[-75.14294,3.45635],[-75.14297,3.45633],[-75.14299,3.45632],[-75.14301,3.45632],[-75.14304,3.45634],[-75.14328,3.45651],[-75.14354,3.4567]]},"properties":{"NIVEL_PROP":"N3-Terciaria"}},{"type":"Feature","geometry":{"type":"LineString","coordinates":[[-75.14696,3.85287],[-75.14701,3.85284],[-75.14707,3.85281],[-75.14716,3.85277],[-75.14725,3.85274],[-75.14735,3.8527],[-75.14745,3.85268],[-75.14755,3.85265],[-75.14762,3.85265],[-75.14768,3.85263],[-75.14774,3.85261],[-75.14781,3.85257],[-75.14787,3.85253],[-75.14795,3.85241],[-75.148,3.85233],[-75.14801,3.85229],[-75.14803,3.85226],[-75.14806,3.85223],[-75.14809,3.85221],[-75.14813,3.8522],[-75.14827,3.85218],[-75.14828,3.85217],[-75.1483,3.85217],[-75.14835,3.85217]]},"properties":{"NIVEL_PROP":"N3-Servicio"}},{"type":"Feature","geometry":{"type":"LineString","coordinates":[[-75.11128,3.89587],[-75.11108,3.89667],[-75.11109,3.89728],[-75.11083,3.8979],[-75.11068,3.89849],[-75.1103,3.89938],[-75.10971,3.90012],[-75.10951,3.9007],[-75.10935,3.9012],[-75.10916,3.90119],[-75.10854,3.90072],[-75.10773,3.90011],[-75.1072,3.89999],[-75.10651,3.90026],[-75.10579,3.90068],[-75.1057,3.90108],[-75.10574,3.90187],[-75.10562,3.90291],[-75.10544,3.90375],[-75.10508,3.90455],[-75.10512,3.9049],[-75.10481,3.90529],[-75.10431,3.90579],[-75.10383,3.90581],[-75.10348,3.90595],[-75.10296,3.90626],[-75.10287,3.90659],[-75.10294,3.90689],[-75.10281,3.9074],[-75.10261,3.90781],[-75.10242,3.90773],[-75.10191,3.90745],[-75.10152,3.9074],[-75.10103,3.90747],[-75.10056,3.90763],[-75.09982,3.90814],[-75.09864,3.90907],[-75.09737,3.91018],[-75.09656,3.91088],[-75.096,3.91125],[-75.09539,3.9116],[-75.09504,3.91184],[-75.09492,3.91196]]},"properties":{"NIVEL_PROP":"N3-Terciaria"}},{"type":"Feature","geometry":{"type":"LineString","coordinates":[[-75.15029,3.87335],[-75.14972,3.87339],[-75.14962,3.87332],[-75.1495,3.87325],[-75.14948,3.87302],[-75.14943,3.87273],[-75.14947,3.8725],[-75.14958,3.87233],[-75.14975,3.87217],[-75.14983,3.87206],[-75.14984,3.87124],[-75.14971,3.871],[-75.14971,3.87078],[-75.14975,3.87043],[-75.14994,3.87023],[-75.15013,3.87009],[-75.1505,3.86999],[-75.15065,3.86982],[-75.15069,3.86956],[-75.15067,3.86933],[-75.15058,3.86902],[-75.15049,3.86864],[-75.15049,3.86833],[-75.15053,3.86813],[-75.15024,3.86796],[-75.15013,3.86777],[-75.1499,3.86742],[-75.1498,3.86694],[-75.14957,3.86627],[-75.14957,3.86611],[-75.14978,3.86593],[-75.15009,3.86516],[-75.15012,3.8644],[-75.14993,3.86391],[-75.14983,3.8637],[-75.14947,3.863],[-75.1481,3.8605],[-75.14805,3.86043]]},"properties":{"NIVEL_PROP":"N3-Terciaria"}},{"type":"Feature","geometry":{"type":"LineString","coordinates":[[-75.04661,3.70105],[-75.04657,3.70103],[-75.04651,3.70098],[-75.04626,3.70077],[-75.04602,3.70058],[-75.04594,3.70047],[-75.04588,3.70038],[-75.04582,3.70026],[-75.04572,3.69985],[-75.04566,3.69964],[-75.04556,3.69944],[-75.04545,3.69897],[-75.04504,3.6981],[-75.04435,3.6973],[-75.04423,3.6971]]},"properties":{"NIVEL_PROP":"N3-Terciaria"}},{"type":"Feature","geometry":{"type":"LineString","coordinates":[[-75.19463,3.80324],[-75.19456,3.80329],[-75.19449,3.80334],[-75.19444,3.80342],[-75.1944,3.8035],[-75.19439,3.80358],[-75.19443,3.80374],[-75.19446,3.80382],[-75.19448,3.8039],[-75.19449,3.80399],[-75.1945,3.80408],[-75.19451,3.80418],[-75.19451,3.80428],[-75.1945,3.80438],[-75.19448,3.80464],[-75.19445,3.80494],[-75.19444,3.80505],[-75.19442,3.80517],[-75.19439,3.80527],[-75.19436,3.80538],[-75.19433,3.80547],[-75.1943,3.80557],[-75.19429,3.80566],[-75.19427,3.80575],[-75.19425,3.80631],[-75.19423,3.80655],[-75.19421,3.80667],[-75.19418,3.80676],[-75.19412,3.80685],[-75.19384,3.80724],[-75.19362,3.80749],[-75.19348,3.80769],[-75.19346,3.80775],[-75.19343,3.80781],[-75.19341,3.80786],[-75.19339,3.80795],[-75.19337,3.80803],[-75.19338,3.8081],[-75.1934,3.80814],[-75.19342,3.80816],[-75.19348,3.80819],[-75.19358,3.80821],[-75.19369,3.80822],[-75.19382,3.80823],[-75.19393,3.80827],[-75.19398,3.80828],[-75.19403,3.8083],[-75.19412,3.80835],[-75.19421,3.8084],[-75.19429,3.80845]]},"properties":{"NIVEL_PROP":"N3-Camino vecinal"}},{"type":"Feature","geometry":{"type":"LineString","coordinates":[[-75.19469,3.79807],[-75.19548,3.7984],[-75.19633,3.79876]]},"properties":{"NIVEL_PROP":"N3-Terciaria"}},{"type":"Feature","geometry":{"type":"LineString","coordinates":[[-75.14416,3.46641],[-75.14357,3.46675],[-75.14297,3.46709],[-75.14289,3.46714],[-75.14286,3.46719],[-75.14283,3.46724],[-75.14279,3.46739],[-75.14254,3.46829],[-75.14248,3.46848],[-75.1424,3.46866],[-75.14227,3.46892],[-75.14216,3.46914],[-75.14214,3.46919],[-75.14212,3.46923],[-75.14206,3.46948],[-75.14204,3.46958],[-75.14199,3.46966],[-75.14193,3.46972],[-75.14186,3.46978],[-75.1418,3.46981],[-75.14174,3.46983],[-75.14165,3.46986],[-75.14162,3.46988],[-75.14157,3.46993],[-75.14151,3.47003],[-75.14144,3.4701],[-75.1414,3.47012],[-75.14138,3.47013],[-75.14132,3.47013],[-75.14109,3.47011],[-75.14093,3.47008],[-75.14081,3.47006],[-75.14072,3.47004],[-75.14015,3.46998],[-75.13989,3.46997],[-75.13971,3.46997],[-75.13966,3.46997],[-75.13963,3.46998],[-75.13951,3.47002],[-75.1394,3.47007],[-75.13933,3.47009]]},"properties":{"NIVEL_PROP":"N3-Servicio"}},{"type":"Feature","geometry":{"type":"LineString","coordinates":[[-75.09576,3.53656],[-75.09607,3.53663],[-75.09654,3.53664],[-75.09673,3.53657],[-75.09692,3.53646],[-75.09742,3.53609],[-75.09751,3.53589],[-75.09761,3.53578],[-75.09778,3.53567],[-75.09844,3.53541],[-75.09928,3.53495],[-75.09967,3.53466]]},"properties":{"NIVEL_PROP":"N3-Terciaria"}},{"type":"Feature","geometry":{"type":"LineString","coordinates":[[-75.12953,3.86307],[-75.1298,3.86277],[-75.1302,3.86225],[-75.13029,3.86189],[-75.13073,3.86163],[-75.13111,3.86131],[-75.13129,3.8608],[-75.13164,3.86085],[-75.13197,3.86101],[-75.13207,3.86109],[-75.13215,3.86112],[-75.13221,3.8611],[-75.13218,3.86089],[-75.13208,3.86073],[-75.13212,3.86061],[-75.13209,3.86047],[-75.13199,3.86034]]},"properties":{"NIVEL_PROP":"Sendero"}},{"type":"Feature","geometry":{"type":"LineString","coordinates":[[-75.00872,3.72536],[-75.00746,3.72445],[-75.0073,3.72441],[-75.00713,3.72443],[-75.00637,3.72465],[-75.00575,3.72478],[-75.00558,3.72483],[-75.00548,3.72494],[-75.00536,3.7251],[-75.00517,3.72539],[-75.00508,3.72548],[-75.00501,3.72551],[-75.00488,3.72554],[-75.00424,3.72561],[-75.00399,3.72566],[-75.00365,3.72578],[-75.00354,3.7258],[-75.00307,3.7258],[-75.00289,3.72576],[-75.00278,3.72571],[-75.00187,3.72495]]},"properties":{"NIVEL_PROP":"N3-Terciaria"}},{"type":"Feature","geometry":{"type":"LineString","coordinates":[[-75.19056,3.79742],[-75.19079,3.7975],[-75.19082,3.7975],[-75.19105,3.79755],[-75.19134,3.79761],[-75.19137,3.79761],[-75.19159,3.79764],[-75.19183,3.7976],[-75.19206,3.79752],[-75.19223,3.79747],[-75.1923,3.79747],[-75.19238,3.79751],[-75.19244,3.7976],[-75.19248,3.79779],[-75.19243,3.79804],[-75.1924,3.79822],[-75.19237,3.7984],[-75.19235,3.79858],[-75.19239,3.79865],[-75.19253,3.79867]]},"properties":{"NIVEL_PROP":"N3-Terciaria"}},{"type":"Feature","geometry":{"type":"LineString","coordinates":[[-75.09397,3.96812],[-75.09401,3.96811],[-75.09408,3.96809],[-75.09552,3.96771],[-75.09567,3.96767],[-75.09661,3.96754],[-75.09691,3.96754],[-75.09833,3.96751],[-75.09902,3.96753],[-75.09971,3.96766]]},"properties":{"NIVEL_PROP":"N1-Principal"}},{"type":"Feature","geometry":{"type":"LineString","coordinates":[[-75.21695,3.93649],[-75.21713,3.93679],[-75.21721,3.93692],[-75.21742,3.93722],[-75.2179,3.93763],[-75.21818,3.93787]]},"properties":{"NIVEL_PROP":"N3-Terciaria"}},{"type":"Feature","geometry":{"type":"LineString","coordinates":[[-75.14481,3.78845],[-75.14406,3.78836],[-75.14371,3.7881],[-75.14316,3.78785],[-75.14183,3.78672],[-75.14085,3.7861],[-75.14079,3.78605],[-75.14076,3.78597],[-75.14068,3.78573],[-75.14062,3.78536],[-75.14066,3.78511],[-75.14073,3.78485],[-75.14071,3.78427],[-75.14091,3.78391]]},"properties":{"NIVEL_PROP":"N3-Terciaria"}},{"type":"Feature","geometry":{"type":"LineString","coordinates":[[-75.18854,3.93269],[-75.18863,3.93249],[-75.18874,3.93218],[-75.18875,3.93183],[-75.18871,3.93136],[-75.18879,3.93072],[-75.18873,3.93049],[-75.18867,3.92998],[-75.18883,3.92962],[-75.18883,3.92932],[-75.18894,3.92885]]},"properties":{"NIVEL_PROP":"N3-Terciaria"}},{"type":"Feature","geometry":{"type":"LineString","coordinates":[[-75.33309,3.81282],[-75.33359,3.81334],[-75.33405,3.81387],[-75.33473,3.81495]]},"properties":{"NIVEL_PROP":"N3-Terciaria"}},{"type":"Feature","geometry":{"type":"LineString","coordinates":[[-74.98641,3.67492],[-74.98654,3.67505],[-74.98691,3.67557],[-74.98711,3.67592],[-74.98727,3.67629],[-74.98735,3.6765],[-74.98735,3.67667],[-74.98752,3.67726],[-74.9876,3.67743],[-74.9876,3.6777],[-74.98762,3.67792],[-74.98768,3.67826],[-74.98799,3.67895],[-74.9884,3.68011],[-74.98845,3.68031],[-74.98842,3.68051],[-74.98841,3.68082],[-74.98863,3.68151],[-74.98876,3.68168],[-74.9916,3.68408]]},"properties":{"NIVEL_PROP":"N3-Terciaria"}},{"type":"Feature","geometry":{"type":"LineString","coordinates":[[-75.12007,3.77489],[-75.12119,3.77515],[-75.12121,3.77524],[-75.12125,3.77534],[-75.12263,3.77629]]},"properties":{"NIVEL_PROP":"N3-Terciaria"}},{"type":"Feature","geometry":{"type":"LineString","coordinates":[[-75.19948,3.74183],[-75.19877,3.74235],[-75.19845,3.74279],[-75.19822,3.74306],[-75.19792,3.7434],[-75.19755,3.74371],[-75.19722,3.74471],[-75.19668,3.74548],[-75.19606,3.74662],[-75.19559,3.74736],[-75.19539,3.74781],[-75.19518,3.74804],[-75.19509,3.74816],[-75.1945,3.7485],[-75.19348,3.74911],[-75.19336,3.74926],[-75.19323,3.74983],[-75.19332,3.75083],[-75.19326,3.75149],[-75.19312,3.75228],[-75.19302,3.75273]]},"properties":{"NIVEL_PROP":"N3-Terciaria"}},{"type":"Feature","geometry":{"type":"LineString","coordinates":[[-75.22739,3.78004],[-75.2274,3.78],[-75.22758,3.77989],[-75.22767,3.77989]]},"properties":{"NIVEL_PROP":"N3-Terciaria"}},{"type":"Feature","geometry":{"type":"LineString","coordinates":[[-75.10362,3.95959],[-75.10362,3.95942],[-75.10371,3.95926],[-75.10381,3.95874],[-75.104,3.95836],[-75.10409,3.95813],[-75.10438,3.95783],[-75.10465,3.95768],[-75.10507,3.95733],[-75.10528,3.95712],[-75.10533,3.95678],[-75.10541,3.95658],[-75.10538,3.95623],[-75.10534,3.95612]]},"properties":{"NIVEL_PROP":"N3-Terciaria"}},{"type":"Feature","geometry":{"type":"LineString","coordinates":[[-75.27878,4.00484],[-75.27932,4.00407],[-75.27954,4.00391]]},"properties":{"NIVEL_PROP":"N3-Terciaria"}},{"type":"Feature","geometry":{"type":"LineString","coordinates":[[-75.08014,3.69662],[-75.08002,3.69649],[-75.07989,3.69636],[-75.07982,3.69629],[-75.07977,3.69619],[-75.07975,3.69612],[-75.07973,3.69605],[-75.0797,3.69602],[-75.07964,3.69598],[-75.07859,3.69558],[-75.07749,3.69514]]},"properties":{"NIVEL_PROP":"N3-Terciaria"}},{"type":"Feature","geometry":{"type":"LineString","coordinates":[[-75.06321,3.81974],[-75.06234,3.81949],[-75.06202,3.81939]]},"properties":{"NIVEL_PROP":"N3-Terciaria"}},{"type":"Feature","geometry":{"type":"LineString","coordinates":[[-75.19431,3.96658],[-75.19451,3.96679],[-75.19461,3.9671],[-75.19453,3.96737],[-75.19434,3.96771],[-75.1942,3.96807],[-75.19414,3.9684],[-75.19424,3.96889],[-75.19476,3.97063]]},"properties":{"NIVEL_PROP":"N3-Terciaria"}},{"type":"Feature","geometry":{"type":"LineString","coordinates":[[-75.13891,3.82084],[-75.13892,3.82101],[-75.1389,3.82125],[-75.13875,3.82223],[-75.13816,3.82299],[-75.1389,3.82357],[-75.14023,3.82589],[-75.14037,3.82625],[-75.14146,3.82701],[-75.14102,3.82949]]},"properties":{"NIVEL_PROP":"N3-Terciaria"}},{"type":"Feature","geometry":{"type":"LineString","coordinates":[[-75.31049,3.96067],[-75.3108,3.9602],[-75.3108,3.96002],[-75.3107,3.95978],[-75.31021,3.95854],[-75.3099,3.95779],[-75.30981,3.95741],[-75.3099,3.95673],[-75.31009,3.95567],[-75.31012,3.95515],[-75.31002,3.95455],[-75.31001,3.95354],[-75.30976,3.95325],[-75.30943,3.95298],[-75.30911,3.95263],[-75.30887,3.9525],[-75.30799,3.95232],[-75.3072,3.95212],[-75.30656,3.95172],[-75.30604,3.95138],[-75.30577,3.951],[-75.30572,3.95069],[-75.30585,3.95052],[-75.30611,3.95065],[-75.30632,3.95067],[-75.30653,3.95024],[-75.30692,3.95006],[-75.30696,3.9499],[-75.30689,3.94955],[-75.30696,3.94946],[-75.3071,3.94947],[-75.30733,3.94924],[-75.30768,3.94908],[-75.30777,3.94881],[-75.30797,3.94864],[-75.3083,3.94851],[-75.30836,3.94847],[-75.30835,3.94838],[-75.3083,3.94826],[-75.30813,3.94804],[-75.30827,3.94781],[-75.30847,3.94765],[-75.30848,3.9475],[-75.30834,3.94739],[-75.30798,3.94749],[-75.30785,3.94736],[-75.30777,3.94667],[-75.30775,3.94634],[-75.308,3.94598],[-75.3081,3.94562],[-75.30809,3.94515],[-75.30814,3.94495],[-75.3083,3.94479],[-75.30827,3.94457],[-75.308,3.94408],[-75.30798,3.94379],[-75.30804,3.94356],[-75.30811,3.94351],[-75.30818,3.94351],[-75.3084,3.94362],[-75.30868,3.94379],[-75.30892,3.94386],[-75.30917,3.94382]]},"properties":{"NIVEL_PROP":"N3-Terciaria"}},{"type":"Feature","geometry":{"type":"LineString","coordinates":[[-75.21898,3.93455],[-75.21845,3.9351],[-75.21815,3.93538],[-75.21776,3.93557],[-75.2174,3.93596],[-75.21711,3.93622],[-75.21695,3.93649],[-75.21688,3.93658]]},"properties":{"NIVEL_PROP":"N3-Terciaria"}},{"type":"Feature","geometry":{"type":"LineString","coordinates":[[-75.1018,3.80531],[-75.10179,3.80524],[-75.10171,3.80517],[-75.10124,3.80486],[-75.10107,3.80471],[-75.10101,3.8046],[-75.101,3.80451],[-75.10107,3.80431],[-75.10112,3.80405],[-75.1012,3.80379]]},"properties":{"NIVEL_PROP":"N3-Camino vecinal"}},{"type":"Feature","geometry":{"type":"LineString","coordinates":[[-75.19669,3.96119],[-75.19718,3.96151],[-75.19818,3.96202],[-75.19967,3.96274],[-75.1998,3.96287],[-75.19992,3.96313],[-75.20042,3.96362],[-75.20058,3.96387],[-75.20076,3.96397],[-75.20096,3.964],[-75.20146,3.96376],[-75.20163,3.96376],[-75.20175,3.96386],[-75.20194,3.96434],[-75.20193,3.96458],[-75.20209,3.96469],[-75.20219,3.96497],[-75.20216,3.96513],[-75.20247,3.96548],[-75.20259,3.9655],[-75.20304,3.9653],[-75.20326,3.96528],[-75.2036,3.96546],[-75.20382,3.96539],[-75.20393,3.96524]]},"properties":{"NIVEL_PROP":"N3-Terciaria"}},{"type":"Feature","geometry":{"type":"LineString","coordinates":[[-75.04736,3.75441],[-75.04718,3.7546],[-75.04716,3.75462],[-75.04714,3.75463],[-75.04711,3.75463],[-75.04709,3.75462],[-75.04705,3.7546],[-75.04701,3.75458],[-75.04662,3.75437],[-75.04515,3.75354]]},"properties":{"NIVEL_PROP":"N3-Servicio"}},{"type":"Feature","geometry":{"type":"LineString","coordinates":[[-75.05797,3.81524],[-75.05772,3.81621],[-75.05749,3.8169],[-75.05752,3.81703],[-75.05772,3.81731],[-75.05782,3.8174],[-75.05787,3.8174]]},"properties":{"NIVEL_PROP":"N3-Servicio"}},{"type":"Feature","geometry":{"type":"LineString","coordinates":[[-75.10469,3.94595],[-75.10479,3.94564],[-75.10486,3.94503],[-75.10486,3.94458],[-75.10502,3.94396],[-75.10515,3.94362],[-75.10532,3.94248],[-75.10534,3.94212]]},"properties":{"NIVEL_PROP":"N3-Terciaria"}},{"type":"Feature","geometry":{"type":"LineString","coordinates":[[-75.33312,3.82095],[-75.33288,3.82082],[-75.33137,3.82034],[-75.33095,3.82017],[-75.32986,3.81997],[-75.32907,3.81977],[-75.32863,3.81963],[-75.32792,3.81952],[-75.32759,3.81939],[-75.32743,3.81929],[-75.32703,3.81886],[-75.32684,3.81861]]},"properties":{"NIVEL_PROP":"N3-Terciaria"}},{"type":"Feature","geometry":{"type":"LineString","coordinates":[[-75.1507,3.4528],[-75.15061,3.45295],[-75.15057,3.45308],[-75.15059,3.45326],[-75.15069,3.45367],[-75.15075,3.4538],[-75.15082,3.45392],[-75.15104,3.45415],[-75.15122,3.45427],[-75.15131,3.45433],[-75.1515,3.45443],[-75.15158,3.45449],[-75.15166,3.45457],[-75.15181,3.45481],[-75.15194,3.45495],[-75.15207,3.45506],[-75.15279,3.45531],[-75.15333,3.45549],[-75.15351,3.45558],[-75.15363,3.45567],[-75.15638,3.45776],[-75.15649,3.45783],[-75.15666,3.45791],[-75.1572,3.45805],[-75.1574,3.45816],[-75.15766,3.45837],[-75.15808,3.45874]]},"properties":{"NIVEL_PROP":"N3-Terciaria"}},{"type":"Feature","geometry":{"type":"LineString","coordinates":[[-75.11653,3.92122],[-75.11673,3.92124],[-75.11691,3.92132],[-75.11713,3.92147],[-75.11735,3.92149],[-75.11763,3.92142]]},"properties":{"NIVEL_PROP":"N3-Terciaria"}},{"type":"Feature","geometry":{"type":"LineString","coordinates":[[-75.09068,3.62178],[-75.0908,3.62137],[-75.09089,3.62103],[-75.09113,3.62023],[-75.09138,3.61942],[-75.09169,3.61841],[-75.09191,3.61763]]},"properties":{"NIVEL_PROP":"N3-Terciaria"}},{"type":"Feature","geometry":{"type":"LineString","coordinates":[[-75.10137,3.96934],[-75.10118,3.96917],[-75.10089,3.96892],[-75.10051,3.96873],[-75.1001,3.96873],[-75.09993,3.96854]]},"properties":{"NIVEL_PROP":"N3-Terciaria"}},{"type":"Feature","geometry":{"type":"LineString","coordinates":[[-75.09287,3.9236],[-75.09242,3.92372],[-75.09214,3.92367],[-75.09154,3.92364],[-75.0911,3.92374],[-75.09085,3.92383],[-75.09052,3.92405],[-75.09024,3.92421],[-75.08992,3.92429],[-75.08971,3.92437],[-75.08955,3.92451],[-75.08929,3.92475],[-75.0892,3.92499],[-75.08911,3.9252],[-75.08904,3.92538],[-75.08882,3.92546],[-75.08871,3.92553],[-75.08871,3.92565],[-75.0889,3.92598],[-75.08892,3.92621],[-75.08901,3.92648],[-75.08904,3.92665],[-75.08896,3.92704],[-75.08893,3.92714],[-75.08896,3.92738],[-75.08894,3.92759],[-75.08887,3.9281],[-75.08841,3.92891],[-75.08836,3.92917],[-75.08834,3.93066],[-75.08825,3.93127],[-75.08819,3.9315],[-75.08789,3.93222],[-75.08789,3.93249],[-75.08788,3.93268],[-75.08779,3.93305],[-75.0874,3.93414],[-75.08715,3.93445],[-75.08694,3.93458],[-75.08666,3.93466],[-75.0866,3.93474],[-75.08642,3.93517],[-75.08596,3.93594],[-75.08586,3.93634],[-75.08584,3.93681],[-75.08594,3.93734],[-75.08615,3.93786],[-75.08672,3.9382],[-75.08723,3.93827],[-75.08741,3.93836],[-75.08774,3.93865],[-75.08806,3.93904],[-75.0882,3.93917],[-75.08898,3.93953],[-75.08939,3.94034],[-75.08946,3.94048],[-75.08961,3.94069],[-75.08985,3.94089],[-75.08998,3.94099],[-75.09009,3.94123],[-75.09026,3.94205],[-75.09053,3.94255],[-75.09057,3.94268],[-75.09055,3.94483],[-75.09057,3.94498],[-75.09068,3.94517],[-75.09086,3.94532],[-75.09163,3.94558],[-75.09172,3.94568],[-75.09171,3.94604],[-75.0918,3.94641],[-75.09182,3.94649],[-75.09178,3.94655],[-75.09157,3.94668],[-75.09113,3.94758],[-75.09046,3.94826],[-75.09051,3.94867],[-75.09047,3.94884],[-75.09037,3.949],[-75.08996,3.94921],[-75.08979,3.9494],[-75.08968,3.94968],[-75.08946,3.95],[-75.08944,3.95016],[-75.08981,3.9509],[-75.08986,3.95114],[-75.08992,3.95132],[-75.09,3.95138],[-75.09058,3.95139],[-75.09088,3.95151],[-75.09115,3.95172],[-75.0914,3.95192],[-75.09214,3.95213],[-75.09265,3.95236],[-75.09308,3.95278],[-75.09373,3.95356],[-75.09391,3.95384],[-75.09466,3.95447],[-75.09475,3.95452],[-75.09538,3.95481],[-75.09778,3.95646],[-75.09935,3.95803],[-75.09949,3.95819],[-75.09952,3.95839],[-75.09951,3.9588],[-75.09931,3.95951],[-75.0991,3.95995],[-75.09883,3.96019],[-75.09861,3.96034],[-75.09846,3.9605],[-75.09779,3.96238],[-75.09744,3.96349],[-75.09732,3.96364],[-75.09706,3.96385],[-75.09699,3.96406],[-75.09676,3.96533],[-75.09674,3.96619]]},"properties":{"NIVEL_PROP":"N3-Terciaria"}},{"type":"Feature","geometry":{"type":"LineString","coordinates":[[-75.0914,3.62494],[-75.09168,3.62505],[-75.09218,3.6252]]},"properties":{"NIVEL_PROP":"N3-Terciaria"}},{"type":"Feature","geometry":{"type":"LineString","coordinates":[[-75.22126,3.93319],[-75.22126,3.93322],[-75.22124,3.93326]]},"properties":{"NIVEL_PROP":"N3-Terciaria"}},{"type":"Feature","geometry":{"type":"LineString","coordinates":[[-75.14736,3.85342],[-75.14734,3.85341],[-75.14732,3.85339],[-75.14731,3.85337],[-75.14728,3.85332],[-75.14726,3.85326],[-75.14722,3.85319],[-75.14718,3.85312],[-75.14713,3.85305],[-75.14708,3.85299],[-75.14702,3.85292],[-75.14696,3.85287],[-75.14694,3.85284],[-75.14691,3.85283],[-75.14689,3.85281],[-75.14686,3.85281],[-75.14683,3.85281],[-75.14671,3.85283],[-75.14662,3.85284],[-75.14653,3.85285],[-75.14643,3.85286],[-75.14633,3.85286],[-75.14623,3.85286],[-75.14592,3.85287],[-75.14561,3.85288],[-75.14543,3.85288],[-75.14525,3.85288],[-75.14506,3.85288],[-75.14486,3.8529],[-75.14441,3.85291],[-75.1443,3.85291],[-75.14419,3.85291],[-75.14408,3.8529],[-75.14397,3.85288],[-75.14386,3.85285],[-75.14384,3.85284],[-75.14382,3.85282],[-75.14381,3.8528],[-75.14379,3.85277],[-75.14379,3.85273],[-75.14379,3.85269],[-75.14379,3.85245],[-75.14379,3.85233],[-75.14378,3.85232],[-75.14378,3.85231],[-75.14377,3.85229]]},"properties":{"NIVEL_PROP":"N3-Terciaria"}},{"type":"Feature","geometry":{"type":"LineString","coordinates":[[-75.05963,3.58581],[-75.05955,3.58574],[-75.05953,3.5857],[-75.05953,3.58565],[-75.05953,3.58561],[-75.05956,3.58555],[-75.0596,3.58549],[-75.05962,3.58548],[-75.05964,3.58546],[-75.05965,3.58543],[-75.05998,3.58518]]},"properties":{"NIVEL_PROP":"N3-Servicio"}},{"type":"Feature","geometry":{"type":"LineString","coordinates":[[-75.1552,3.90874],[-75.15471,3.90931],[-75.15439,3.9096],[-75.15409,3.90972],[-75.15312,3.91062],[-75.15283,3.91095],[-75.15278,3.91125],[-75.15271,3.9116],[-75.15266,3.91193]]},"properties":{"NIVEL_PROP":"N3-Terciaria"}},{"type":"Feature","geometry":{"type":"LineString","coordinates":[[-75.19221,4.00788],[-75.19234,4.00788],[-75.19255,4.00757],[-75.19267,4.00726],[-75.19309,4.00691],[-75.19344,4.00699],[-75.19399,4.00703],[-75.1942,4.00722]]},"properties":{"NIVEL_PROP":"N3-Terciaria"}},{"type":"Feature","geometry":{"type":"LineString","coordinates":[[-75.09864,3.62296],[-75.09799,3.62285]]},"properties":{"NIVEL_PROP":"N3-Terciaria"}},{"type":"Feature","geometry":{"type":"LineString","coordinates":[[-75.11478,3.52795],[-75.1147,3.52754],[-75.11467,3.52747],[-75.11463,3.52742],[-75.11457,3.52739],[-75.11446,3.52735],[-75.1142,3.52731],[-75.11395,3.5273],[-75.11392,3.5273],[-75.1139,3.52728],[-75.11386,3.52725],[-75.11381,3.52719],[-75.1136,3.52684]]},"properties":{"NIVEL_PROP":"N3-Terciaria"}},{"type":"Feature","geometry":{"type":"LineString","coordinates":[[-75.19313,3.80123],[-75.19354,3.80058],[-75.19372,3.80055]]},"properties":{"NIVEL_PROP":"N3-Terciaria"}},{"type":"Feature","geometry":{"type":"LineString","coordinates":[[-75.0368,3.70369],[-75.03704,3.70347],[-75.0371,3.70331],[-75.03697,3.70312],[-75.0368,3.70295],[-75.03592,3.70218]]},"properties":{"NIVEL_PROP":"N3-Terciaria"}},{"type":"Feature","geometry":{"type":"LineString","coordinates":[[-75.60689,4.01273],[-75.60645,4.01277],[-75.60603,4.01288],[-75.60568,4.01302]]},"properties":{"NIVEL_PROP":"N3-Terciaria"}},{"type":"Feature","geometry":{"type":"LineString","coordinates":[[-75.18836,3.79781],[-75.18814,3.7976],[-75.1874,3.79707],[-75.18728,3.7969],[-75.18726,3.79629],[-75.18719,3.79599],[-75.18715,3.79568],[-75.18722,3.79543],[-75.18771,3.79452],[-75.18786,3.79438],[-75.18803,3.79428],[-75.18876,3.79427],[-75.18963,3.79408],[-75.1907,3.79352],[-75.19127,3.79333],[-75.19152,3.79332],[-75.1918,3.79347],[-75.19208,3.79367],[-75.19247,3.79387],[-75.19295,3.794],[-75.19335,3.79405]]},"properties":{"NIVEL_PROP":"N3-Terciaria"}},{"type":"Feature","geometry":{"type":"LineString","coordinates":[[-75.06586,3.81965],[-75.06601,3.81913]]},"properties":{"NIVEL_PROP":"N3-Terciaria"}},{"type":"Feature","geometry":{"type":"LineString","coordinates":[[-75.28961,3.924],[-75.28974,3.9243],[-75.28989,3.92456],[-75.2899,3.92506],[-75.29007,3.92525],[-75.2901,3.92546]]},"properties":{"NIVEL_PROP":"N3-Terciaria"}},{"type":"Feature","geometry":{"type":"LineString","coordinates":[[-75.04515,3.75354],[-75.04452,3.75319]]},"properties":{"NIVEL_PROP":"N3-Terciaria"}},{"type":"Feature","geometry":{"type":"LineString","coordinates":[[-75.60438,4.00917],[-75.60413,4.00945],[-75.60404,4.00955],[-75.6038,4.00989]]},"properties":{"NIVEL_PROP":"N3-Terciaria"}},{"type":"Feature","geometry":{"type":"LineString","coordinates":[[-75.60972,4.01354],[-75.6091,4.01346],[-75.60861,4.01339],[-75.6078,4.01326],[-75.60732,4.01321],[-75.60716,4.0132]]},"properties":{"NIVEL_PROP":"N2-Secundaria"}},{"type":"Feature","geometry":{"type":"LineString","coordinates":[[-75.21131,3.91917],[-75.2112,3.91896],[-75.21087,3.91864],[-75.21083,3.91858],[-75.2109,3.91828],[-75.21092,3.91795],[-75.21089,3.91776],[-75.21096,3.91768],[-75.21115,3.91756],[-75.21124,3.91735],[-75.21114,3.91711]]},"properties":{"NIVEL_PROP":"N3-Terciaria"}},{"type":"Feature","geometry":{"type":"LineString","coordinates":[[-75.15527,3.90874],[-75.15497,3.90979],[-75.15484,3.91027],[-75.15501,3.91102]]},"properties":{"NIVEL_PROP":"N3-Terciaria"}},{"type":"Feature","geometry":{"type":"LineString","coordinates":[[-75.19466,3.79585],[-75.19525,3.79603],[-75.19553,3.79612]]},"properties":{"NIVEL_PROP":"N3-Terciaria"}},{"type":"Feature","geometry":{"type":"LineString","coordinates":[[-75.14171,3.70533],[-75.14158,3.70553],[-75.14121,3.70614],[-75.14091,3.70711],[-75.14041,3.70885],[-75.14014,3.70947],[-75.14001,3.71013],[-75.13994,3.71079],[-75.13974,3.7119],[-75.13957,3.71353],[-75.13948,3.71374],[-75.13852,3.71439],[-75.13838,3.7146],[-75.13733,3.71468],[-75.13626,3.71504],[-75.1361,3.7151],[-75.13591,3.71511],[-75.13464,3.71501],[-75.13447,3.715],[-75.13433,3.71503]]},"properties":{"NIVEL_PROP":"N3-Terciaria"}},{"type":"Feature","geometry":{"type":"LineString","coordinates":[[-75.22973,3.74386],[-75.22984,3.74399],[-75.23036,3.74467],[-75.2305,3.74482],[-75.23063,3.74489],[-75.23075,3.74495],[-75.23085,3.74503],[-75.23096,3.74516],[-75.23132,3.74588],[-75.23141,3.74598],[-75.23157,3.7461],[-75.23174,3.74621],[-75.23182,3.74624],[-75.23192,3.74625],[-75.23202,3.74626],[-75.23209,3.74628],[-75.23216,3.74633],[-75.2322,3.74641],[-75.23233,3.74671],[-75.23253,3.74703],[-75.23264,3.74717],[-75.23277,3.74728],[-75.23286,3.74733],[-75.233,3.74737],[-75.2333,3.74742],[-75.23356,3.74749],[-75.23369,3.74751],[-75.23383,3.74753],[-75.23415,3.74753],[-75.2343,3.74753],[-75.23447,3.74756],[-75.23466,3.74759],[-75.23478,3.74763],[-75.23488,3.74771],[-75.23494,3.74782],[-75.23501,3.7479],[-75.23507,3.74797],[-75.23536,3.74814],[-75.23546,3.74821]]},"properties":{"NIVEL_PROP":"N3-Camino vecinal"}},{"type":"Feature","geometry":{"type":"LineString","coordinates":[[-75.15403,3.77422],[-75.15348,3.77399],[-75.1531,3.77388],[-75.15256,3.77381],[-75.15191,3.77378],[-75.15175,3.7738],[-75.15158,3.7738],[-75.15133,3.77368],[-75.15119,3.77361],[-75.15114,3.77352],[-75.15118,3.77334],[-75.15125,3.77311],[-75.1513,3.77287],[-75.15117,3.77267],[-75.15091,3.7725],[-75.15042,3.77234]]},"properties":{"NIVEL_PROP":"N3-Camino vecinal"}},{"type":"Feature","geometry":{"type":"LineString","coordinates":[[-75.11157,3.77536],[-75.11157,3.77545],[-75.11157,3.77552],[-75.11157,3.77557],[-75.11162,3.77576],[-75.11163,3.77583],[-75.11165,3.7766],[-75.11166,3.77667],[-75.11166,3.77672],[-75.11175,3.77706],[-75.11176,3.77708],[-75.11177,3.77709],[-75.11179,3.77713],[-75.11211,3.77757],[-75.11237,3.77797],[-75.11255,3.77835],[-75.11257,3.7784],[-75.11259,3.77848],[-75.1126,3.77852],[-75.1126,3.77856],[-75.11256,3.77887],[-75.11255,3.77892],[-75.11239,3.77959],[-75.11212,3.7806],[-75.11205,3.7809],[-75.11204,3.78092],[-75.11202,3.78094],[-75.11187,3.78112],[-75.11185,3.78116],[-75.11182,3.78121],[-75.11153,3.78212],[-75.11142,3.78242],[-75.11141,3.78244],[-75.11139,3.78247],[-75.11136,3.7825],[-75.11133,3.78251],[-75.11125,3.78253],[-75.11119,3.78255],[-75.11101,3.78263],[-75.11068,3.7828],[-75.11056,3.78287],[-75.11049,3.78293],[-75.11043,3.78298],[-75.1104,3.78302],[-75.11036,3.78307],[-75.11022,3.78327],[-75.11016,3.78334],[-75.11013,3.78336],[-75.11009,3.7834],[-75.11008,3.78341],[-75.11008,3.78342],[-75.11006,3.78347],[-75.11005,3.78352],[-75.11006,3.78359],[-75.11008,3.78364],[-75.11011,3.78367],[-75.11019,3.78372],[-75.11027,3.78375],[-75.11058,3.78381],[-75.11062,3.78383],[-75.11073,3.78387],[-75.11083,3.7839],[-75.11088,3.7839],[-75.11108,3.7839],[-75.11112,3.78391],[-75.11115,3.78392],[-75.11117,3.78393],[-75.11125,3.78407],[-75.11142,3.78431],[-75.11145,3.78438],[-75.11154,3.7846],[-75.11162,3.78487],[-75.11169,3.78513],[-75.11185,3.78588],[-75.1119,3.78624],[-75.11191,3.78642],[-75.11191,3.78657],[-75.11193,3.78683],[-75.11198,3.78715],[-75.11202,3.7875],[-75.11205,3.78765],[-75.11206,3.78769],[-75.11207,3.78773],[-75.11207,3.78779],[-75.11207,3.78783],[-75.11206,3.78787],[-75.1117,3.78869],[-75.1116,3.78891],[-75.11151,3.78908],[-75.11142,3.78921],[-75.11131,3.78933],[-75.1109,3.78973]]},"properties":{"NIVEL_PROP":"N3-Terciaria"}},{"type":"Feature","geometry":{"type":"LineString","coordinates":[[-75.19084,3.40526],[-75.19088,3.40477],[-75.19088,3.40447],[-75.19087,3.40362],[-75.19102,3.40345],[-75.19098,3.40337],[-75.19096,3.40329],[-75.19103,3.40268],[-75.19108,3.40158],[-75.19118,3.40044],[-75.19123,3.40041],[-75.19141,3.40031]]},"properties":{"NIVEL_PROP":"N3-Terciaria"}},{"type":"Feature","geometry":{"type":"LineString","coordinates":[[-75.00395,3.73579],[-75.00292,3.73599],[-75.002,3.73616],[-75.0015,3.73618],[-75.00109,3.73619],[-75.00055,3.73614],[-75.0,3.73607],[-74.9995,3.73602],[-74.99916,3.73597],[-74.99877,3.73591],[-74.99833,3.73591],[-74.99805,3.73594],[-74.9979,3.73608],[-74.99774,3.73633],[-74.99759,3.73672],[-74.99751,3.737],[-74.99754,3.7374],[-74.99778,3.73797],[-74.99805,3.7386],[-74.99813,3.73904],[-74.99816,3.73949],[-74.99823,3.73977],[-74.99824,3.74008],[-74.9982,3.74039],[-74.99801,3.74076],[-74.99765,3.74117],[-74.99744,3.74143],[-74.9971,3.74164]]},"properties":{"NIVEL_PROP":"N3-Camino vecinal"}},{"type":"Feature","geometry":{"type":"LineString","coordinates":[[-75.09446,3.63017],[-75.09436,3.63016],[-75.09431,3.63016],[-75.09427,3.63014],[-75.09425,3.63012],[-75.09424,3.63009],[-75.09422,3.63005],[-75.09419,3.63001],[-75.09412,3.62995],[-75.09403,3.62992],[-75.09394,3.62992],[-75.09387,3.62997],[-75.09375,3.63018]]},"properties":{"NIVEL_PROP":"N3-Servicio"}},{"type":"Feature","geometry":{"type":"LineString","coordinates":[[-75.23018,3.78065],[-75.22937,3.78102],[-75.22901,3.78106],[-75.2286,3.78118],[-75.22802,3.78144],[-75.2272,3.78181]]},"properties":{"NIVEL_PROP":"N3-Terciaria"}},{"type":"Feature","geometry":{"type":"LineString","coordinates":[[-75.19731,3.79737],[-75.19748,3.79818],[-75.19746,3.79832]]},"properties":{"NIVEL_PROP":"N3-Terciaria"}},{"type":"Feature","geometry":{"type":"LineString","coordinates":[[-75.06306,3.82183],[-75.06306,3.82179],[-75.06308,3.82155],[-75.06312,3.82099],[-75.06316,3.82047],[-75.06319,3.82009],[-75.06321,3.81974],[-75.06329,3.81875]]},"properties":{"NIVEL_PROP":"N1-Principal"}},{"type":"Feature","geometry":{"type":"LineString","coordinates":[[-75.06454,3.67447],[-75.06414,3.67435],[-75.06373,3.67424],[-75.06342,3.67418],[-75.06319,3.67416],[-75.06293,3.67414],[-75.06256,3.67415],[-75.06224,3.67416],[-75.06188,3.67419],[-75.06174,3.67419],[-75.06151,3.67417],[-75.06133,3.67414],[-75.06102,3.67407],[-75.06084,3.67402],[-75.06046,3.67387],[-75.06002,3.67366]]},"properties":{"NIVEL_PROP":"N3-Camino vecinal"}},{"type":"Feature","geometry":{"type":"LineString","coordinates":[[-75.28323,3.8709],[-75.28351,3.87069],[-75.28356,3.87055],[-75.28352,3.87039],[-75.28343,3.87025],[-75.2834,3.87012],[-75.28344,3.86998],[-75.28364,3.86994],[-75.28393,3.87001],[-75.28412,3.87014],[-75.28439,3.87032],[-75.28466,3.87034],[-75.28482,3.87026],[-75.28494,3.87011],[-75.28507,3.87004],[-75.28526,3.87006],[-75.28551,3.87023],[-75.28568,3.87028],[-75.28605,3.87024],[-75.28639,3.87019],[-75.28679,3.8701],[-75.28698,3.87009],[-75.28735,3.87014],[-75.28747,3.87013],[-75.28761,3.87006],[-75.28787,3.86993],[-75.28811,3.86984]]},"properties":{"NIVEL_PROP":"N3-Terciaria"}},{"type":"Feature","geometry":{"type":"LineString","coordinates":[[-75.177,3.43012],[-75.1771,3.42969],[-75.17719,3.42928],[-75.17725,3.42909],[-75.17733,3.42891],[-75.17763,3.4284],[-75.17786,3.42814],[-75.17819,3.4278],[-75.17841,3.42746],[-75.17863,3.42695],[-75.17881,3.42657],[-75.17891,3.42636],[-75.17897,3.42623]]},"properties":{"NIVEL_PROP":"N3-Terciaria"}},{"type":"Feature","geometry":{"type":"LineString","coordinates":[[-75.06753,3.82202],[-75.06774,3.82143],[-75.06782,3.82122],[-75.06791,3.82101],[-75.06814,3.82049]]},"properties":{"NIVEL_PROP":"Sendero"}},{"type":"Feature","geometry":{"type":"LineString","coordinates":[[-75.09009,3.61991],[-75.08945,3.61971],[-75.08938,3.61969],[-75.08855,3.61944],[-75.08793,3.61925]]},"properties":{"NIVEL_PROP":"N3-Terciaria"}},{"type":"Feature","geometry":{"type":"LineString","coordinates":[[-75.02911,3.64702],[-75.02877,3.64684],[-75.02798,3.64656],[-75.02752,3.64631],[-75.02746,3.6463],[-75.0272,3.6463],[-75.02662,3.64624],[-75.0264,3.64619],[-75.02616,3.6461],[-75.02596,3.64598],[-75.02514,3.64521],[-75.02502,3.64501]]},"properties":{"NIVEL_PROP":"N3-Terciaria"}},{"type":"Feature","geometry":{"type":"LineString","coordinates":[[-75.14937,3.89314],[-75.14954,3.89316],[-75.14976,3.8934],[-75.14999,3.89351],[-75.15004,3.89362],[-75.14996,3.89376],[-75.15007,3.89398],[-75.15027,3.89421],[-75.15034,3.89437],[-75.15042,3.89455],[-75.15056,3.89464],[-75.15076,3.89463],[-75.15087,3.89456],[-75.15107,3.89463],[-75.15127,3.89465],[-75.15155,3.8946],[-75.15171,3.89463],[-75.15188,3.89461],[-75.15198,3.89456],[-75.15255,3.89454],[-75.15293,3.89457],[-75.15303,3.89466],[-75.15319,3.89525],[-75.15332,3.89552]]},"properties":{"NIVEL_PROP":"N3-Terciaria"}},{"type":"Feature","geometry":{"type":"LineString","coordinates":[[-75.2178,3.93688],[-75.2176,3.93662],[-75.21742,3.93643],[-75.21711,3.93622],[-75.21706,3.93616]]},"properties":{"NIVEL_PROP":"N3-Terciaria"}},{"type":"Feature","geometry":{"type":"LineString","coordinates":[[-75.2203,3.94049],[-75.22024,3.94048],[-75.22019,3.94048],[-75.22005,3.9404]]},"properties":{"NIVEL_PROP":"N3-Terciaria"}},{"type":"Feature","geometry":{"type":"LineString","coordinates":[[-75.0257,3.76029],[-75.02569,3.76059],[-75.02568,3.76089],[-75.02567,3.76097],[-75.02566,3.76104],[-75.02558,3.76123],[-75.02524,3.76187],[-75.0249,3.7625],[-75.02475,3.76283],[-75.02459,3.76317],[-75.02454,3.76328],[-75.02455,3.7633],[-75.02461,3.76333],[-75.02479,3.7634],[-75.02487,3.76343],[-75.0265,3.76372],[-75.02766,3.76405],[-75.02914,3.76449],[-75.02985,3.76483],[-75.03071,3.76516],[-75.03154,3.76521],[-75.03158,3.7652],[-75.0316,3.76513],[-75.03149,3.76415],[-75.03151,3.76402],[-75.03159,3.764],[-75.03788,3.76602]]},"properties":{"NIVEL_PROP":"N3-Terciaria"}},{"type":"Feature","geometry":{"type":"LineString","coordinates":[[-75.12845,3.86891],[-75.12689,3.86746],[-75.12669,3.86719],[-75.12656,3.86711],[-75.12638,3.86708],[-75.12616,3.86702],[-75.12553,3.86658],[-75.12528,3.86644],[-75.12493,3.86582],[-75.12476,3.86563],[-75.12457,3.86543],[-75.12439,3.86529],[-75.1242,3.86509],[-75.12407,3.865],[-75.12362,3.86482],[-75.12334,3.86468],[-75.12305,3.8645],[-75.12265,3.86427]]},"properties":{"NIVEL_PROP":"N3-Terciaria"}},{"type":"Feature","geometry":{"type":"LineString","coordinates":[[-75.10105,3.58489],[-75.10121,3.58443],[-75.10135,3.58422],[-75.10164,3.58384],[-75.10176,3.58372],[-75.10195,3.58354],[-75.10204,3.5834],[-75.10214,3.58322],[-75.10224,3.58297],[-75.10229,3.58279],[-75.1023,3.58268],[-75.1023,3.58226]]},"properties":{"NIVEL_PROP":"N3-Terciaria"}},{"type":"Feature","geometry":{"type":"LineString","coordinates":[[-75.06151,3.81944],[-75.0611,3.8194]]},"properties":{"NIVEL_PROP":"N3-Terciaria"}},{"type":"Feature","geometry":{"type":"LineString","coordinates":[[-75.09799,3.62285],[-75.09807,3.62251],[-75.09813,3.62217]]},"properties":{"NIVEL_PROP":"N3-Terciaria"}},{"type":"Feature","geometry":{"type":"LineString","coordinates":[[-75.19358,3.79506],[-75.19408,3.79591]]},"properties":{"NIVEL_PROP":"N3-Terciaria"}},{"type":"Feature","geometry":{"type":"LineString","coordinates":[[-75.19359,3.79196],[-75.19405,3.79198]]},"properties":{"NIVEL_PROP":"N3-Terciaria"}},{"type":"Feature","geometry":{"type":"LineString","coordinates":[[-75.13511,3.96037],[-75.13513,3.9608],[-75.13515,3.96121],[-75.13526,3.96143],[-75.13537,3.96162],[-75.13549,3.96176],[-75.13573,3.96186],[-75.13589,3.96195],[-75.13601,3.96214],[-75.13619,3.96231],[-75.13735,3.96239],[-75.13748,3.96239],[-75.13764,3.9625],[-75.13813,3.96281],[-75.13822,3.96293],[-75.13824,3.96302],[-75.13821,3.96316],[-75.13825,3.96333],[-75.13831,3.96342],[-75.13847,3.96353],[-75.13897,3.96366],[-75.13909,3.96369],[-75.13937,3.96373],[-75.13957,3.9638],[-75.13965,3.96398],[-75.13969,3.96415],[-75.13966,3.96451],[-75.13954,3.96476],[-75.13948,3.96503],[-75.13941,3.96525]]},"properties":{"NIVEL_PROP":"N3-Terciaria"}},{"type":"Feature","geometry":{"type":"LineString","coordinates":[[-75.34289,3.90538],[-75.34296,3.90539],[-75.34377,3.90523],[-75.34413,3.90522],[-75.34439,3.90518],[-75.34451,3.90519],[-75.3454,3.90569],[-75.34551,3.90567],[-75.3456,3.90561],[-75.34561,3.90553],[-75.34562,3.90541],[-75.34567,3.90519],[-75.34598,3.9047],[-75.34619,3.90441],[-75.34637,3.90425],[-75.34652,3.90411],[-75.34672,3.90415],[-75.34691,3.90423],[-75.34696,3.90435],[-75.3471,3.90459],[-75.34723,3.9047],[-75.34741,3.90476],[-75.34756,3.90476],[-75.34784,3.90472],[-75.34828,3.90474],[-75.34846,3.90473],[-75.34856,3.90476],[-75.34873,3.90471],[-75.34894,3.90468],[-75.34904,3.90451],[-75.34917,3.9044],[-75.34945,3.90434],[-75.34981,3.90428],[-75.35004,3.90423],[-75.35043,3.90442],[-75.35083,3.90466],[-75.35101,3.90477],[-75.35105,3.90494],[-75.35097,3.90502],[-75.35068,3.90518],[-75.35038,3.90536],[-75.35012,3.90545],[-75.3499,3.90548],[-75.34981,3.90554],[-75.34976,3.90562],[-75.34979,3.90573],[-75.34991,3.90584],[-75.34998,3.90594],[-75.35002,3.90617],[-75.34994,3.90637],[-75.34976,3.90656],[-75.34973,3.90665],[-75.34978,3.90676],[-75.3499,3.90685],[-75.35003,3.90695],[-75.35018,3.907],[-75.35023,3.90706],[-75.35029,3.90717],[-75.35026,3.90731],[-75.35027,3.9074],[-75.35036,3.90748],[-75.35048,3.90751],[-75.35066,3.90757],[-75.35077,3.90768],[-75.35078,3.90777],[-75.35074,3.90792],[-75.35065,3.90808],[-75.35067,3.90825],[-75.35076,3.90837],[-75.35091,3.90848],[-75.35095,3.90854],[-75.35094,3.9086],[-75.35083,3.90872],[-75.35079,3.90887],[-75.35079,3.90903],[-75.35087,3.90911],[-75.35106,3.90917],[-75.35118,3.90921],[-75.3513,3.90933],[-75.35138,3.90946],[-75.35146,3.90952],[-75.35154,3.90957],[-75.35158,3.9097],[-75.3516,3.90984],[-75.35158,3.90996],[-75.35153,3.91014],[-75.35149,3.91028],[-75.35149,3.91044],[-75.35161,3.91059],[-75.35171,3.91069],[-75.35182,3.91079],[-75.35199,3.91083],[-75.35215,3.91078],[-75.35229,3.91068],[-75.35243,3.9106],[-75.35254,3.91056],[-75.35268,3.91052],[-75.35277,3.91055],[-75.3528,3.91062],[-75.35279,3.91075],[-75.35271,3.91093],[-75.35267,3.91107],[-75.3526,3.91117],[-75.35251,3.91124],[-75.35243,3.91145],[-75.35241,3.9116],[-75.35255,3.91183],[-75.35263,3.91201],[-75.35266,3.91214],[-75.3525,3.91226],[-75.35231,3.91232],[-75.352,3.91233],[-75.35179,3.91235],[-75.35153,3.91249],[-75.35137,3.91264],[-75.35129,3.91272],[-75.35127,3.9128],[-75.35131,3.91299],[-75.3513,3.91311],[-75.35128,3.91317],[-75.35119,3.91321],[-75.35105,3.91318],[-75.35093,3.91316],[-75.35084,3.91319],[-75.35078,3.91326],[-75.35074,3.91337],[-75.35075,3.91344],[-75.35078,3.91353],[-75.35083,3.91357]]},"properties":{"NIVEL_PROP":"N3-Terciaria"}},{"type":"Feature","geometry":{"type":"LineString","coordinates":[[-75.19272,3.7015],[-75.19239,3.70191],[-75.19172,3.70245],[-75.19095,3.70307],[-75.19084,3.70337],[-75.19073,3.70371],[-75.19053,3.70413],[-75.19009,3.70503],[-75.18994,3.70543],[-75.18987,3.70579],[-75.18986,3.70608],[-75.1898,3.70621],[-75.18973,3.70638],[-75.18972,3.7066],[-75.18968,3.70691],[-75.18961,3.70713],[-75.1895,3.70736],[-75.18931,3.7076],[-75.18909,3.70778],[-75.18899,3.70784],[-75.1889,3.70785],[-75.18844,3.70782]]},"properties":{"NIVEL_PROP":"N3-Camino vecinal"}},{"type":"Feature","geometry":{"type":"LineString","coordinates":[[-75.22629,3.74686],[-75.22774,3.7477],[-75.22809,3.74778],[-75.22831,3.74799],[-75.22883,3.74827],[-75.22932,3.7489],[-75.22965,3.74949],[-75.22947,3.75065],[-75.22945,3.75143],[-75.22962,3.75175],[-75.22962,3.75196],[-75.22927,3.75183],[-75.22906,3.7519],[-75.22893,3.75208],[-75.22853,3.75209],[-75.22837,3.75194],[-75.22824,3.75207],[-75.22814,3.75236],[-75.22779,3.75245]]},"properties":{"NIVEL_PROP":"N3-Camino vecinal"}},{"type":"Feature","geometry":{"type":"LineString","coordinates":[[-75.194,3.71634],[-75.19416,3.7164],[-75.1947,3.71649],[-75.19492,3.71638]]},"properties":{"NIVEL_PROP":"N3-Terciaria"}},{"type":"Feature","geometry":{"type":"LineString","coordinates":[[-75.10177,3.59225],[-75.10178,3.59245]]},"properties":{"NIVEL_PROP":"N3-Terciaria"}},{"type":"Feature","geometry":{"type":"LineString","coordinates":[[-75.07342,3.69094],[-75.07297,3.69164],[-75.07271,3.69209],[-75.07251,3.69241],[-75.07223,3.69286],[-75.07196,3.69327],[-75.07168,3.69367],[-75.07132,3.69425],[-75.07117,3.69451],[-75.07107,3.69466],[-75.071,3.6947],[-75.07091,3.69475],[-75.07091,3.69475],[-75.0709,3.69476],[-75.07088,3.6948]]},"properties":{"NIVEL_PROP":"N3-Terciaria"}},{"type":"Feature","geometry":{"type":"LineString","coordinates":[[-75.1128,3.93787],[-75.11263,3.93717]]},"properties":{"NIVEL_PROP":"N3-Terciaria"}},{"type":"Feature","geometry":{"type":"LineString","coordinates":[[-75.11408,3.85694],[-75.11389,3.85675],[-75.11385,3.85673],[-75.11345,3.85644],[-75.11317,3.85627],[-75.11313,3.85624],[-75.11274,3.85599]]},"properties":{"NIVEL_PROP":"N3-Servicio"}},{"type":"Feature","geometry":{"type":"LineString","coordinates":[[-75.17328,3.85735],[-75.17332,3.85734],[-75.17337,3.85733],[-75.1734,3.85733],[-75.17345,3.8574],[-75.17347,3.85745],[-75.17349,3.85751],[-75.17351,3.85758],[-75.17353,3.8576],[-75.17358,3.85761],[-75.1736,3.85758],[-75.17365,3.85754],[-75.1737,3.85751],[-75.17374,3.85748],[-75.17375,3.85745],[-75.17381,3.85742],[-75.17386,3.85738],[-75.17393,3.85735],[-75.17397,3.85731]]},"properties":{"NIVEL_PROP":"Sendero"}},{"type":"Feature","geometry":{"type":"LineString","coordinates":[[-75.09576,3.53656],[-75.09574,3.53656],[-75.09572,3.53657],[-75.09571,3.53658],[-75.0957,3.5366],[-75.09569,3.53661],[-75.09564,3.53671],[-75.09558,3.5368],[-75.09554,3.53687],[-75.09548,3.53693],[-75.09543,3.53699],[-75.09523,3.53722],[-75.09452,3.53783],[-75.09395,3.53827],[-75.0934,3.53869],[-75.09285,3.53919],[-75.09252,3.53947],[-75.09249,3.5395],[-75.09245,3.53952],[-75.09241,3.53953],[-75.09236,3.53954],[-75.09232,3.53953],[-75.09227,3.53953],[-75.09158,3.53945],[-75.09106,3.53938],[-75.09028,3.53934],[-75.08932,3.53932],[-75.08919,3.53932],[-75.08906,3.53931],[-75.08893,3.5393],[-75.0888,3.53927],[-75.08866,3.53924],[-75.08852,3.5392],[-75.08737,3.5389],[-75.08664,3.53866],[-75.08583,3.53833],[-75.08487,3.53788],[-75.08441,3.53764]]},"properties":{"NIVEL_PROP":"N3-Servicio"}},{"type":"Feature","geometry":{"type":"LineString","coordinates":[[-75.11976,3.77273],[-75.11918,3.77257],[-75.11913,3.77256]]},"properties":{"NIVEL_PROP":"N3-Terciaria"}},{"type":"Feature","geometry":{"type":"LineString","coordinates":[[-75.10098,3.61362],[-75.10434,3.60804],[-75.10761,3.60259],[-75.10802,3.60187],[-75.10829,3.60136],[-75.10965,3.59912],[-75.11001,3.59852],[-75.11167,3.59577],[-75.11238,3.59454],[-75.11326,3.59327],[-75.114,3.59238],[-75.11577,3.59053],[-75.11811,3.58807],[-75.11847,3.5877],[-75.11875,3.58745],[-75.11899,3.58727],[-75.11923,3.58712],[-75.11961,3.58696],[-75.12003,3.5868],[-75.12152,3.58627],[-75.123,3.58576]]},"properties":{"NIVEL_PROP":"N1-Principal"}},{"type":"Feature","geometry":{"type":"LineString","coordinates":[[-75.09735,3.62631],[-75.09701,3.62621],[-75.09669,3.62612]]},"properties":{"NIVEL_PROP":"N3-Terciaria"}},{"type":"Feature","geometry":{"type":"LineString","coordinates":[[-75.08952,3.65054],[-75.09006,3.65057],[-75.09058,3.65057],[-75.0907,3.65056],[-75.09084,3.65052],[-75.0909,3.65049],[-75.09096,3.65045],[-75.09106,3.65039],[-75.09117,3.65031],[-75.09153,3.65005],[-75.09194,3.64976],[-75.09218,3.64961],[-75.09234,3.64955],[-75.09243,3.64952],[-75.09253,3.64951],[-75.09263,3.64951],[-75.09273,3.64951],[-75.09281,3.64952],[-75.093,3.64958],[-75.09349,3.64976],[-75.09373,3.64987],[-75.09451,3.65023],[-75.09523,3.65054],[-75.09579,3.6508],[-75.0963,3.65104],[-75.09638,3.65108],[-75.09642,3.65111],[-75.09647,3.65115],[-75.09654,3.65124],[-75.09659,3.65129],[-75.09664,3.65137],[-75.09672,3.65151],[-75.09677,3.65168],[-75.09681,3.6519],[-75.09685,3.65209],[-75.09689,3.65227],[-75.09692,3.65242],[-75.09695,3.65258],[-75.09698,3.65271],[-75.09703,3.65283],[-75.09708,3.65292],[-75.09718,3.65304],[-75.0973,3.65316],[-75.09742,3.65324],[-75.09755,3.6533],[-75.10126,3.65427],[-75.10134,3.65428],[-75.10142,3.65428],[-75.10302,3.65422],[-75.10357,3.65421],[-75.10394,3.65419],[-75.10409,3.65421],[-75.1042,3.65425],[-75.10431,3.6543],[-75.1044,3.65437],[-75.10451,3.65447],[-75.10459,3.65459],[-75.10465,3.65472],[-75.10468,3.65487],[-75.10471,3.6552],[-75.10473,3.65552],[-75.10475,3.65595],[-75.10477,3.65687],[-75.1048,3.65693],[-75.10491,3.65702]]},"properties":{"NIVEL_PROP":"N3-Terciaria"}},{"type":"Feature","geometry":{"type":"LineString","coordinates":[[-75.03706,3.70118],[-75.03719,3.70142],[-75.03725,3.70172],[-75.03721,3.70221],[-75.03727,3.70244],[-75.03751,3.70283],[-75.03788,3.7032],[-75.03856,3.70346],[-75.03861,3.70352],[-75.03862,3.70355],[-75.0386,3.70359]]},"properties":{"NIVEL_PROP":"N3-Terciaria"}},{"type":"Feature","geometry":{"type":"LineString","coordinates":[[-75.27806,3.8697],[-75.27796,3.87006],[-75.27788,3.87025],[-75.27772,3.87044],[-75.27748,3.8707],[-75.2774,3.87101],[-75.27737,3.8713],[-75.27745,3.87153],[-75.27757,3.87176],[-75.27759,3.87202],[-75.27755,3.87219],[-75.27734,3.87229]]},"properties":{"NIVEL_PROP":"N3-Terciaria"}},{"type":"Feature","geometry":{"type":"LineString","coordinates":[[-75.02031,3.71599],[-75.02016,3.71589],[-75.01997,3.71577],[-75.01993,3.71571]]},"properties":{"NIVEL_PROP":"N3-Terciaria"}},{"type":"Feature","geometry":{"type":"LineString","coordinates":[[-75.05532,3.62172],[-75.05521,3.62153],[-75.05517,3.62145],[-75.05513,3.62139],[-75.05509,3.62134],[-75.05502,3.62128],[-75.05494,3.62123],[-75.05484,3.62116],[-75.0547,3.62111],[-75.05457,3.6211],[-75.05445,3.6211],[-75.05436,3.62109],[-75.05428,3.62105],[-75.05421,3.62101],[-75.05415,3.62095],[-75.05408,3.62088],[-75.054,3.6208],[-75.05393,3.62073],[-75.05386,3.62068],[-75.05376,3.62064],[-75.05353,3.62056],[-75.0534,3.62051],[-75.05324,3.62045],[-75.05306,3.62038],[-75.05295,3.62034],[-75.05285,3.62029],[-75.05283,3.62026],[-75.05281,3.62023],[-75.0528,3.62015],[-75.05249,3.61727],[-75.05247,3.61714],[-75.05219,3.61659],[-75.05199,3.61611],[-75.05197,3.616],[-75.05166,3.6123],[-75.05167,3.61225],[-75.05169,3.6122],[-75.05225,3.61085],[-75.05262,3.6094],[-75.05261,3.60933],[-75.05258,3.60929],[-75.05172,3.60886],[-75.05159,3.60873],[-75.05129,3.6084],[-75.05115,3.60831],[-75.05027,3.60801],[-75.05023,3.60798],[-75.05021,3.60791],[-75.05027,3.60745],[-75.05026,3.60741],[-75.05021,3.60737],[-75.04934,3.60708],[-75.04892,3.60685],[-75.04838,3.60634],[-75.04802,3.606],[-75.04767,3.60567],[-75.04644,3.60474],[-75.0458,3.6042],[-75.04462,3.60325],[-75.04408,3.60278],[-75.04382,3.60259],[-75.0432,3.60228],[-75.04183,3.60151],[-75.0414,3.60129],[-75.04119,3.60113],[-75.04085,3.60096],[-75.04063,3.60091],[-75.04044,3.6008],[-75.04015,3.60078],[-75.03866,3.60047],[-75.03845,3.60038],[-75.03762,3.59986],[-75.03694,3.59946],[-75.03659,3.59929],[-75.03639,3.59929],[-75.0362,3.59923],[-75.03581,3.59909],[-75.03562,3.5991],[-75.03487,3.59916],[-75.03461,3.59916],[-75.03437,3.59912],[-75.0341,3.599],[-75.03392,3.59892],[-75.03366,3.59885],[-75.03342,3.59882],[-75.0332,3.59867],[-75.03304,3.59858],[-75.03288,3.59859],[-75.03259,3.5987],[-75.03234,3.59877],[-75.03217,3.59871],[-75.03205,3.5986],[-75.03185,3.59856],[-75.03152,3.59864],[-75.0304,3.59886],[-75.03,3.59895],[-75.02979,3.5989],[-75.02953,3.59897],[-75.02816,3.59928],[-75.02777,3.59931],[-75.0275,3.59938],[-75.02738,3.59949],[-75.02727,3.59985],[-75.02718,3.59999],[-75.02686,3.60031],[-75.02672,3.60045],[-75.02646,3.60083],[-75.02633,3.60099],[-75.02611,3.60106],[-75.02592,3.60113],[-75.02559,3.60112],[-75.0255,3.60093],[-75.02551,3.60072],[-75.02543,3.60056],[-75.0253,3.60036],[-75.02521,3.5998],[-75.02481,3.59786],[-75.0247,3.59765],[-75.02411,3.597],[-75.02396,3.59669],[-75.02394,3.5965],[-75.02416,3.59605]]},"properties":{"NIVEL_PROP":"N3-Terciaria"}},{"type":"Feature","geometry":{"type":"LineString","coordinates":[[-75.17703,3.76838],[-75.17676,3.76829],[-75.17666,3.76823],[-75.17654,3.76822],[-75.17606,3.76808],[-75.17547,3.76805],[-75.17519,3.76798]]},"properties":{"NIVEL_PROP":"N3-Terciaria"}},{"type":"Feature","geometry":{"type":"LineString","coordinates":[[-75.08939,3.94034],[-75.08787,3.94066],[-75.08705,3.94144],[-75.08652,3.94241],[-75.08648,3.94281],[-75.0864,3.94287],[-75.08605,3.9429],[-75.08556,3.94308],[-75.0843,3.94338],[-75.0842,3.94346],[-75.08408,3.94365],[-75.08396,3.94383],[-75.08361,3.9441],[-75.08339,3.94419],[-75.08322,3.94419],[-75.0831,3.94415],[-75.08248,3.94368],[-75.08231,3.94364],[-75.08149,3.94315],[-75.08124,3.94304],[-75.08098,3.94283]]},"properties":{"NIVEL_PROP":"N3-Terciaria"}},{"type":"Feature","geometry":{"type":"LineString","coordinates":[[-75.27864,4.00514],[-75.27885,4.00599]]},"properties":{"NIVEL_PROP":"N3-Terciaria"}},{"type":"Feature","geometry":{"type":"LineString","coordinates":[[-75.17728,3.7578],[-75.17653,3.75768],[-75.17477,3.75739],[-75.17455,3.75727],[-75.17435,3.75704],[-75.17395,3.75558],[-75.1738,3.75537],[-75.17198,3.75405],[-75.17072,3.75371],[-75.17048,3.75362],[-75.17032,3.75351],[-75.17017,3.75327],[-75.1697,3.75235],[-75.16869,3.75036],[-75.16865,3.75026],[-75.16789,3.74811],[-75.16787,3.74787],[-75.16781,3.74711],[-75.16769,3.7468],[-75.16734,3.74652],[-75.16685,3.74647]]},"properties":{"NIVEL_PROP":"N3-Terciaria"}},{"type":"Feature","geometry":{"type":"LineString","coordinates":[[-75.05993,3.82041],[-75.06004,3.82071],[-75.06013,3.8212],[-75.06018,3.82152],[-75.0602,3.8216],[-75.06021,3.82163],[-75.06029,3.82195],[-75.06034,3.82211],[-75.06043,3.82247],[-75.06052,3.82293],[-75.06054,3.82305],[-75.06061,3.82339]]},"properties":{"NIVEL_PROP":"N3-Terciaria"}},{"type":"Feature","geometry":{"type":"LineString","coordinates":[[-75.2149,3.91986],[-75.21613,3.9189]]},"properties":{"NIVEL_PROP":"N3-Terciaria"}},{"type":"Feature","geometry":{"type":"LineString","coordinates":[[-75.09078,3.62895],[-75.09127,3.62778],[-75.09154,3.62697],[-75.09218,3.6252],[-75.09228,3.62488],[-75.09255,3.62406],[-75.09278,3.62324],[-75.093,3.62254],[-75.09325,3.62177],[-75.09343,3.6212],[-75.09349,3.62098]]},"properties":{"NIVEL_PROP":"N3-Terciaria"}},{"type":"Feature","geometry":{"type":"LineString","coordinates":[[-75.22213,3.93636],[-75.22196,3.93637],[-75.2218,3.93633],[-75.22165,3.93628],[-75.22149,3.93627],[-75.22136,3.93629],[-75.22113,3.93638],[-75.22085,3.93652]]},"properties":{"NIVEL_PROP":"N3-Terciaria"}},{"type":"Feature","geometry":{"type":"LineString","coordinates":[[-75.21032,3.9186],[-75.21037,3.91852],[-75.21041,3.91841],[-75.21043,3.91828]]},"properties":{"NIVEL_PROP":"N3-Terciaria"}},{"type":"Feature","geometry":{"type":"LineString","coordinates":[[-75.31224,3.77259],[-75.31199,3.77279],[-75.31087,3.77281],[-75.31042,3.77278],[-75.31004,3.77301],[-75.30967,3.77328],[-75.30944,3.77326],[-75.30937,3.77315],[-75.309,3.77288],[-75.30864,3.77295],[-75.30845,3.77297],[-75.30793,3.77287],[-75.30775,3.7729],[-75.30715,3.77278],[-75.30678,3.7728],[-75.30653,3.77275],[-75.30569,3.77241],[-75.30527,3.77222],[-75.30473,3.77215],[-75.3045,3.77219],[-75.30421,3.77237],[-75.30383,3.77268],[-75.30315,3.77314],[-75.30314,3.7735],[-75.30337,3.77481],[-75.30343,3.7755],[-75.30302,3.77651],[-75.30193,3.77864],[-75.30193,3.77966],[-75.30056,3.78018],[-75.30056,3.78189],[-75.29483,3.78596],[-75.29332,3.78587],[-75.29288,3.78579],[-75.29278,3.78566],[-75.29266,3.78531],[-75.29261,3.78523],[-75.292,3.78543],[-75.29195,3.78546],[-75.2918,3.78579],[-75.29167,3.78597],[-75.29162,3.786],[-75.29151,3.786],[-75.29146,3.78594],[-75.29141,3.78581],[-75.29141,3.78565],[-75.29141,3.78547],[-75.29134,3.78526],[-75.29085,3.78496],[-75.29072,3.78492],[-75.29035,3.78498],[-75.28977,3.78511],[-75.28947,3.78512],[-75.28919,3.78514],[-75.28893,3.78509],[-75.28878,3.78493],[-75.28855,3.78473],[-75.28836,3.78451],[-75.28792,3.78447],[-75.28763,3.78446],[-75.28729,3.78452],[-75.28713,3.78467],[-75.287,3.785],[-75.28682,3.78553],[-75.28666,3.7859],[-75.28646,3.78611],[-75.28602,3.78625],[-75.28562,3.78627],[-75.28519,3.78641],[-75.28495,3.78652],[-75.28484,3.78673],[-75.2849,3.78715],[-75.28492,3.78735],[-75.28492,3.78754],[-75.28493,3.78788],[-75.2848,3.78824],[-75.28447,3.78862],[-75.28423,3.78885],[-75.284,3.78899],[-75.28379,3.78892],[-75.28368,3.78885],[-75.28355,3.78873],[-75.28346,3.78862],[-75.28344,3.78848],[-75.28331,3.78825],[-75.28311,3.78814],[-75.28292,3.78812],[-75.28243,3.78816],[-75.28218,3.78824],[-75.28196,3.78834],[-75.28174,3.78877],[-75.28174,3.78903],[-75.28168,3.78977],[-75.28172,3.79014],[-75.28172,3.79048],[-75.28156,3.79093],[-75.28142,3.79108],[-75.28102,3.79128],[-75.28044,3.79136],[-75.27994,3.79147],[-75.27936,3.79143],[-75.2787,3.79135],[-75.27828,3.79128],[-75.27799,3.79122],[-75.27746,3.79121],[-75.27699,3.79139],[-75.27609,3.79158],[-75.27523,3.79194],[-75.27444,3.79247],[-75.27312,3.79238],[-75.27276,3.7927],[-75.2726,3.7928],[-75.2725,3.79297],[-75.27219,3.79303],[-75.27187,3.79291],[-75.27153,3.79283],[-75.27122,3.79283],[-75.27083,3.7927],[-75.27058,3.79243],[-75.27029,3.7921],[-75.26996,3.79185],[-75.26952,3.7916],[-75.26915,3.79138],[-75.26876,3.7914],[-75.26836,3.79151],[-75.26819,3.79156],[-75.26789,3.79164],[-75.26771,3.79169],[-75.26703,3.79186],[-75.26621,3.7921],[-75.26566,3.79225],[-75.26495,3.79244],[-75.26403,3.79243],[-75.2637,3.79241],[-75.26322,3.79247],[-75.26278,3.79256],[-75.26249,3.79253],[-75.26223,3.79243],[-75.26203,3.79229],[-75.26178,3.79224],[-75.26108,3.79212],[-75.26038,3.79188],[-75.2602,3.79179],[-75.25999,3.79175],[-75.25955,3.79169],[-75.25868,3.79161],[-75.25773,3.79128],[-75.25677,3.79108],[-75.25538,3.78919],[-75.25466,3.78818],[-75.25433,3.7877],[-75.25387,3.78737],[-75.2531,3.78698],[-75.25242,3.78675],[-75.25223,3.78649],[-75.25209,3.78611],[-75.25197,3.78574],[-75.25146,3.78526],[-75.2504,3.78505],[-75.24877,3.78498],[-75.24723,3.78476],[-75.24667,3.78472],[-75.2464,3.78477],[-75.24616,3.78485],[-75.24587,3.78497],[-75.24566,3.78486],[-75.24552,3.78465],[-75.24529,3.78456],[-75.24495,3.78462],[-75.24365,3.78405],[-75.24339,3.78379],[-75.24312,3.78367],[-75.24262,3.78362],[-75.24241,3.78369],[-75.24222,3.78382],[-75.24186,3.78393],[-75.24164,3.78392],[-75.24137,3.78375],[-75.24088,3.78389],[-75.24071,3.78372],[-75.24064,3.78346],[-75.24035,3.78312],[-75.24001,3.78293],[-75.23957,3.78271],[-75.23896,3.78267],[-75.23858,3.7825],[-75.23819,3.7824],[-75.23743,3.78218],[-75.23708,3.78209],[-75.23677,3.78191],[-75.23655,3.78172],[-75.23631,3.78157],[-75.23572,3.78127],[-75.23526,3.78111],[-75.23482,3.78109],[-75.23392,3.78103],[-75.23293,3.78096],[-75.23202,3.78081],[-75.23075,3.78058],[-75.23018,3.78065]]},"properties":{"NIVEL_PROP":"N3-Terciaria"}},{"type":"Feature","geometry":{"type":"LineString","coordinates":[[-75.10733,3.52815],[-75.10716,3.52801]]},"properties":{"NIVEL_PROP":"N3-Terciaria"}},{"type":"Feature","geometry":{"type":"LineString","coordinates":[[-74.99222,3.75833],[-74.99246,3.75757],[-74.99257,3.75725],[-74.99268,3.75701],[-74.99285,3.75678],[-74.99302,3.75662],[-74.99313,3.75652],[-74.9932,3.75643],[-74.99324,3.75631],[-74.99326,3.75615],[-74.99326,3.75592],[-74.99315,3.75541],[-74.99311,3.75512],[-74.99301,3.75495],[-74.99291,3.75493]]},"properties":{"NIVEL_PROP":"N3-Servicio"}},{"type":"Feature","geometry":{"type":"LineString","coordinates":[[-75.18167,3.99455],[-75.18151,3.99473],[-75.18129,3.99521]]},"properties":{"NIVEL_PROP":"N3-Terciaria"}},{"type":"Feature","geometry":{"type":"LineString","coordinates":[[-75.14992,3.47147],[-75.14971,3.47135],[-75.1489,3.47094],[-75.14861,3.47083],[-75.14785,3.47037],[-75.14734,3.47006],[-75.14721,3.46995],[-75.14703,3.46978],[-75.14683,3.46959],[-75.14668,3.46941],[-75.14653,3.46919],[-75.14639,3.46894],[-75.14607,3.46848],[-75.14598,3.46837],[-75.14562,3.468],[-75.14556,3.46794],[-75.1452,3.46764],[-75.14461,3.46693],[-75.14427,3.4665],[-75.14422,3.46645],[-75.14416,3.46641],[-75.14396,3.4663],[-75.14375,3.46621],[-75.14359,3.46611],[-75.14346,3.466],[-75.14312,3.46569]]},"properties":{"NIVEL_PROP":"N2-Secundaria"}},{"type":"Feature","geometry":{"type":"LineString","coordinates":[[-75.2177,3.92712],[-75.21791,3.92693],[-75.21789,3.92677],[-75.21781,3.92662],[-75.21774,3.9265],[-75.21806,3.92642],[-75.21847,3.92628]]},"properties":{"NIVEL_PROP":"N3-Terciaria"}},{"type":"Feature","geometry":{"type":"LineString","coordinates":[[-75.00332,3.76803],[-75.00314,3.76858],[-75.00321,3.76909],[-75.00356,3.76972],[-75.00359,3.7699]]},"properties":{"NIVEL_PROP":"N3-Terciaria"}},{"type":"Feature","geometry":{"type":"LineString","coordinates":[[-75.09674,3.96619],[-75.09669,3.96642],[-75.09657,3.96666],[-75.09642,3.96688],[-75.09638,3.96698],[-75.09638,3.96709],[-75.09661,3.96754]]},"properties":{"NIVEL_PROP":"N3-Terciaria"}},{"type":"Feature","geometry":{"type":"LineString","coordinates":[[-75.16183,3.88609],[-75.16194,3.88632],[-75.16192,3.88674],[-75.16187,3.88704],[-75.16178,3.88723],[-75.16205,3.8874],[-75.16248,3.88805],[-75.1629,3.88836],[-75.16291,3.88878],[-75.16302,3.88937],[-75.16263,3.88986],[-75.1623,3.89075],[-75.16217,3.89096],[-75.16199,3.8911],[-75.16193,3.89134],[-75.16201,3.89167],[-75.16203,3.89178],[-75.16199,3.89228],[-75.16189,3.89254],[-75.16193,3.89279],[-75.16216,3.89292],[-75.16256,3.8932],[-75.1629,3.8934],[-75.16315,3.8935],[-75.16352,3.89354],[-75.16423,3.89388],[-75.16451,3.89413],[-75.16449,3.8944],[-75.16448,3.8948],[-75.16446,3.89494],[-75.16455,3.89519],[-75.16476,3.89537],[-75.16498,3.89565],[-75.16528,3.89595],[-75.16568,3.89613],[-75.16582,3.89658],[-75.16609,3.8968],[-75.16613,3.89712],[-75.16598,3.89757],[-75.16584,3.89786],[-75.16588,3.89799],[-75.16613,3.8981],[-75.16626,3.89819],[-75.16636,3.89832],[-75.16656,3.89833],[-75.16676,3.8984],[-75.16711,3.89873],[-75.16752,3.89944],[-75.16785,3.89989],[-75.16801,3.90011],[-75.16833,3.8999],[-75.16859,3.89982],[-75.16895,3.89986]]},"properties":{"NIVEL_PROP":"N3-Terciaria"}},{"type":"Feature","geometry":{"type":"LineString","coordinates":[[-75.09677,3.62455],[-75.09658,3.62534]]},"properties":{"NIVEL_PROP":"N3-Terciaria"}},{"type":"Feature","geometry":{"type":"LineString","coordinates":[[-75.09601,3.62177],[-75.09587,3.62186],[-75.09528,3.62166],[-75.09522,3.62152]]},"properties":{"NIVEL_PROP":"N3-Servicio"}},{"type":"Feature","geometry":{"type":"LineString","coordinates":[[-75.07341,3.7154],[-75.07274,3.71649],[-75.07254,3.71679],[-75.07172,3.71813],[-75.07169,3.71816],[-75.07164,3.71819],[-75.07143,3.71825],[-75.07103,3.71831],[-75.07091,3.71833],[-75.07075,3.71836],[-75.07062,3.71838],[-75.07051,3.71842],[-75.07041,3.71846],[-75.07035,3.71849],[-75.07029,3.71853],[-75.07023,3.71857],[-75.07017,3.71862],[-75.07011,3.71865],[-75.07006,3.71867],[-75.07003,3.71868],[-75.06996,3.71869],[-75.06959,3.71871],[-75.06943,3.71871],[-75.06937,3.71871],[-75.06931,3.71871],[-75.06924,3.71874],[-75.06919,3.71878],[-75.06913,3.71883],[-75.06911,3.71886],[-75.06908,3.7189],[-75.06905,3.71895],[-75.069,3.71903],[-75.06896,3.7191],[-75.06892,3.71914],[-75.06886,3.71919],[-75.0688,3.71923],[-75.06876,3.71926],[-75.06871,3.7193],[-75.06866,3.71936],[-75.06861,3.71942],[-75.06858,3.7195],[-75.06856,3.71959],[-75.06853,3.71968],[-75.06846,3.71981],[-75.06835,3.71994],[-75.06814,3.72013],[-75.06805,3.7202],[-75.06799,3.72025],[-75.06793,3.72033],[-75.06774,3.72077],[-75.0676,3.72111],[-75.06748,3.72141],[-75.06736,3.72161],[-75.06729,3.72174],[-75.06727,3.72182],[-75.06721,3.72191],[-75.06716,3.72198],[-75.06711,3.72204],[-75.06707,3.72207],[-75.06704,3.72211],[-75.067,3.72216],[-75.06698,3.72222],[-75.06695,3.72229],[-75.06678,3.72266],[-75.06649,3.72322],[-75.06645,3.72327],[-75.06637,3.7233],[-75.06623,3.72331],[-75.06607,3.72323],[-75.06548,3.72289],[-75.06539,3.72282],[-75.06531,3.7228],[-75.06523,3.72285],[-75.06517,3.72299],[-75.06508,3.7231],[-75.06497,3.72314],[-75.0649,3.72319],[-75.06476,3.72335],[-75.06471,3.72341],[-75.06469,3.72355],[-75.06465,3.72367],[-75.06458,3.72375],[-75.06447,3.72391],[-75.06432,3.72419],[-75.06426,3.7244],[-75.06423,3.7245],[-75.06414,3.7246],[-75.064,3.72479],[-75.06345,3.72572],[-75.06337,3.72595],[-75.06323,3.72622],[-75.06312,3.72641],[-75.0631,3.72651],[-75.06308,3.72661],[-75.06293,3.72692],[-75.06287,3.72704],[-75.06257,3.72739],[-75.06245,3.72751],[-75.06235,3.72757],[-75.06223,3.72763],[-75.06214,3.72771],[-75.0621,3.72782],[-75.0621,3.72798],[-75.06211,3.72816],[-75.06195,3.72861],[-75.06183,3.72889],[-75.06144,3.72947],[-75.06132,3.72969],[-75.06122,3.73011],[-75.06102,3.73095],[-75.06089,3.73145],[-75.06083,3.73181],[-75.0608,3.73209],[-75.06078,3.73226],[-75.0607,3.7325],[-75.06062,3.73271],[-75.06061,3.73284],[-75.06063,3.73289],[-75.06067,3.73292],[-75.06072,3.73294],[-75.06077,3.73295],[-75.0608,3.73297],[-75.06081,3.73301],[-75.06081,3.73306],[-75.06079,3.73312],[-75.06066,3.73336],[-75.05968,3.73523],[-75.05923,3.73614],[-75.05876,3.73715],[-75.0569,3.74098],[-75.0569,3.74103],[-75.05691,3.74106],[-75.05694,3.74107],[-75.05702,3.7411],[-75.0572,3.74116],[-75.05727,3.74118],[-75.05733,3.74117],[-75.05737,3.74116],[-75.0574,3.74115],[-75.05744,3.74115],[-75.05757,3.74119],[-75.05774,3.74126],[-75.05818,3.74163],[-75.0582,3.74166],[-75.05821,3.74169],[-75.05822,3.74172],[-75.05822,3.74175],[-75.0581,3.74194],[-75.05699,3.74377],[-75.05698,3.74379],[-75.05698,3.74383],[-75.05698,3.74385],[-75.05699,3.74387],[-75.05701,3.74389],[-75.05704,3.7439],[-75.05708,3.74391],[-75.05715,3.74392],[-75.0574,3.74397],[-75.05772,3.74403],[-75.05858,3.74421],[-75.06026,3.74456],[-75.0636,3.74527],[-75.06763,3.74614],[-75.06816,3.74621],[-75.06872,3.74629],[-75.06982,3.74643],[-75.07057,3.74651],[-75.07091,3.74655],[-75.07207,3.74678],[-75.07302,3.74702],[-75.07414,3.74742],[-75.0747,3.74763],[-75.07527,3.74782],[-75.07586,3.74796]]},"properties":{"NIVEL_PROP":"N3-Terciaria"}},{"type":"Feature","geometry":{"type":"LineString","coordinates":[[-75.19746,3.79832],[-75.19704,3.79912],[-75.19656,3.80018],[-75.19622,3.80099],[-75.19584,3.80173],[-75.19547,3.8027]]},"properties":{"NIVEL_PROP":"N3-Terciaria"}},{"type":"Feature","geometry":{"type":"LineString","coordinates":[[-75.09626,3.62687],[-75.0955,3.62665],[-75.0947,3.62641]]},"properties":{"NIVEL_PROP":"N3-Terciaria"}},{"type":"Feature","geometry":{"type":"LineString","coordinates":[[-75.08806,3.62295],[-75.08808,3.62259],[-75.0881,3.62228],[-75.08812,3.6219],[-75.08815,3.62149],[-75.08814,3.62095],[-75.08832,3.6202],[-75.08855,3.61944],[-75.08886,3.61853],[-75.08899,3.61812],[-75.08905,3.618],[-75.08923,3.61751]]},"properties":{"NIVEL_PROP":"N3-Terciaria"}},{"type":"Feature","geometry":{"type":"LineString","coordinates":[[-75.11966,3.70511],[-75.11971,3.70513],[-75.12082,3.70559],[-75.12133,3.7056],[-75.12235,3.70544],[-75.12288,3.70543],[-75.12315,3.70554],[-75.12326,3.70567],[-75.12341,3.706],[-75.12348,3.70612],[-75.1245,3.70653],[-75.12477,3.70636],[-75.12503,3.70603],[-75.12514,3.70577],[-75.12525,3.7052]]},"properties":{"NIVEL_PROP":"N3-Terciaria"}},{"type":"Feature","geometry":{"type":"LineString","coordinates":[[-75.21972,3.93596],[-75.21962,3.93602],[-75.2193,3.93625],[-75.21927,3.93638],[-75.21901,3.93717]]},"properties":{"NIVEL_PROP":"N3-Terciaria"}},{"type":"Feature","geometry":{"type":"LineString","coordinates":[[-75.28078,4.03506],[-75.28091,4.03509],[-75.28111,4.03529],[-75.28126,4.03537],[-75.2815,4.03542],[-75.28163,4.03542],[-75.2818,4.03533],[-75.28192,4.03522],[-75.28199,4.0351],[-75.28205,4.03504],[-75.28222,4.03504],[-75.28244,4.0351],[-75.28254,4.03516],[-75.28266,4.03528],[-75.28273,4.03537],[-75.28282,4.03569],[-75.28299,4.03593],[-75.283,4.03598],[-75.28301,4.03616],[-75.28298,4.03632],[-75.28299,4.03659],[-75.28292,4.03675],[-75.28286,4.03683],[-75.28275,4.03701],[-75.2827,4.03732],[-75.28271,4.03762],[-75.28285,4.03793],[-75.28297,4.03827],[-75.28304,4.03842],[-75.28324,4.03873],[-75.28338,4.03914],[-75.28338,4.03926],[-75.28335,4.03935],[-75.2833,4.03945],[-75.28329,4.03956],[-75.28332,4.03962],[-75.28336,4.03966],[-75.28341,4.03967],[-75.28353,4.03967],[-75.28387,4.0396],[-75.28407,4.03953],[-75.28414,4.03944],[-75.28421,4.03929],[-75.28431,4.03886],[-75.28444,4.03847],[-75.28453,4.03827],[-75.28462,4.03812],[-75.28482,4.03798],[-75.28523,4.03778],[-75.2854,4.03776],[-75.28551,4.03783],[-75.28559,4.03793],[-75.28566,4.03808],[-75.28571,4.03812],[-75.28574,4.03813]]},"properties":{"NIVEL_PROP":"N3-Camino vecinal"}},{"type":"Feature","geometry":{"type":"LineString","coordinates":[[-75.1612,3.90931],[-75.16115,3.90963],[-75.16122,3.91012]]},"properties":{"NIVEL_PROP":"N3-Terciaria"}},{"type":"Feature","geometry":{"type":"LineString","coordinates":[[-75.32584,3.81314],[-75.32542,3.81354],[-75.32533,3.81359],[-75.32527,3.8136],[-75.32519,3.81362],[-75.32508,3.81362],[-75.32496,3.81359],[-75.32485,3.81356],[-75.32463,3.81346],[-75.32456,3.81341]]},"properties":{"NIVEL_PROP":"N1-Principal"}},{"type":"Feature","geometry":{"type":"LineString","coordinates":[[-75.23442,3.74881],[-75.23412,3.74915],[-75.23401,3.74919],[-75.23348,3.74978],[-75.23314,3.75085],[-75.23305,3.75114],[-75.23314,3.7513],[-75.23223,3.75383],[-75.23203,3.75405],[-75.23209,3.75505],[-75.23212,3.75519],[-75.23206,3.75534],[-75.23176,3.75571],[-75.23152,3.75588],[-75.2314,3.75591],[-75.23033,3.75583],[-75.22965,3.75583],[-75.22817,3.75584],[-75.22706,3.75667],[-75.22707,3.7568],[-75.22641,3.75735],[-75.22614,3.75741],[-75.22472,3.75856],[-75.22462,3.75873],[-75.22401,3.7592],[-75.22326,3.76005],[-75.22253,3.76087],[-75.22229,3.76102],[-75.2221,3.76098],[-75.22143,3.7609],[-75.21968,3.76131],[-75.21948,3.76165],[-75.21938,3.76171],[-75.21866,3.7619],[-75.21848,3.76205],[-75.21808,3.76259],[-75.218,3.76271],[-75.21783,3.76295],[-75.21783,3.7632],[-75.2178,3.76479],[-75.21778,3.76524],[-75.21763,3.76555],[-75.21749,3.76559],[-75.21699,3.76592],[-75.21652,3.76599],[-75.21574,3.7661],[-75.21538,3.7662],[-75.21516,3.76634],[-75.21511,3.76654],[-75.21402,3.77013],[-75.21401,3.77038],[-75.21345,3.77136],[-75.21332,3.77147],[-75.21317,3.77157],[-75.21296,3.77163],[-75.21285,3.77165],[-75.2121,3.7714],[-75.21201,3.77136],[-75.21181,3.77137],[-75.2117,3.77142],[-75.21093,3.77209],[-75.21011,3.77273],[-75.21002,3.77294],[-75.2091,3.77366],[-75.20869,3.77394],[-75.20777,3.77446],[-75.20614,3.77533],[-75.20576,3.77531],[-75.20535,3.77508],[-75.20478,3.77447]]},"properties":{"NIVEL_PROP":"N3-Terciaria"}},{"type":"Feature","geometry":{"type":"LineString","coordinates":[[-75.00241,3.76183],[-75.00233,3.76193],[-75.00188,3.76246],[-75.00166,3.76261],[-75.00156,3.76263],[-75.00133,3.76258],[-75.00112,3.76257],[-75.00087,3.76269],[-75.00079,3.76274],[-75.00068,3.76273],[-74.99983,3.76222],[-74.99972,3.76223],[-74.99944,3.76204],[-74.99908,3.76163],[-74.99901,3.76145],[-74.99891,3.76085],[-74.99887,3.76072],[-74.99881,3.76066],[-74.99808,3.7606],[-74.99777,3.76048]]},"properties":{"NIVEL_PROP":"N3-Terciaria"}},{"type":"Feature","geometry":{"type":"LineString","coordinates":[[-74.99809,3.66434],[-74.99641,3.6653],[-74.99598,3.66544],[-74.99579,3.66548],[-74.99287,3.66593],[-74.9909,3.66624],[-74.99043,3.66638],[-74.98995,3.66668],[-74.98976,3.66684],[-74.98945,3.66725],[-74.98894,3.66793],[-74.98878,3.66819],[-74.98866,3.66856],[-74.98852,3.66913],[-74.98826,3.67081],[-74.98805,3.67162],[-74.988,3.6717],[-74.9879,3.67182],[-74.98751,3.67225],[-74.9872,3.6726],[-74.98659,3.67341],[-74.98643,3.67374],[-74.98635,3.67393]]},"properties":{"NIVEL_PROP":"N3-Terciaria"}},{"type":"Feature","geometry":{"type":"LineString","coordinates":[[-75.17733,3.76572],[-75.17731,3.76581],[-75.1773,3.76593],[-75.17728,3.76613],[-75.17724,3.76624]]},"properties":{"NIVEL_PROP":"N3-Servicio"}},{"type":"Feature","geometry":{"type":"LineString","coordinates":[[-75.6054,4.00995],[-75.60507,4.01036],[-75.6048,4.01068]]},"properties":{"NIVEL_PROP":"N3-Terciaria"}},{"type":"Feature","geometry":{"type":"LineString","coordinates":[[-75.2245,3.93459],[-75.22447,3.93447],[-75.22428,3.93428],[-75.22412,3.9342]]},"properties":{"NIVEL_PROP":"N3-Terciaria"}},{"type":"Feature","geometry":{"type":"LineString","coordinates":[[-75.09692,3.62458],[-75.0971,3.625],[-75.09719,3.62549],[-75.0972,3.62559],[-75.09727,3.62584],[-75.09733,3.62618],[-75.09735,3.62631],[-75.09737,3.62642],[-75.0974,3.62655],[-75.09749,3.62691],[-75.09756,3.62713],[-75.09775,3.62778],[-75.09794,3.62819],[-75.09834,3.62918]]},"properties":{"NIVEL_PROP":"N3-Terciaria"}},{"type":"Feature","geometry":{"type":"LineString","coordinates":[[-75.12766,3.92786],[-75.12755,3.92811],[-75.12717,3.92855],[-75.12677,3.92903],[-75.12663,3.9293],[-75.1264,3.92966],[-75.12615,3.92978]]},"properties":{"NIVEL_PROP":"N3-Terciaria"}},{"type":"Feature","geometry":{"type":"LineString","coordinates":[[-75.21782,3.92278],[-75.21775,3.92227]]},"properties":{"NIVEL_PROP":"N3-Terciaria"}},{"type":"Feature","geometry":{"type":"LineString","coordinates":[[-75.64841,3.98528],[-75.64818,3.98532],[-75.64772,3.98534],[-75.64748,3.98538],[-75.64727,3.98548],[-75.64696,3.98563],[-75.64668,3.98576],[-75.64645,3.98578],[-75.64626,3.98577],[-75.64598,3.98577],[-75.64583,3.98581],[-75.64555,3.98586],[-75.6453,3.98572],[-75.64514,3.98573],[-75.64498,3.98575],[-75.64474,3.98584],[-75.64442,3.98597],[-75.64411,3.98608],[-75.64332,3.98663],[-75.64276,3.98652],[-75.6424,3.98657],[-75.64165,3.98653],[-75.64111,3.98691],[-75.63938,3.98726],[-75.63883,3.98692],[-75.63674,3.98695],[-75.63581,3.98867],[-75.63598,3.98913],[-75.63567,3.98965],[-75.63437,3.9902],[-75.63333,3.98982],[-75.63249,3.98954],[-75.6315,3.98984],[-75.63081,3.99024],[-75.63007,3.99025],[-75.62899,3.99008],[-75.62844,3.99],[-75.62773,3.98998],[-75.62728,3.98975],[-75.62693,3.98968],[-75.62654,3.98954],[-75.62568,3.98975],[-75.62537,3.99005],[-75.62378,3.99045],[-75.62372,3.99088],[-75.6229,3.99123],[-75.62131,3.99278],[-75.62126,3.99486],[-75.62171,3.99583],[-75.62132,3.99626],[-75.62111,3.99732],[-75.62016,3.99749],[-75.61994,3.9981],[-75.62013,3.99843],[-75.61997,3.99871],[-75.61895,3.9984],[-75.61866,3.99811],[-75.61803,3.99817],[-75.6178,3.99739],[-75.61782,3.99713],[-75.61704,3.99645],[-75.61548,3.99693],[-75.61516,3.99746],[-75.61506,3.9978],[-75.61504,3.9985],[-75.61505,3.99906],[-75.61519,3.99974],[-75.6152,3.99999],[-75.61515,4.00031],[-75.61499,4.00047],[-75.61469,4.00052],[-75.61445,4.00056],[-75.61439,4.00068],[-75.61435,4.00167],[-75.6136,4.00235]]},"properties":{"NIVEL_PROP":"N3-Terciaria"}},{"type":"Feature","geometry":{"type":"LineString","coordinates":[[-75.16469,4.00248],[-75.16503,4.00252],[-75.16517,4.00265],[-75.1657,4.00207],[-75.16624,4.00128],[-75.16716,4.00165],[-75.16748,4.00198],[-75.16778,4.00244],[-75.16849,4.00278],[-75.16917,4.00319],[-75.16955,4.00338],[-75.17004,4.00329],[-75.17044,4.00342],[-75.1707,4.00368],[-75.17119,4.00368],[-75.1718,4.00352],[-75.17247,4.00368],[-75.17295,4.00399],[-75.17354,4.00473],[-75.17401,4.005],[-75.17436,4.00511],[-75.17503,4.00564],[-75.17564,4.00589],[-75.17619,4.00602],[-75.17697,4.00641],[-75.17741,4.00659],[-75.17814,4.00685],[-75.17781,4.00753]]},"properties":{"NIVEL_PROP":"N3-Terciaria"}},{"type":"Feature","geometry":{"type":"LineString","coordinates":[[-75.18088,3.98982],[-75.18132,3.99053],[-75.18144,3.99072],[-75.18135,3.99105],[-75.18122,3.99132],[-75.18094,3.99171],[-75.18092,3.99192],[-75.18077,3.99214],[-75.18084,3.99241],[-75.18116,3.993],[-75.18161,3.99333],[-75.18166,3.99354],[-75.18177,3.99364],[-75.18187,3.99388],[-75.18214,3.99402]]},"properties":{"NIVEL_PROP":"N3-Terciaria"}},{"type":"Feature","geometry":{"type":"LineString","coordinates":[[-75.31498,3.96285],[-75.31495,3.96237],[-75.31488,3.96191]]},"properties":{"NIVEL_PROP":"N3-Terciaria"}},{"type":"Feature","geometry":{"type":"LineString","coordinates":[[-75.29483,3.78596],[-75.29512,3.78644],[-75.29522,3.78673],[-75.29523,3.78712],[-75.29515,3.78821],[-75.29511,3.7887],[-75.29509,3.78922],[-75.29536,3.78943],[-75.2959,3.78918],[-75.29606,3.78918],[-75.29657,3.78976],[-75.297,3.79044],[-75.29764,3.79105],[-75.29806,3.79163],[-75.29821,3.79244],[-75.29873,3.79318],[-75.29908,3.79411],[-75.29901,3.79496],[-75.29914,3.79551],[-75.29939,3.79592],[-75.29945,3.79636],[-75.29949,3.79678],[-75.29954,3.79772],[-75.29998,3.79888],[-75.29997,3.79921],[-75.29979,3.79954],[-75.29924,3.80006],[-75.29878,3.80085],[-75.29825,3.80177],[-75.29786,3.80262],[-75.2977,3.80389],[-75.29765,3.8042],[-75.29732,3.80457],[-75.29705,3.80473],[-75.29684,3.80504],[-75.29679,3.80558],[-75.29672,3.80594],[-75.29658,3.80628],[-75.29628,3.80674],[-75.29581,3.80738],[-75.29448,3.80834],[-75.29433,3.80854],[-75.29421,3.80881],[-75.29407,3.80931],[-75.29374,3.8103],[-75.29369,3.81053],[-75.29362,3.81075],[-75.29358,3.81092],[-75.29362,3.81112],[-75.29407,3.81169],[-75.29452,3.81237],[-75.29471,3.81262],[-75.29485,3.81289],[-75.29458,3.81339],[-75.29452,3.81381],[-75.29478,3.81404],[-75.29558,3.81467],[-75.29647,3.81519],[-75.29747,3.81542],[-75.29829,3.81563],[-75.29896,3.81573],[-75.29928,3.81585],[-75.29964,3.81606],[-75.29979,3.81633],[-75.29988,3.81664],[-75.2999,3.81762],[-75.30007,3.81806],[-75.30025,3.81835],[-75.30032,3.8185],[-75.30045,3.81853],[-75.30056,3.81844],[-75.30064,3.8183],[-75.30088,3.81805],[-75.30129,3.81794],[-75.30176,3.81753],[-75.30249,3.81711],[-75.3035,3.81693],[-75.30454,3.81668],[-75.30499,3.8169],[-75.30518,3.81678],[-75.30528,3.81662],[-75.30541,3.81651],[-75.30555,3.81648],[-75.3058,3.81655],[-75.30608,3.81678],[-75.30629,3.81716],[-75.30657,3.81725],[-75.30683,3.81706],[-75.30733,3.81658],[-75.30787,3.81619],[-75.30855,3.816],[-75.30974,3.81586],[-75.31069,3.81546],[-75.31173,3.81491],[-75.31274,3.81459],[-75.31324,3.81453],[-75.31375,3.81457],[-75.31474,3.81474],[-75.31799,3.81417],[-75.31915,3.81392],[-75.32006,3.81346],[-75.32108,3.813],[-75.32233,3.81332],[-75.32307,3.81358],[-75.32317,3.8136],[-75.32331,3.81361],[-75.32338,3.81359],[-75.32347,3.81355],[-75.32355,3.8135],[-75.32367,3.81338],[-75.32377,3.81322],[-75.32382,3.81312],[-75.32386,3.81304]]},"properties":{"NIVEL_PROP":"N3-Terciaria"}},{"type":"Feature","geometry":{"type":"LineString","coordinates":[[-75.06967,3.77128],[-75.06967,3.77133]]},"properties":{"NIVEL_PROP":"N3-Terciaria"}},{"type":"Feature","geometry":{"type":"LineString","coordinates":[[-75.02559,3.60112],[-75.02543,3.6012],[-75.02539,3.60131],[-75.02542,3.60143],[-75.02552,3.60183],[-75.0257,3.60247],[-75.02581,3.60282],[-75.02582,3.60307],[-75.02574,3.60323],[-75.0256,3.60335],[-75.02549,3.60341],[-75.02538,3.60338],[-75.02505,3.60314],[-75.02461,3.60295],[-75.02435,3.60281],[-75.02398,3.60258],[-75.0236,3.60228],[-75.02318,3.602],[-75.02294,3.60187],[-75.02264,3.60182],[-75.02233,3.60177],[-75.02221,3.60174],[-75.02209,3.60166],[-75.02197,3.60145],[-75.02181,3.60124],[-75.02168,3.60104],[-75.02145,3.60085],[-75.02126,3.60066],[-75.02102,3.60047],[-75.02088,3.60036],[-75.02069,3.60027],[-75.02049,3.60024],[-75.02025,3.60026],[-75.02008,3.60027],[-75.01993,3.60032],[-75.01986,3.60043],[-75.01974,3.60046],[-75.01959,3.60046],[-75.01928,3.60034],[-75.01875,3.60012],[-75.0185,3.59998],[-75.01819,3.59984],[-75.01791,3.59979],[-75.01753,3.59964],[-75.01719,3.59948],[-75.01706,3.59938],[-75.01691,3.59929],[-75.01664,3.59921],[-75.01644,3.59919],[-75.01619,3.5992],[-75.01607,3.59917],[-75.01599,3.59915],[-75.01586,3.59919],[-75.01566,3.59928],[-75.01539,3.59935],[-75.01514,3.59938],[-75.015,3.59938],[-75.01477,3.59937],[-75.01453,3.59937],[-75.01435,3.59937],[-75.01412,3.59942],[-75.01392,3.59954],[-75.01373,3.59963],[-75.01366,3.59968],[-75.01358,3.59969],[-75.01341,3.59959],[-75.01328,3.5995],[-75.01315,3.59946],[-75.01307,3.59945],[-75.01294,3.59948],[-75.01275,3.59971],[-75.01267,3.59986],[-75.01267,3.60001],[-75.0126,3.60015],[-75.01255,3.60022],[-75.01244,3.60025],[-75.01232,3.60029],[-75.01222,3.60037],[-75.01218,3.60054],[-75.01216,3.60057],[-75.01213,3.60059],[-75.01211,3.6006],[-75.01208,3.60061],[-75.01205,3.60061],[-75.01201,3.60061],[-75.01187,3.60054],[-75.01181,3.60051],[-75.01174,3.60051],[-75.0117,3.60056],[-75.01166,3.60061],[-75.01161,3.60064],[-75.0115,3.6006],[-75.01131,3.60053],[-75.01118,3.60051],[-75.01109,3.60052],[-75.011,3.60051],[-75.01094,3.60047],[-75.0109,3.60038],[-75.01089,3.6003],[-75.01085,3.60024],[-75.01073,3.6002],[-75.01066,3.60017],[-75.01059,3.60004],[-75.01053,3.59984],[-75.01049,3.59966],[-75.01042,3.5996],[-75.01029,3.59956],[-75.01009,3.59965],[-75.00993,3.5997],[-75.00973,3.59977],[-75.00962,3.59988],[-75.00951,3.59995],[-75.00938,3.59995],[-75.0092,3.59989],[-75.00909,3.59983],[-75.00904,3.59971],[-75.00891,3.59957],[-75.00865,3.59942],[-75.00855,3.59938],[-75.00853,3.59937],[-75.0085,3.59937],[-75.00848,3.59938],[-75.00846,3.59939],[-75.00844,3.5994],[-75.00842,3.59942],[-75.00841,3.59945],[-75.00832,3.59957],[-75.00831,3.59958],[-75.00829,3.59959],[-75.00828,3.59959],[-75.00826,3.59959],[-75.00824,3.59958],[-75.00823,3.59956],[-75.00823,3.59954],[-75.00824,3.59935],[-75.00823,3.59918],[-75.0082,3.59909],[-75.00813,3.59906],[-75.00808,3.59911],[-75.00806,3.59925],[-75.00802,3.59945],[-75.00801,3.59947],[-75.00799,3.5995],[-75.00797,3.59951],[-75.00794,3.59953],[-75.00791,3.59953],[-75.00788,3.59953],[-75.00786,3.59952],[-75.00783,3.5995],[-75.00774,3.59939],[-75.00771,3.59936]]},"properties":{"NIVEL_PROP":"N3-Camino vecinal"}},{"type":"Feature","geometry":{"type":"LineString","coordinates":[[-75.28805,3.88508],[-75.28797,3.88515],[-75.28789,3.88533],[-75.28773,3.88551],[-75.28762,3.8856],[-75.28744,3.88566],[-75.28733,3.88573]]},"properties":{"NIVEL_PROP":"N3-Terciaria"}},{"type":"Feature","geometry":{"type":"LineString","coordinates":[[-75.05781,3.69784],[-75.0579,3.69792],[-75.05796,3.69795],[-75.05803,3.69799],[-75.05815,3.69805],[-75.05822,3.69811],[-75.05831,3.69825],[-75.05843,3.69841],[-75.05853,3.69849],[-75.05882,3.6986],[-75.05887,3.69864],[-75.05893,3.69871],[-75.059,3.69878],[-75.05913,3.69882],[-75.05932,3.69888],[-75.05951,3.69894],[-75.05966,3.69904],[-75.05972,3.69911],[-75.05982,3.69925],[-75.05992,3.69937]]},"properties":{"NIVEL_PROP":"N3-Servicio"}},{"type":"Feature","geometry":{"type":"LineString","coordinates":[[-75.01289,3.771],[-75.01561,3.76954],[-75.01589,3.76944],[-75.01627,3.76945],[-75.02046,3.76968],[-75.02155,3.77054],[-75.02267,3.77146],[-75.0239,3.77298]]},"properties":{"NIVEL_PROP":"N3-Terciaria"}},{"type":"Feature","geometry":{"type":"LineString","coordinates":[[-75.09355,3.62926],[-75.09373,3.62835]]},"properties":{"NIVEL_PROP":"N3-Terciaria"}},{"type":"Feature","geometry":{"type":"LineString","coordinates":[[-75.2771,3.94935],[-75.27792,3.95002],[-75.27814,3.95038]]},"properties":{"NIVEL_PROP":"N3-Terciaria"}},{"type":"Feature","geometry":{"type":"LineString","coordinates":[[-75.14502,3.9247],[-75.14479,3.9244],[-75.1445,3.92402],[-75.14431,3.92378],[-75.14444,3.92283],[-75.14454,3.92215],[-75.14449,3.92191],[-75.14432,3.92192],[-75.14384,3.92204],[-75.14364,3.92202],[-75.14349,3.92147],[-75.1433,3.92116],[-75.14288,3.921],[-75.14292,3.92086],[-75.14302,3.92077]]},"properties":{"NIVEL_PROP":"N3-Terciaria"}},{"type":"Feature","geometry":{"type":"LineString","coordinates":[[-75.01291,3.71639],[-75.01308,3.71648],[-75.01319,3.71657]]},"properties":{"NIVEL_PROP":"N3-Terciaria"}},{"type":"Feature","geometry":{"type":"LineString","coordinates":[[-75.12594,3.55847],[-75.12587,3.55848],[-75.1258,3.55849],[-75.12574,3.5585],[-75.12568,3.55853],[-75.12566,3.55856],[-75.12563,3.5586],[-75.1256,3.55862],[-75.12559,3.55864],[-75.12557,3.55866],[-75.12555,3.55867],[-75.12546,3.55867],[-75.12438,3.55865],[-75.12429,3.55864],[-75.12424,3.55862],[-75.12419,3.5586],[-75.12399,3.55853],[-75.12384,3.55847],[-75.12348,3.55839],[-75.12336,3.55834],[-75.12306,3.55817],[-75.12289,3.55801],[-75.12267,3.55777],[-75.12261,3.55771],[-75.12255,3.55766],[-75.12217,3.55749],[-75.12147,3.5572],[-75.12091,3.55696],[-75.1206,3.5568],[-75.12048,3.55672],[-75.12039,3.55665],[-75.12029,3.55658],[-75.12,3.55644],[-75.1197,3.55631],[-75.11921,3.55611],[-75.11917,3.5561],[-75.11911,3.55609],[-75.11905,3.55609],[-75.11825,3.55614],[-75.1178,3.55616],[-75.11774,3.55617],[-75.11768,3.55618],[-75.11758,3.5562],[-75.11736,3.55625],[-75.11718,3.55631],[-75.11708,3.55635],[-75.11684,3.55638],[-75.11659,3.5564],[-75.1165,3.55638],[-75.11634,3.55631],[-75.11623,3.55632],[-75.1156,3.5566],[-75.11506,3.5569],[-75.11485,3.557],[-75.11425,3.55719],[-75.11308,3.55755],[-75.11263,3.55767],[-75.1124,3.55767],[-75.11211,3.55759],[-75.11056,3.55707]]},"properties":{"NIVEL_PROP":"N3-Terciaria"}},{"type":"Feature","geometry":{"type":"LineString","coordinates":[[-75.18096,3.92569],[-75.18117,3.92595],[-75.18143,3.92615],[-75.18187,3.92626],[-75.18222,3.92654],[-75.18243,3.92675],[-75.18267,3.9269],[-75.18329,3.92703],[-75.18369,3.92737],[-75.18433,3.92738],[-75.18469,3.92767],[-75.18505,3.92794],[-75.18547,3.92813],[-75.18628,3.92855],[-75.18634,3.92878],[-75.18632,3.92901],[-75.18629,3.9292],[-75.1862,3.92937],[-75.18579,3.92982],[-75.18574,3.9302],[-75.18577,3.9304],[-75.18583,3.93058],[-75.18647,3.93147],[-75.18723,3.93207],[-75.18854,3.93269],[-75.18975,3.93314],[-75.19109,3.93342],[-75.19164,3.93349],[-75.19222,3.9335],[-75.1923,3.93353],[-75.19238,3.93359],[-75.1924,3.93376],[-75.19241,3.93391],[-75.19245,3.93406],[-75.19253,3.93419],[-75.19277,3.93449],[-75.19302,3.93494],[-75.19311,3.93516],[-75.19326,3.93529],[-75.19346,3.93531],[-75.19364,3.93529],[-75.19413,3.93518],[-75.1942,3.93519],[-75.19427,3.93525],[-75.19433,3.9355],[-75.19454,3.93658],[-75.1949,3.93734],[-75.19526,3.93804],[-75.19539,3.9382],[-75.19557,3.93826],[-75.19602,3.9385],[-75.19635,3.93874],[-75.19652,3.9388],[-75.19668,3.93877],[-75.19682,3.93873],[-75.19697,3.93879],[-75.1972,3.93892],[-75.19753,3.93929],[-75.19794,3.93985],[-75.19827,3.94019],[-75.19869,3.94054],[-75.19872,3.94064],[-75.19881,3.94121],[-75.19892,3.94153],[-75.19921,3.94175],[-75.20159,3.94291],[-75.20268,3.94352],[-75.20312,3.94378],[-75.20361,3.94381],[-75.20438,3.94376],[-75.20491,3.94373],[-75.20551,3.9438],[-75.20613,3.94388],[-75.20671,3.94408],[-75.20697,3.94421],[-75.20727,3.94427],[-75.20755,3.94423],[-75.20809,3.94417],[-75.20889,3.94418],[-75.20968,3.94408],[-75.21016,3.94389],[-75.21031,3.94383],[-75.21043,3.94375],[-75.21062,3.94352],[-75.21098,3.94302],[-75.21113,3.94286],[-75.21124,3.94266],[-75.21123,3.94248],[-75.21124,3.94229],[-75.21122,3.94213],[-75.21126,3.94195],[-75.21138,3.94179],[-75.21154,3.94165],[-75.21197,3.94136],[-75.21239,3.94117],[-75.21306,3.94082],[-75.21347,3.94056],[-75.21355,3.9406]]},"properties":{"NIVEL_PROP":"N3-Terciaria"}},{"type":"Feature","geometry":{"type":"LineString","coordinates":[[-75.14446,3.46184],[-75.14426,3.46192],[-75.1442,3.46194],[-75.14413,3.46195],[-75.14407,3.46195],[-75.14403,3.46193],[-75.144,3.46191],[-75.14388,3.46179],[-75.14375,3.46168],[-75.14375,3.46166],[-75.14374,3.46164],[-75.14375,3.4616],[-75.14379,3.46153],[-75.14391,3.46138]]},"properties":{"NIVEL_PROP":"N3-Terciaria"}},{"type":"Feature","geometry":{"type":"LineString","coordinates":[[-75.12838,3.93209],[-75.12828,3.9321],[-75.12809,3.93203],[-75.12785,3.93204],[-75.12771,3.9321],[-75.12769,3.93221],[-75.12772,3.93233]]},"properties":{"NIVEL_PROP":"N3-Terciaria"}},{"type":"Feature","geometry":{"type":"LineString","coordinates":[[-75.19164,3.40041],[-75.19169,3.40063],[-75.1918,3.40109],[-75.19188,3.4012],[-75.192,3.40127],[-75.19197,3.40142],[-75.19195,3.40156],[-75.19193,3.4018]]},"properties":{"NIVEL_PROP":"N3-Terciaria"}},{"type":"Feature","geometry":{"type":"LineString","coordinates":[[-75.10999,3.53266],[-75.11003,3.53213],[-75.11,3.53166],[-75.10993,3.53119],[-75.1099,3.53083],[-75.10983,3.52953],[-75.10984,3.52915]]},"properties":{"NIVEL_PROP":"N3-Terciaria"}},{"type":"Feature","geometry":{"type":"LineString","coordinates":[[-75.11935,3.81399],[-75.11935,3.81391],[-75.11935,3.81356],[-75.11936,3.81345],[-75.11938,3.81335],[-75.11932,3.81321],[-75.11923,3.81307],[-75.11901,3.81298],[-75.11884,3.81289],[-75.11883,3.81202],[-75.11951,3.81066],[-75.11976,3.81048],[-75.11982,3.81034],[-75.11987,3.8101],[-75.11972,3.80914],[-75.11967,3.8088],[-75.11978,3.80835],[-75.11973,3.8081],[-75.11953,3.80785],[-75.11917,3.80772],[-75.11821,3.80766]]},"properties":{"NIVEL_PROP":"N3-Terciaria"}},{"type":"Feature","geometry":{"type":"LineString","coordinates":[[-75.09971,3.96766],[-75.10219,3.96798],[-75.10433,3.96836],[-75.10543,3.96853],[-75.10612,3.96864],[-75.10663,3.96873],[-75.10964,3.9692],[-75.11149,3.96949],[-75.11536,3.9701],[-75.11709,3.97012],[-75.12257,3.97005],[-75.1236,3.97005],[-75.12405,3.97005],[-75.12438,3.97004],[-75.12501,3.96996],[-75.12555,3.96974],[-75.1263,3.96922],[-75.12672,3.96864],[-75.12845,3.96608],[-75.13009,3.96345],[-75.13023,3.96327],[-75.13032,3.96317],[-75.13046,3.96305],[-75.13064,3.96291],[-75.13115,3.96258],[-75.13275,3.96153],[-75.13319,3.96125],[-75.13357,3.96099],[-75.13369,3.9609],[-75.13393,3.96079],[-75.13469,3.96049],[-75.13511,3.96037],[-75.13543,3.96029],[-75.13561,3.96028],[-75.13599,3.96029],[-75.13623,3.96029],[-75.13637,3.96028],[-75.13651,3.96025],[-75.13665,3.9602],[-75.13694,3.96007],[-75.13732,3.9599],[-75.13766,3.95978],[-75.13787,3.95971],[-75.13817,3.95964],[-75.13845,3.95958],[-75.13896,3.9595],[-75.13927,3.95942],[-75.13951,3.95934],[-75.13967,3.95927],[-75.13975,3.95919],[-75.13983,3.95911],[-75.14064,3.95803],[-75.14105,3.95743],[-75.14134,3.95711],[-75.14159,3.95692],[-75.14175,3.95681],[-75.14194,3.95667],[-75.14267,3.95617],[-75.14323,3.9557],[-75.14335,3.95556],[-75.14342,3.95544],[-75.14525,3.95157],[-75.14552,3.95097],[-75.14559,3.95077],[-75.14567,3.95043],[-75.14581,3.94949],[-75.14587,3.94922],[-75.14597,3.94907],[-75.14609,3.94899],[-75.14624,3.94891],[-75.14696,3.94859],[-75.1472,3.94847],[-75.14745,3.94832],[-75.14922,3.94675],[-75.15019,3.94585],[-75.15046,3.94562],[-75.1507,3.94541],[-75.15088,3.94523],[-75.15101,3.94504],[-75.15112,3.94481],[-75.15154,3.94375],[-75.15178,3.94312],[-75.1522,3.94203],[-75.15221,3.94199],[-75.15305,3.93982],[-75.15329,3.93931],[-75.15345,3.93915],[-75.15361,3.93901],[-75.15475,3.9381],[-75.15521,3.93794],[-75.15546,3.93793],[-75.15576,3.93798],[-75.15726,3.93855],[-75.15751,3.93869],[-75.15766,3.93872],[-75.15787,3.93871],[-75.15799,3.93867],[-75.15811,3.9386],[-75.1612,3.93575],[-75.16132,3.93567],[-75.16146,3.93562],[-75.16333,3.93539],[-75.16365,3.93539],[-75.16398,3.93545],[-75.16439,3.93555],[-75.1646,3.93565],[-75.16497,3.93574],[-75.16518,3.93584],[-75.16534,3.93598],[-75.16574,3.93642],[-75.16585,3.93657],[-75.16603,3.93661],[-75.16658,3.93666],[-75.16809,3.93665],[-75.16817,3.93663],[-75.16823,3.93661],[-75.16882,3.93629],[-75.16935,3.93594],[-75.16987,3.9357],[-75.17005,3.93562],[-75.17021,3.93557],[-75.1704,3.93554],[-75.1705,3.93554],[-75.1706,3.93555],[-75.17363,3.93619],[-75.17386,3.93625],[-75.17395,3.93626],[-75.17405,3.93627],[-75.17415,3.93625],[-75.17432,3.93617],[-75.17505,3.93572],[-75.17521,3.93564],[-75.1754,3.93557],[-75.17567,3.93547],[-75.17586,3.93536],[-75.1759,3.9353],[-75.17599,3.93513],[-75.176,3.935],[-75.17598,3.93276],[-75.176,3.93255],[-75.17604,3.93232],[-75.17612,3.9321],[-75.17631,3.93157],[-75.17636,3.93133],[-75.17638,3.93104],[-75.1764,3.93053],[-75.17642,3.93041],[-75.17645,3.93032],[-75.1765,3.93023],[-75.17657,3.93017],[-75.17784,3.9293],[-75.17895,3.92851],[-75.17904,3.92845],[-75.17913,3.92835],[-75.17923,3.92821],[-75.17976,3.92735],[-75.18021,3.92658],[-75.1803,3.92644],[-75.18041,3.92632],[-75.18069,3.92603],[-75.18096,3.92569],[-75.18135,3.92507],[-75.18147,3.92491],[-75.18161,3.92481],[-75.18187,3.92467],[-75.18197,3.92461],[-75.18239,3.92426],[-75.18286,3.92382],[-75.18293,3.92372],[-75.18315,3.92331],[-75.18322,3.92321],[-75.18346,3.92287],[-75.18349,3.92279],[-75.18349,3.92274],[-75.18344,3.92264]]},"properties":{"NIVEL_PROP":"N1-Principal"}},{"type":"Feature","geometry":{"type":"LineString","coordinates":[[-75.17214,3.85343],[-75.17225,3.85352],[-75.17239,3.85331],[-75.17269,3.85321],[-75.17298,3.85354],[-75.17307,3.85369],[-75.17316,3.85419],[-75.17366,3.85437],[-75.17387,3.85469],[-75.17402,3.85513],[-75.17404,3.8554],[-75.17362,3.85563],[-75.17349,3.85581],[-75.17342,3.85615],[-75.17365,3.85697],[-75.17328,3.85735],[-75.17221,3.858]]},"properties":{"NIVEL_PROP":"N3-Terciaria"}},{"type":"Feature","geometry":{"type":"LineString","coordinates":[[-75.17751,3.43484],[-75.18139,3.42969],[-75.18264,3.42803],[-75.18384,3.42636],[-75.18507,3.42511],[-75.18693,3.42338],[-75.18818,3.42187],[-75.18846,3.42159],[-75.18888,3.4213],[-75.19251,3.42],[-75.19293,3.41985],[-75.19321,3.4197],[-75.19345,3.41952],[-75.1938,3.41924],[-75.19405,3.41892],[-75.19433,3.41844],[-75.19463,3.41795],[-75.19543,3.41652],[-75.19625,3.41508],[-75.19646,3.41472],[-75.19661,3.4144],[-75.19686,3.41379],[-75.19704,3.41322],[-75.19721,3.41259],[-75.19787,3.41006],[-75.1981,3.40962],[-75.19833,3.40939],[-75.19883,3.40897],[-75.19952,3.40857]]},"properties":{"NIVEL_PROP":"N1-Principal"}},{"type":"Feature","geometry":{"type":"LineString","coordinates":[[-75.61958,4.01737],[-75.61962,4.01783],[-75.61993,4.0186],[-75.62026,4.01928]]},"properties":{"NIVEL_PROP":"N3-Terciaria"}},{"type":"Feature","geometry":{"type":"LineString","coordinates":[[-75.26436,3.73184],[-75.26439,3.73193],[-75.26447,3.73189],[-75.26458,3.73184],[-75.2646,3.73195],[-75.26456,3.73204]]},"properties":{"NIVEL_PROP":"N3-Camino vecinal"}},{"type":"Feature","geometry":{"type":"LineString","coordinates":[[-75.09384,3.85474],[-75.0938,3.85471],[-75.09376,3.85468],[-75.09372,3.85462],[-75.0933,3.85411]]},"properties":{"NIVEL_PROP":"N3-Servicio"}},{"type":"Feature","geometry":{"type":"LineString","coordinates":[[-75.18164,3.91397],[-75.18129,3.9102]]},"properties":{"NIVEL_PROP":"N3-Terciaria"}},{"type":"Feature","geometry":{"type":"LineString","coordinates":[[-75.12412,3.592],[-75.12449,3.59164],[-75.12487,3.59122],[-75.12543,3.59064],[-75.12608,3.58994]]},"properties":{"NIVEL_PROP":"N3-Servicio"}},{"type":"Feature","geometry":{"type":"LineString","coordinates":[[-75.11904,3.98002],[-75.11911,3.98033],[-75.11912,3.98046],[-75.11933,3.98078],[-75.11954,3.98094],[-75.11966,3.98106],[-75.11987,3.98127],[-75.12005,3.98152],[-75.12022,3.98164],[-75.12046,3.98183],[-75.12059,3.98201],[-75.12068,3.98223],[-75.12085,3.98239],[-75.12091,3.98256],[-75.12096,3.98277],[-75.12105,3.98301],[-75.12116,3.9832],[-75.12153,3.98341],[-75.12172,3.98357],[-75.12192,3.98364],[-75.12197,3.98365],[-75.12259,3.98388],[-75.12303,3.98407],[-75.12322,3.9841],[-75.12333,3.98424],[-75.12327,3.98454],[-75.12316,3.98499],[-75.12313,3.98519],[-75.12308,3.98547],[-75.12313,3.98554],[-75.12332,3.98565],[-75.12373,3.98581],[-75.12391,3.98606],[-75.12415,3.98632],[-75.1243,3.9865],[-75.12439,3.98664],[-75.12461,3.98669],[-75.12511,3.98684],[-75.12537,3.98693],[-75.12559,3.987],[-75.12569,3.98718],[-75.12595,3.98757],[-75.12609,3.98776],[-75.12625,3.98809],[-75.12646,3.98829],[-75.12678,3.98857],[-75.12703,3.98882],[-75.12721,3.98898],[-75.12743,3.98919],[-75.12753,3.98929]]},"properties":{"NIVEL_PROP":"N3-Camino vecinal"}},{"type":"Feature","geometry":{"type":"LineString","coordinates":[[-75.21914,3.93266],[-75.22012,3.93297],[-75.22039,3.93312]]},"properties":{"NIVEL_PROP":"N3-Terciaria"}},{"type":"Feature","geometry":{"type":"LineString","coordinates":[[-75.11596,3.52947],[-75.11596,3.52972],[-75.116,3.52978],[-75.11607,3.52982],[-75.11617,3.52982],[-75.11641,3.5298],[-75.11661,3.52982],[-75.11667,3.52983],[-75.11693,3.52968],[-75.11698,3.52962],[-75.11711,3.52949],[-75.11717,3.52947],[-75.11737,3.52941],[-75.11748,3.52938],[-75.11758,3.52932],[-75.11764,3.52927],[-75.11771,3.52919],[-75.11783,3.52903],[-75.11795,3.52879],[-75.11812,3.52854],[-75.11824,3.52838],[-75.11832,3.5283],[-75.11848,3.52819]]},"properties":{"NIVEL_PROP":"N3-Terciaria"}},{"type":"Feature","geometry":{"type":"LineString","coordinates":[[-75.19746,3.79608],[-75.19733,3.79595],[-75.197,3.79583],[-75.19666,3.79571]]},"properties":{"NIVEL_PROP":"N3-Terciaria"}},{"type":"Feature","geometry":{"type":"LineString","coordinates":[[-75.26664,3.73154],[-75.26661,3.73144],[-75.26657,3.73137],[-75.26651,3.73132],[-75.26647,3.73125],[-75.26647,3.73119],[-75.26661,3.73095],[-75.26692,3.73053],[-75.2671,3.7302],[-75.26714,3.73007],[-75.26717,3.72989],[-75.26713,3.72973],[-75.26707,3.72957],[-75.26703,3.72936],[-75.26704,3.72909],[-75.267,3.72896],[-75.26693,3.72878],[-75.26685,3.72861],[-75.2668,3.72833],[-75.2668,3.72812]]},"properties":{"NIVEL_PROP":"N3-Terciaria"}},{"type":"Feature","geometry":{"type":"LineString","coordinates":[[-75.0881,3.62228],[-75.08917,3.6226]]},"properties":{"NIVEL_PROP":"N3-Terciaria"}},{"type":"Feature","geometry":{"type":"LineString","coordinates":[[-75.17731,3.76776],[-75.17757,3.76784],[-75.17773,3.76783],[-75.17787,3.76775],[-75.17808,3.76764],[-75.17897,3.76681]]},"properties":{"NIVEL_PROP":"N3-Terciaria"}},{"type":"Feature","geometry":{"type":"LineString","coordinates":[[-75.2245,3.93951],[-75.22457,3.9403]]},"properties":{"NIVEL_PROP":"N3-Terciaria"}},{"type":"Feature","geometry":{"type":"LineString","coordinates":[[-75.07385,3.76251],[-75.07321,3.7628],[-75.07291,3.76299],[-75.07266,3.76322],[-75.07226,3.76354],[-75.07221,3.76358],[-75.07219,3.76362],[-75.07219,3.76366],[-75.07217,3.76384],[-75.07209,3.76394],[-75.07189,3.76408],[-75.0716,3.76426],[-75.07129,3.76444],[-75.07082,3.76466],[-75.07011,3.76499],[-75.06967,3.76533],[-75.06927,3.76598]]},"properties":{"NIVEL_PROP":"N3-Terciaria"}},{"type":"Feature","geometry":{"type":"LineString","coordinates":[[-75.19254,3.40449],[-75.19231,3.4047],[-75.19224,3.40474],[-75.19175,3.40497],[-75.19148,3.40512],[-75.19115,3.40525],[-75.19108,3.40526],[-75.19084,3.40526],[-75.19079,3.4053],[-75.1907,3.40534],[-75.18994,3.40539],[-75.1896,3.40549],[-75.18921,3.40559],[-75.18871,3.4057],[-75.18784,3.40554],[-75.18777,3.40555],[-75.18768,3.40558],[-75.18761,3.40559],[-75.18637,3.40529],[-75.18633,3.40525]]},"properties":{"NIVEL_PROP":"N3-Terciaria"}},{"type":"Feature","geometry":{"type":"LineString","coordinates":[[-75.09252,3.62155],[-75.09272,3.62096],[-75.09279,3.62074]]},"properties":{"NIVEL_PROP":"N2-Secundaria"}},{"type":"Feature","geometry":{"type":"LineString","coordinates":[[-75.08306,3.69484],[-75.08305,3.69488],[-75.08305,3.69492]]},"properties":{"NIVEL_PROP":"N3-Servicio"}},{"type":"Feature","geometry":{"type":"LineString","coordinates":[[-75.19102,3.79778],[-75.19082,3.7975]]},"properties":{"NIVEL_PROP":"N3-Terciaria"}},{"type":"Feature","geometry":{"type":"LineString","coordinates":[[-75.22116,3.92821],[-75.22014,3.92939],[-75.21988,3.92972]]},"properties":{"NIVEL_PROP":"N3-Terciaria"}},{"type":"Feature","geometry":{"type":"LineString","coordinates":[[-75.11456,3.91801],[-75.11424,3.91813],[-75.11409,3.91823],[-75.11392,3.91838]]},"properties":{"NIVEL_PROP":"N3-Terciaria"}},{"type":"Feature","geometry":{"type":"LineString","coordinates":[[-75.19236,3.7954],[-75.19151,3.79503]]},"properties":{"NIVEL_PROP":"N3-Terciaria"}},{"type":"Feature","geometry":{"type":"LineString","coordinates":[[-75.22142,3.93974],[-75.22144,3.93919]]},"properties":{"NIVEL_PROP":"N3-Terciaria"}},{"type":"Feature","geometry":{"type":"LineString","coordinates":[[-75.10436,3.52931],[-75.10494,3.5296]]},"properties":{"NIVEL_PROP":"N3-Terciaria"}},{"type":"Feature","geometry":{"type":"LineString","coordinates":[[-75.04801,3.69561],[-75.04808,3.69563]]},"properties":{"NIVEL_PROP":"N3-Terciaria"}},{"type":"Feature","geometry":{"type":"LineString","coordinates":[[-75.30905,3.9616],[-75.30874,3.96159],[-75.30781,3.9615],[-75.30704,3.96137],[-75.30683,3.96122],[-75.30664,3.96115],[-75.30648,3.96111],[-75.30606,3.96086],[-75.30549,3.96045],[-75.30474,3.95994],[-75.30457,3.95986],[-75.30433,3.95979],[-75.30408,3.9595],[-75.30367,3.95919],[-75.30345,3.95896],[-75.30319,3.95878],[-75.30284,3.95836],[-75.30269,3.95826],[-75.30262,3.95804],[-75.30247,3.95782],[-75.30227,3.95751]]},"properties":{"NIVEL_PROP":"N3-Terciaria"}},{"type":"Feature","geometry":{"type":"LineString","coordinates":[[-75.09601,3.62177],[-75.09638,3.62188],[-75.09657,3.62194],[-75.09684,3.62203]]},"properties":{"NIVEL_PROP":"N3-Terciaria"}},{"type":"Feature","geometry":{"type":"LineString","coordinates":[[-75.25575,4.06648],[-75.25582,4.06643]]},"properties":{"NIVEL_PROP":"N3-Terciaria"}},{"type":"Feature","geometry":{"type":"LineString","coordinates":[[-75.19365,3.80145],[-75.1937,3.80138],[-75.19378,3.8012],[-75.19373,3.80067],[-75.19372,3.80055]]},"properties":{"NIVEL_PROP":"N3-Terciaria"}},{"type":"Feature","geometry":{"type":"LineString","coordinates":[[-75.18768,3.40131],[-75.18768,3.40105],[-75.18784,3.40072]]},"properties":{"NIVEL_PROP":"N3-Terciaria"}},{"type":"Feature","geometry":{"type":"LineString","coordinates":[[-75.16273,3.9254],[-75.16287,3.92538],[-75.16317,3.92546],[-75.16333,3.92558],[-75.16344,3.92573],[-75.1634,3.92586],[-75.16334,3.92597],[-75.16338,3.92616],[-75.16378,3.9268],[-75.16406,3.92705],[-75.16438,3.92731],[-75.16514,3.92756],[-75.16525,3.92766],[-75.16528,3.92785]]},"properties":{"NIVEL_PROP":"N3-Terciaria"}},{"type":"Feature","geometry":{"type":"LineString","coordinates":[[-75.26218,3.91287],[-75.26218,3.91297],[-75.26228,3.91302],[-75.26238,3.91302],[-75.26249,3.91308],[-75.26297,3.91341],[-75.26325,3.91349],[-75.2634,3.91348],[-75.26361,3.91352],[-75.26393,3.91357],[-75.26403,3.91353],[-75.26411,3.91345],[-75.26428,3.91278],[-75.2644,3.91256],[-75.26453,3.91242],[-75.26486,3.91219],[-75.26496,3.91213],[-75.26527,3.91213],[-75.26564,3.91219],[-75.26579,3.91228],[-75.2659,3.91223],[-75.26603,3.91205],[-75.26615,3.912],[-75.26637,3.91202],[-75.26667,3.91199],[-75.26678,3.91194],[-75.26695,3.91168],[-75.26716,3.91134],[-75.26743,3.91105],[-75.26763,3.9109],[-75.26775,3.91087],[-75.26795,3.9109],[-75.26828,3.91105],[-75.26866,3.91135],[-75.26898,3.91164],[-75.26905,3.91192]]},"properties":{"NIVEL_PROP":"N3-Terciaria"}},{"type":"Feature","geometry":{"type":"LineString","coordinates":[[-75.3019,3.84221],[-75.30191,3.84239]]},"properties":{"NIVEL_PROP":"N1-Principal"}},{"type":"Feature","geometry":{"type":"LineString","coordinates":[[-75.17298,3.85354],[-75.17305,3.85346],[-75.17302,3.85329],[-75.17315,3.8531],[-75.17332,3.85301],[-75.17379,3.85293],[-75.17393,3.85274],[-75.17391,3.85262],[-75.17382,3.85251],[-75.17353,3.85249]]},"properties":{"NIVEL_PROP":"N3-Terciaria"}},{"type":"Feature","geometry":{"type":"LineString","coordinates":[[-74.99652,3.71923],[-74.99686,3.71929],[-74.99742,3.71938],[-74.99786,3.71942],[-74.99811,3.71935],[-74.99869,3.71926],[-74.99909,3.71933],[-75.00091,3.71944],[-75.00143,3.71963],[-75.00228,3.72012],[-75.00243,3.72015],[-75.00254,3.72013],[-75.00282,3.72001],[-75.00297,3.71998],[-75.00434,3.72001],[-75.00476,3.71996],[-75.0064,3.71954],[-75.00774,3.71906],[-75.00862,3.71855],[-75.00964,3.71763],[-75.01033,3.71717],[-75.01076,3.71694],[-75.01124,3.7168],[-75.01221,3.71662],[-75.01272,3.71648],[-75.01291,3.71639],[-75.01318,3.71618],[-75.01337,3.71601],[-75.01347,3.71595],[-75.01403,3.7151],[-75.01421,3.71496],[-75.01436,3.71489],[-75.0147,3.71489],[-75.01498,3.71476],[-75.01533,3.71439],[-75.01553,3.71427],[-75.01703,3.71375],[-75.01738,3.71346],[-75.01763,3.71337],[-75.01807,3.71325],[-75.02045,3.71135],[-75.02059,3.71134],[-75.02269,3.71265]]},"properties":{"NIVEL_PROP":"N3-Terciaria"}},{"type":"Feature","geometry":{"type":"LineString","coordinates":[[-75.0947,3.62641],[-75.09446,3.62627],[-75.09421,3.62614],[-75.0939,3.62602],[-75.09345,3.62586],[-75.09306,3.62571],[-75.09272,3.62559]]},"properties":{"NIVEL_PROP":"N3-Terciaria"}},{"type":"Feature","geometry":{"type":"LineString","coordinates":[[-75.08943,3.94869],[-75.08926,3.94818]]},"properties":{"NIVEL_PROP":"N3-Camino vecinal"}},{"type":"Feature","geometry":{"type":"LineString","coordinates":[[-75.09262,3.62916],[-75.09287,3.62815],[-75.09305,3.62744],[-75.09316,3.627],[-75.09345,3.62586]]},"properties":{"NIVEL_PROP":"N3-Terciaria"}},{"type":"Feature","geometry":{"type":"LineString","coordinates":[[-75.22024,3.94048],[-75.22016,3.94069],[-75.22004,3.94091]]},"properties":{"NIVEL_PROP":"N3-Servicio"}},{"type":"Feature","geometry":{"type":"LineString","coordinates":[[-75.1895,3.97759],[-75.18903,3.97796],[-75.18824,3.97856],[-75.18739,3.97918],[-75.18731,3.97935],[-75.18735,3.97977],[-75.1873,3.98002]]},"properties":{"NIVEL_PROP":"N3-Terciaria"}},{"type":"Feature","geometry":{"type":"LineString","coordinates":[[-75.21861,3.92657],[-75.21875,3.92685]]},"properties":{"NIVEL_PROP":"N3-Terciaria"}},{"type":"Feature","geometry":{"type":"LineString","coordinates":[[-75.18772,3.43936],[-75.18779,3.43936]]},"properties":{"NIVEL_PROP":"N3-Servicio"}},{"type":"Feature","geometry":{"type":"LineString","coordinates":[[-75.14507,3.78513],[-75.14513,3.78508],[-75.14506,3.78415],[-75.1452,3.78404],[-75.14566,3.78387]]},"properties":{"NIVEL_PROP":"N3-Terciaria"}},{"type":"Feature","geometry":{"type":"LineString","coordinates":[[-75.09612,3.62266],[-75.09638,3.62188]]},"properties":{"NIVEL_PROP":"N3-Terciaria"}},{"type":"Feature","geometry":{"type":"LineString","coordinates":[[-75.60678,4.01337],[-75.60712,4.01412]]},"properties":{"NIVEL_PROP":"N3-Terciaria"}},{"type":"Feature","geometry":{"type":"LineString","coordinates":[[-75.04604,3.75791],[-75.04577,3.75787],[-75.0457,3.75788],[-75.04566,3.75789],[-75.04562,3.75791],[-75.04554,3.75796],[-75.04501,3.75846],[-75.04499,3.75847],[-75.04496,3.75848],[-75.04407,3.75853],[-75.04326,3.75862]]},"properties":{"NIVEL_PROP":"N3-Servicio"}},{"type":"Feature","geometry":{"type":"LineString","coordinates":[[-75.09727,3.61755],[-75.09647,3.61734],[-75.09612,3.61724],[-75.0957,3.61713],[-75.09559,3.6171],[-75.09479,3.61689],[-75.09444,3.61667],[-75.09407,3.6165],[-75.09367,3.61637],[-75.09326,3.61627]]},"properties":{"NIVEL_PROP":"N3-Terciaria"}},{"type":"Feature","geometry":{"type":"LineString","coordinates":[[-75.06308,3.82155],[-75.06294,3.82157],[-75.06291,3.82159],[-75.06289,3.82161]]},"properties":{"NIVEL_PROP":"N3-Servicio"}},{"type":"Feature","geometry":{"type":"LineString","coordinates":[[-75.19422,3.80122],[-75.19396,3.80173],[-75.1939,3.80183]]},"properties":{"NIVEL_PROP":"N3-Terciaria"}},{"type":"Feature","geometry":{"type":"LineString","coordinates":[[-75.1685,3.69901],[-75.16864,3.69909],[-75.16961,3.7003],[-75.16988,3.70061],[-75.17242,3.70223],[-75.17306,3.70338],[-75.17333,3.70343],[-75.17376,3.7033],[-75.17504,3.70298],[-75.17647,3.70349],[-75.17724,3.70396],[-75.17826,3.70457],[-75.17922,3.70533],[-75.17967,3.70561],[-75.18027,3.70594],[-75.18057,3.70607],[-75.18073,3.70614],[-75.18142,3.70647],[-75.18152,3.70657]]},"properties":{"NIVEL_PROP":"N3-Terciaria"}},{"type":"Feature","geometry":{"type":"LineString","coordinates":[[-75.34231,3.89662],[-75.34254,3.89692],[-75.34263,3.89694],[-75.34278,3.89697]]},"properties":{"NIVEL_PROP":"N3-Terciaria"}},{"type":"Feature","geometry":{"type":"LineString","coordinates":[[-75.19261,3.72366],[-75.19265,3.72345],[-75.19276,3.72324],[-75.19263,3.72296],[-75.19255,3.72281],[-75.19222,3.72261],[-75.1923,3.72247],[-75.19256,3.72241],[-75.1928,3.72241]]},"properties":{"NIVEL_PROP":"N3-Terciaria"}},{"type":"Feature","geometry":{"type":"LineString","coordinates":[[-75.6122,4.013],[-75.61213,4.01286],[-75.6119,4.01285],[-75.61126,4.01303],[-75.61085,4.01316],[-75.61063,4.01328],[-75.6104,4.01346],[-75.61017,4.01354],[-75.60989,4.01358]]},"properties":{"NIVEL_PROP":"N3-Terciaria"}},{"type":"Feature","geometry":{"type":"LineString","coordinates":[[-75.27425,3.99582],[-75.27425,3.99626]]},"properties":{"NIVEL_PROP":"N3-Terciaria"}},{"type":"Feature","geometry":{"type":"LineString","coordinates":[[-75.03216,3.7118],[-75.03272,3.71198],[-75.03381,3.71267],[-75.03436,3.71302],[-75.03463,3.71314],[-75.03615,3.71355],[-75.03642,3.71366],[-75.03657,3.71373],[-75.03754,3.71432],[-75.03813,3.71483],[-75.03882,3.71524]]},"properties":{"NIVEL_PROP":"N3-Terciaria"}},{"type":"Feature","geometry":{"type":"LineString","coordinates":[[-75.17606,3.70761],[-75.17594,3.70765],[-75.17579,3.70774],[-75.1753,3.70848],[-75.17515,3.70886],[-75.17424,3.7091],[-75.17399,3.70947],[-75.17379,3.70959]]},"properties":{"NIVEL_PROP":"N3-Camino vecinal"}},{"type":"Feature","geometry":{"type":"LineString","coordinates":[[-75.13129,3.97409],[-75.13139,3.97404],[-75.13149,3.97387],[-75.13176,3.97335],[-75.13188,3.97326],[-75.13223,3.97312],[-75.1324,3.97303],[-75.1325,3.9728],[-75.13248,3.97251]]},"properties":{"NIVEL_PROP":"N3-Camino vecinal"}},{"type":"Feature","geometry":{"type":"LineString","coordinates":[[-75.06615,3.81976],[-75.06624,3.81944]]},"properties":{"NIVEL_PROP":"N3-Terciaria"}},{"type":"Feature","geometry":{"type":"LineString","coordinates":[[-75.15044,3.75247],[-75.15013,3.7521],[-75.14989,3.75199],[-75.14964,3.75183]]},"properties":{"NIVEL_PROP":"N3-Terciaria"}},{"type":"Feature","geometry":{"type":"LineString","coordinates":[[-75.60589,4.01195],[-75.60567,4.01175],[-75.60521,4.01142],[-75.60516,4.01138],[-75.60451,4.01091],[-75.60425,4.0107],[-75.60448,4.01043],[-75.60472,4.01008]]},"properties":{"NIVEL_PROP":"N3-Terciaria"}},{"type":"Feature","geometry":{"type":"LineString","coordinates":[[-75.33028,3.81477],[-75.33102,3.814],[-75.33171,3.81339],[-75.33191,3.81307],[-75.33207,3.81281],[-75.33251,3.81207],[-75.33296,3.81131],[-75.33346,3.81049]]},"properties":{"NIVEL_PROP":"N3-Terciaria"}},{"type":"Feature","geometry":{"type":"LineString","coordinates":[[-75.0919,3.6284],[-75.09204,3.62795],[-75.09238,3.62676],[-75.09272,3.62559]]},"properties":{"NIVEL_PROP":"N3-Terciaria"}},{"type":"Feature","geometry":{"type":"LineString","coordinates":[[-75.11219,3.95087],[-75.112,3.9513],[-75.11196,3.95148],[-75.11182,3.952],[-75.11171,3.95247],[-75.1118,3.95279],[-75.11176,3.95321],[-75.11183,3.95343],[-75.11213,3.95384],[-75.11234,3.95412],[-75.11255,3.95447],[-75.11271,3.95457],[-75.11286,3.95465]]},"properties":{"NIVEL_PROP":"N3-Terciaria"}},{"type":"Feature","geometry":{"type":"LineString","coordinates":[[-75.30736,3.96364],[-75.30711,3.96372],[-75.30693,3.96382],[-75.30663,3.96381],[-75.30606,3.96375],[-75.3057,3.96369],[-75.3052,3.96355],[-75.30449,3.9634],[-75.30429,3.96334],[-75.3036,3.96292],[-75.30353,3.96294],[-75.30287,3.96325],[-75.30225,3.96325],[-75.30145,3.96351]]},"properties":{"NIVEL_PROP":"N3-Terciaria"}},{"type":"Feature","geometry":{"type":"LineString","coordinates":[[-75.1773,3.76564],[-75.17745,3.76562],[-75.17754,3.76568],[-75.17775,3.76574],[-75.17796,3.76569],[-75.17809,3.76567],[-75.17822,3.7657],[-75.17843,3.76582],[-75.17851,3.76589],[-75.1786,3.76592],[-75.17869,3.76591],[-75.17877,3.76588],[-75.1788,3.76584],[-75.17887,3.76579],[-75.17898,3.76576],[-75.17911,3.76574]]},"properties":{"NIVEL_PROP":"N3-Terciaria"}},{"type":"Feature","geometry":{"type":"LineString","coordinates":[[-75.60562,4.01078],[-75.60591,4.01094],[-75.60632,4.01119],[-75.60685,4.01144],[-75.60685,4.01144],[-75.60699,4.01158],[-75.60704,4.01166],[-75.60702,4.01172],[-75.60666,4.012]]},"properties":{"NIVEL_PROP":"N3-Terciaria"}},{"type":"Feature","geometry":{"type":"LineString","coordinates":[[-75.12603,3.56494],[-75.12548,3.5649],[-75.12512,3.56483],[-75.1251,3.56482],[-75.12508,3.56481],[-75.12507,3.5648],[-75.12505,3.56479],[-75.12497,3.56471],[-75.12485,3.56461],[-75.1248,3.56458],[-75.12476,3.56457],[-75.12403,3.56463],[-75.1235,3.5647],[-75.12314,3.56473],[-75.1231,3.56472],[-75.12308,3.56469],[-75.12304,3.5646],[-75.12302,3.56456],[-75.12298,3.56454],[-75.12278,3.56446],[-75.12258,3.56441],[-75.12232,3.56428],[-75.12219,3.56423],[-75.12209,3.5642],[-75.12203,3.5642],[-75.12199,3.56422],[-75.12194,3.56422],[-75.12116,3.56411],[-75.12097,3.56409],[-75.12087,3.56409],[-75.12076,3.56408],[-75.12015,3.56417],[-75.11962,3.5643],[-75.11953,3.56432],[-75.11891,3.56462]]},"properties":{"NIVEL_PROP":"N3-Terciaria"}},{"type":"Feature","geometry":{"type":"LineString","coordinates":[[-75.08808,3.62259],[-75.08906,3.62289]]},"properties":{"NIVEL_PROP":"N3-Terciaria"}},{"type":"Feature","geometry":{"type":"LineString","coordinates":[[-75.19369,3.7996],[-75.19384,3.79936]]},"properties":{"NIVEL_PROP":"N3-Terciaria"}},{"type":"Feature","geometry":{"type":"LineString","coordinates":[[-75.13207,3.50175],[-75.13193,3.50159],[-75.13186,3.50136],[-75.13185,3.50116],[-75.13188,3.50096],[-75.13183,3.50068],[-75.13191,3.50036]]},"properties":{"NIVEL_PROP":"N3-Terciaria"}},{"type":"Feature","geometry":{"type":"LineString","coordinates":[[-75.04845,3.69445],[-75.04852,3.69421],[-75.04861,3.69399],[-75.04865,3.6939],[-75.0487,3.69377],[-75.04883,3.69344],[-75.04887,3.69332],[-75.04888,3.6933],[-75.04888,3.69327],[-75.04887,3.69324],[-75.04887,3.69322],[-75.04886,3.69321],[-75.04885,3.69319],[-75.04883,3.69317],[-75.04881,3.69315]]},"properties":{"NIVEL_PROP":"N3-Servicio"}},{"type":"Feature","geometry":{"type":"LineString","coordinates":[[-75.09458,3.91212],[-75.09456,3.91211],[-75.09443,3.91208],[-75.09422,3.91204],[-75.09337,3.9119],[-75.09305,3.91191],[-75.09248,3.91202],[-75.09163,3.91233],[-75.09076,3.91273],[-75.09023,3.91304],[-75.08961,3.91333],[-75.08915,3.91357],[-75.08864,3.91398],[-75.0866,3.91623],[-75.08444,3.91874],[-75.08229,3.92113],[-75.08107,3.92244],[-75.07918,3.92417],[-75.07861,3.92476]]},"properties":{"NIVEL_PROP":"N3-Terciaria"}},{"type":"Feature","geometry":{"type":"LineString","coordinates":[[-75.24857,3.74123],[-75.24863,3.74112],[-75.24864,3.7411],[-75.24868,3.7411],[-75.24872,3.74103],[-75.24877,3.74099],[-75.24884,3.74099],[-75.24887,3.74102],[-75.2489,3.74107],[-75.24895,3.7411],[-75.24902,3.74113],[-75.24907,3.74114],[-75.24913,3.74112],[-75.24924,3.74112],[-75.2493,3.74115],[-75.24935,3.74121],[-75.24943,3.74125]]},"properties":{"NIVEL_PROP":"Sendero"}},{"type":"Feature","geometry":{"type":"LineString","coordinates":[[-75.11766,3.82844],[-75.11753,3.82838],[-75.11734,3.82829],[-75.11692,3.82808],[-75.11594,3.82758],[-75.11422,3.82669],[-75.11415,3.82667],[-75.1141,3.82668],[-75.11407,3.82674],[-75.11406,3.8268],[-75.11395,3.82752],[-75.11394,3.82764],[-75.1139,3.82777],[-75.11382,3.82787]]},"properties":{"NIVEL_PROP":"N3-Terciaria"}},{"type":"Feature","geometry":{"type":"LineString","coordinates":[[-75.12888,3.97812],[-75.12876,3.97848],[-75.12867,3.97868],[-75.12852,3.97892],[-75.12842,3.97909],[-75.12829,3.97934],[-75.12821,3.97952],[-75.12815,3.97969],[-75.12809,3.97991],[-75.12807,3.98006],[-75.12799,3.98029],[-75.12796,3.98052],[-75.12788,3.98071],[-75.12783,3.98086],[-75.12774,3.981],[-75.1277,3.98111],[-75.12773,3.98119],[-75.12777,3.98122],[-75.12784,3.98143],[-75.12774,3.98176],[-75.12775,3.98202],[-75.12784,3.98225],[-75.12792,3.98253],[-75.12796,3.98275],[-75.12799,3.98298],[-75.12813,3.98342],[-75.12823,3.98367],[-75.12834,3.98378],[-75.12843,3.98381],[-75.12851,3.98384],[-75.12854,3.98387],[-75.12853,3.98397],[-75.12854,3.98408],[-75.12854,3.98416],[-75.12854,3.98423],[-75.12858,3.98433],[-75.12862,3.98441],[-75.12866,3.98454],[-75.12877,3.98479],[-75.12909,3.98539],[-75.12934,3.9858],[-75.1296,3.98602],[-75.12997,3.98614],[-75.13019,3.98629],[-75.13039,3.98633],[-75.13053,3.98631],[-75.13062,3.98629],[-75.13071,3.98622],[-75.13078,3.9862],[-75.13087,3.98622],[-75.13096,3.98632],[-75.13106,3.98642],[-75.13117,3.98642],[-75.13126,3.98641],[-75.13135,3.98643],[-75.13144,3.9864],[-75.13153,3.98639],[-75.13161,3.98641],[-75.13172,3.98648],[-75.13198,3.98665],[-75.13217,3.98688],[-75.13228,3.98695],[-75.1324,3.98712],[-75.13247,3.9873],[-75.13247,3.98744],[-75.1325,3.98757],[-75.13252,3.98781],[-75.13259,3.98799],[-75.13272,3.98813],[-75.13285,3.98831],[-75.13299,3.9884],[-75.13304,3.98846],[-75.13305,3.98856],[-75.13307,3.98861],[-75.13325,3.98882],[-75.13345,3.98903],[-75.13359,3.98914],[-75.13374,3.98927],[-75.13379,3.98935],[-75.13379,3.98945],[-75.13382,3.98953],[-75.13389,3.98958],[-75.13395,3.98965],[-75.13397,3.98974],[-75.13393,3.98985],[-75.13386,3.98997],[-75.13384,3.99005],[-75.13383,3.99023],[-75.13384,3.99039],[-75.13386,3.9905],[-75.13385,3.99059],[-75.13384,3.99083],[-75.13383,3.991],[-75.13384,3.99117],[-75.13388,3.99128],[-75.13392,3.99138],[-75.13391,3.99146],[-75.1339,3.9916],[-75.13391,3.99179],[-75.13391,3.99194],[-75.13391,3.99204],[-75.13394,3.99215],[-75.13392,3.99229],[-75.13393,3.99242],[-75.13396,3.99255],[-75.13403,3.99269],[-75.13415,3.99282],[-75.13426,3.9929],[-75.13447,3.99311],[-75.13454,3.9932],[-75.13472,3.99345],[-75.13477,3.99366],[-75.13483,3.99378],[-75.13493,3.99387],[-75.13507,3.99399],[-75.13511,3.99412],[-75.13517,3.99423],[-75.13523,3.99431],[-75.13523,3.99443],[-75.1352,3.9945],[-75.13519,3.99464],[-75.13518,3.99474],[-75.13525,3.99476],[-75.13535,3.99474],[-75.13541,3.99468],[-75.13547,3.99471],[-75.13547,3.99484],[-75.13538,3.99504],[-75.13525,3.99515],[-75.13514,3.99517],[-75.13505,3.99523],[-75.135,3.99532],[-75.13503,3.99538],[-75.13515,3.99542],[-75.1355,3.99547],[-75.13558,3.99551],[-75.13591,3.99605],[-75.13603,3.99623],[-75.13611,3.99647],[-75.1365,3.99686],[-75.13679,3.99702],[-75.13684,3.9971],[-75.13677,3.99732],[-75.13673,3.99743],[-75.13676,3.99777],[-75.13672,3.99843],[-75.13653,3.99881],[-75.13637,3.99907],[-75.13594,3.99949],[-75.13576,3.99967],[-75.13542,4.00011],[-75.13514,4.00045],[-75.13525,4.00093],[-75.13545,4.00129],[-75.13553,4.0014],[-75.13558,4.00153],[-75.13562,4.00166],[-75.13572,4.00193],[-75.13579,4.00219],[-75.13585,4.00226],[-75.13594,4.00233],[-75.13601,4.00237],[-75.13608,4.00251],[-75.13615,4.00271],[-75.13618,4.00302],[-75.13617,4.00312],[-75.13619,4.0033],[-75.13618,4.00342],[-75.13617,4.00346],[-75.13622,4.00356],[-75.13629,4.00364],[-75.13639,4.0037],[-75.13645,4.00374],[-75.13651,4.00379],[-75.1366,4.00384],[-75.13677,4.00394],[-75.1369,4.00405],[-75.13705,4.00408],[-75.13719,4.0041],[-75.13725,4.0041],[-75.13735,4.00411],[-75.13759,4.00407],[-75.13773,4.00407],[-75.13792,4.00402],[-75.13807,4.00394],[-75.13824,4.00391],[-75.13849,4.00387],[-75.13865,4.00381],[-75.1388,4.0037],[-75.13893,4.00361],[-75.1391,4.00355],[-75.13923,4.00352],[-75.13941,4.00356],[-75.13955,4.00356],[-75.13976,4.00358],[-75.13995,4.00358],[-75.14017,4.00349],[-75.14023,4.00344],[-75.14034,4.00323],[-75.14045,4.00303],[-75.14053,4.00293],[-75.14067,4.00285],[-75.14081,4.00277],[-75.14102,4.00262],[-75.1413,4.00244],[-75.14146,4.00237],[-75.14167,4.00229],[-75.14184,4.00223],[-75.14193,4.00219],[-75.14203,4.00218],[-75.14223,4.00221],[-75.14234,4.00222],[-75.14248,4.00218],[-75.14267,4.00208],[-75.14286,4.00198],[-75.14302,4.00193],[-75.14322,4.00182],[-75.14338,4.00171],[-75.14352,4.00147],[-75.14375,4.00114],[-75.14387,4.00097],[-75.14401,4.00079],[-75.14406,4.00071],[-75.14412,4.00043],[-75.14417,4.00018],[-75.14422,3.99994],[-75.14428,3.99977],[-75.14434,3.99967],[-75.14441,3.99964],[-75.14446,3.99966],[-75.14448,3.99971],[-75.14447,3.99983],[-75.14448,3.99995],[-75.14454,4.00008],[-75.14461,4.00024],[-75.14466,4.00042],[-75.14476,4.00053],[-75.14494,4.00057],[-75.14508,4.00056],[-75.14526,4.00046],[-75.14545,4.00032],[-75.14558,4.00024],[-75.14585,4.00014],[-75.14605,4.00002],[-75.14617,3.99981],[-75.1462,3.99958],[-75.14624,3.99931],[-75.14626,3.99918],[-75.14628,3.99913],[-75.1464,3.99906],[-75.14655,3.9989],[-75.14667,3.99875],[-75.14674,3.9987],[-75.14685,3.99869],[-75.14702,3.99874],[-75.14723,3.99883],[-75.14735,3.99887],[-75.14743,3.99887],[-75.14752,3.99881],[-75.14758,3.99871],[-75.1476,3.9986],[-75.14762,3.99849],[-75.14766,3.99843],[-75.14771,3.99839],[-75.14783,3.99839],[-75.14796,3.99837],[-75.14806,3.99834],[-75.14815,3.99827],[-75.14821,3.99817],[-75.14824,3.99801],[-75.14826,3.99787],[-75.14829,3.99782],[-75.14837,3.99778],[-75.14859,3.99774],[-75.14892,3.99774],[-75.14935,3.99775],[-75.14959,3.99775],[-75.15054,3.9976],[-75.15072,3.99757],[-75.15079,3.99752],[-75.15082,3.99743],[-75.15081,3.99732],[-75.15084,3.99724],[-75.15088,3.9972],[-75.15095,3.99716],[-75.1512,3.99712],[-75.15132,3.9971],[-75.15154,3.99715],[-75.15168,3.99717],[-75.15183,3.99714],[-75.15199,3.99706],[-75.15215,3.99703],[-75.1523,3.99699],[-75.15237,3.99695],[-75.15241,3.9969],[-75.15245,3.99677],[-75.15249,3.99666],[-75.1526,3.99655],[-75.15273,3.99646],[-75.1529,3.99634],[-75.15305,3.99624],[-75.15311,3.99619],[-75.15318,3.99608],[-75.15324,3.996],[-75.1533,3.996],[-75.1534,3.99602],[-75.15351,3.99606],[-75.1536,3.99604],[-75.15369,3.996],[-75.15374,3.99591],[-75.15372,3.99582],[-75.15371,3.99572],[-75.15374,3.99565],[-75.15379,3.99557],[-75.15387,3.99552],[-75.15396,3.99554],[-75.15403,3.99561],[-75.15418,3.99566],[-75.15435,3.99573],[-75.15448,3.99576],[-75.15466,3.99572],[-75.15482,3.9956],[-75.15515,3.99527],[-75.15547,3.99496],[-75.15566,3.99469],[-75.15572,3.99455],[-75.15576,3.99446],[-75.15585,3.99444],[-75.15603,3.9944],[-75.15614,3.99428],[-75.15619,3.99415],[-75.15627,3.99403],[-75.15633,3.99395],[-75.15637,3.99393],[-75.15643,3.99398],[-75.15653,3.9941],[-75.15663,3.99423],[-75.1567,3.99433],[-75.15683,3.99445],[-75.15688,3.99447],[-75.15704,3.99449],[-75.15736,3.9944],[-75.1576,3.99426],[-75.15773,3.99418],[-75.15778,3.99403],[-75.15778,3.99389],[-75.15769,3.99372],[-75.15769,3.99361],[-75.15773,3.99352],[-75.15783,3.99341],[-75.15794,3.99326],[-75.15797,3.99331],[-75.15802,3.99341],[-75.15809,3.99356],[-75.15836,3.99367],[-75.15849,3.99378],[-75.15858,3.99378],[-75.15865,3.9937],[-75.15866,3.99361],[-75.15876,3.99354],[-75.15889,3.99357],[-75.15906,3.99356],[-75.1592,3.99349],[-75.15955,3.99335],[-75.15995,3.99324],[-75.16016,3.99317],[-75.16043,3.99306],[-75.16068,3.99294],[-75.16084,3.99281],[-75.16106,3.99269],[-75.16133,3.99243],[-75.16161,3.99226],[-75.16185,3.99212],[-75.16206,3.992],[-75.16232,3.99193],[-75.1626,3.99185],[-75.16276,3.99178],[-75.16292,3.99172],[-75.1633,3.99168],[-75.16353,3.99165],[-75.16384,3.99169],[-75.16407,3.99173],[-75.16428,3.99172],[-75.16453,3.99167],[-75.16466,3.9916],[-75.16482,3.99158],[-75.16495,3.99161],[-75.16511,3.99154],[-75.16529,3.99151],[-75.16544,3.99148],[-75.16568,3.99145],[-75.16586,3.99145],[-75.166,3.99151],[-75.16613,3.99155],[-75.16631,3.99157],[-75.16653,3.99153],[-75.16666,3.99155],[-75.1668,3.99169],[-75.1671,3.99182],[-75.16718,3.99192],[-75.16739,3.9921],[-75.16762,3.99232],[-75.16772,3.99237],[-75.16804,3.99237],[-75.16826,3.99244],[-75.16855,3.99259],[-75.16877,3.99283],[-75.16902,3.99296],[-75.16931,3.99295],[-75.16986,3.99277],[-75.17039,3.9926],[-75.17241,3.99181],[-75.17492,3.99076],[-75.17561,3.99047],[-75.17577,3.99035],[-75.17596,3.99004],[-75.17613,3.98981],[-75.1764,3.98964],[-75.1765,3.9896]]},"properties":{"NIVEL_PROP":"N3-Terciaria"}},{"type":"Feature","geometry":{"type":"LineString","coordinates":[[-75.29349,3.90147],[-75.2933,3.9012],[-75.29302,3.9011],[-75.29293,3.90103],[-75.29271,3.90074],[-75.29244,3.90057],[-75.29216,3.9004],[-75.29189,3.90015]]},"properties":{"NIVEL_PROP":"N3-Terciaria"}},{"type":"Feature","geometry":{"type":"LineString","coordinates":[[-75.14619,3.93968],[-75.14591,3.93914],[-75.14569,3.93848],[-75.14563,3.9378]]},"properties":{"NIVEL_PROP":"N3-Terciaria"}},{"type":"Feature","geometry":{"type":"LineString","coordinates":[[-74.99189,3.75973],[-74.99177,3.76035],[-74.99179,3.76043],[-74.99197,3.76075],[-74.992,3.76085],[-74.99205,3.76102],[-74.9921,3.76111],[-74.99284,3.76215],[-74.99361,3.763],[-74.99389,3.76325],[-74.99407,3.76338],[-74.99419,3.76343],[-74.99439,3.76345],[-74.9953,3.76344],[-74.99541,3.76349],[-74.99558,3.76358],[-74.99594,3.76388],[-74.9961,3.76401],[-74.99702,3.7644],[-74.9973,3.7645],[-74.99772,3.76455],[-74.99795,3.76465],[-74.99817,3.76487],[-74.99826,3.76491],[-74.99836,3.7649],[-74.99868,3.76459],[-74.99881,3.76445],[-74.99894,3.76433],[-74.99919,3.76382],[-74.99932,3.76347],[-74.99935,3.76332],[-74.9993,3.76307],[-74.99932,3.76288],[-74.99961,3.76231],[-74.99972,3.76223]]},"properties":{"NIVEL_PROP":"N3-Terciaria"}},{"type":"Feature","geometry":{"type":"LineString","coordinates":[[-75.10498,3.80828],[-75.10497,3.80824],[-75.10498,3.8082],[-75.1051,3.808],[-75.1051,3.80797]]},"properties":{"NIVEL_PROP":"N3-Terciaria"}},{"type":"Feature","geometry":{"type":"LineString","coordinates":[[-75.22078,3.93519],[-75.22147,3.93532],[-75.22175,3.93547],[-75.2221,3.93552],[-75.2226,3.93572]]},"properties":{"NIVEL_PROP":"N3-Terciaria"}},{"type":"Feature","geometry":{"type":"LineString","coordinates":[[-75.12111,3.69357],[-75.12111,3.69388]]},"properties":{"NIVEL_PROP":"N3-Terciaria"}},{"type":"Feature","geometry":{"type":"LineString","coordinates":[[-75.27878,4.00484],[-75.27864,4.00514]]},"properties":{"NIVEL_PROP":"N3-Terciaria"}},{"type":"Feature","geometry":{"type":"LineString","coordinates":[[-75.26748,3.87023],[-75.26719,3.87067]]},"properties":{"NIVEL_PROP":"N1-Principal"}},{"type":"Feature","geometry":{"type":"LineString","coordinates":[[-75.01383,3.75669],[-75.01346,3.75795]]},"properties":{"NIVEL_PROP":"N3-Servicio"}},{"type":"Feature","geometry":{"type":"LineString","coordinates":[[-75.14299,3.45632],[-75.14295,3.45627],[-75.1429,3.45621],[-75.14287,3.45616],[-75.14285,3.4561],[-75.14282,3.45604],[-75.14281,3.45598],[-75.14282,3.45592],[-75.14284,3.45584],[-75.14285,3.45579],[-75.14286,3.45572],[-75.14286,3.45569],[-75.14286,3.45566],[-75.14286,3.45563],[-75.14284,3.45554]]},"properties":{"NIVEL_PROP":"N3-Terciaria"}},{"type":"Feature","geometry":{"type":"LineString","coordinates":[[-75.62026,4.01928],[-75.62035,4.01948]]},"properties":{"NIVEL_PROP":"N3-Terciaria"}},{"type":"Feature","geometry":{"type":"LineString","coordinates":[[-75.33019,3.81201],[-75.33121,3.81261]]},"properties":{"NIVEL_PROP":"N1-Principal"}},{"type":"Feature","geometry":{"type":"LineString","coordinates":[[-75.086,3.86101],[-75.08594,3.861],[-75.08592,3.861],[-75.08589,3.861],[-75.08584,3.861]]},"properties":{"NIVEL_PROP":"N3-Terciaria"}},{"type":"Feature","geometry":{"type":"LineString","coordinates":[[-74.99326,3.66964],[-74.99256,3.66935],[-74.99242,3.66923],[-74.99233,3.669]]},"properties":{"NIVEL_PROP":"N3-Terciaria"}},{"type":"Feature","geometry":{"type":"LineString","coordinates":[[-75.15024,3.90983],[-75.15006,3.9097],[-75.14987,3.90945],[-75.14985,3.90916],[-75.14967,3.90898],[-75.14933,3.90897],[-75.14897,3.90897],[-75.14879,3.90897],[-75.14857,3.90891],[-75.14846,3.90892],[-75.14809,3.90855],[-75.148,3.90847],[-75.14784,3.90845],[-75.14759,3.90847],[-75.14731,3.90858],[-75.14706,3.90856],[-75.14688,3.90846],[-75.14672,3.90833],[-75.1466,3.90818],[-75.14657,3.90801],[-75.14634,3.9079],[-75.1461,3.90792],[-75.1459,3.90788],[-75.14565,3.90782],[-75.14556,3.90776],[-75.14543,3.90769],[-75.14508,3.90771],[-75.14494,3.90764],[-75.14478,3.90751]]},"properties":{"NIVEL_PROP":"N3-Terciaria"}},{"type":"Feature","geometry":{"type":"LineString","coordinates":[[-75.08463,3.73923],[-75.08438,3.73918],[-75.08379,3.73917],[-75.08331,3.73923],[-75.08248,3.7394],[-75.08237,3.73944],[-75.08198,3.73966],[-75.08179,3.73972],[-75.08164,3.73974],[-75.08153,3.7397],[-75.08124,3.7394],[-75.08096,3.73921],[-75.08059,3.73889],[-75.08052,3.73887],[-75.07998,3.73885],[-75.07988,3.73883],[-75.07978,3.73879],[-75.07931,3.73847],[-75.07927,3.73842],[-75.07913,3.73817],[-75.07888,3.738],[-75.0786,3.73775],[-75.07835,3.73758],[-75.07822,3.73751],[-75.07795,3.73724],[-75.07776,3.73701],[-75.07768,3.73693],[-75.07745,3.73686]]},"properties":{"NIVEL_PROP":"N3-Servicio"}},{"type":"Feature","geometry":{"type":"LineString","coordinates":[[-75.22486,3.93533],[-75.22513,3.93542]]},"properties":{"NIVEL_PROP":"N3-Servicio"}},{"type":"Feature","geometry":{"type":"LineString","coordinates":[[-75.0957,3.61988],[-75.09601,3.61883],[-75.09625,3.61801],[-75.09647,3.61734],[-75.09654,3.61708],[-75.09664,3.61689],[-75.09677,3.61665]]},"properties":{"NIVEL_PROP":"N3-Terciaria"}},{"type":"Feature","geometry":{"type":"LineString","coordinates":[[-75.0691,3.82082],[-75.06922,3.82056]]},"properties":{"NIVEL_PROP":"N3-Servicio"}},{"type":"Feature","geometry":{"type":"LineString","coordinates":[[-75.26789,3.79164],[-75.26787,3.7915],[-75.26786,3.7914],[-75.26789,3.79129],[-75.26803,3.79092],[-75.26808,3.79055],[-75.26811,3.79027],[-75.2683,3.78969]]},"properties":{"NIVEL_PROP":"N3-Camino vecinal"}},{"type":"Feature","geometry":{"type":"LineString","coordinates":[[-75.09901,3.97451],[-75.09879,3.97451],[-75.09854,3.97451],[-75.09812,3.97454],[-75.09728,3.97437],[-75.09661,3.97428],[-75.0962,3.97428],[-75.09602,3.97439],[-75.09573,3.97452]]},"properties":{"NIVEL_PROP":"N3-Terciaria"}},{"type":"Feature","geometry":{"type":"LineString","coordinates":[[-75.09975,3.96991],[-75.09974,3.96946],[-75.09978,3.96908],[-75.09993,3.96854],[-75.09996,3.96844],[-75.09974,3.96793],[-75.09971,3.96766]]},"properties":{"NIVEL_PROP":"N3-Terciaria"}},{"type":"Feature","geometry":{"type":"LineString","coordinates":[[-75.21646,3.923],[-75.21638,3.92251]]},"properties":{"NIVEL_PROP":"N3-Terciaria"}},{"type":"Feature","geometry":{"type":"LineString","coordinates":[[-75.0213,3.69144],[-75.02193,3.69198],[-75.02269,3.69271],[-75.02297,3.69304]]},"properties":{"NIVEL_PROP":"N3-Terciaria"}},{"type":"Feature","geometry":{"type":"LineString","coordinates":[[-75.07053,3.69466],[-75.0706,3.69542],[-75.07084,3.69584],[-75.07091,3.69599],[-75.07095,3.69619],[-75.07096,3.69632],[-75.07097,3.69661],[-75.07102,3.69679],[-75.07107,3.69689],[-75.07114,3.69696],[-75.07179,3.69727],[-75.07249,3.69756],[-75.07288,3.69775],[-75.07294,3.69775],[-75.07299,3.69771],[-75.07305,3.6976],[-75.0731,3.69745],[-75.07315,3.6974],[-75.07325,3.69738],[-75.07333,3.69738],[-75.07343,3.69744],[-75.0736,3.69755],[-75.07427,3.69802],[-75.07449,3.69815],[-75.07471,3.69822],[-75.07507,3.69834],[-75.07529,3.69841],[-75.07545,3.69844],[-75.07565,3.69846],[-75.07648,3.69843],[-75.07655,3.69841],[-75.07662,3.69837],[-75.07686,3.69821],[-75.07706,3.69812],[-75.0777,3.69777],[-75.07822,3.6974],[-75.07856,3.69725],[-75.07909,3.69706],[-75.07934,3.69694],[-75.07961,3.69686],[-75.07991,3.69674],[-75.08014,3.69662],[-75.08093,3.6967],[-75.08159,3.69672],[-75.08201,3.6968],[-75.08302,3.69711]]},"properties":{"NIVEL_PROP":"N3-Terciaria"}},{"type":"Feature","geometry":{"type":"LineString","coordinates":[[-75.30498,3.92147],[-75.30516,3.92123],[-75.30543,3.92086],[-75.30545,3.92063],[-75.30538,3.92048]]},"properties":{"NIVEL_PROP":"N3-Terciaria"}},{"type":"Feature","geometry":{"type":"LineString","coordinates":[[-75.17937,3.77251],[-75.17942,3.77277]]},"properties":{"NIVEL_PROP":"N3-Terciaria"}},{"type":"Feature","geometry":{"type":"LineString","coordinates":[[-75.0276,3.81344],[-75.02613,3.81192],[-75.02582,3.81153],[-75.02558,3.8112],[-75.02544,3.81089],[-75.02528,3.8106],[-75.02506,3.81047],[-75.02484,3.81039],[-75.0247,3.81038]]},"properties":{"NIVEL_PROP":"N3-Camino vecinal"}},{"type":"Feature","geometry":{"type":"LineString","coordinates":[[-75.03729,3.78303],[-75.03664,3.78398],[-75.03662,3.78426],[-75.03665,3.78471],[-75.03658,3.785],[-75.0368,3.78538],[-75.03695,3.78582],[-75.03698,3.78658]]},"properties":{"NIVEL_PROP":"N3-Terciaria"}},{"type":"Feature","geometry":{"type":"LineString","coordinates":[[-75.163,3.90886],[-75.16299,3.90862]]},"properties":{"NIVEL_PROP":"N3-Terciaria"}},{"type":"Feature","geometry":{"type":"LineString","coordinates":[[-75.09349,3.62098],[-75.09279,3.62074],[-75.09198,3.62049],[-75.09113,3.62023],[-75.09012,3.61992],[-75.09009,3.61991]]},"properties":{"NIVEL_PROP":"N3-Terciaria"}},{"type":"Feature","geometry":{"type":"LineString","coordinates":[[-75.18088,3.91425],[-75.1801,3.9142],[-75.1792,3.91411],[-75.17845,3.91413],[-75.17819,3.91407],[-75.17782,3.91389],[-75.17761,3.91384],[-75.17733,3.91384],[-75.17659,3.91396],[-75.17603,3.91401],[-75.17557,3.9142],[-75.17527,3.91432],[-75.17409,3.91414],[-75.1733,3.91348],[-75.1722,3.91287],[-75.17193,3.91273],[-75.17148,3.91259],[-75.17101,3.91247],[-75.1706,3.91233],[-75.17025,3.9123],[-75.16977,3.91213],[-75.16914,3.91191],[-75.16849,3.91183],[-75.1681,3.91168],[-75.16718,3.91098],[-75.16647,3.91045],[-75.16559,3.91017],[-75.16523,3.90996],[-75.16495,3.90977],[-75.16398,3.90924],[-75.16336,3.90885],[-75.16299,3.90862],[-75.16207,3.90806],[-75.16113,3.9066],[-75.16034,3.90563],[-75.15954,3.90465],[-75.15941,3.90447],[-75.15937,3.90416],[-75.15945,3.90355],[-75.15935,3.90342],[-75.15903,3.90324],[-75.15867,3.90288],[-75.15853,3.90263],[-75.15835,3.90254],[-75.15766,3.90243],[-75.15741,3.9023],[-75.15701,3.90205],[-75.15697,3.90168],[-75.15668,3.90149],[-75.1562,3.90142],[-75.1559,3.90144],[-75.15554,3.90153],[-75.15528,3.90156],[-75.15498,3.90143],[-75.1545,3.90112],[-75.15436,3.90098],[-75.15412,3.90082],[-75.15378,3.90064],[-75.15342,3.90047],[-75.15315,3.90029],[-75.15257,3.89988],[-75.15113,3.89852],[-75.15055,3.89821],[-75.15015,3.89801],[-75.14989,3.89804],[-75.14969,3.89801],[-75.14952,3.89776],[-75.14949,3.89761],[-75.14945,3.8975],[-75.14947,3.89734],[-75.14957,3.89718],[-75.14955,3.89696],[-75.14948,3.89667],[-75.14938,3.89597],[-75.14924,3.89547],[-75.14896,3.89472],[-75.14888,3.8945],[-75.14905,3.89362],[-75.14909,3.89302],[-75.14908,3.89206],[-75.14928,3.89166],[-75.14928,3.89145],[-75.14915,3.89118],[-75.14943,3.88994],[-75.14945,3.8896],[-75.14956,3.88933],[-75.14942,3.88874],[-75.14898,3.88836],[-75.14876,3.88807],[-75.14876,3.88745],[-75.1488,3.88701],[-75.14887,3.88665],[-75.14899,3.8861],[-75.14916,3.88573],[-75.14939,3.88524],[-75.1492,3.8847],[-75.14925,3.88392]]},"properties":{"NIVEL_PROP":"N3-Terciaria"}},{"type":"Feature","geometry":{"type":"LineString","coordinates":[[-75.1177,3.8272],[-75.11654,3.82654],[-75.11544,3.8259],[-75.11536,3.82584],[-75.11533,3.8258],[-75.11532,3.82575],[-75.11531,3.82569],[-75.1153,3.82565],[-75.11538,3.82495],[-75.11538,3.82487],[-75.11534,3.82481],[-75.11528,3.82477],[-75.11443,3.82453],[-75.11437,3.82446],[-75.11434,3.82439],[-75.11436,3.82385],[-75.11435,3.82379],[-75.11429,3.82376],[-75.11338,3.82361],[-75.11307,3.82357],[-75.11261,3.82354],[-75.11232,3.82351],[-75.11227,3.82351],[-75.11223,3.82349],[-75.11219,3.82345],[-75.11213,3.8233],[-75.11207,3.82319],[-75.11201,3.82313],[-75.11193,3.8231],[-75.11182,3.82312],[-75.11177,3.82312],[-75.11172,3.8231],[-75.11169,3.82309],[-75.11167,3.82306],[-75.11164,3.823],[-75.11163,3.82294],[-75.1116,3.82291],[-75.11155,3.82287],[-75.11129,3.82273],[-75.11082,3.82248],[-75.1108,3.82244],[-75.11079,3.8224],[-75.11081,3.82234],[-75.11091,3.82219],[-75.11092,3.82215],[-75.11092,3.82212],[-75.1109,3.82209],[-75.11079,3.82202]]},"properties":{"NIVEL_PROP":"N3-Terciaria"}},{"type":"Feature","geometry":{"type":"LineString","coordinates":[[-75.02177,3.69067],[-75.02243,3.69126],[-75.02329,3.6921],[-75.02366,3.69241]]},"properties":{"NIVEL_PROP":"N3-Terciaria"}},{"type":"Feature","geometry":{"type":"LineString","coordinates":[[-75.10482,3.6554],[-75.10473,3.65552]]},"properties":{"NIVEL_PROP":"N3-Terciaria"}},{"type":"Feature","geometry":{"type":"LineString","coordinates":[[-75.32855,3.90123],[-75.32858,3.90134],[-75.32849,3.90143],[-75.3282,3.90174],[-75.32815,3.90184],[-75.32826,3.90205]]},"properties":{"NIVEL_PROP":"N3-Terciaria"}},{"type":"Feature","geometry":{"type":"LineString","coordinates":[[-75.14065,3.75563],[-75.14113,3.75629]]},"properties":{"NIVEL_PROP":"N3-Terciaria"}},{"type":"Feature","geometry":{"type":"LineString","coordinates":[[-75.1585,3.92858],[-75.15859,3.9283],[-75.15866,3.92804]]},"properties":{"NIVEL_PROP":"N3-Terciaria"}},{"type":"Feature","geometry":{"type":"LineString","coordinates":[[-75.19372,3.80055],[-75.19376,3.80015],[-75.19378,3.80011],[-75.19392,3.79984],[-75.19409,3.79951]]},"properties":{"NIVEL_PROP":"N3-Terciaria"}},{"type":"Feature","geometry":{"type":"LineString","coordinates":[[-75.22255,3.93098],[-75.22251,3.93111]]},"properties":{"NIVEL_PROP":"Sendero"}},{"type":"Feature","geometry":{"type":"LineString","coordinates":[[-75.13279,3.92901],[-75.13284,3.92925],[-75.13299,3.92958],[-75.13312,3.92978],[-75.13311,3.92991]]},"properties":{"NIVEL_PROP":"N3-Terciaria"}},{"type":"Feature","geometry":{"type":"LineString","coordinates":[[-75.04809,3.69427],[-75.04804,3.69438],[-75.04802,3.6945],[-75.04804,3.69468],[-75.04813,3.69484],[-75.04821,3.69492],[-75.04847,3.69513],[-75.04849,3.69517],[-75.04849,3.6952],[-75.04846,3.69524],[-75.04836,3.69531],[-75.04814,3.69549],[-75.04805,3.69557],[-75.04801,3.69561],[-75.0479,3.69565],[-75.04761,3.69579],[-75.04747,3.69585],[-75.04704,3.69619],[-75.047,3.69621],[-75.04663,3.69637],[-75.04623,3.6966],[-75.04599,3.69676],[-75.04585,3.69691],[-75.04526,3.69796],[-75.04519,3.69802],[-75.04504,3.6981]]},"properties":{"NIVEL_PROP":"N3-Terciaria"}},{"type":"Feature","geometry":{"type":"LineString","coordinates":[[-75.19276,3.40286],[-75.19246,3.40283],[-75.19103,3.40268],[-75.1905,3.4025],[-75.19006,3.40235],[-75.18979,3.4023],[-75.18965,3.40226],[-75.18942,3.40219],[-75.18915,3.40204],[-75.18857,3.40174],[-75.18768,3.40131],[-75.18673,3.40079],[-75.18669,3.40075]]},"properties":{"NIVEL_PROP":"N3-Terciaria"}},{"type":"Feature","geometry":{"type":"LineString","coordinates":[[-75.10556,3.66467],[-75.10636,3.66518],[-75.10714,3.66564],[-75.10797,3.66581],[-75.10804,3.66584],[-75.1081,3.6659],[-75.10813,3.66601],[-75.10815,3.66615],[-75.10818,3.66648],[-75.10828,3.66678],[-75.10844,3.66709],[-75.10871,3.66747],[-75.10884,3.66765],[-75.10898,3.6678],[-75.10919,3.66794],[-75.10925,3.66799],[-75.10934,3.66803],[-75.1096,3.66786],[-75.10987,3.66766],[-75.11,3.66756],[-75.11003,3.66756],[-75.11007,3.66757],[-75.11028,3.66779],[-75.11044,3.66803],[-75.11049,3.66811],[-75.11053,3.66815],[-75.11077,3.66829],[-75.11098,3.66842],[-75.11109,3.66846],[-75.11118,3.66848],[-75.11124,3.66849],[-75.11133,3.66855],[-75.11147,3.66863],[-75.11154,3.66868],[-75.11159,3.66876],[-75.1116,3.66882],[-75.11162,3.66897],[-75.11162,3.66907],[-75.1116,3.66915],[-75.11158,3.66922],[-75.11158,3.66932],[-75.11161,3.6695],[-75.11165,3.66961],[-75.11169,3.66972],[-75.11174,3.6698],[-75.11183,3.66992],[-75.11217,3.67024],[-75.11232,3.67038],[-75.11245,3.6705],[-75.11253,3.67055],[-75.1126,3.67063],[-75.11266,3.67071],[-75.11271,3.67082],[-75.11274,3.67091],[-75.11275,3.67103],[-75.11267,3.67121],[-75.11261,3.67139],[-75.1126,3.67146],[-75.1126,3.67151],[-75.11262,3.67161],[-75.11265,3.67176],[-75.1127,3.67186],[-75.11294,3.67218],[-75.11324,3.67252],[-75.11354,3.67295],[-75.11362,3.67312],[-75.11372,3.67338],[-75.11374,3.67355],[-75.1137,3.67393],[-75.1137,3.67412],[-75.11373,3.67435],[-75.11382,3.67466],[-75.11392,3.67506],[-75.11397,3.67539],[-75.11399,3.67554],[-75.11398,3.6757],[-75.11395,3.67581],[-75.11392,3.67588],[-75.11386,3.67596],[-75.11375,3.6761],[-75.11365,3.67619],[-75.11363,3.67623],[-75.11362,3.67627],[-75.11364,3.6764],[-75.11355,3.67643],[-75.11339,3.67648],[-75.11327,3.67651],[-75.11318,3.67656],[-75.11309,3.67665],[-75.11306,3.67676],[-75.11305,3.67687],[-75.11306,3.67715],[-75.11306,3.67726],[-75.11304,3.67736],[-75.11297,3.67746],[-75.11279,3.6777],[-75.11273,3.67779]]},"properties":{"NIVEL_PROP":"N3-Terciaria"}},{"type":"Feature","geometry":{"type":"LineString","coordinates":[[-75.05955,3.81827],[-75.05954,3.81828],[-75.05871,3.81842]]},"properties":{"NIVEL_PROP":"N3-Terciaria"}},{"type":"Feature","geometry":{"type":"LineString","coordinates":[[-75.00461,3.76849],[-75.00434,3.76834],[-75.00406,3.76827],[-75.00363,3.76812],[-75.00332,3.76803],[-75.00255,3.76774],[-75.00243,3.76763],[-75.00214,3.76712],[-75.00207,3.76705],[-75.00176,3.76695],[-75.00095,3.76687]]},"properties":{"NIVEL_PROP":"N3-Terciaria"}},{"type":"Feature","geometry":{"type":"LineString","coordinates":[[-75.12575,3.82386],[-75.12619,3.82308],[-75.12636,3.82293],[-75.12639,3.82285],[-75.12654,3.81762],[-75.12687,3.81518],[-75.12687,3.81484],[-75.12674,3.81421],[-75.12667,3.81361],[-75.12635,3.81321]]},"properties":{"NIVEL_PROP":"N3-Terciaria"}},{"type":"Feature","geometry":{"type":"LineString","coordinates":[[-75.05968,3.8177],[-75.05954,3.81789]]},"properties":{"NIVEL_PROP":"N3-Terciaria"}},{"type":"Feature","geometry":{"type":"LineString","coordinates":[[-75.22257,3.92825],[-75.22215,3.92801],[-75.22191,3.92784],[-75.22147,3.92761],[-75.22104,3.92743]]},"properties":{"NIVEL_PROP":"N3-Terciaria"}},{"type":"Feature","geometry":{"type":"LineString","coordinates":[[-75.32745,3.81338],[-75.32818,3.8141],[-75.32814,3.81431],[-75.32796,3.81496],[-75.32796,3.81507],[-75.32813,3.81544],[-75.32816,3.81584],[-75.32819,3.81597],[-75.3284,3.81609],[-75.32873,3.81626],[-75.32919,3.81656],[-75.32922,3.81659],[-75.32967,3.81691],[-75.32953,3.8181],[-75.32946,3.81838],[-75.32907,3.81977],[-75.32909,3.82004],[-75.32877,3.82067],[-75.32855,3.82115],[-75.32843,3.82155],[-75.3286,3.82181],[-75.32893,3.82247],[-75.32891,3.82305],[-75.32868,3.82359],[-75.32818,3.8238],[-75.32739,3.8242],[-75.32618,3.82504],[-75.32601,3.82516],[-75.32581,3.82529],[-75.32552,3.8254],[-75.32496,3.82544],[-75.32362,3.82547],[-75.32217,3.82542],[-75.32122,3.82542],[-75.32076,3.82545],[-75.3204,3.82538],[-75.32005,3.82506],[-75.31951,3.82456]]},"properties":{"NIVEL_PROP":"N3-Terciaria"}},{"type":"Feature","geometry":{"type":"LineString","coordinates":[[-75.19584,3.80288],[-75.19547,3.8027],[-75.19479,3.80242]]},"properties":{"NIVEL_PROP":"N3-Terciaria"}},{"type":"Feature","geometry":{"type":"LineString","coordinates":[[-75.19252,3.79495],[-75.19236,3.7954],[-75.19235,3.79551],[-75.1923,3.79571],[-75.19219,3.79608]]},"properties":{"NIVEL_PROP":"N3-Terciaria"}},{"type":"Feature","geometry":{"type":"LineString","coordinates":[[-75.14888,3.8945],[-75.14862,3.89456],[-75.14823,3.89458],[-75.14801,3.8946],[-75.14577,3.89479],[-75.14527,3.89493],[-75.14458,3.89495],[-75.1432,3.8949],[-75.14061,3.89517],[-75.13966,3.89538],[-75.1391,3.89566],[-75.13861,3.896],[-75.13812,3.89649],[-75.13784,3.89676],[-75.13768,3.89682],[-75.13725,3.89686],[-75.1368,3.89691],[-75.13644,3.89696],[-75.13601,3.897],[-75.13557,3.89684],[-75.13517,3.89685],[-75.13473,3.89705],[-75.13427,3.89731],[-75.13402,3.89747],[-75.13338,3.89747],[-75.13301,3.89745],[-75.13287,3.89744],[-75.13234,3.89713],[-75.13132,3.89624],[-75.13059,3.89563],[-75.1304,3.89518],[-75.13031,3.89474],[-75.13022,3.89441],[-75.13012,3.89421],[-75.1299,3.89389],[-75.12962,3.89351],[-75.12933,3.89317]]},"properties":{"NIVEL_PROP":"N3-Terciaria"}},{"type":"Feature","geometry":{"type":"LineString","coordinates":[[-75.1149,3.8839],[-75.1168,3.88466],[-75.11687,3.88473],[-75.1169,3.88515],[-75.11693,3.88535],[-75.117,3.8855]]},"properties":{"NIVEL_PROP":"N3-Terciaria"}},{"type":"Feature","geometry":{"type":"LineString","coordinates":[[-75.19129,3.72098],[-75.19136,3.72082],[-75.19143,3.72055],[-75.19149,3.72026],[-75.19162,3.71988],[-75.19174,3.71978],[-75.192,3.7198],[-75.19216,3.71972],[-75.19221,3.71956],[-75.19221,3.71933],[-75.19218,3.71914],[-75.1923,3.71888],[-75.19241,3.71859],[-75.19249,3.71824],[-75.19265,3.71787],[-75.19273,3.71778],[-75.193,3.71752],[-75.19322,3.71739],[-75.19341,3.71718],[-75.1936,3.71667],[-75.19384,3.71645],[-75.194,3.71634],[-75.19402,3.71622],[-75.19398,3.7161],[-75.19391,3.716],[-75.1938,3.7159],[-75.19363,3.71577],[-75.19347,3.71564],[-75.19337,3.71551],[-75.19332,3.71543],[-75.19322,3.71523],[-75.19316,3.71511],[-75.19307,3.71502],[-75.19283,3.71471],[-75.19264,3.71462],[-75.19248,3.71459],[-75.19218,3.71459],[-75.19185,3.71456],[-75.19153,3.71452],[-75.19127,3.7145],[-75.19106,3.71455],[-75.19081,3.71459]]},"properties":{"NIVEL_PROP":"N3-Terciaria"}},{"type":"Feature","geometry":{"type":"LineString","coordinates":[[-75.09661,3.97428],[-75.09714,3.97474],[-75.09772,3.97558]]},"properties":{"NIVEL_PROP":"N3-Terciaria"}},{"type":"Feature","geometry":{"type":"LineString","coordinates":[[-75.19247,3.40202],[-75.1928,3.40219]]},"properties":{"NIVEL_PROP":"N3-Servicio"}},{"type":"Feature","geometry":{"type":"LineString","coordinates":[[-75.19062,3.7979],[-75.19083,3.79791],[-75.19102,3.79778],[-75.19109,3.79774],[-75.19137,3.79761]]},"properties":{"NIVEL_PROP":"N3-Terciaria"}},{"type":"Feature","geometry":{"type":"LineString","coordinates":[[-75.1637,3.77399],[-75.1636,3.77351],[-75.16347,3.77329],[-75.16341,3.77316],[-75.16338,3.77298],[-75.16322,3.77285],[-75.16307,3.77258],[-75.163,3.77226],[-75.16311,3.77203],[-75.16316,3.77186],[-75.16316,3.7716],[-75.16307,3.77109],[-75.16311,3.77078],[-75.16314,3.77048],[-75.16308,3.77007],[-75.16297,3.76961],[-75.16289,3.7692]]},"properties":{"NIVEL_PROP":"N3-Terciaria"}},{"type":"Feature","geometry":{"type":"LineString","coordinates":[[-75.13264,3.43252],[-75.13262,3.43267],[-75.1326,3.43282],[-75.13256,3.43296],[-75.13194,3.43409],[-75.13186,3.43424],[-75.13181,3.43439],[-75.13177,3.43454],[-75.13171,3.43522],[-75.1317,3.43538],[-75.13166,3.43554],[-75.13162,3.43567],[-75.13155,3.43583],[-75.13146,3.43599],[-75.13132,3.43616],[-75.13115,3.43632],[-75.13085,3.43658],[-75.13046,3.43691],[-75.13022,3.43713],[-75.13008,3.43732],[-75.13001,3.43741],[-75.13001,3.43746]]},"properties":{"NIVEL_PROP":"N2-Secundaria"}},{"type":"Feature","geometry":{"type":"LineString","coordinates":[[-75.13833,3.84505],[-75.13763,3.84549],[-75.1371,3.84622],[-75.13703,3.84738],[-75.13717,3.84817],[-75.13656,3.84864],[-75.13627,3.84911],[-75.13597,3.84909],[-75.13576,3.84934],[-75.13506,3.84965],[-75.13447,3.84954],[-75.13356,3.84968],[-75.13217,3.85096],[-75.13147,3.8516],[-75.13081,3.85186],[-75.13038,3.85194],[-75.12997,3.85194],[-75.13012,3.85229],[-75.13036,3.85261],[-75.13014,3.85304],[-75.12937,3.8537],[-75.129,3.85426],[-75.12851,3.85476],[-75.12833,3.85537],[-75.1282,3.85582],[-75.12804,3.85629],[-75.12779,3.8566]]},"properties":{"NIVEL_PROP":"N3-Servicio"}},{"type":"Feature","geometry":{"type":"LineString","coordinates":[[-75.09508,3.6281],[-75.09593,3.62811]]},"properties":{"NIVEL_PROP":"N3-Terciaria"}},{"type":"Feature","geometry":{"type":"LineString","coordinates":[[-74.99222,3.75833],[-74.99197,3.75822],[-74.99178,3.75813],[-74.99151,3.75803],[-74.99123,3.75798],[-74.99098,3.75786],[-74.99074,3.75767],[-74.99061,3.75753],[-74.99037,3.75734],[-74.98915,3.75662],[-74.98901,3.7565],[-74.98889,3.75625],[-74.98876,3.7561],[-74.98789,3.75533],[-74.98764,3.75501],[-74.98711,3.75421],[-74.98585,3.75244],[-74.98582,3.75235],[-74.98581,3.75209]]},"properties":{"NIVEL_PROP":"N3-Terciaria"}},{"type":"Feature","geometry":{"type":"LineString","coordinates":[[-75.19952,3.40857],[-75.19997,3.40833]]},"properties":{"NIVEL_PROP":"N1-Principal"}},{"type":"Feature","geometry":{"type":"LineString","coordinates":[[-75.09609,3.62883],[-75.09488,3.62882]]},"properties":{"NIVEL_PROP":"N3-Terciaria"}},{"type":"Feature","geometry":{"type":"LineString","coordinates":[[-75.19348,3.74911],[-75.19335,3.74887],[-75.19352,3.74734],[-75.19338,3.74698],[-75.19309,3.74685],[-75.19254,3.74654],[-75.1921,3.74607],[-75.19204,3.74574],[-75.19161,3.74517],[-75.19147,3.74492],[-75.19138,3.74415],[-75.19135,3.7436],[-75.19121,3.74337],[-75.19091,3.74299]]},"properties":{"NIVEL_PROP":"N3-Terciaria"}},{"type":"Feature","geometry":{"type":"LineString","coordinates":[[-75.17692,3.76865],[-75.17679,3.7687],[-75.17665,3.7688],[-75.17647,3.76894],[-75.17555,3.76996],[-75.1754,3.77022],[-75.17529,3.77052],[-75.17512,3.77076],[-75.17495,3.77091],[-75.17484,3.77108],[-75.17463,3.7713]]},"properties":{"NIVEL_PROP":"N3-Terciaria"}},{"type":"Feature","geometry":{"type":"LineString","coordinates":[[-75.1765,3.9896],[-75.17604,3.98934],[-75.17573,3.9892],[-75.17519,3.98921],[-75.17477,3.98921],[-75.17428,3.98919],[-75.17396,3.98918],[-75.17359,3.9893],[-75.17318,3.98937],[-75.17286,3.98948],[-75.17267,3.98965]]},"properties":{"NIVEL_PROP":"N3-Servicio"}},{"type":"Feature","geometry":{"type":"LineString","coordinates":[[-75.07402,3.76133],[-75.0732,3.76105],[-75.07298,3.761],[-75.07277,3.76098],[-75.0726,3.76096],[-75.07254,3.76093],[-75.07249,3.76088],[-75.07248,3.76084],[-75.07248,3.7608],[-75.07259,3.76069],[-75.07266,3.76059],[-75.07261,3.76012],[-75.07254,3.75967],[-75.07241,3.75928],[-75.07231,3.75908],[-75.07148,3.75809],[-75.07127,3.75785],[-75.07123,3.75781],[-75.07117,3.75779],[-75.07111,3.75779],[-75.07088,3.75791]]},"properties":{"NIVEL_PROP":"N3-Terciaria"}},{"type":"Feature","geometry":{"type":"LineString","coordinates":[[-75.06707,3.82121],[-75.06691,3.82159],[-75.06678,3.82199]]},"properties":{"NIVEL_PROP":"Sendero"}},{"type":"Feature","geometry":{"type":"LineString","coordinates":[[-75.62899,3.99008],[-75.62906,3.9899],[-75.6292,3.98973],[-75.62932,3.98956],[-75.62952,3.98938],[-75.62955,3.98915],[-75.62973,3.98885],[-75.62997,3.98862],[-75.63007,3.98839],[-75.62986,3.98826],[-75.62971,3.9881],[-75.62977,3.98798],[-75.62997,3.98798],[-75.6301,3.98794],[-75.63051,3.98764],[-75.6307,3.98746],[-75.63066,3.98734],[-75.63059,3.98722],[-75.63062,3.98711],[-75.63076,3.98678],[-75.63105,3.98631],[-75.63128,3.98616]]},"properties":{"NIVEL_PROP":"N3-Terciaria"}},{"type":"Feature","geometry":{"type":"LineString","coordinates":[[-75.1522,3.94203],[-75.15176,3.94194],[-75.15132,3.94183],[-75.15078,3.94163],[-75.15018,3.94145],[-75.14988,3.94131],[-75.14936,3.94123],[-75.14904,3.94114],[-75.14882,3.94102],[-75.14869,3.9409],[-75.14831,3.94012],[-75.14822,3.93986],[-75.14821,3.93964],[-75.14824,3.93943],[-75.14837,3.93923],[-75.1484,3.93907],[-75.14832,3.93868],[-75.14823,3.93835],[-75.14818,3.93821],[-75.14816,3.93794],[-75.1482,3.93761],[-75.14821,3.93736],[-75.14777,3.93657],[-75.14758,3.93623],[-75.1475,3.93584],[-75.14732,3.93557],[-75.14715,3.93514],[-75.1467,3.93438],[-75.14639,3.93375],[-75.14632,3.93364],[-75.14633,3.93336],[-75.14669,3.93275],[-75.14681,3.9325],[-75.14675,3.93228],[-75.1463,3.93197],[-75.14594,3.93157],[-75.14564,3.93128],[-75.14557,3.93096],[-75.14526,3.93084],[-75.145,3.93087],[-75.14479,3.93077],[-75.1446,3.93071],[-75.14446,3.93036],[-75.14445,3.92978],[-75.14437,3.92959],[-75.14421,3.92931],[-75.14401,3.92917],[-75.14353,3.92912],[-75.14327,3.92905],[-75.14318,3.92897],[-75.14241,3.9285],[-75.14201,3.92821],[-75.14172,3.92799],[-75.14151,3.92791],[-75.14121,3.92785],[-75.14087,3.92783],[-75.14034,3.92782],[-75.13972,3.92768],[-75.13926,3.92767],[-75.13884,3.92778],[-75.13844,3.9278],[-75.13703,3.92795],[-75.13649,3.92806],[-75.1363,3.92811],[-75.13603,3.92819],[-75.13569,3.92847],[-75.13533,3.92849],[-75.13508,3.92839],[-75.13487,3.92838],[-75.13458,3.92852],[-75.13383,3.92874],[-75.13337,3.92881],[-75.13297,3.92901],[-75.13279,3.92901],[-75.13233,3.92892],[-75.13174,3.92871],[-75.13113,3.92859],[-75.1308,3.92846],[-75.13046,3.92843],[-75.12935,3.92819],[-75.12926,3.9282],[-75.12899,3.92819],[-75.12861,3.92821],[-75.12822,3.92805],[-75.12766,3.92786],[-75.12748,3.92776],[-75.12695,3.92737],[-75.12679,3.9273],[-75.12648,3.92714],[-75.12631,3.92721],[-75.12616,3.92735],[-75.12584,3.92756],[-75.12551,3.92787],[-75.12522,3.92808],[-75.12495,3.92822],[-75.12444,3.92832],[-75.12392,3.92832],[-75.1235,3.92812],[-75.12305,3.92801],[-75.12287,3.92801],[-75.12211,3.9277],[-75.12151,3.92743],[-75.12107,3.92714],[-75.12069,3.92676],[-75.1203,3.92669],[-75.11967,3.92658],[-75.11922,3.92638],[-75.11904,3.92612],[-75.1189,3.92574],[-75.11898,3.92534],[-75.119,3.92498],[-75.1188,3.92475],[-75.11857,3.92464],[-75.11822,3.92447],[-75.11799,3.92421],[-75.11774,3.92361],[-75.11756,3.92313],[-75.11746,3.92288],[-75.11738,3.92264],[-75.11707,3.92252],[-75.11674,3.92198],[-75.11662,3.92168],[-75.11654,3.92138],[-75.11653,3.92122],[-75.11644,3.92073],[-75.11625,3.92004],[-75.11585,3.91909],[-75.11557,3.91859],[-75.11521,3.91829],[-75.11456,3.91801],[-75.11415,3.91788],[-75.1137,3.91758],[-75.11298,3.91734],[-75.11244,3.91725],[-75.11134,3.91745],[-75.11106,3.91754],[-75.11041,3.91773],[-75.10982,3.91788],[-75.10944,3.91769],[-75.10875,3.91727],[-75.10829,3.91718],[-75.10787,3.9172],[-75.10647,3.91706],[-75.10609,3.91704],[-75.10583,3.91706],[-75.10536,3.917],[-75.10485,3.91711],[-75.10464,3.91737],[-75.10447,3.91775],[-75.10441,3.91795],[-75.10401,3.9182],[-75.10359,3.91831],[-75.10341,3.91833],[-75.10326,3.91827],[-75.10299,3.91804],[-75.10274,3.91789],[-75.10247,3.91786]]},"properties":{"NIVEL_PROP":"N3-Terciaria"}},{"type":"Feature","geometry":{"type":"LineString","coordinates":[[-75.18218,3.89632],[-75.18229,3.89613],[-75.18293,3.89551],[-75.18323,3.8954],[-75.18351,3.89515],[-75.1839,3.89485],[-75.18397,3.89476],[-75.18425,3.89456],[-75.18452,3.89425],[-75.18454,3.89383],[-75.18463,3.8936],[-75.18451,3.89266],[-75.18484,3.89191],[-75.18493,3.8908],[-75.18527,3.89043],[-75.18548,3.88991],[-75.1856,3.88959],[-75.18559,3.88899],[-75.18564,3.88886],[-75.18574,3.88878],[-75.18584,3.88844],[-75.1862,3.88784],[-75.18673,3.88739],[-75.18713,3.88717],[-75.18722,3.88702],[-75.18746,3.88646],[-75.18761,3.8862],[-75.18793,3.88596],[-75.18811,3.88584],[-75.18811,3.88559],[-75.18822,3.88547],[-75.18826,3.88528],[-75.18834,3.88503],[-75.18858,3.88472],[-75.18927,3.8843],[-75.18946,3.884],[-75.18957,3.88382],[-75.18978,3.88352],[-75.19062,3.88326],[-75.19208,3.88244],[-75.19227,3.88225],[-75.19218,3.8817],[-75.19216,3.88146],[-75.19245,3.88131],[-75.19271,3.88131],[-75.1932,3.88108],[-75.19372,3.88103],[-75.19401,3.88088],[-75.19409,3.88079],[-75.19411,3.88055],[-75.19407,3.88048],[-75.19403,3.8802],[-75.19411,3.87996],[-75.19485,3.87906],[-75.19499,3.87894],[-75.19517,3.87891],[-75.19607,3.87883],[-75.19621,3.87877],[-75.19694,3.87825],[-75.19704,3.87822],[-75.19718,3.87818],[-75.19725,3.87827],[-75.19787,3.87851],[-75.19822,3.87858],[-75.19857,3.87859],[-75.19904,3.87866],[-75.19935,3.87865],[-75.19967,3.87852],[-75.20009,3.87835],[-75.20031,3.87822],[-75.20094,3.87787],[-75.20122,3.87772],[-75.20157,3.87782],[-75.20175,3.87783],[-75.20202,3.87763],[-75.20243,3.87731],[-75.20266,3.87713],[-75.2028,3.87683],[-75.20301,3.87669],[-75.20323,3.87656],[-75.20328,3.87651],[-75.20327,3.87641],[-75.2032,3.87628],[-75.20321,3.87605],[-75.20328,3.87581],[-75.20342,3.87568],[-75.20355,3.87541],[-75.20369,3.87525],[-75.2038,3.87482],[-75.20391,3.87468],[-75.20408,3.87455],[-75.20421,3.87444],[-75.20431,3.8743],[-75.20442,3.87425],[-75.20456,3.87414],[-75.20499,3.87344],[-75.20508,3.87336],[-75.20537,3.87324],[-75.2058,3.87311],[-75.20614,3.87305],[-75.20637,3.87307],[-75.20653,3.87316],[-75.20664,3.87322]]},"properties":{"NIVEL_PROP":"N3-Terciaria"}},{"type":"Feature","geometry":{"type":"LineString","coordinates":[[-75.23862,3.7735],[-75.23857,3.77347],[-75.23851,3.77349],[-75.23847,3.77351],[-75.23843,3.77352],[-75.2384,3.77356],[-75.23837,3.7736],[-75.23838,3.77364],[-75.23839,3.77368]]},"properties":{"NIVEL_PROP":"Sendero"}},{"type":"Feature","geometry":{"type":"LineString","coordinates":[[-75.11289,3.93807],[-75.11305,3.93796],[-75.1137,3.93794],[-75.11392,3.93785],[-75.11449,3.93747],[-75.11478,3.93729],[-75.11494,3.93719],[-75.11512,3.93725],[-75.11524,3.93731],[-75.11554,3.93712],[-75.11567,3.93687],[-75.11572,3.93663],[-75.11559,3.93646]]},"properties":{"NIVEL_PROP":"N3-Terciaria"}},{"type":"Feature","geometry":{"type":"LineString","coordinates":[[-75.09421,3.62846],[-75.09373,3.62835],[-75.0934,3.62827],[-75.09329,3.62825],[-75.09287,3.62815],[-75.0924,3.62804],[-75.09204,3.62795],[-75.09152,3.62783],[-75.09127,3.62778]]},"properties":{"NIVEL_PROP":"N3-Terciaria"}},{"type":"Feature","geometry":{"type":"LineString","coordinates":[[-75.19218,3.79702],[-75.19257,3.79706],[-75.19271,3.79712],[-75.19312,3.79733],[-75.19345,3.7975],[-75.19394,3.79772],[-75.19469,3.79807]]},"properties":{"NIVEL_PROP":"N2-Secundaria"}},{"type":"Feature","geometry":{"type":"LineString","coordinates":[[-75.6054,4.00995],[-75.60438,4.00917],[-75.60419,4.00903]]},"properties":{"NIVEL_PROP":"N3-Terciaria"}},{"type":"Feature","geometry":{"type":"LineString","coordinates":[[-75.22364,3.93745],[-75.22377,3.9373],[-75.22388,3.93713],[-75.22395,3.93691],[-75.22399,3.93669],[-75.22406,3.93629],[-75.22416,3.93575],[-75.22423,3.93543],[-75.22428,3.93527],[-75.22432,3.93517],[-75.22436,3.93508],[-75.22449,3.93496],[-75.22474,3.93477]]},"properties":{"NIVEL_PROP":"N3-Terciaria"}},{"type":"Feature","geometry":{"type":"LineString","coordinates":[[-75.12973,3.91874],[-75.12963,3.91852],[-75.12943,3.91843],[-75.12901,3.91822],[-75.12856,3.9181],[-75.12828,3.91802],[-75.12764,3.91784],[-75.12747,3.91778],[-75.12713,3.91757],[-75.127,3.91748],[-75.12701,3.91734],[-75.12685,3.91707],[-75.12683,3.91677],[-75.12681,3.91641],[-75.12681,3.91603],[-75.12673,3.91564],[-75.12656,3.91492],[-75.12637,3.91418],[-75.12631,3.91381],[-75.12632,3.91358],[-75.12654,3.91334],[-75.12686,3.9129],[-75.12682,3.91249]]},"properties":{"NIVEL_PROP":"N3-Terciaria"}},{"type":"Feature","geometry":{"type":"LineString","coordinates":[[-75.22116,3.92821],[-75.22147,3.92761]]},"properties":{"NIVEL_PROP":"N3-Terciaria"}},{"type":"Feature","geometry":{"type":"LineString","coordinates":[[-75.04603,3.75823],[-75.0466,3.75824],[-75.04816,3.75828],[-75.04827,3.75829],[-75.04835,3.75828],[-75.04841,3.75826],[-75.04846,3.75821],[-75.04849,3.75814],[-75.04856,3.75798],[-75.04869,3.75767],[-75.04872,3.75761],[-75.04874,3.75759],[-75.04876,3.75758],[-75.0488,3.75758],[-75.04889,3.75757],[-75.04925,3.75755],[-75.04931,3.75754],[-75.04934,3.75753],[-75.04936,3.75751],[-75.04939,3.75749],[-75.04942,3.75748],[-75.0495,3.75747],[-75.04978,3.75746],[-75.04985,3.75745],[-75.04987,3.75744],[-75.0499,3.75743],[-75.04991,3.7574],[-75.04993,3.75736],[-75.04995,3.75731]]},"properties":{"NIVEL_PROP":"N3-Servicio"}},{"type":"Feature","geometry":{"type":"LineString","coordinates":[[-75.10122,3.62518],[-75.1008,3.62501],[-75.09979,3.62458],[-75.09948,3.62441],[-75.09917,3.62422],[-75.09877,3.62402],[-75.0986,3.62394],[-75.09824,3.6238],[-75.0977,3.62361],[-75.09733,3.62348]]},"properties":{"NIVEL_PROP":"N3-Servicio"}},{"type":"Feature","geometry":{"type":"LineString","coordinates":[[-75.18668,3.4405],[-75.18646,3.44004],[-75.18642,3.43999],[-75.18639,3.43994],[-75.18635,3.43991],[-75.18629,3.43987],[-75.18623,3.43985],[-75.18616,3.4398],[-75.18608,3.43975],[-75.18606,3.43972],[-75.18605,3.43969],[-75.18603,3.43965],[-75.18603,3.43962],[-75.18605,3.43957],[-75.18606,3.43953],[-75.18612,3.4395]]},"properties":{"NIVEL_PROP":"N3-Terciaria"}},{"type":"Feature","geometry":{"type":"LineString","coordinates":[[-75.0954,3.96713],[-75.09543,3.96711],[-75.09547,3.9671],[-75.09554,3.96708]]},"properties":{"NIVEL_PROP":"N3-Terciaria"}},{"type":"Feature","geometry":{"type":"LineString","coordinates":[[-75.32456,3.81341],[-75.32417,3.81319]]},"properties":{"NIVEL_PROP":"N1-Principal"}},{"type":"Feature","geometry":{"type":"LineString","coordinates":[[-75.16341,4.00421],[-75.16342,4.0042],[-75.16469,4.00248],[-75.16385,4.00153],[-75.16355,4.00123],[-75.16281,4.00108],[-75.16266,4.00093]]},"properties":{"NIVEL_PROP":"N3-Terciaria"}},{"type":"Feature","geometry":{"type":"LineString","coordinates":[[-75.17469,3.74798],[-75.17457,3.74809],[-75.17433,3.74816],[-75.17386,3.74852],[-75.17373,3.74875],[-75.17358,3.749],[-75.17341,3.74916],[-75.17317,3.7494],[-75.17314,3.74975],[-75.17288,3.75027],[-75.17272,3.75054],[-75.1723,3.75075],[-75.17212,3.75097],[-75.17197,3.7512],[-75.17175,3.7515],[-75.17141,3.75175],[-75.17126,3.75178],[-75.17087,3.75186],[-75.17065,3.75183],[-75.17054,3.75187],[-75.17041,3.75199],[-75.17027,3.75212],[-75.17016,3.75229],[-75.17008,3.75241],[-75.16999,3.75247],[-75.1699,3.75249],[-75.16982,3.75243],[-75.16979,3.75234],[-75.1697,3.75235]]},"properties":{"NIVEL_PROP":"N3-Terciaria"}},{"type":"Feature","geometry":{"type":"LineString","coordinates":[[-75.19674,3.80028],[-75.19656,3.80018],[-75.19588,3.79971],[-75.19512,3.7992],[-75.19444,3.79873],[-75.19373,3.79824],[-75.1933,3.79794],[-75.19324,3.79793],[-75.1932,3.79791],[-75.19262,3.79785]]},"properties":{"NIVEL_PROP":"N3-Terciaria"}},{"type":"Feature","geometry":{"type":"LineString","coordinates":[[-75.09303,3.61992],[-75.09224,3.61969],[-75.09138,3.61942],[-75.09038,3.61908],[-75.08969,3.61885],[-75.08886,3.61853],[-75.08826,3.61828]]},"properties":{"NIVEL_PROP":"N3-Terciaria"}},{"type":"Feature","geometry":{"type":"LineString","coordinates":[[-75.06372,3.78125],[-75.06366,3.78126],[-75.0636,3.78128],[-75.06354,3.7813],[-75.0635,3.78131],[-75.06344,3.78134],[-75.06339,3.78136],[-75.06332,3.78138],[-75.06321,3.7814],[-75.06316,3.78142],[-75.06307,3.78147],[-75.06303,3.78149],[-75.06292,3.78152],[-75.06287,3.78153],[-75.06281,3.78156],[-75.06276,3.78157],[-75.06267,3.78158],[-75.06258,3.7816],[-75.06252,3.78161],[-75.06246,3.7816],[-75.06238,3.78161],[-75.06229,3.78162],[-75.06222,3.78162],[-75.06184,3.78167],[-75.06175,3.78168],[-75.06165,3.78168],[-75.0606,3.7818],[-75.05979,3.78184],[-75.05818,3.78192],[-75.05812,3.78192],[-75.05805,3.78193],[-75.05799,3.78196],[-75.05587,3.78315],[-75.05579,3.7832],[-75.05571,3.78323],[-75.05562,3.78326],[-75.05554,3.78326],[-75.0545,3.78309],[-75.05221,3.78272],[-75.05215,3.78272],[-75.05208,3.78274],[-75.05199,3.78279],[-75.05129,3.78315],[-75.05118,3.78319],[-75.05048,3.78345],[-75.05032,3.7835],[-75.05024,3.78352],[-75.05018,3.78357],[-75.05014,3.78366],[-75.04984,3.78441],[-75.04958,3.78499],[-75.04952,3.78511],[-75.04944,3.7852],[-75.04936,3.78528],[-75.04927,3.78533],[-75.04911,3.78538],[-75.04899,3.78542],[-75.04889,3.78547],[-75.04872,3.78558],[-75.04837,3.78586],[-75.04831,3.78592],[-75.04825,3.78599],[-75.04821,3.7861],[-75.04788,3.7869],[-75.04752,3.7877],[-75.0475,3.78774],[-75.04746,3.78777],[-75.04743,3.78779]]},"properties":{"NIVEL_PROP":"N3-Terciaria"}},{"type":"Feature","geometry":{"type":"LineString","coordinates":[[-75.15489,3.74376],[-75.15494,3.74378],[-75.15591,3.74432],[-75.15604,3.74436],[-75.15707,3.74441],[-75.15723,3.74444],[-75.158,3.74509],[-75.15871,3.74582]]},"properties":{"NIVEL_PROP":"N3-Terciaria"}},{"type":"Feature","geometry":{"type":"LineString","coordinates":[[-75.09682,3.61905],[-75.09601,3.61883]]},"properties":{"NIVEL_PROP":"N3-Terciaria"}},{"type":"Feature","geometry":{"type":"LineString","coordinates":[[-75.22032,3.93269],[-75.22012,3.93297]]},"properties":{"NIVEL_PROP":"N3-Terciaria"}},{"type":"Feature","geometry":{"type":"LineString","coordinates":[[-75.13044,3.97376],[-75.13061,3.97357],[-75.13084,3.97335],[-75.1311,3.97332],[-75.13147,3.97333],[-75.13176,3.97335],[-75.13184,3.97335],[-75.13241,3.97349],[-75.13251,3.97357],[-75.13262,3.97371],[-75.13281,3.97389],[-75.13298,3.97408]]},"properties":{"NIVEL_PROP":"N3-Camino vecinal"}},{"type":"Feature","geometry":{"type":"LineString","coordinates":[[-75.06333,3.81795],[-75.06336,3.81742],[-75.06344,3.81686],[-75.06356,3.81638],[-75.06362,3.81616],[-75.06374,3.81592],[-75.06389,3.81571],[-75.06411,3.81545],[-75.06438,3.81519],[-75.06555,3.81414],[-75.06625,3.81351],[-75.06649,3.81321],[-75.06672,3.81281],[-75.06682,3.81249],[-75.06686,3.81223],[-75.06708,3.81073],[-75.06729,3.80924],[-75.06771,3.80626],[-75.0693,3.7948],[-75.06988,3.79081],[-75.07114,3.78141],[-75.0723,3.7734],[-75.07254,3.77172],[-75.07255,3.77167]]},"properties":{"NIVEL_PROP":"N1-Principal"}},{"type":"Feature","geometry":{"type":"LineString","coordinates":[[-75.21884,3.93347],[-75.21837,3.93332],[-75.21789,3.93319]]},"properties":{"NIVEL_PROP":"N3-Terciaria"}},{"type":"Feature","geometry":{"type":"LineString","coordinates":[[-75.10108,3.80581],[-75.10093,3.80599],[-75.10079,3.8062],[-75.10075,3.80633],[-75.10076,3.80643],[-75.10085,3.80651],[-75.10106,3.80662],[-75.10122,3.80665],[-75.10145,3.8067]]},"properties":{"NIVEL_PROP":"N3-Terciaria"}},{"type":"Feature","geometry":{"type":"LineString","coordinates":[[-75.21962,3.93602],[-75.21932,3.93567]]},"properties":{"NIVEL_PROP":"N3-Terciaria"}},{"type":"Feature","geometry":{"type":"LineString","coordinates":[[-75.12119,3.77515],[-75.12181,3.77434]]},"properties":{"NIVEL_PROP":"N3-Terciaria"}},{"type":"Feature","geometry":{"type":"LineString","coordinates":[[-75.17154,3.8804],[-75.17138,3.88068],[-75.17134,3.88086],[-75.17146,3.88113],[-75.17151,3.88141]]},"properties":{"NIVEL_PROP":"N3-Terciaria"}},{"type":"Feature","geometry":{"type":"LineString","coordinates":[[-75.22486,3.93533],[-75.22481,3.93549]]},"properties":{"NIVEL_PROP":"N3-Terciaria"}},{"type":"Feature","geometry":{"type":"LineString","coordinates":[[-75.22325,3.92664],[-75.22304,3.92681],[-75.22293,3.92702],[-75.22286,3.92719],[-75.22278,3.92746],[-75.22274,3.92759],[-75.22268,3.92778],[-75.22265,3.92794],[-75.22257,3.92825],[-75.22256,3.92827],[-75.22247,3.9286],[-75.2224,3.92885],[-75.22231,3.92919]]},"properties":{"NIVEL_PROP":"N1-Principal"}},{"type":"Feature","geometry":{"type":"LineString","coordinates":[[-75.11178,3.77159],[-75.11164,3.77138],[-75.1115,3.77117],[-75.11126,3.77077],[-75.11121,3.77068],[-75.11102,3.77034],[-75.11076,3.76987],[-75.1107,3.76979],[-75.11054,3.76958],[-75.11033,3.76935],[-75.11016,3.7692],[-75.11002,3.76909],[-75.10995,3.76905],[-75.10978,3.76898],[-75.10949,3.76887],[-75.10932,3.7688],[-75.10922,3.76876],[-75.10909,3.7687],[-75.10901,3.76866],[-75.10893,3.7686],[-75.10886,3.76854],[-75.10882,3.76849],[-75.10881,3.76847],[-75.10881,3.76846],[-75.10882,3.76843],[-75.10884,3.76837],[-75.10889,3.76823],[-75.10896,3.76803],[-75.10911,3.76756],[-75.10936,3.76683],[-75.10952,3.76635],[-75.10972,3.76571],[-75.10974,3.76564],[-75.10977,3.7654],[-75.10981,3.76468],[-75.10978,3.76425],[-75.10968,3.76304],[-75.10959,3.76127]]},"properties":{"NIVEL_PROP":"N3-Camino vecinal"}},{"type":"Feature","geometry":{"type":"LineString","coordinates":[[-75.22937,3.78102],[-75.22903,3.78063]]},"properties":{"NIVEL_PROP":"N3-Terciaria"}},{"type":"Feature","geometry":{"type":"LineString","coordinates":[[-75.15245,3.86014],[-75.15313,3.86031],[-75.15409,3.86071],[-75.15416,3.8609],[-75.15394,3.86126],[-75.15402,3.86173],[-75.15408,3.86183],[-75.1543,3.86195],[-75.15427,3.86242],[-75.15443,3.86263],[-75.15464,3.8628],[-75.1553,3.86283],[-75.15576,3.863],[-75.15614,3.86355],[-75.15641,3.86424]]},"properties":{"NIVEL_PROP":"N3-Terciaria"}},{"type":"Feature","geometry":{"type":"LineString","coordinates":[[-75.22883,3.77931],[-75.22842,3.77985],[-75.22844,3.78]]},"properties":{"NIVEL_PROP":"N3-Terciaria"}},{"type":"Feature","geometry":{"type":"MultiLineString","coordinates":[[[-75.34343,3.82427],[-75.34383,3.8244],[-75.34417,3.82455],[-75.34428,3.82482],[-75.34419,3.82541],[-75.3443,3.8256],[-75.34415,3.82585],[-75.3442,3.82616],[-75.34444,3.82659],[-75.34467,3.8269],[-75.3449,3.82822],[-75.34535,3.82907],[-75.34565,3.82924],[-75.34588,3.82918],[-75.34605,3.82897],[-75.34619,3.82865],[-75.3464,3.82853],[-75.34676,3.82862],[-75.34713,3.82872],[-75.34739,3.82862],[-75.34752,3.82851],[-75.34769,3.82811],[-75.34785,3.82797],[-75.34821,3.82793],[-75.34844,3.82784],[-75.34862,3.82771],[-75.34898,3.82763],[-75.34908,3.82753],[-75.34924,3.82775],[-75.34929,3.82794],[-75.34942,3.82789],[-75.3495,3.8276],[-75.34952,3.82738],[-75.34944,3.82721],[-75.34955,3.82686],[-75.3497,3.82672],[-75.34992,3.82673],[-75.35025,3.82677],[-75.35069,3.82664],[-75.35105,3.82654],[-75.35117,3.82648],[-75.35117,3.82638],[-75.35088,3.82559],[-75.35087,3.8254],[-75.35117,3.82517],[-75.35143,3.82498],[-75.35155,3.82484],[-75.35132,3.82441],[-75.35139,3.82399],[-75.3514,3.8238],[-75.35137,3.82355],[-75.35141,3.82345],[-75.35163,3.8234],[-75.35177,3.82334],[-75.35188,3.8232],[-75.35192,3.82282],[-75.35216,3.82263],[-75.35238,3.8225],[-75.35255,3.82225],[-75.35257,3.82209],[-75.3527,3.82187],[-75.35287,3.82175],[-75.35288,3.82163],[-75.353,3.82153],[-75.35312,3.82146],[-75.35321,3.82134],[-75.35328,3.82121],[-75.35342,3.82113]],[[-75.35256,3.82341],[-75.35241,3.82361],[-75.35228,3.82383],[-75.3523,3.82411],[-75.35234,3.82416]],[[-75.35318,3.8217],[-75.35305,3.82183],[-75.35292,3.8221],[-75.3529,3.82228],[-75.35279,3.82249],[-75.35263,3.82267],[-75.3525,3.82292],[-75.35249,3.82304],[-75.35257,3.8232],[-75.35257,3.82338]]]},"properties":{"NIVEL_PROP":"N3-Terciaria"}},{"type":"Feature","geometry":{"type":"LineString","coordinates":[[-75.19418,3.79412],[-75.1942,3.79397],[-75.19422,3.79363],[-75.1943,3.79291],[-75.19436,3.79251],[-75.19438,3.79239],[-75.19443,3.79217],[-75.19445,3.79197]]},"properties":{"NIVEL_PROP":"N3-Terciaria"}},{"type":"Feature","geometry":{"type":"LineString","coordinates":[[-75.14079,3.78605],[-75.1407,3.78609],[-75.14064,3.78617],[-75.14062,3.78628],[-75.14063,3.78642],[-75.14071,3.78686],[-75.14076,3.7871],[-75.14078,3.78735],[-75.1408,3.78754],[-75.14078,3.78783],[-75.14069,3.78842],[-75.14059,3.78915]]},"properties":{"NIVEL_PROP":"N3-Camino vecinal"}},{"type":"Feature","geometry":{"type":"LineString","coordinates":[[-75.10903,3.52325],[-75.10905,3.52243],[-75.10906,3.52155],[-75.10908,3.5205],[-75.10909,3.51964],[-75.10911,3.51866],[-75.10912,3.51785],[-75.10915,3.51735],[-75.10921,3.51695],[-75.10923,3.51686],[-75.10927,3.5167],[-75.10943,3.51618],[-75.1096,3.51568],[-75.10979,3.51526],[-75.10991,3.51504],[-75.11006,3.51481],[-75.11017,3.51468],[-75.11029,3.51457],[-75.11032,3.51451],[-75.11034,3.51446],[-75.11036,3.51443],[-75.11073,3.5139],[-75.11107,3.51343],[-75.11165,3.51272],[-75.11257,3.51149],[-75.11375,3.50996],[-75.11398,3.50971],[-75.11424,3.5095],[-75.11463,3.50929],[-75.11648,3.5087],[-75.11711,3.50846],[-75.11766,3.50809],[-75.11947,3.50601],[-75.11975,3.50573],[-75.12006,3.50552],[-75.12042,3.50535],[-75.12079,3.50527],[-75.12218,3.50503]]},"properties":{"NIVEL_PROP":"N3-Terciaria"}},{"type":"Feature","geometry":{"type":"LineString","coordinates":[[-75.11011,3.80948],[-75.1096,3.81026],[-75.10843,3.8124],[-75.10821,3.81281],[-75.10789,3.81326],[-75.10713,3.8142],[-75.10705,3.81433],[-75.107,3.81445],[-75.10692,3.81453],[-75.10681,3.81464],[-75.10673,3.81473],[-75.10664,3.81484],[-75.10662,3.81494],[-75.1066,3.81503]]},"properties":{"NIVEL_PROP":"N3-Terciaria"}},{"type":"Feature","geometry":{"type":"LineString","coordinates":[[-75.11157,3.77515],[-75.11157,3.77536]]},"properties":{"NIVEL_PROP":"N3-Terciaria"}},{"type":"Feature","geometry":{"type":"LineString","coordinates":[[-75.60772,4.01463],[-75.60712,4.01412]]},"properties":{"NIVEL_PROP":"N3-Terciaria"}},{"type":"Feature","geometry":{"type":"LineString","coordinates":[[-75.19191,3.79597],[-75.19181,3.79699],[-75.1918,3.79716]]},"properties":{"NIVEL_PROP":"N3-Terciaria"}},{"type":"Feature","geometry":{"type":"LineString","coordinates":[[-75.17724,3.76553],[-75.17703,3.76569],[-75.17659,3.766],[-75.17562,3.76672],[-75.17513,3.76702],[-75.17478,3.76729],[-75.17457,3.76764],[-75.17424,3.76833],[-75.17376,3.7692],[-75.17372,3.76941],[-75.17366,3.76997],[-75.17355,3.77057],[-75.17341,3.77085],[-75.17325,3.77101],[-75.17303,3.7711],[-75.17226,3.77136],[-75.17007,3.77218],[-75.16988,3.77237],[-75.16975,3.77256],[-75.16907,3.77402],[-75.1689,3.77429],[-75.16874,3.77445],[-75.16849,3.7746],[-75.16692,3.77558]]},"properties":{"NIVEL_PROP":"N3-Terciaria"}},{"type":"Feature","geometry":{"type":"LineString","coordinates":[[-75.09309,3.96835],[-75.09397,3.96812]]},"properties":{"NIVEL_PROP":"N1-Principal"}},{"type":"Feature","geometry":{"type":"LineString","coordinates":[[-75.15475,3.9381],[-75.15488,3.93779],[-75.15537,3.93735],[-75.15564,3.93701],[-75.15601,3.93647],[-75.15657,3.93567],[-75.15711,3.93474],[-75.15733,3.93424],[-75.15742,3.93398],[-75.15736,3.93362],[-75.15744,3.933],[-75.15757,3.93218],[-75.15761,3.93205],[-75.15805,3.93157],[-75.15874,3.93086],[-75.1595,3.92991],[-75.16142,3.92744],[-75.16211,3.92639],[-75.16273,3.9254],[-75.16319,3.92478],[-75.16329,3.92461],[-75.16334,3.92434],[-75.16342,3.92409],[-75.16353,3.92358],[-75.16366,3.9232],[-75.16382,3.92263],[-75.16411,3.92203],[-75.16433,3.92167]]},"properties":{"NIVEL_PROP":"N3-Terciaria"}},{"type":"Feature","geometry":{"type":"LineString","coordinates":[[-75.21209,3.76522],[-75.2122,3.76519],[-75.21227,3.76516],[-75.21239,3.76506],[-75.21251,3.76497]]},"properties":{"NIVEL_PROP":"N3-Terciaria"}},{"type":"Feature","geometry":{"type":"LineString","coordinates":[[-75.09754,3.61733],[-75.09733,3.6174],[-75.09727,3.61755]]},"properties":{"NIVEL_PROP":"N3-Terciaria"}},{"type":"Feature","geometry":{"type":"LineString","coordinates":[[-75.11938,3.81335],[-75.1196,3.81333],[-75.12143,3.81306],[-75.12159,3.8125],[-75.12185,3.81239],[-75.12227,3.8124],[-75.12242,3.81241],[-75.12278,3.81233],[-75.12299,3.81225],[-75.1231,3.81201],[-75.12305,3.81109],[-75.12286,3.81089]]},"properties":{"NIVEL_PROP":"N3-Terciaria"}},{"type":"Feature","geometry":{"type":"LineString","coordinates":[[-75.17904,3.77605],[-75.17916,3.77468],[-75.17918,3.77372],[-75.17914,3.7735],[-75.17911,3.7731],[-75.17915,3.77272],[-75.17915,3.77242],[-75.17915,3.77215],[-75.17912,3.77196],[-75.17907,3.77169],[-75.17879,3.77103],[-75.17859,3.77085],[-75.17837,3.77077],[-75.17788,3.77071],[-75.17764,3.77063],[-75.17746,3.77041],[-75.17729,3.77013],[-75.17687,3.76933],[-75.1768,3.76905],[-75.17684,3.76883],[-75.17692,3.76865],[-75.17703,3.76838],[-75.17706,3.76831],[-75.17731,3.76776],[-75.17734,3.76746],[-75.17739,3.7668],[-75.17744,3.7662],[-75.17739,3.76588],[-75.17733,3.76572],[-75.1773,3.76564],[-75.17728,3.76559],[-75.17724,3.76553],[-75.17717,3.76538]]},"properties":{"NIVEL_PROP":"N3-Terciaria"}},{"type":"Feature","geometry":{"type":"LineString","coordinates":[[-75.10178,3.59245],[-75.10175,3.59263],[-75.10174,3.59272],[-75.10172,3.59285],[-75.10158,3.59308],[-75.10151,3.59323],[-75.10136,3.59355],[-75.10131,3.59372],[-75.10124,3.59394],[-75.10114,3.59417],[-75.10102,3.59438],[-75.10086,3.59468],[-75.10075,3.59483],[-75.10042,3.59536],[-75.10011,3.59591],[-75.09997,3.59613],[-75.09985,3.59633],[-75.09974,3.59655],[-75.09963,3.59677],[-75.09955,3.59701],[-75.0995,3.59734],[-75.09948,3.59776],[-75.09945,3.59852],[-75.09943,3.59875],[-75.0994,3.59895],[-75.09936,3.59912],[-75.09933,3.59928],[-75.0993,3.59949],[-75.09925,3.59977],[-75.09916,3.60017],[-75.09905,3.60066],[-75.09896,3.60106],[-75.09883,3.60164],[-75.09852,3.60283],[-75.09841,3.6035],[-75.09834,3.60442],[-75.09818,3.60651],[-75.0982,3.60709],[-75.09805,3.60882],[-75.09783,3.61113],[-75.09781,3.61286],[-75.09777,3.6154],[-75.09779,3.61551],[-75.09786,3.6156],[-75.09806,3.61573],[-75.09869,3.61614],[-75.09886,3.61629]]},"properties":{"NIVEL_PROP":"N3-Terciaria"}},{"type":"Feature","geometry":{"type":"LineString","coordinates":[[-75.14065,3.75563],[-75.1406,3.75556]]},"properties":{"NIVEL_PROP":"N3-Terciaria"}},{"type":"Feature","geometry":{"type":"LineString","coordinates":[[-75.07091,3.8224],[-75.0709,3.82231],[-75.07089,3.82223],[-75.07086,3.82215],[-75.0708,3.82204],[-75.07072,3.82193],[-75.07064,3.82182],[-75.07061,3.82176],[-75.07057,3.82169],[-75.07054,3.82157],[-75.07053,3.8215],[-75.07048,3.82141]]},"properties":{"NIVEL_PROP":"N3-Servicio"}},{"type":"Feature","geometry":{"type":"LineString","coordinates":[[-75.33356,3.81029],[-75.33394,3.81036]]},"properties":{"NIVEL_PROP":"N3-Terciaria"}},{"type":"Feature","geometry":{"type":"LineString","coordinates":[[-75.12732,3.71177],[-75.1269,3.71265],[-75.1268,3.7129],[-75.12678,3.71295]]},"properties":{"NIVEL_PROP":"N3-Terciaria"}},{"type":"Feature","geometry":{"type":"LineString","coordinates":[[-75.2229,3.93202],[-75.22269,3.93156]]},"properties":{"NIVEL_PROP":"N3-Terciaria"}},{"type":"Feature","geometry":{"type":"LineString","coordinates":[[-75.09028,3.62987],[-75.09078,3.62895]]},"properties":{"NIVEL_PROP":"N3-Terciaria"}},{"type":"Feature","geometry":{"type":"LineString","coordinates":[[-75.16292,3.90889],[-75.16282,3.90966],[-75.16266,3.91067],[-75.16274,3.91121],[-75.16261,3.91147],[-75.16262,3.91192],[-75.16262,3.91227],[-75.16255,3.91244],[-75.16234,3.91268],[-75.16217,3.91286]]},"properties":{"NIVEL_PROP":"N3-Terciaria"}},{"type":"Feature","geometry":{"type":"LineString","coordinates":[[-75.2215,3.92949],[-75.22146,3.92967],[-75.22143,3.92982],[-75.22132,3.93013],[-75.2212,3.93049],[-75.22111,3.93078],[-75.22105,3.93094],[-75.22091,3.93129]]},"properties":{"NIVEL_PROP":"N3-Terciaria"}},{"type":"Feature","geometry":{"type":"LineString","coordinates":[[-75.06915,3.79477],[-75.06846,3.79417],[-75.06834,3.79407],[-75.06826,3.79402],[-75.06819,3.79399],[-75.06811,3.79397],[-75.06804,3.79392],[-75.06798,3.79384],[-75.06799,3.79368],[-75.06802,3.79338]]},"properties":{"NIVEL_PROP":"N3-Terciaria"}},{"type":"Feature","geometry":{"type":"LineString","coordinates":[[-75.09429,3.62461],[-75.09456,3.62382],[-75.09477,3.62311]]},"properties":{"NIVEL_PROP":"N3-Terciaria"}},{"type":"Feature","geometry":{"type":"LineString","coordinates":[[-75.15757,3.93218],[-75.15768,3.93219],[-75.1578,3.93242],[-75.1579,3.93268]]},"properties":{"NIVEL_PROP":"N3-Terciaria"}},{"type":"Feature","geometry":{"type":"LineString","coordinates":[[-75.11987,3.8101],[-75.12008,3.8101],[-75.12039,3.81027],[-75.12052,3.81028],[-75.12187,3.81]]},"properties":{"NIVEL_PROP":"N3-Terciaria"}},{"type":"Feature","geometry":{"type":"LineString","coordinates":[[-75.29856,3.9136],[-75.29866,3.91314],[-75.2987,3.91288],[-75.29885,3.91263],[-75.29903,3.91243],[-75.29926,3.91227],[-75.29943,3.91209],[-75.29953,3.91176],[-75.29958,3.91132],[-75.29949,3.91105],[-75.29942,3.91074],[-75.29945,3.91053],[-75.29957,3.91033],[-75.2999,3.91],[-75.3002,3.90994],[-75.30041,3.90995],[-75.30048,3.9099],[-75.30048,3.9098],[-75.30042,3.9097],[-75.3002,3.90946],[-75.30007,3.90933],[-75.30006,3.90909],[-75.30017,3.90904],[-75.30041,3.9091],[-75.30066,3.90917],[-75.30081,3.90919],[-75.30114,3.90887]]},"properties":{"NIVEL_PROP":"N3-Terciaria"}},{"type":"Feature","geometry":{"type":"LineString","coordinates":[[-75.1967,3.79649],[-75.19688,3.79612],[-75.197,3.79583]]},"properties":{"NIVEL_PROP":"N3-Terciaria"}},{"type":"Feature","geometry":{"type":"LineString","coordinates":[[-75.16336,3.90885],[-75.163,3.90886],[-75.16292,3.90889],[-75.16245,3.90915],[-75.1612,3.90931],[-75.16087,3.90933],[-75.16031,3.90915],[-75.15976,3.90887],[-75.15951,3.90879],[-75.1586,3.90878],[-75.1576,3.90867],[-75.1572,3.90869],[-75.15655,3.90874],[-75.15623,3.9087],[-75.15589,3.90868],[-75.15527,3.90874],[-75.1552,3.90874],[-75.15486,3.90856],[-75.15365,3.90821],[-75.15183,3.90772],[-75.15147,3.90764],[-75.15105,3.90739],[-75.15077,3.90732],[-75.15055,3.90676],[-75.15036,3.90633],[-75.14964,3.9061],[-75.14921,3.90587],[-75.14883,3.90578],[-75.14827,3.90574],[-75.14808,3.90572]]},"properties":{"NIVEL_PROP":"N3-Terciaria"}},{"type":"Feature","geometry":{"type":"LineString","coordinates":[[-75.1381,3.8595],[-75.13801,3.85928],[-75.13741,3.85928],[-75.13711,3.85923],[-75.13678,3.85923],[-75.1363,3.85938],[-75.13593,3.85939],[-75.13564,3.85916],[-75.13553,3.85894],[-75.13565,3.85849],[-75.13559,3.85823],[-75.13552,3.85812],[-75.13535,3.8581],[-75.13511,3.85844]]},"properties":{"NIVEL_PROP":"N3-Servicio"}},{"type":"Feature","geometry":{"type":"LineString","coordinates":[[-75.22353,3.92738],[-75.22286,3.92719]]},"properties":{"NIVEL_PROP":"N3-Terciaria"}},{"type":"Feature","geometry":{"type":"LineString","coordinates":[[-74.99123,3.75244],[-74.99124,3.75261],[-74.99134,3.75277],[-74.99145,3.75285],[-74.99176,3.75292],[-74.99181,3.75299],[-74.99192,3.75324],[-74.99216,3.75338],[-74.99222,3.75347],[-74.99238,3.75358],[-74.99244,3.75366],[-74.99245,3.75393],[-74.9924,3.754],[-74.9923,3.75407],[-74.9922,3.75415],[-74.99216,3.75419]]},"properties":{"NIVEL_PROP":"N3-Terciaria"}},{"type":"Feature","geometry":{"type":"LineString","coordinates":[[-75.06771,3.80626],[-75.06989,3.80663],[-75.07105,3.80682],[-75.07141,3.80682],[-75.07154,3.8068],[-75.0717,3.80676],[-75.07178,3.80673],[-75.07232,3.80646],[-75.07303,3.80611],[-75.07336,3.80587],[-75.0735,3.80581],[-75.07367,3.80577],[-75.07408,3.80574],[-75.07459,3.80573],[-75.07625,3.80583],[-75.07632,3.80583],[-75.07641,3.80583],[-75.07648,3.80581],[-75.07655,3.80577],[-75.0769,3.80561],[-75.07694,3.80558],[-75.07722,3.80536],[-75.0787,3.80406],[-75.07876,3.80402],[-75.07894,3.80392],[-75.07912,3.80384],[-75.07928,3.80377],[-75.07939,3.80369],[-75.07947,3.80363],[-75.07956,3.80355],[-75.07964,3.80345],[-75.07976,3.80329],[-75.08008,3.80277],[-75.08034,3.80234],[-75.08062,3.80196],[-75.08064,3.80192],[-75.08065,3.80188],[-75.08083,3.80097],[-75.08085,3.80077],[-75.08097,3.79997],[-75.08116,3.799],[-75.0798,3.7942],[-75.07904,3.79164]]},"properties":{"NIVEL_PROP":"N3-Terciaria"}},{"type":"Feature","geometry":{"type":"LineString","coordinates":[[-75.65226,4.02965],[-75.64922,4.0307],[-75.64906,4.03068],[-75.64889,4.03069],[-75.64873,4.03078],[-75.64859,4.0308],[-75.6473,4.0312],[-75.64718,4.03117],[-75.64705,4.03108],[-75.64696,4.03097],[-75.64689,4.03087],[-75.64675,4.03078],[-75.64654,4.03076],[-75.64642,4.03086],[-75.647,4.03175],[-75.6472,4.03197],[-75.64742,4.03213],[-75.64764,4.03223],[-75.64783,4.03239],[-75.64792,4.03256]]},"properties":{"NIVEL_PROP":"N3-Terciaria"}},{"type":"Feature","geometry":{"type":"LineString","coordinates":[[-75.08452,3.66009],[-75.08157,3.65879],[-75.08129,3.6587]]},"properties":{"NIVEL_PROP":"N3-Servicio"}},{"type":"Feature","geometry":{"type":"LineString","coordinates":[[-75.15736,3.9944],[-75.15718,3.9942],[-75.1571,3.994],[-75.15694,3.99384],[-75.1568,3.99363],[-75.15669,3.99345],[-75.15665,3.99331],[-75.15669,3.99313],[-75.15675,3.99303],[-75.15683,3.99299],[-75.15699,3.99296]]},"properties":{"NIVEL_PROP":"N3-Terciaria"}},{"type":"Feature","geometry":{"type":"LineString","coordinates":[[-75.10638,3.52938],[-75.10652,3.52909],[-75.10679,3.5287],[-75.10694,3.52849],[-75.10698,3.52846],[-75.10703,3.52841],[-75.10725,3.52822],[-75.10733,3.52815],[-75.10743,3.52806],[-75.10756,3.5279],[-75.10759,3.52787],[-75.10761,3.52784],[-75.10774,3.52773],[-75.10782,3.52766],[-75.10818,3.52732],[-75.1085,3.52699],[-75.10868,3.52678],[-75.1089,3.52658],[-75.10902,3.52649],[-75.10919,3.52639],[-75.10935,3.52637],[-75.10943,3.52633],[-75.10948,3.5263],[-75.10961,3.52618],[-75.10964,3.52615],[-75.10969,3.52606],[-75.10972,3.52602],[-75.10975,3.526],[-75.10978,3.52597],[-75.11003,3.52589],[-75.11014,3.52585],[-75.11025,3.52582],[-75.11036,3.52579],[-75.11048,3.52574]]},"properties":{"NIVEL_PROP":"N3-Terciaria"}},{"type":"Feature","geometry":{"type":"LineString","coordinates":[[-75.2179,3.93763],[-75.2181,3.93744],[-75.21841,3.9374]]},"properties":{"NIVEL_PROP":"Sendero"}},{"type":"Feature","geometry":{"type":"LineString","coordinates":[[-75.18508,3.71292],[-75.18516,3.71309]]},"properties":{"NIVEL_PROP":"N3-Terciaria"}},{"type":"Feature","geometry":{"type":"LineString","coordinates":[[-75.123,3.58576],[-75.12364,3.58554]]},"properties":{"NIVEL_PROP":"N1-Principal"}},{"type":"Feature","geometry":{"type":"LineString","coordinates":[[-75.21995,3.93545],[-75.21966,3.93535],[-75.21944,3.93528]]},"properties":{"NIVEL_PROP":"N3-Terciaria"}},{"type":"Feature","geometry":{"type":"LineString","coordinates":[[-75.12649,3.99047],[-75.12658,3.99038],[-75.12679,3.99032],[-75.12683,3.99021],[-75.1269,3.98989],[-75.12703,3.98952],[-75.12714,3.98945],[-75.1273,3.98944],[-75.12746,3.98939],[-75.12753,3.98929]]},"properties":{"NIVEL_PROP":"N3-Terciaria"}},{"type":"Feature","geometry":{"type":"LineString","coordinates":[[-75.18233,3.97899],[-75.18216,3.97911],[-75.18203,3.97935],[-75.18187,3.97953],[-75.1819,3.97976],[-75.1818,3.97996],[-75.18154,3.98013],[-75.18143,3.98021],[-75.18138,3.98041],[-75.18128,3.98056],[-75.18112,3.98069],[-75.18099,3.98068],[-75.18066,3.98052],[-75.18032,3.98033],[-75.18014,3.98031],[-75.17992,3.98045],[-75.17978,3.9806]]},"properties":{"NIVEL_PROP":"N3-Terciaria"}},{"type":"Feature","geometry":{"type":"LineString","coordinates":[[-75.15696,3.92771],[-75.15733,3.92756],[-75.15774,3.92744],[-75.15821,3.92743]]},"properties":{"NIVEL_PROP":"N3-Terciaria"}},{"type":"Feature","geometry":{"type":"LineString","coordinates":[[-75.21719,3.92324],[-75.21715,3.9229],[-75.21707,3.92239]]},"properties":{"NIVEL_PROP":"N3-Terciaria"}},{"type":"Feature","geometry":{"type":"LineString","coordinates":[[-75.11843,3.93695],[-75.11825,3.93692],[-75.11808,3.93682],[-75.11791,3.9366],[-75.11776,3.93651],[-75.11749,3.93655]]},"properties":{"NIVEL_PROP":"N3-Terciaria"}},{"type":"Feature","geometry":{"type":"LineString","coordinates":[[-75.19284,3.79498],[-75.19324,3.79502],[-75.19358,3.79506]]},"properties":{"NIVEL_PROP":"N3-Terciaria"}},{"type":"Feature","geometry":{"type":"LineString","coordinates":[[-75.12634,3.8713],[-75.12719,3.87199],[-75.12792,3.87234]]},"properties":{"NIVEL_PROP":"N3-Terciaria"}},{"type":"Feature","geometry":{"type":"LineString","coordinates":[[-75.12022,3.5248],[-75.12015,3.52477],[-75.12005,3.52476],[-75.11994,3.52477],[-75.11986,3.52475],[-75.11979,3.52473],[-75.11971,3.52473],[-75.11961,3.52475],[-75.11945,3.52481],[-75.11939,3.52482],[-75.11933,3.52482],[-75.11923,3.52482],[-75.11916,3.52484],[-75.11909,3.52489],[-75.11899,3.52494],[-75.11889,3.52502],[-75.11871,3.52519],[-75.11845,3.52558],[-75.1184,3.52564],[-75.11834,3.52568],[-75.11824,3.52572],[-75.11817,3.52577],[-75.118,3.52595],[-75.11778,3.5261],[-75.11765,3.52615],[-75.11751,3.52618],[-75.11722,3.52623]]},"properties":{"NIVEL_PROP":"N3-Terciaria"}},{"type":"Feature","geometry":{"type":"LineString","coordinates":[[-75.12665,3.59155],[-75.12673,3.59152],[-75.12681,3.5915],[-75.12827,3.59114],[-75.12934,3.5909],[-75.12955,3.59084],[-75.1306,3.59051],[-75.13088,3.5904],[-75.13169,3.59008],[-75.13353,3.58937],[-75.13517,3.58873],[-75.13522,3.58872],[-75.13527,3.5887],[-75.1354,3.58866],[-75.13542,3.58865],[-75.13561,3.58855],[-75.13564,3.58853],[-75.13576,3.58847],[-75.13577,3.58846],[-75.13579,3.58846],[-75.13587,3.58844],[-75.13589,3.58844],[-75.13591,3.58843],[-75.13593,3.58842],[-75.1363,3.58822],[-75.13637,3.58818],[-75.13641,3.58815],[-75.13644,3.58812],[-75.13648,3.58807],[-75.13653,3.58801],[-75.13658,3.58796],[-75.13664,3.58792],[-75.1367,3.58788],[-75.13676,3.58786],[-75.13685,3.58784],[-75.1369,3.58784],[-75.13699,3.58783],[-75.13725,3.58781],[-75.13729,3.58781],[-75.13733,3.5878],[-75.13738,3.58778],[-75.13744,3.58776],[-75.13758,3.58771],[-75.13758,3.58771],[-75.1376,3.5877],[-75.1376,3.5877],[-75.1376,3.5877],[-75.1376,3.5877],[-75.1376,3.58769],[-75.13765,3.58756],[-75.13765,3.58754],[-75.13766,3.58753],[-75.13767,3.58751],[-75.13768,3.5875],[-75.1377,3.58749],[-75.13773,3.58748],[-75.13776,3.58747],[-75.13782,3.58746],[-75.13784,3.58746],[-75.13787,3.58744],[-75.13789,3.58742],[-75.1379,3.5874],[-75.1379,3.58739],[-75.1379,3.58738],[-75.13791,3.58726],[-75.13789,3.58691],[-75.13789,3.58688],[-75.13788,3.58684],[-75.13785,3.58663],[-75.13785,3.58661],[-75.13785,3.5866],[-75.13785,3.58659],[-75.13786,3.58658],[-75.13803,3.58642],[-75.13805,3.5864],[-75.13806,3.58637],[-75.13808,3.58633],[-75.13809,3.58631],[-75.13809,3.5863],[-75.13809,3.58627],[-75.13806,3.58619],[-75.13805,3.58616],[-75.13803,3.58613],[-75.13801,3.58611],[-75.138,3.58611],[-75.13798,3.5861],[-75.13797,3.5861],[-75.13794,3.58611],[-75.13792,3.58612],[-75.13786,3.58615],[-75.13782,3.58617],[-75.13781,3.58617],[-75.13779,3.58617],[-75.13777,3.58617],[-75.13775,3.58617],[-75.13773,3.58616],[-75.13771,3.58615],[-75.13762,3.58608],[-75.13761,3.58606],[-75.1376,3.58605],[-75.1376,3.58604],[-75.13759,3.58603],[-75.13759,3.58601],[-75.13755,3.5859],[-75.13754,3.58588],[-75.13753,3.58586],[-75.13744,3.58573],[-75.13743,3.5857],[-75.13742,3.58567],[-75.13742,3.58566],[-75.13741,3.58564],[-75.13742,3.58562],[-75.13743,3.58559],[-75.13756,3.58546],[-75.13757,3.58544],[-75.13765,3.58532],[-75.13766,3.5853],[-75.13767,3.58529],[-75.13769,3.58529],[-75.13773,3.58529],[-75.13777,3.5853],[-75.1378,3.58531],[-75.13806,3.58548],[-75.13809,3.58549],[-75.13813,3.5855],[-75.13818,3.5855],[-75.1382,3.58551],[-75.13825,3.5855],[-75.13827,3.58549],[-75.1383,3.58548],[-75.13832,3.58547],[-75.13834,3.58542],[-75.13841,3.58531],[-75.13846,3.58525],[-75.13849,3.58523],[-75.13851,3.58521],[-75.13855,3.5852],[-75.1386,3.5852],[-75.13869,3.58519],[-75.13873,3.58519],[-75.13878,3.58518],[-75.13901,3.58513],[-75.13902,3.58512],[-75.13903,3.58512],[-75.13906,3.5851],[-75.13906,3.58509],[-75.13907,3.58509],[-75.13907,3.58508],[-75.13907,3.58506],[-75.13907,3.58495],[-75.13907,3.5849],[-75.13907,3.58488],[-75.13908,3.58487],[-75.1391,3.58484],[-75.13912,3.58483],[-75.13914,3.58483],[-75.13917,3.58482],[-75.1392,3.58483],[-75.1393,3.58485],[-75.13932,3.58486],[-75.13934,3.58485],[-75.13935,3.58485],[-75.13936,3.58484],[-75.13947,3.58475],[-75.1395,3.58472],[-75.13953,3.5847],[-75.13959,3.58466],[-75.13964,3.58463],[-75.13976,3.58458],[-75.13979,3.58456],[-75.13982,3.58454],[-75.13984,3.58449],[-75.13986,3.58443],[-75.13987,3.58437],[-75.13987,3.58433],[-75.13985,3.58425],[-75.13982,3.58418],[-75.13981,3.58414],[-75.1398,3.58407],[-75.1398,3.58402],[-75.13981,3.58397],[-75.1399,3.58364],[-75.13991,3.5836],[-75.13994,3.58354],[-75.13998,3.58347],[-75.14006,3.58333],[-75.14009,3.58329],[-75.1401,3.58328],[-75.1401,3.58326],[-75.14011,3.58324],[-75.14011,3.58322],[-75.14011,3.5832],[-75.14012,3.58318],[-75.14012,3.58315],[-75.14013,3.58313],[-75.14014,3.58311],[-75.14014,3.58307],[-75.14015,3.58302],[-75.1402,3.58286],[-75.14026,3.58269],[-75.14028,3.58267],[-75.1403,3.58266],[-75.14032,3.58265],[-75.14034,3.58265],[-75.14036,3.58265],[-75.14038,3.58266],[-75.1404,3.58269],[-75.14046,3.58277],[-75.14052,3.58283],[-75.14058,3.58287],[-75.14065,3.58293],[-75.14074,3.58298],[-75.14088,3.58306],[-75.14103,3.58316],[-75.14115,3.58325],[-75.14121,3.58328],[-75.14131,3.58329],[-75.14141,3.58328],[-75.14147,3.58328],[-75.14153,3.58329],[-75.14167,3.58336],[-75.14181,3.58342],[-75.14194,3.58345],[-75.14197,3.58346]]},"properties":{"NIVEL_PROP":"N3-Terciaria"}},{"type":"Feature","geometry":{"type":"LineString","coordinates":[[-75.17391,3.85262],[-75.17397,3.85258],[-75.1744,3.8526],[-75.17498,3.85275],[-75.1755,3.85274],[-75.17629,3.85251],[-75.17662,3.85232]]},"properties":{"NIVEL_PROP":"N3-Terciaria"}},{"type":"Feature","geometry":{"type":"LineString","coordinates":[[-75.07654,3.74324],[-75.07822,3.74342],[-75.07918,3.74357],[-75.08015,3.74376],[-75.08107,3.74421]]},"properties":{"NIVEL_PROP":"N3-Camino vecinal"}},{"type":"Feature","geometry":{"type":"LineString","coordinates":[[-75.35775,3.90241],[-75.35784,3.90238],[-75.35791,3.90234],[-75.35805,3.90238],[-75.35819,3.90247],[-75.35816,3.90258],[-75.35811,3.90272],[-75.35805,3.90276],[-75.35798,3.90337]]},"properties":{"NIVEL_PROP":"N3-Terciaria"}},{"type":"Feature","geometry":{"type":"LineString","coordinates":[[-75.22083,3.94049],[-75.22093,3.9412]]},"properties":{"NIVEL_PROP":"N3-Terciaria"}},{"type":"Feature","geometry":{"type":"LineString","coordinates":[[-75.60769,4.01419],[-75.60772,4.01463],[-75.60769,4.01481]]},"properties":{"NIVEL_PROP":"N3-Terciaria"}},{"type":"Feature","geometry":{"type":"LineString","coordinates":[[-75.0732,3.76708],[-75.07224,3.76711],[-75.07209,3.76714],[-75.07138,3.76739],[-75.07091,3.76772],[-75.0708,3.76785],[-75.07062,3.76825],[-75.07024,3.76949],[-75.0699,3.77084],[-75.06983,3.77097],[-75.06974,3.7711],[-75.06966,3.77116]]},"properties":{"NIVEL_PROP":"N3-Terciaria"}},{"type":"Feature","geometry":{"type":"LineString","coordinates":[[-75.21901,3.93717],[-75.21854,3.93745],[-75.21846,3.93751]]},"properties":{"NIVEL_PROP":"N3-Terciaria"}},{"type":"Feature","geometry":{"type":"LineString","coordinates":[[-75.09159,3.91176],[-75.08969,3.91261],[-75.08921,3.91286],[-75.08884,3.91309],[-75.08818,3.91373],[-75.08749,3.91446]]},"properties":{"NIVEL_PROP":"N3-Camino vecinal"}},{"type":"Feature","geometry":{"type":"LineString","coordinates":[[-75.09303,3.61992],[-75.09279,3.62074]]},"properties":{"NIVEL_PROP":"N2-Secundaria"}},{"type":"Feature","geometry":{"type":"LineString","coordinates":[[-75.05779,3.62009],[-75.05793,3.62022],[-75.05812,3.62042],[-75.05829,3.62057],[-75.05849,3.62074],[-75.05871,3.6209],[-75.05927,3.62124],[-75.06048,3.62175],[-75.06184,3.62254],[-75.06274,3.62302],[-75.06322,3.62327],[-75.06368,3.62341],[-75.06395,3.62344],[-75.0644,3.62342],[-75.06476,3.62332],[-75.0651,3.62316],[-75.06532,3.62302],[-75.06574,3.62268]]},"properties":{"NIVEL_PROP":"N3-Terciaria"}},{"type":"Feature","geometry":{"type":"LineString","coordinates":[[-75.08815,3.62149],[-75.08837,3.62156]]},"properties":{"NIVEL_PROP":"N3-Terciaria"}},{"type":"Feature","geometry":{"type":"LineString","coordinates":[[-75.10049,3.58333],[-75.10109,3.58355],[-75.10164,3.58384],[-75.10223,3.58418]]},"properties":{"NIVEL_PROP":"N3-Terciaria"}},{"type":"Feature","geometry":{"type":"LineString","coordinates":[[-75.19418,3.79928],[-75.19392,3.79916],[-75.19369,3.79908],[-75.19364,3.79901],[-75.19347,3.79891]]},"properties":{"NIVEL_PROP":"N3-Terciaria"}},{"type":"Feature","geometry":{"type":"LineString","coordinates":[[-75.11501,3.77549],[-75.11501,3.77551]]},"properties":{"NIVEL_PROP":"N3-Terciaria"}},{"type":"Feature","geometry":{"type":"LineString","coordinates":[[-75.22396,3.93068],[-75.22506,3.93036],[-75.22514,3.93016],[-75.22529,3.92982]]},"properties":{"NIVEL_PROP":"N3-Servicio"}},{"type":"Feature","geometry":{"type":"LineString","coordinates":[[-75.05954,3.81774],[-75.05957,3.81774],[-75.05968,3.8177],[-75.05978,3.81768],[-75.05979,3.81767],[-75.05979,3.81766],[-75.05978,3.81762],[-75.05996,3.81759],[-75.06034,3.81769],[-75.06073,3.81783],[-75.06092,3.8179],[-75.06164,3.81816],[-75.0623,3.8184],[-75.06329,3.81875]]},"properties":{"NIVEL_PROP":"N3-Terciaria"}},{"type":"Feature","geometry":{"type":"LineString","coordinates":[[-75.08806,3.62295],[-75.08884,3.62317],[-75.089,3.6232]]},"properties":{"NIVEL_PROP":"N3-Terciaria"}},{"type":"Feature","geometry":{"type":"LineString","coordinates":[[-75.19431,3.76016],[-75.1944,3.75977],[-75.19446,3.75933],[-75.19449,3.75908],[-75.1945,3.75886],[-75.19446,3.75867],[-75.19437,3.75816],[-75.19426,3.75787],[-75.19402,3.75757],[-75.19372,3.75729],[-75.19357,3.7571],[-75.19349,3.75686],[-75.19357,3.75649],[-75.19378,3.75584],[-75.1939,3.75554],[-75.19386,3.75522],[-75.19363,3.75502],[-75.19366,3.75489],[-75.19383,3.75476],[-75.19402,3.75473]]},"properties":{"NIVEL_PROP":"N3-Terciaria"}},{"type":"Feature","geometry":{"type":"LineString","coordinates":[[-75.12674,3.71304],[-75.12543,3.71476],[-75.12501,3.71564],[-75.12458,3.71619],[-75.12298,3.7173]]},"properties":{"NIVEL_PROP":"N3-Terciaria"}},{"type":"Feature","geometry":{"type":"LineString","coordinates":[[-75.11745,3.95772],[-75.11731,3.95779],[-75.11711,3.95793],[-75.11697,3.95808],[-75.11687,3.95839],[-75.11678,3.95857],[-75.11668,3.95865],[-75.1164,3.95889],[-75.11618,3.95914],[-75.11606,3.95919],[-75.11521,3.95959],[-75.11481,3.95988],[-75.1148,3.96005],[-75.11486,3.96024],[-75.1148,3.96037],[-75.11465,3.96043],[-75.11452,3.96037],[-75.11441,3.96034],[-75.11438,3.96044],[-75.11434,3.96051],[-75.11432,3.96064],[-75.11455,3.96086],[-75.11472,3.96108],[-75.11486,3.96138],[-75.11494,3.96169],[-75.11483,3.96184],[-75.11472,3.9619],[-75.11458,3.9621],[-75.11456,3.9624],[-75.1146,3.96258],[-75.11463,3.96267],[-75.11464,3.96301],[-75.11461,3.96326],[-75.11475,3.96353],[-75.11502,3.96382],[-75.11501,3.96415],[-75.115,3.96426],[-75.11519,3.96477],[-75.11506,3.96496],[-75.11461,3.96523],[-75.11446,3.96558],[-75.11404,3.96591],[-75.11383,3.96613],[-75.11354,3.9664],[-75.11255,3.96664],[-75.11183,3.96693],[-75.11141,3.96719],[-75.11098,3.96754],[-75.11068,3.96785],[-75.11044,3.9681],[-75.11012,3.96821]]},"properties":{"NIVEL_PROP":"N3-Terciaria"}},{"type":"Feature","geometry":{"type":"LineString","coordinates":[[-75.6122,4.013],[-75.61175,4.01322],[-75.61093,4.01341],[-75.61069,4.01387],[-75.61062,4.01393],[-75.61054,4.01395],[-75.61044,4.01396],[-75.61036,4.01393],[-75.60989,4.01358]]},"properties":{"NIVEL_PROP":"N2-Secundaria"}},{"type":"Feature","geometry":{"type":"LineString","coordinates":[[-75.19079,3.80001],[-75.19098,3.79982],[-75.19155,3.79986]]},"properties":{"NIVEL_PROP":"N3-Servicio"}},{"type":"Feature","geometry":{"type":"LineString","coordinates":[[-75.0739,3.76222],[-75.07415,3.76214],[-75.0747,3.76184],[-75.07523,3.76156],[-75.07542,3.76155],[-75.07563,3.76157],[-75.07674,3.76186],[-75.07732,3.76199],[-75.07762,3.76203],[-75.07789,3.76212],[-75.07827,3.76224],[-75.07859,3.76222],[-75.07886,3.76219],[-75.07955,3.76221],[-75.07959,3.76219],[-75.07962,3.76217],[-75.07968,3.76199],[-75.07977,3.76159],[-75.07981,3.76153],[-75.07988,3.76146],[-75.08,3.7614],[-75.08016,3.76136],[-75.0814,3.76121],[-75.08306,3.76079],[-75.08539,3.75998],[-75.08587,3.75975],[-75.08613,3.75953],[-75.08627,3.75941],[-75.08657,3.75915],[-75.087,3.75883],[-75.0874,3.7586],[-75.08781,3.75864],[-75.08821,3.75872],[-75.08925,3.75911],[-75.09054,3.75995],[-75.09184,3.76091],[-75.0941,3.76255],[-75.0943,3.76272],[-75.09434,3.76277],[-75.09436,3.76285],[-75.09425,3.76324],[-75.09417,3.76384],[-75.09416,3.76452],[-75.09411,3.76621],[-75.09403,3.76799],[-75.09408,3.76814],[-75.09419,3.76833],[-75.09452,3.7688],[-75.09457,3.76888],[-75.09458,3.76896],[-75.09452,3.76918],[-75.09448,3.76946],[-75.09458,3.76964],[-75.09467,3.76971],[-75.09475,3.76975],[-75.0951,3.7698],[-75.09559,3.76995],[-75.09668,3.77053],[-75.09761,3.77125],[-75.09788,3.77156],[-75.0979,3.77158],[-75.0979,3.77162]]},"properties":{"NIVEL_PROP":"N3-Terciaria"}},{"type":"Feature","geometry":{"type":"LineString","coordinates":[[-75.20282,3.91414],[-75.20277,3.91431],[-75.20276,3.91468],[-75.20265,3.91519]]},"properties":{"NIVEL_PROP":"N3-Terciaria"}},{"type":"Feature","geometry":{"type":"LineString","coordinates":[[-75.12877,3.86005],[-75.12865,3.86017],[-75.12853,3.86022],[-75.12849,3.86017],[-75.12852,3.86009],[-75.1285,3.85995],[-75.12835,3.85993],[-75.12822,3.85997],[-75.12803,3.85999],[-75.12796,3.85996],[-75.12783,3.86007],[-75.12766,3.86013],[-75.12748,3.86015],[-75.12752,3.8603],[-75.12742,3.86034],[-75.1273,3.86033],[-75.1271,3.86019],[-75.12693,3.8601],[-75.12692,3.85998],[-75.127,3.85991],[-75.12699,3.85979],[-75.12692,3.85965],[-75.12687,3.85959],[-75.12686,3.85932],[-75.12682,3.85922],[-75.12673,3.85914],[-75.12664,3.85907],[-75.12648,3.8589],[-75.12644,3.85883],[-75.1265,3.85872],[-75.1265,3.85865],[-75.12643,3.85855],[-75.1265,3.85839],[-75.12653,3.8583],[-75.12657,3.85817],[-75.12662,3.85808],[-75.12663,3.85803],[-75.12675,3.85788],[-75.1268,3.85789],[-75.12687,3.85786],[-75.12695,3.85791],[-75.127,3.85791],[-75.12698,3.85777],[-75.12703,3.85765],[-75.12696,3.85764],[-75.12691,3.85763],[-75.12698,3.85749],[-75.12708,3.85743],[-75.12741,3.85737],[-75.12751,3.85731],[-75.1277,3.85722],[-75.12776,3.8571],[-75.12777,3.85698]]},"properties":{"NIVEL_PROP":"Sendero"}},{"type":"Feature","geometry":{"type":"LineString","coordinates":[[-75.29686,3.92021],[-75.29701,3.92004],[-75.29731,3.91977],[-75.29761,3.91937],[-75.29788,3.91897],[-75.2981,3.91884],[-75.29832,3.91879],[-75.29853,3.91866],[-75.29876,3.91843],[-75.29882,3.9182],[-75.29867,3.9178],[-75.29871,3.91757],[-75.29869,3.91746],[-75.29849,3.91699],[-75.29841,3.91666],[-75.29843,3.91627],[-75.29856,3.91535],[-75.2986,3.91437],[-75.2986,3.91418],[-75.29856,3.9136],[-75.2985,3.9132],[-75.29833,3.91233],[-75.29825,3.91208],[-75.29782,3.91133],[-75.29738,3.91069],[-75.2971,3.91008],[-75.29674,3.90938],[-75.29675,3.90925],[-75.29683,3.90851],[-75.29615,3.90461],[-75.29494,3.90353],[-75.29379,3.90225],[-75.29349,3.90147],[-75.29359,3.90101],[-75.29376,3.90083],[-75.29374,3.90047],[-75.29303,3.89934],[-75.29261,3.89892],[-75.2914,3.89756],[-75.29017,3.89626],[-75.2899,3.89596],[-75.28924,3.89547],[-75.289,3.89526],[-75.28886,3.89499],[-75.2886,3.89429],[-75.28848,3.89386],[-75.28821,3.89359],[-75.28775,3.89312],[-75.28741,3.89305],[-75.28703,3.89284],[-75.28586,3.89232],[-75.28573,3.89224],[-75.28552,3.89198],[-75.28526,3.89183],[-75.28499,3.89192],[-75.28483,3.89209],[-75.28464,3.89219],[-75.28439,3.89222],[-75.2842,3.89222],[-75.28395,3.89225]]},"properties":{"NIVEL_PROP":"N3-Terciaria"}},{"type":"Feature","geometry":{"type":"LineString","coordinates":[[-75.32902,3.81682],[-75.32744,3.8179],[-75.32684,3.81861],[-75.32592,3.81971],[-75.32373,3.82145],[-75.32337,3.82186],[-75.32312,3.82252],[-75.32295,3.82285],[-75.3226,3.82307],[-75.32131,3.82344],[-75.32029,3.8239],[-75.31951,3.82456],[-75.31531,3.82809],[-75.31483,3.82839],[-75.31278,3.82958],[-75.31106,3.83159],[-75.30969,3.83246],[-75.30736,3.83358],[-75.30502,3.83534],[-75.30354,3.83687],[-75.30292,3.83759],[-75.30217,3.83887],[-75.30208,3.83915],[-75.30199,3.83973],[-75.30191,3.84111],[-75.3019,3.84221]]},"properties":{"NIVEL_PROP":"N1-Principal"}},{"type":"Feature","geometry":{"type":"LineString","coordinates":[[-75.19,3.79932],[-75.1909,3.79826]]},"properties":{"NIVEL_PROP":"N3-Terciaria"}},{"type":"Feature","geometry":{"type":"LineString","coordinates":[[-75.26973,3.94763],[-75.26971,3.94776],[-75.26987,3.94817],[-75.26991,3.94835],[-75.26984,3.94857],[-75.26975,3.94872],[-75.26946,3.94903],[-75.26922,3.94923],[-75.26883,3.94936],[-75.26834,3.94961]]},"properties":{"NIVEL_PROP":"N3-Terciaria"}},{"type":"Feature","geometry":{"type":"LineString","coordinates":[[-75.18972,3.79908],[-75.19063,3.79798]]},"properties":{"NIVEL_PROP":"N3-Terciaria"}},{"type":"Feature","geometry":{"type":"LineString","coordinates":[[-75.08996,3.94921],[-75.08979,3.94904],[-75.08943,3.94869],[-75.0891,3.94855],[-75.08889,3.94848],[-75.08866,3.94836],[-75.08861,3.94833],[-75.08836,3.94817],[-75.08737,3.94803]]},"properties":{"NIVEL_PROP":"N3-Camino vecinal"}},{"type":"Feature","geometry":{"type":"LineString","coordinates":[[-75.17432,3.93617],[-75.17443,3.93634],[-75.17469,3.93654]]},"properties":{"NIVEL_PROP":"N3-Terciaria"}},{"type":"Feature","geometry":{"type":"LineString","coordinates":[[-75.22182,3.93102],[-75.22111,3.93078]]},"properties":{"NIVEL_PROP":"N3-Terciaria"}},{"type":"Feature","geometry":{"type":"LineString","coordinates":[[-74.98813,3.74117],[-74.98866,3.74112],[-74.98984,3.74093],[-74.99059,3.74102],[-74.99158,3.74136],[-74.9918,3.74153],[-74.99454,3.74183],[-74.99497,3.74159],[-74.99542,3.74168],[-74.99574,3.74164],[-74.9966,3.74187],[-74.9971,3.74164]]},"properties":{"NIVEL_PROP":"N3-Camino vecinal"}},{"type":"Feature","geometry":{"type":"LineString","coordinates":[[-75.18797,3.79787],[-75.18769,3.79767],[-75.18666,3.79746],[-75.18611,3.79738],[-75.18587,3.79721],[-75.18395,3.79511],[-75.1839,3.79494],[-75.18393,3.79397],[-75.18391,3.79379],[-75.18385,3.79366],[-75.18325,3.79294],[-75.18317,3.7929],[-75.1831,3.79289],[-75.18237,3.79295],[-75.18186,3.79294],[-75.18156,3.79287],[-75.18133,3.79279],[-75.18084,3.79227],[-75.18032,3.79188],[-75.17994,3.79096],[-75.17902,3.79038],[-75.17779,3.78613],[-75.17778,3.78592],[-75.17848,3.78418],[-75.1786,3.78372],[-75.17843,3.7815],[-75.17837,3.78127],[-75.17827,3.78112],[-75.17801,3.78089],[-75.17734,3.78036],[-75.17554,3.7797],[-75.1747,3.77944],[-75.17329,3.7791],[-75.17149,3.77831],[-75.16909,3.77668],[-75.16692,3.77558],[-75.16583,3.775],[-75.16539,3.77478],[-75.16488,3.77442],[-75.1637,3.77399],[-75.16242,3.77352],[-75.16194,3.77337],[-75.16156,3.77333],[-75.16108,3.77326],[-75.16067,3.7732],[-75.15997,3.77314],[-75.15932,3.77314],[-75.15894,3.77319],[-75.15841,3.77325],[-75.15782,3.77337],[-75.15719,3.77345],[-75.15696,3.77352],[-75.15626,3.77375],[-75.15584,3.77389],[-75.15543,3.77402],[-75.15501,3.77409],[-75.1547,3.77412],[-75.15416,3.77419],[-75.15403,3.77422],[-75.15391,3.77425],[-75.15335,3.77449],[-75.15284,3.77468],[-75.15226,3.77481],[-75.15155,3.77495],[-75.15127,3.77495],[-75.15048,3.77501],[-75.15025,3.77506],[-75.14997,3.77507],[-75.14937,3.77508],[-75.14877,3.7751],[-75.14783,3.77501],[-75.14751,3.77508],[-75.14617,3.77553],[-75.14603,3.77559],[-75.14418,3.77571],[-75.14354,3.77591],[-75.14265,3.77601],[-75.14206,3.77624],[-75.14181,3.77628],[-75.1414,3.77631],[-75.14099,3.77643],[-75.14086,3.77652],[-75.14084,3.7766],[-75.14092,3.77712],[-75.14087,3.77798],[-75.1408,3.77836],[-75.14059,3.77857],[-75.14049,3.77886],[-75.14037,3.77935],[-75.14038,3.77952],[-75.14063,3.77968],[-75.14074,3.77982],[-75.14088,3.78042],[-75.14111,3.78106],[-75.14126,3.78136],[-75.14177,3.78186],[-75.14219,3.78268],[-75.14236,3.7835],[-75.14387,3.78461],[-75.1442,3.78483],[-75.14507,3.78513]]},"properties":{"NIVEL_PROP":"N3-Terciaria"}},{"type":"Feature","geometry":{"type":"LineString","coordinates":[[-75.19381,3.79409],[-75.19386,3.79356],[-75.19393,3.79285],[-75.19397,3.79236],[-75.19405,3.79198],[-75.19406,3.79187],[-75.19409,3.79152]]},"properties":{"NIVEL_PROP":"N3-Terciaria"}},{"type":"Feature","geometry":{"type":"LineString","coordinates":[[-75.095,3.62229],[-75.09477,3.62311]]},"properties":{"NIVEL_PROP":"N3-Terciaria"}},{"type":"Feature","geometry":{"type":"LineString","coordinates":[[-75.0622,3.82024],[-75.06214,3.82093],[-75.06207,3.82174],[-75.06306,3.82183]]},"properties":{"NIVEL_PROP":"N3-Terciaria"}},{"type":"Feature","geometry":{"type":"LineString","coordinates":[[-75.21748,3.92283],[-75.21739,3.92234]]},"properties":{"NIVEL_PROP":"N3-Terciaria"}},{"type":"Feature","geometry":{"type":"LineString","coordinates":[[-75.08063,3.76599],[-75.08018,3.76594],[-75.07956,3.76581],[-75.07939,3.76581],[-75.07909,3.76597],[-75.0789,3.76604],[-75.07804,3.76603],[-75.07766,3.76611],[-75.07713,3.76632],[-75.07704,3.76641],[-75.07702,3.7665],[-75.07707,3.76679],[-75.07703,3.76686],[-75.07696,3.76689],[-75.07656,3.76686],[-75.07553,3.76672],[-75.07541,3.76673],[-75.07454,3.76699],[-75.07442,3.76703],[-75.07406,3.76713],[-75.07382,3.76715],[-75.07369,3.76714],[-75.0732,3.76708]]},"properties":{"NIVEL_PROP":"N3-Terciaria"}},{"type":"Feature","geometry":{"type":"LineString","coordinates":[[-75.02026,3.69177],[-75.02082,3.69214],[-75.02153,3.69256],[-75.02229,3.6931]]},"properties":{"NIVEL_PROP":"N3-Terciaria"}},{"type":"Feature","geometry":{"type":"LineString","coordinates":[[-75.32992,3.81248],[-75.33019,3.81201],[-75.33085,3.81105],[-75.33135,3.81029]]},"properties":{"NIVEL_PROP":"N3-Terciaria"}},{"type":"Feature","geometry":{"type":"LineString","coordinates":[[-75.19499,3.79279],[-75.19494,3.79268],[-75.1948,3.7926],[-75.19436,3.79251]]},"properties":{"NIVEL_PROP":"N3-Terciaria"}},{"type":"Feature","geometry":{"type":"LineString","coordinates":[[-75.15154,3.94375],[-75.15204,3.94391]]},"properties":{"NIVEL_PROP":"N3-Terciaria"}},{"type":"Feature","geometry":{"type":"LineString","coordinates":[[-75.60732,4.01321],[-75.60769,4.01419]]},"properties":{"NIVEL_PROP":"N3-Terciaria"}},{"type":"Feature","geometry":{"type":"LineString","coordinates":[[-75.13361,3.71981],[-75.13362,3.71978],[-75.13368,3.71877],[-75.13372,3.71869],[-75.13377,3.71867],[-75.13383,3.71867],[-75.13539,3.71905],[-75.13546,3.71906],[-75.13552,3.71903],[-75.13558,3.71896],[-75.13577,3.71836],[-75.13581,3.7183],[-75.13589,3.71828],[-75.13594,3.71829],[-75.13658,3.71845],[-75.13667,3.71845],[-75.13672,3.71844],[-75.13677,3.71838],[-75.1368,3.71809],[-75.13697,3.71781],[-75.13724,3.71734],[-75.13748,3.71688],[-75.13763,3.71649],[-75.13776,3.71614],[-75.13794,3.71557],[-75.13801,3.71547],[-75.13855,3.71534]]},"properties":{"NIVEL_PROP":"N3-Terciaria"}},{"type":"Feature","geometry":{"type":"LineString","coordinates":[[-75.10436,3.52931],[-75.10442,3.52911],[-75.10447,3.52891],[-75.10454,3.52854],[-75.10455,3.52832],[-75.10456,3.52824],[-75.1046,3.5281],[-75.10464,3.52802],[-75.10469,3.52796],[-75.10485,3.52765]]},"properties":{"NIVEL_PROP":"N3-Terciaria"}},{"type":"Feature","geometry":{"type":"LineString","coordinates":[[-75.12607,3.56741],[-75.12653,3.56735],[-75.12665,3.56731],[-75.1268,3.56724],[-75.12722,3.56696],[-75.1274,3.56682],[-75.12748,3.56678],[-75.12756,3.56676],[-75.1277,3.56674],[-75.12837,3.56671],[-75.12853,3.56667],[-75.12883,3.56659],[-75.12913,3.56653],[-75.12957,3.56651],[-75.12983,3.56649],[-75.13032,3.56651],[-75.13062,3.56651],[-75.13069,3.56649],[-75.13077,3.56645],[-75.13115,3.56623],[-75.1321,3.56585],[-75.13235,3.56576],[-75.13271,3.56561],[-75.13291,3.56551],[-75.133,3.56547],[-75.13306,3.56545],[-75.13313,3.56544],[-75.13386,3.56536],[-75.13477,3.56529]]},"properties":{"NIVEL_PROP":"N3-Terciaria"}},{"type":"Feature","geometry":{"type":"LineString","coordinates":[[-75.06719,3.82195],[-75.06753,3.82202]]},"properties":{"NIVEL_PROP":"Sendero"}},{"type":"Feature","geometry":{"type":"LineString","coordinates":[[-75.09711,3.6211],[-75.09626,3.62084],[-75.09551,3.62064],[-75.0947,3.62041],[-75.09374,3.6201],[-75.09303,3.61992]]},"properties":{"NIVEL_PROP":"N2-Secundaria"}},{"type":"Feature","geometry":{"type":"LineString","coordinates":[[-75.09325,3.62515],[-75.09306,3.62571]]},"properties":{"NIVEL_PROP":"N3-Terciaria"}},{"type":"Feature","geometry":{"type":"LineString","coordinates":[[-75.19078,3.40013],[-75.19076,3.4001],[-75.19073,3.40003],[-75.1907,3.39999],[-75.18997,3.39972],[-75.18959,3.39957],[-75.18883,3.39919]]},"properties":{"NIVEL_PROP":"N3-Terciaria"}},{"type":"Feature","geometry":{"type":"LineString","coordinates":[[-75.60716,4.0132],[-75.60689,4.01273],[-75.60668,4.01203],[-75.60666,4.012],[-75.60658,4.01186]]},"properties":{"NIVEL_PROP":"N2-Secundaria"}},{"type":"Feature","geometry":{"type":"LineString","coordinates":[[-75.19017,3.99149],[-75.18998,3.99155],[-75.18966,3.99154],[-75.18949,3.99148],[-75.18932,3.9913],[-75.18904,3.99092],[-75.18887,3.99069],[-75.18865,3.99037]]},"properties":{"NIVEL_PROP":"N3-Terciaria"}},{"type":"Feature","geometry":{"type":"LineString","coordinates":[[-75.00327,3.66132],[-75.00504,3.66028],[-75.00616,3.65957],[-75.0075,3.65832],[-75.01018,3.65593],[-75.01133,3.65487],[-75.01194,3.65452],[-75.01242,3.65439],[-75.01292,3.65432],[-75.0144,3.65421],[-75.02141,3.6536],[-75.02183,3.65359],[-75.02217,3.65368],[-75.02267,3.65386],[-75.02367,3.65423],[-75.02443,3.65445],[-75.02472,3.65448],[-75.02501,3.65435],[-75.02531,3.65417],[-75.02566,3.65363],[-75.02587,3.65314],[-75.02621,3.65237],[-75.02664,3.65173],[-75.02694,3.65149],[-75.02702,3.65142],[-75.02738,3.65105],[-75.02772,3.65033],[-75.02832,3.64803],[-75.02846,3.64769],[-75.02863,3.64749],[-75.02911,3.64702],[-75.02923,3.64691],[-75.03194,3.6443],[-75.03437,3.64201],[-75.03659,3.63991],[-75.04164,3.63507],[-75.0427,3.63407],[-75.04429,3.63261],[-75.04557,3.63137],[-75.04574,3.63113],[-75.04675,3.62947],[-75.04752,3.62819],[-75.04775,3.62781],[-75.04794,3.62751],[-75.04814,3.62722],[-75.04846,3.62685],[-75.0487,3.62661],[-75.04891,3.62642],[-75.04985,3.62568],[-75.051,3.62481],[-75.05226,3.62386],[-75.05259,3.62359],[-75.05337,3.62298],[-75.05383,3.62262],[-75.05415,3.62239],[-75.05441,3.62217],[-75.05469,3.62201],[-75.05493,3.62189],[-75.05513,3.62181],[-75.05532,3.62172],[-75.0556,3.6216],[-75.05577,3.62155],[-75.05596,3.62147],[-75.05608,3.62137],[-75.05625,3.62121],[-75.05644,3.62105],[-75.05665,3.62085],[-75.05689,3.62063],[-75.05721,3.62033],[-75.05751,3.62001],[-75.05769,3.61984],[-75.06015,3.61752],[-75.06556,3.61237],[-75.06939,3.60874],[-75.06961,3.6085],[-75.0697,3.60827],[-75.06977,3.60774],[-75.06995,3.60659],[-75.0701,3.60623],[-75.07032,3.60588],[-75.07096,3.60532],[-75.07138,3.6051],[-75.072,3.60494],[-75.07386,3.60457],[-75.07423,3.60432],[-75.07472,3.60364],[-75.07503,3.60341],[-75.07557,3.60298],[-75.07574,3.60275],[-75.0758,3.60259],[-75.07589,3.60235],[-75.07599,3.6022],[-75.07618,3.60205],[-75.07648,3.6019],[-75.07669,3.60172],[-75.07686,3.60149],[-75.07729,3.60082],[-75.07737,3.60069],[-75.07774,3.60008],[-75.07784,3.59995],[-75.07794,3.59983],[-75.07812,3.59967],[-75.07829,3.5995],[-75.07835,3.59941],[-75.07835,3.59928]]},"properties":{"NIVEL_PROP":"N3-Terciaria"}},{"type":"Feature","geometry":{"type":"LineString","coordinates":[[-75.16544,3.69938],[-75.16561,3.6995],[-75.16621,3.69972],[-75.16636,3.69979],[-75.16649,3.69985],[-75.16657,3.69991],[-75.16667,3.70009],[-75.16683,3.70028],[-75.16683,3.70038]]},"properties":{"NIVEL_PROP":"N3-Terciaria"}},{"type":"Feature","geometry":{"type":"LineString","coordinates":[[-75.06075,3.81697],[-75.05975,3.81713],[-75.05972,3.81716]]},"properties":{"NIVEL_PROP":"N3-Terciaria"}},{"type":"Feature","geometry":{"type":"LineString","coordinates":[[-75.19365,3.40018],[-75.19242,3.40039],[-75.19222,3.40041],[-75.19164,3.40041],[-75.19141,3.40031],[-75.19083,3.40016],[-75.19078,3.40013]]},"properties":{"NIVEL_PROP":"N3-Terciaria"}},{"type":"Feature","geometry":{"type":"LineString","coordinates":[[-75.06927,3.76598],[-75.06959,3.7661],[-75.07013,3.76626],[-75.07028,3.76634],[-75.07079,3.76667],[-75.0712,3.76698],[-75.07129,3.76708],[-75.07136,3.76725],[-75.07138,3.76739]]},"properties":{"NIVEL_PROP":"N3-Terciaria"}},{"type":"Feature","geometry":{"type":"LineString","coordinates":[[-75.18958,3.72339],[-75.19018,3.72295],[-75.19028,3.72283],[-75.19085,3.72247],[-75.19104,3.7224],[-75.19108,3.7223],[-75.19105,3.72193],[-75.19113,3.72179],[-75.19123,3.7216],[-75.1913,3.72136],[-75.19133,3.7211],[-75.19129,3.72098],[-75.19118,3.72065],[-75.19111,3.72052],[-75.19099,3.72039],[-75.19094,3.72031],[-75.19078,3.71991]]},"properties":{"NIVEL_PROP":"N3-Terciaria"}},{"type":"Feature","geometry":{"type":"LineString","coordinates":[[-75.19254,3.40449],[-75.19302,3.40499],[-75.19342,3.40555]]},"properties":{"NIVEL_PROP":"N3-Terciaria"}},{"type":"Feature","geometry":{"type":"LineString","coordinates":[[-75.10531,3.53031],[-75.10549,3.52978]]},"properties":{"NIVEL_PROP":"N3-Terciaria"}},{"type":"Feature","geometry":{"type":"LineString","coordinates":[[-75.01464,3.75519],[-75.01464,3.75471],[-75.01468,3.75439],[-75.01494,3.75356]]},"properties":{"NIVEL_PROP":"N3-Camino vecinal"}},{"type":"Feature","geometry":{"type":"LineString","coordinates":[[-75.12031,3.77047],[-75.12045,3.76916],[-75.12068,3.76879],[-75.12094,3.76838],[-75.12148,3.76767],[-75.12211,3.76705],[-75.12477,3.7668],[-75.12524,3.76667],[-75.12527,3.76676]]},"properties":{"NIVEL_PROP":"N3-Terciaria"}},{"type":"Feature","geometry":{"type":"LineString","coordinates":[[-75.00715,3.73584],[-75.0069,3.73608],[-75.00647,3.73649],[-75.00567,3.73739],[-75.00556,3.73742],[-75.00493,3.73742]]},"properties":{"NIVEL_PROP":"N3-Terciaria"}},{"type":"Feature","geometry":{"type":"LineString","coordinates":[[-75.09981,3.53288],[-75.09961,3.53306],[-75.09958,3.5331],[-75.09958,3.53316],[-75.09976,3.5334]]},"properties":{"NIVEL_PROP":"N3-Terciaria"}},{"type":"Feature","geometry":{"type":"LineString","coordinates":[[-75.13303,3.50188],[-75.13311,3.50212]]},"properties":{"NIVEL_PROP":"N3-Terciaria"}},{"type":"Feature","geometry":{"type":"LineString","coordinates":[[-75.21833,3.92691],[-75.21821,3.92668],[-75.21806,3.92642]]},"properties":{"NIVEL_PROP":"N3-Terciaria"}},{"type":"Feature","geometry":{"type":"LineString","coordinates":[[-75.18166,3.99354],[-75.18164,3.99371],[-75.18152,3.99389],[-75.18141,3.99426],[-75.18101,3.99474],[-75.18003,3.99534]]},"properties":{"NIVEL_PROP":"N3-Terciaria"}},{"type":"Feature","geometry":{"type":"LineString","coordinates":[[-75.0122,3.7557],[-75.01364,3.75655],[-75.01383,3.75669],[-75.01451,3.75724],[-75.01457,3.75743]]},"properties":{"NIVEL_PROP":"N3-Terciaria"}},{"type":"Feature","geometry":{"type":"LineString","coordinates":[[-75.05814,3.8139],[-75.05808,3.81438],[-75.05807,3.81473],[-75.05797,3.81524]]},"properties":{"NIVEL_PROP":"N3-Servicio"}},{"type":"Feature","geometry":{"type":"LineString","coordinates":[[-75.0958,3.62257],[-75.09601,3.62177]]},"properties":{"NIVEL_PROP":"N3-Terciaria"}},{"type":"Feature","geometry":{"type":"LineString","coordinates":[[-75.0531,3.69799],[-75.05302,3.69813],[-75.05298,3.69819],[-75.05281,3.69838],[-75.05266,3.69857],[-75.05251,3.69877],[-75.05247,3.69882],[-75.05247,3.69888],[-75.05251,3.69895],[-75.0527,3.69915],[-75.05293,3.69939],[-75.05301,3.69951],[-75.05311,3.69972],[-75.05331,3.70007],[-75.05344,3.70022],[-75.0536,3.70039],[-75.05387,3.70068],[-75.05409,3.70088],[-75.05414,3.70093],[-75.05419,3.70102],[-75.05424,3.70114],[-75.05431,3.70161],[-75.05445,3.70217]]},"properties":{"NIVEL_PROP":"N3-Terciaria"}},{"type":"Feature","geometry":{"type":"LineString","coordinates":[[-75.09841,3.62076],[-75.09818,3.6207],[-75.098,3.62065],[-75.09725,3.6204]]},"properties":{"NIVEL_PROP":"N3-Terciaria"}},{"type":"Feature","geometry":{"type":"LineString","coordinates":[[-75.13941,3.46122],[-75.13919,3.46094],[-75.13914,3.46088],[-75.1391,3.46084],[-75.13904,3.46078],[-75.13885,3.46065],[-75.13863,3.46051],[-75.1385,3.46045],[-75.13843,3.46043],[-75.13831,3.46042],[-75.13823,3.46043],[-75.13818,3.46044],[-75.13811,3.46046],[-75.13804,3.46047],[-75.13799,3.46047],[-75.13787,3.46046],[-75.13752,3.46033],[-75.13716,3.46014]]},"properties":{"NIVEL_PROP":"N3-Terciaria"}},{"type":"Feature","geometry":{"type":"LineString","coordinates":[[-75.13109,3.91445],[-75.13097,3.91461],[-75.13077,3.91506],[-75.13069,3.91536],[-75.13052,3.9155],[-75.13023,3.91565],[-75.12983,3.91585],[-75.12976,3.91597],[-75.12976,3.91664],[-75.12977,3.91761],[-75.12978,3.91843],[-75.12973,3.91874],[-75.13004,3.91923],[-75.1301,3.91938],[-75.13021,3.91954],[-75.1308,3.91999],[-75.13092,3.92013],[-75.13099,3.92031],[-75.1309,3.92049],[-75.13071,3.92084],[-75.13051,3.92117],[-75.13031,3.9219],[-75.13035,3.92222],[-75.13026,3.92253],[-75.13033,3.92279],[-75.13043,3.92307],[-75.1307,3.92371],[-75.13082,3.92427],[-75.13077,3.92462],[-75.1307,3.92486],[-75.13072,3.92519],[-75.13074,3.92542],[-75.1307,3.92561],[-75.13061,3.92581],[-75.13049,3.92601],[-75.13032,3.92615],[-75.13008,3.92634],[-75.12989,3.92669],[-75.12966,3.92717],[-75.12934,3.92803],[-75.12926,3.9282],[-75.12926,3.92836],[-75.12916,3.92848],[-75.12884,3.92878],[-75.12863,3.92906],[-75.12858,3.92916],[-75.12851,3.92935],[-75.12826,3.92973],[-75.12815,3.92994],[-75.12795,3.93026],[-75.12781,3.93046],[-75.12783,3.93065],[-75.12807,3.93114],[-75.12816,3.93128],[-75.12825,3.93181],[-75.12838,3.93209],[-75.12851,3.93259],[-75.12859,3.9331],[-75.12854,3.93363],[-75.12861,3.93414],[-75.12868,3.9343],[-75.12866,3.93456],[-75.12892,3.93524],[-75.12895,3.9356],[-75.12888,3.9358],[-75.12911,3.93684],[-75.12927,3.93739],[-75.12955,3.93766],[-75.13,3.93831],[-75.1301,3.9385],[-75.13027,3.93898],[-75.1302,3.93912],[-75.13013,3.93916],[-75.13005,3.93958],[-75.12999,3.94003]]},"properties":{"NIVEL_PROP":"N3-Terciaria"}},{"type":"Feature","geometry":{"type":"LineString","coordinates":[[-75.1733,3.8429],[-75.1731,3.84294],[-75.17271,3.84304],[-75.17254,3.84308],[-75.17236,3.84303],[-75.17207,3.84283],[-75.17192,3.84274],[-75.17178,3.84274],[-75.17157,3.84286],[-75.17141,3.84295],[-75.17129,3.84297],[-75.17098,3.84285],[-75.17079,3.84269],[-75.17062,3.84266],[-75.1704,3.84282],[-75.16996,3.84327],[-75.16949,3.84353],[-75.16909,3.84371],[-75.16868,3.84387],[-75.1684,3.84411],[-75.16809,3.84445],[-75.16792,3.8447],[-75.16768,3.84494],[-75.16716,3.84529],[-75.16697,3.84536]]},"properties":{"NIVEL_PROP":"N3-Camino vecinal"}},{"type":"Feature","geometry":{"type":"LineString","coordinates":[[-75.10884,3.66765],[-75.10882,3.66797],[-75.10882,3.66837],[-75.10882,3.6685],[-75.10881,3.66862],[-75.10897,3.66979],[-75.10896,3.66998],[-75.10893,3.6702],[-75.10877,3.6708],[-75.10869,3.67103],[-75.10853,3.67142]]},"properties":{"NIVEL_PROP":"N3-Terciaria"}},{"type":"Feature","geometry":{"type":"LineString","coordinates":[[-75.19686,3.41379],[-75.19702,3.41386],[-75.19721,3.41397],[-75.19747,3.41414],[-75.19804,3.41451],[-75.19836,3.41464],[-75.1987,3.41472],[-75.19919,3.41482],[-75.19954,3.4149],[-75.19983,3.41497],[-75.20004,3.41502],[-75.20017,3.41504],[-75.20026,3.41505],[-75.20034,3.41504],[-75.2004,3.41503],[-75.20047,3.415],[-75.20054,3.41497],[-75.20059,3.41493],[-75.20065,3.41489],[-75.20071,3.41485],[-75.20076,3.41482],[-75.2008,3.41479],[-75.20084,3.41475],[-75.20089,3.41472],[-75.20093,3.41467],[-75.20097,3.4146],[-75.201,3.41451],[-75.20104,3.41443],[-75.20107,3.41436],[-75.2011,3.41429],[-75.20113,3.41422],[-75.20116,3.41415],[-75.20119,3.4141],[-75.20123,3.41404],[-75.20127,3.41399],[-75.20132,3.41395],[-75.20136,3.41391],[-75.2014,3.41387],[-75.20145,3.41384],[-75.20149,3.41382],[-75.20153,3.4138],[-75.20157,3.41378],[-75.2016,3.41376],[-75.20163,3.41373],[-75.20165,3.4137],[-75.20168,3.41367],[-75.20171,3.41364],[-75.20173,3.41363],[-75.20177,3.41362],[-75.20179,3.41362],[-75.20181,3.41363],[-75.20184,3.41364],[-75.20187,3.41366],[-75.2019,3.41367],[-75.20193,3.4137],[-75.20197,3.41374],[-75.20204,3.41381],[-75.20217,3.41395],[-75.20227,3.41406],[-75.20234,3.41415],[-75.20244,3.41429],[-75.20252,3.41437],[-75.2026,3.4144],[-75.20267,3.41441],[-75.20274,3.41443],[-75.20282,3.41444],[-75.2029,3.41443],[-75.20298,3.41442],[-75.20305,3.41441],[-75.20312,3.41439],[-75.20319,3.41436],[-75.20326,3.41432],[-75.2039,3.41391],[-75.20422,3.41374],[-75.20447,3.41366],[-75.20491,3.41358],[-75.2052,3.41345],[-75.20546,3.41327],[-75.2056,3.41311],[-75.20579,3.41287],[-75.20599,3.41271],[-75.20629,3.41237],[-75.20643,3.41227],[-75.20656,3.41217],[-75.20671,3.41208],[-75.20681,3.41202],[-75.20694,3.41195],[-75.20699,3.4119],[-75.20705,3.41187],[-75.20712,3.41184],[-75.20719,3.41181],[-75.20727,3.41179],[-75.20734,3.41179],[-75.20749,3.41177],[-75.20764,3.41175],[-75.2078,3.41173],[-75.20799,3.41171],[-75.20807,3.4117],[-75.20815,3.41171],[-75.20823,3.41172],[-75.20832,3.41173],[-75.20838,3.41174],[-75.20844,3.41175],[-75.2085,3.41175],[-75.20857,3.41175],[-75.20865,3.41174],[-75.20872,3.41172],[-75.20877,3.41171],[-75.20882,3.4117],[-75.20888,3.4117],[-75.20896,3.4117],[-75.20907,3.4117],[-75.2092,3.4117],[-75.20931,3.4117],[-75.20944,3.41172],[-75.20954,3.41173],[-75.20963,3.41175],[-75.2097,3.41176],[-75.20979,3.41177],[-75.20986,3.41176],[-75.20991,3.41176],[-75.20996,3.41176],[-75.21,3.41176],[-75.21005,3.41178],[-75.21009,3.41182],[-75.21014,3.41187],[-75.21017,3.41193],[-75.21022,3.41198],[-75.21026,3.41202],[-75.21031,3.41207],[-75.21036,3.41211],[-75.2104,3.41215],[-75.21046,3.41221],[-75.21051,3.41226],[-75.21055,3.41229],[-75.21063,3.41234],[-75.21071,3.41239],[-75.21077,3.41243],[-75.21083,3.41247],[-75.21086,3.4125],[-75.21088,3.41255],[-75.2109,3.41261],[-75.21098,3.41283],[-75.21102,3.41289],[-75.21107,3.41293],[-75.21116,3.41297],[-75.21126,3.41301],[-75.21137,3.41304],[-75.21146,3.41308],[-75.21155,3.41311],[-75.21165,3.41313],[-75.21174,3.41315],[-75.21183,3.41316],[-75.21191,3.41317],[-75.21196,3.41319],[-75.21202,3.41323],[-75.21209,3.41324],[-75.21214,3.41325],[-75.21221,3.41325],[-75.21225,3.41324],[-75.2123,3.41325],[-75.21234,3.41327],[-75.21236,3.41329],[-75.21238,3.41332],[-75.21241,3.41336],[-75.21243,3.41341],[-75.21245,3.41347],[-75.21248,3.4135],[-75.21253,3.41355],[-75.21257,3.41358],[-75.21262,3.41362],[-75.21265,3.41364],[-75.21269,3.41366],[-75.21272,3.41367],[-75.21276,3.41367],[-75.2128,3.41366],[-75.21284,3.41365],[-75.21286,3.41362],[-75.21289,3.41359],[-75.21292,3.41359],[-75.21295,3.41359],[-75.21297,3.4136],[-75.21299,3.41363],[-75.21301,3.41365],[-75.21302,3.41369],[-75.21303,3.41373],[-75.21304,3.41377],[-75.21304,3.4138],[-75.21305,3.41383],[-75.21306,3.41385],[-75.21307,3.41386],[-75.21309,3.41388],[-75.21312,3.41388],[-75.21314,3.41389],[-75.21316,3.41388],[-75.21317,3.41387],[-75.21318,3.41386],[-75.21319,3.41384],[-75.21321,3.41378],[-75.21324,3.41373],[-75.21327,3.41369],[-75.21335,3.41365],[-75.21338,3.41363],[-75.21341,3.41361],[-75.21349,3.41358],[-75.21356,3.41356],[-75.21363,3.41354],[-75.21369,3.41353],[-75.21379,3.41353],[-75.21387,3.41355],[-75.21394,3.41356],[-75.214,3.41355],[-75.21406,3.41353],[-75.21418,3.4135],[-75.21432,3.41349],[-75.21446,3.41349],[-75.21461,3.4135],[-75.21473,3.41351],[-75.21475,3.41351]]},"properties":{"NIVEL_PROP":"N3-Terciaria"}},{"type":"Feature","geometry":{"type":"LineString","coordinates":[[-75.19287,3.9636],[-75.1926,3.96345],[-75.19211,3.96332],[-75.19164,3.96336],[-75.19145,3.96321],[-75.19132,3.96297],[-75.19107,3.96284],[-75.19097,3.96241],[-75.19057,3.96191],[-75.1905,3.96163],[-75.19046,3.96114],[-75.19003,3.96062],[-75.18994,3.96051],[-75.18988,3.96036],[-75.18991,3.96006],[-75.18986,3.95993],[-75.18974,3.95977],[-75.18963,3.95926],[-75.18962,3.95907],[-75.18967,3.9588],[-75.18964,3.95861],[-75.18932,3.95812],[-75.18892,3.95739],[-75.18866,3.95682],[-75.18852,3.95646]]},"properties":{"NIVEL_PROP":"N3-Terciaria"}},{"type":"Feature","geometry":{"type":"LineString","coordinates":[[-75.09513,3.62795],[-75.09498,3.62797],[-75.09493,3.628],[-75.0949,3.62803],[-75.09487,3.62807],[-75.09485,3.62817],[-75.09485,3.62821],[-75.09486,3.62825],[-75.0949,3.62828],[-75.09495,3.62829],[-75.09503,3.62829]]},"properties":{"NIVEL_PROP":"N3-Servicio"}},{"type":"Feature","geometry":{"type":"LineString","coordinates":[[-75.12678,3.71295],[-75.12674,3.71304]]},"properties":{"NIVEL_PROP":"N3-Terciaria"}},{"type":"Feature","geometry":{"type":"LineString","coordinates":[[-75.1755,3.85274],[-75.17549,3.85288],[-75.17548,3.85295],[-75.17553,3.85299],[-75.17561,3.853],[-75.17565,3.85305],[-75.17568,3.85308],[-75.17574,3.8531],[-75.1758,3.8531],[-75.17585,3.85309],[-75.17589,3.85308],[-75.17596,3.85313],[-75.17601,3.85315],[-75.17603,3.85314]]},"properties":{"NIVEL_PROP":"Sendero"}},{"type":"Feature","geometry":{"type":"LineString","coordinates":[[-75.22143,3.92982],[-75.22215,3.93001]]},"properties":{"NIVEL_PROP":"N3-Terciaria"}},{"type":"Feature","geometry":{"type":"LineString","coordinates":[[-75.60591,4.01183],[-75.60614,4.01212],[-75.60626,4.01228],[-75.60645,4.01277]]},"properties":{"NIVEL_PROP":"N3-Terciaria"}},{"type":"Feature","geometry":{"type":"LineString","coordinates":[[-75.00395,3.73579],[-75.00509,3.73543],[-75.00537,3.73539],[-75.00581,3.73543],[-75.00615,3.73545],[-75.00715,3.73584],[-75.00774,3.73605],[-75.0082,3.73615]]},"properties":{"NIVEL_PROP":"N3-Terciaria"}},{"type":"Feature","geometry":{"type":"LineString","coordinates":[[-75.26016,4.06262],[-75.2601,4.06243],[-75.26021,4.06214],[-75.26052,4.06206],[-75.26068,4.06172],[-75.26131,4.06165],[-75.26182,4.06129],[-75.26217,4.06088]]},"properties":{"NIVEL_PROP":"N3-Terciaria"}},{"type":"Feature","geometry":{"type":"LineString","coordinates":[[-75.18953,3.78551],[-75.18776,3.78221],[-75.18734,3.78168],[-75.18692,3.78102],[-75.1862,3.77967]]},"properties":{"NIVEL_PROP":"N3-Terciaria"}},{"type":"Feature","geometry":{"type":"LineString","coordinates":[[-75.21933,3.78886],[-75.21933,3.78897],[-75.21928,3.78944],[-75.21657,3.79266],[-75.21317,3.7942],[-75.21122,3.79507],[-75.2106,3.79553],[-75.20952,3.79615],[-75.20861,3.79869],[-75.20855,3.79929],[-75.20869,3.80015],[-75.20853,3.80069],[-75.20863,3.80181],[-75.20842,3.80277],[-75.20823,3.80373],[-75.20816,3.80462],[-75.20796,3.80507],[-75.20746,3.80581],[-75.20714,3.8065],[-75.20669,3.80693],[-75.20586,3.80755],[-75.20568,3.80781],[-75.20565,3.80805],[-75.20494,3.80851],[-75.20408,3.80939],[-75.20345,3.81041],[-75.20286,3.81135],[-75.20193,3.81246]]},"properties":{"NIVEL_PROP":"N3-Terciaria"}},{"type":"Feature","geometry":{"type":"LineString","coordinates":[[-75.13029,3.86189],[-75.12983,3.86199],[-75.12953,3.86187],[-75.12919,3.86184]]},"properties":{"NIVEL_PROP":"Sendero"}},{"type":"Feature","geometry":{"type":"LineString","coordinates":[[-75.08107,3.60027],[-75.08079,3.60032],[-75.08076,3.60041]]},"properties":{"NIVEL_PROP":"Sendero"}},{"type":"Feature","geometry":{"type":"LineString","coordinates":[[-75.10073,3.44462],[-75.10074,3.44402],[-75.10072,3.44336],[-75.10056,3.44219],[-75.10058,3.44136],[-75.10098,3.43921],[-75.10099,3.43886],[-75.10122,3.4382],[-75.10154,3.43538],[-75.10184,3.43401],[-75.10216,3.43252]]},"properties":{"NIVEL_PROP":"N3-Terciaria"}},{"type":"Feature","geometry":{"type":"LineString","coordinates":[[-75.17699,3.69046],[-75.17629,3.69076],[-75.17603,3.69076],[-75.17573,3.69071],[-75.17537,3.69083],[-75.1747,3.69102],[-75.17449,3.69105],[-75.17413,3.69115],[-75.17353,3.69153],[-75.17338,3.69163]]},"properties":{"NIVEL_PROP":"N3-Terciaria"}},{"type":"Feature","geometry":{"type":"LineString","coordinates":[[-75.12593,3.55782],[-75.12694,3.55792],[-75.12703,3.55791],[-75.12713,3.55784],[-75.12721,3.5577],[-75.12729,3.55765],[-75.12747,3.55765],[-75.12787,3.55767],[-75.12849,3.55762]]},"properties":{"NIVEL_PROP":"N3-Terciaria"}},{"type":"Feature","geometry":{"type":"LineString","coordinates":[[-75.2224,3.92885],[-75.22183,3.92859],[-75.22156,3.92844],[-75.22133,3.92832],[-75.22116,3.92821],[-75.22109,3.92817],[-75.2209,3.92806],[-75.22076,3.92797],[-75.2205,3.92783]]},"properties":{"NIVEL_PROP":"N3-Terciaria"}},{"type":"Feature","geometry":{"type":"LineString","coordinates":[[-75.18971,3.9772],[-75.18992,3.97752],[-75.19039,3.97819],[-75.19066,3.97828]]},"properties":{"NIVEL_PROP":"N3-Terciaria"}},{"type":"Feature","geometry":{"type":"LineString","coordinates":[[-75.09793,3.61685],[-75.0982,3.61669]]},"properties":{"NIVEL_PROP":"N2-Secundaria"}},{"type":"Feature","geometry":{"type":"LineString","coordinates":[[-75.60769,4.01481],[-75.60766,4.01499],[-75.60759,4.01507],[-75.60746,4.01502],[-75.60685,4.01415],[-75.6068,4.01401]]},"properties":{"NIVEL_PROP":"Sendero"}},{"type":"Feature","geometry":{"type":"LineString","coordinates":[[-75.09349,3.62098],[-75.09371,3.62021],[-75.09374,3.6201],[-75.094,3.61925]]},"properties":{"NIVEL_PROP":"N3-Terciaria"}},{"type":"Feature","geometry":{"type":"LineString","coordinates":[[-75.24983,3.9312],[-75.24993,3.92972],[-75.25011,3.92872],[-75.25033,3.92768],[-75.25056,3.92692],[-75.25076,3.9268],[-75.25107,3.92641],[-75.25114,3.92625],[-75.25136,3.92613],[-75.2516,3.92609],[-75.25226,3.92563],[-75.25251,3.92525],[-75.25288,3.92514],[-75.25317,3.92514],[-75.2534,3.92523],[-75.25371,3.92514],[-75.25415,3.92488],[-75.25435,3.9247],[-75.25467,3.92457],[-75.25479,3.92459],[-75.25526,3.92485],[-75.25539,3.92486],[-75.25552,3.92481],[-75.2558,3.92459],[-75.25623,3.92439],[-75.25648,3.92433],[-75.25663,3.92431],[-75.25682,3.9237],[-75.257,3.92321],[-75.25717,3.92283],[-75.25727,3.92237],[-75.25723,3.92222],[-75.25734,3.922],[-75.25739,3.92198],[-75.25744,3.92202],[-75.25752,3.92218],[-75.25761,3.92223],[-75.25769,3.92223],[-75.25775,3.92208],[-75.25777,3.9218],[-75.25771,3.92155],[-75.25759,3.92131],[-75.25754,3.92104],[-75.25736,3.92084],[-75.25727,3.92056],[-75.25709,3.92022],[-75.25699,3.92008],[-75.25701,3.91996],[-75.25707,3.91985],[-75.25716,3.91977],[-75.25712,3.91966],[-75.25703,3.9196],[-75.25693,3.91948],[-75.25683,3.91927],[-75.25675,3.91915],[-75.25675,3.91894],[-75.2568,3.91869],[-75.25675,3.91843],[-75.25667,3.91817],[-75.25664,3.91802],[-75.25667,3.91791],[-75.25678,3.91787],[-75.25712,3.91779],[-75.25725,3.91774],[-75.25734,3.91778],[-75.25738,3.91792],[-75.25753,3.91811],[-75.25759,3.91826],[-75.25757,3.91845],[-75.25763,3.91857],[-75.25802,3.91894],[-75.25831,3.91898],[-75.25852,3.91917],[-75.25861,3.9192],[-75.25895,3.91905],[-75.2592,3.91899],[-75.25952,3.91899],[-75.25963,3.91894],[-75.25969,3.91873],[-75.25991,3.91857],[-75.26019,3.91845],[-75.26042,3.91826],[-75.26046,3.91815],[-75.26043,3.91806],[-75.26034,3.91802],[-75.26019,3.918],[-75.26009,3.91796],[-75.26003,3.91786],[-75.25993,3.91734],[-75.26,3.91698],[-75.25998,3.91649],[-75.25994,3.91632],[-75.26001,3.91603],[-75.26008,3.91577],[-75.26015,3.91563],[-75.26017,3.91544],[-75.26023,3.91527],[-75.26035,3.91512],[-75.26078,3.91486],[-75.26103,3.91486],[-75.26113,3.91473],[-75.26157,3.91465],[-75.26169,3.91453],[-75.26181,3.91434],[-75.26188,3.91408],[-75.26188,3.91381],[-75.26189,3.91346],[-75.26193,3.91326],[-75.26218,3.91287],[-75.26236,3.91242],[-75.2623,3.91213],[-75.26226,3.91198],[-75.26205,3.91177],[-75.26191,3.91159],[-75.26184,3.91152],[-75.26189,3.91145],[-75.26204,3.91141],[-75.26217,3.91141],[-75.26234,3.91139],[-75.26243,3.91132],[-75.26267,3.91103],[-75.26292,3.9107],[-75.26299,3.91047],[-75.26314,3.91027],[-75.26317,3.91014],[-75.26318,3.9098],[-75.26323,3.90944],[-75.26329,3.90905],[-75.26337,3.90835],[-75.26343,3.9078],[-75.26344,3.90766],[-75.26354,3.90752],[-75.26369,3.90743],[-75.26383,3.90738],[-75.26394,3.90738],[-75.26401,3.90749],[-75.26398,3.90771],[-75.26392,3.9079]]},"properties":{"NIVEL_PROP":"N3-Terciaria"}},{"type":"Feature","geometry":{"type":"LineString","coordinates":[[-75.09733,3.6174],[-75.09749,3.61687],[-75.09748,3.6168],[-75.09746,3.61677],[-75.09742,3.61674]]},"properties":{"NIVEL_PROP":"N3-Terciaria"}},{"type":"Feature","geometry":{"type":"LineString","coordinates":[[-75.15373,3.74334],[-75.15325,3.74395],[-75.15309,3.74408],[-75.15301,3.74415],[-75.15273,3.74439],[-75.15253,3.74452],[-75.15237,3.74459],[-75.15224,3.74482],[-75.15202,3.74508],[-75.15163,3.74527],[-75.15156,3.74543],[-75.1514,3.74552],[-75.15097,3.74571],[-75.15077,3.74578]]},"properties":{"NIVEL_PROP":"N3-Terciaria"}},{"type":"Feature","geometry":{"type":"LineString","coordinates":[[-75.1732,3.7761],[-75.1733,3.77596],[-75.17341,3.77585],[-75.17354,3.77576],[-75.17368,3.77562],[-75.17415,3.77504],[-75.1743,3.77468]]},"properties":{"NIVEL_PROP":"N3-Camino vecinal"}},{"type":"Feature","geometry":{"type":"LineString","coordinates":[[-75.22412,3.9342],[-75.22399,3.93414],[-75.2233,3.9339]]},"properties":{"NIVEL_PROP":"N3-Terciaria"}},{"type":"Feature","geometry":{"type":"LineString","coordinates":[[-75.13013,3.86545],[-75.12982,3.86498],[-75.12964,3.86428],[-75.12953,3.86307],[-75.12935,3.86276],[-75.12915,3.86243],[-75.12919,3.86184],[-75.12908,3.86125],[-75.12896,3.86106],[-75.12872,3.86129],[-75.12845,3.86137],[-75.12819,3.86125],[-75.12797,3.86114],[-75.12753,3.86121]]},"properties":{"NIVEL_PROP":"Sendero"}},{"type":"Feature","geometry":{"type":"LineString","coordinates":[[-75.22357,3.92775],[-75.22353,3.92738],[-75.2235,3.92703]]},"properties":{"NIVEL_PROP":"N3-Terciaria"}},{"type":"Feature","geometry":{"type":"LineString","coordinates":[[-75.29639,3.95059],[-75.29643,3.95044],[-75.29651,3.95013],[-75.29648,3.94996],[-75.29612,3.94947],[-75.2959,3.94927],[-75.29549,3.94901],[-75.29484,3.94887],[-75.29438,3.94881],[-75.29417,3.94876],[-75.29368,3.9485],[-75.29356,3.94851],[-75.2933,3.94842],[-75.29312,3.94844],[-75.2929,3.94844],[-75.29264,3.94846],[-75.29255,3.9485],[-75.2925,3.94863],[-75.29228,3.94867],[-75.29209,3.94874],[-75.2919,3.94887]]},"properties":{"NIVEL_PROP":"N3-Terciaria"}},{"type":"Feature","geometry":{"type":"LineString","coordinates":[[-75.19075,3.79901],[-75.19087,3.79914],[-75.19083,3.79927],[-75.19086,3.79938]]},"properties":{"NIVEL_PROP":"N3-Terciaria"}},{"type":"Feature","geometry":{"type":"LineString","coordinates":[[-75.16573,3.69826],[-75.16536,3.69848],[-75.16531,3.69862]]},"properties":{"NIVEL_PROP":"N3-Terciaria"}},{"type":"Feature","geometry":{"type":"LineString","coordinates":[[-75.22406,3.93176],[-75.22402,3.93128],[-75.22396,3.93068],[-75.22391,3.93045],[-75.22386,3.93013]]},"properties":{"NIVEL_PROP":"N3-Terciaria"}},{"type":"Feature","geometry":{"type":"LineString","coordinates":[[-75.10445,3.91844],[-75.10465,3.91853],[-75.10479,3.91869],[-75.10492,3.91886],[-75.10526,3.9191],[-75.1057,3.91945],[-75.10577,3.91957],[-75.10582,3.91976]]},"properties":{"NIVEL_PROP":"N3-Terciaria"}},{"type":"Feature","geometry":{"type":"LineString","coordinates":[[-75.19456,3.794],[-75.19458,3.79373]]},"properties":{"NIVEL_PROP":"N3-Terciaria"}},{"type":"Feature","geometry":{"type":"LineString","coordinates":[[-75.06419,3.67648],[-75.06246,3.676],[-75.06236,3.67599],[-75.06225,3.67599],[-75.06212,3.67601],[-75.06208,3.67602],[-75.06204,3.67601],[-75.06161,3.67585],[-75.06155,3.67584],[-75.06129,3.67581],[-75.06102,3.67579],[-75.06085,3.67579],[-75.06078,3.67579],[-75.06072,3.67578],[-75.06028,3.67564],[-75.06022,3.67561],[-75.05988,3.67534],[-75.05984,3.67531],[-75.05979,3.6753],[-75.05865,3.67509],[-75.05845,3.67504],[-75.05822,3.67497],[-75.05784,3.67478],[-75.05765,3.6749],[-75.05736,3.67506],[-75.05617,3.67536],[-75.05608,3.67538],[-75.05597,3.67537],[-75.05494,3.67532],[-75.05379,3.67509],[-75.0536,3.67508],[-75.05355,3.6751],[-75.05351,3.67512],[-75.05327,3.67533],[-75.05321,3.67536],[-75.05317,3.67538],[-75.05309,3.67538],[-75.05301,3.67536],[-75.05213,3.6748],[-75.05169,3.67459],[-75.05153,3.67451],[-75.05136,3.6744],[-75.05104,3.67413],[-75.0509,3.674],[-75.05076,3.67384],[-75.05065,3.67354],[-75.0506,3.67338],[-75.05057,3.67312],[-75.05053,3.67282],[-75.05053,3.67247],[-75.05048,3.67206],[-75.05041,3.67179],[-75.05036,3.67149],[-75.05034,3.67136],[-75.0504,3.67128],[-75.05042,3.67126],[-75.05044,3.67124],[-75.05047,3.67124],[-75.05052,3.67124],[-75.05059,3.67124],[-75.05062,3.67124],[-75.05064,3.67123],[-75.05066,3.67122],[-75.05071,3.67108],[-75.05073,3.67103],[-75.05074,3.67098],[-75.05077,3.67094],[-75.0508,3.6709],[-75.05085,3.67085],[-75.05093,3.67079],[-75.05121,3.67058],[-75.05163,3.67027],[-75.05179,3.67012],[-75.05198,3.66995],[-75.05217,3.66979]]},"properties":{"NIVEL_PROP":"N3-Terciaria"}},{"type":"Feature","geometry":{"type":"LineString","coordinates":[[-75.11128,3.89587],[-75.11156,3.89598],[-75.11182,3.89592],[-75.112,3.89589],[-75.11227,3.89589]]},"properties":{"NIVEL_PROP":"N3-Terciaria"}},{"type":"Feature","geometry":{"type":"LineString","coordinates":[[-75.28147,3.87176],[-75.28111,3.87227],[-75.28101,3.87256],[-75.28103,3.87299],[-75.28103,3.87338],[-75.28087,3.87361],[-75.28066,3.87384],[-75.28052,3.87408],[-75.2805,3.87432],[-75.2806,3.87461],[-75.28075,3.8748],[-75.28094,3.87486],[-75.28117,3.87476],[-75.28156,3.87457],[-75.2819,3.87442],[-75.28207,3.87449]]},"properties":{"NIVEL_PROP":"N3-Terciaria"}},{"type":"Feature","geometry":{"type":"LineString","coordinates":[[-75.1873,3.98002],[-75.18693,3.9809],[-75.18669,3.98126],[-75.18623,3.98183],[-75.18604,3.98221],[-75.18588,3.98267],[-75.18573,3.9829]]},"properties":{"NIVEL_PROP":"N3-Terciaria"}},{"type":"Feature","geometry":{"type":"LineString","coordinates":[[-74.99197,3.75822],[-74.99149,3.75784],[-74.99142,3.75769],[-74.99137,3.75752],[-74.99134,3.75714]]},"properties":{"NIVEL_PROP":"N3-Terciaria"}},{"type":"Feature","geometry":{"type":"LineString","coordinates":[[-75.19365,3.40018],[-75.19361,3.40064],[-75.19356,3.40076],[-75.19344,3.40097],[-75.19335,3.4011],[-75.19327,3.40117],[-75.19295,3.40153],[-75.19281,3.40167],[-75.19247,3.40202],[-75.19246,3.40283],[-75.19244,3.40366],[-75.19243,3.40442]]},"properties":{"NIVEL_PROP":"N3-Terciaria"}},{"type":"Feature","geometry":{"type":"LineString","coordinates":[[-75.10247,3.59007],[-75.10255,3.58993],[-75.1027,3.58932],[-75.10273,3.58925],[-75.10278,3.58919],[-75.10313,3.58874],[-75.10338,3.58832],[-75.10363,3.5879],[-75.10444,3.5865],[-75.10489,3.58571],[-75.10532,3.58487],[-75.10581,3.58406],[-75.10615,3.58365],[-75.10647,3.58323],[-75.1069,3.58262],[-75.10702,3.58246],[-75.10714,3.58225],[-75.10735,3.58185],[-75.1076,3.58137],[-75.10772,3.5812],[-75.10783,3.58102],[-75.10785,3.58098],[-75.10787,3.58094],[-75.1079,3.58087],[-75.10792,3.58083],[-75.10796,3.58075],[-75.10829,3.58001],[-75.10847,3.57966],[-75.10865,3.57936],[-75.10876,3.57912],[-75.10886,3.57886],[-75.10896,3.57836],[-75.10902,3.57778],[-75.10908,3.57756],[-75.10924,3.577],[-75.10948,3.57609],[-75.10957,3.57528],[-75.10978,3.57456],[-75.11006,3.57374],[-75.11039,3.57308],[-75.11068,3.57258],[-75.11127,3.5718]]},"properties":{"NIVEL_PROP":"N3-Terciaria"}},{"type":"Feature","geometry":{"type":"LineString","coordinates":[[-75.09178,3.62132],[-75.09187,3.62135],[-75.09252,3.62155]]},"properties":{"NIVEL_PROP":"N3-Terciaria"}},{"type":"Feature","geometry":{"type":"LineString","coordinates":[[-75.1942,3.79397],[-75.19456,3.794],[-75.1948,3.79403],[-75.19487,3.79405],[-75.19488,3.7941],[-75.19488,3.79442],[-75.19482,3.79501],[-75.1948,3.79513],[-75.19486,3.79518],[-75.19487,3.79523]]},"properties":{"NIVEL_PROP":"N3-Terciaria"}},{"type":"Feature","geometry":{"type":"LineString","coordinates":[[-75.09594,3.62922],[-75.09477,3.6292]]},"properties":{"NIVEL_PROP":"N3-Terciaria"}},{"type":"Feature","geometry":{"type":"LineString","coordinates":[[-75.21846,3.93751],[-75.21841,3.9374],[-75.21814,3.93669],[-75.21801,3.93644],[-75.21771,3.9362],[-75.2174,3.93596]]},"properties":{"NIVEL_PROP":"N3-Terciaria"}},{"type":"Feature","geometry":{"type":"LineString","coordinates":[[-75.09601,3.61883],[-75.09524,3.61863]]},"properties":{"NIVEL_PROP":"N3-Terciaria"}},{"type":"Feature","geometry":{"type":"LineString","coordinates":[[-75.10034,3.58212],[-75.10047,3.58217],[-75.10058,3.58221],[-75.10067,3.58223],[-75.1008,3.58225],[-75.10113,3.58227],[-75.10145,3.58228],[-75.10219,3.58227],[-75.1023,3.58226],[-75.10264,3.58228],[-75.10273,3.5823],[-75.10282,3.58232],[-75.10307,3.58243]]},"properties":{"NIVEL_PROP":"N3-Terciaria"}},{"type":"Feature","geometry":{"type":"LineString","coordinates":[[-75.22682,4.10438],[-75.22673,4.10416],[-75.22642,4.10367],[-75.22632,4.10274],[-75.22625,4.10191],[-75.2263,4.10136],[-75.22622,4.10106],[-75.22632,4.1008],[-75.2265,4.10067],[-75.2268,4.10007],[-75.22683,4.09992],[-75.22625,4.09973],[-75.22608,4.09952],[-75.22607,4.09948],[-75.22596,4.09899],[-75.22601,4.09879],[-75.22632,4.09859],[-75.22665,4.09866],[-75.22686,4.09851],[-75.22704,4.09797],[-75.2272,4.09759],[-75.22751,4.0976],[-75.22753,4.09742],[-75.22744,4.09722],[-75.22771,4.09646],[-75.22796,4.09614],[-75.22844,4.09591],[-75.22878,4.09542],[-75.22913,4.09504],[-75.22922,4.09469],[-75.22932,4.09437],[-75.22953,4.09413],[-75.22977,4.09375],[-75.22988,4.09335],[-75.22989,4.0931],[-75.23026,4.0928],[-75.23033,4.09249],[-75.23068,4.09202],[-75.23101,4.09162],[-75.23134,4.09122],[-75.23154,4.09073],[-75.23152,4.08987],[-75.23143,4.08968],[-75.23124,4.08957],[-75.23132,4.08922],[-75.23132,4.08898],[-75.23148,4.08866],[-75.2316,4.08839],[-75.23166,4.08798],[-75.23217,4.08777],[-75.23237,4.08761],[-75.23246,4.08725],[-75.23246,4.08684],[-75.23256,4.08632],[-75.23299,4.0855],[-75.23332,4.08493],[-75.23324,4.08438],[-75.23341,4.08421],[-75.23385,4.08422],[-75.23414,4.08408],[-75.23445,4.08376],[-75.23472,4.08348],[-75.23491,4.08329],[-75.23502,4.08307],[-75.23525,4.08296],[-75.23545,4.08253],[-75.2355,4.08232],[-75.23565,4.08204],[-75.23575,4.0815],[-75.23618,4.0805],[-75.23621,4.0801],[-75.23642,4.07989],[-75.23676,4.07989],[-75.23694,4.07952],[-75.23714,4.07944],[-75.23734,4.07909],[-75.23768,4.07887],[-75.2378,4.07855],[-75.23796,4.07829],[-75.23836,4.0781],[-75.23855,4.07776],[-75.23875,4.07748],[-75.23887,4.07712],[-75.23921,4.07687],[-75.23927,4.07674],[-75.23943,4.07649],[-75.23988,4.07618],[-75.24028,4.07617],[-75.24135,4.07591],[-75.24208,4.07596],[-75.24268,4.0762],[-75.24315,4.07638],[-75.24338,4.07685],[-75.24357,4.07688],[-75.24367,4.07691],[-75.24373,4.07696],[-75.244,4.07693],[-75.24417,4.07683],[-75.24446,4.07659],[-75.24469,4.07647],[-75.24506,4.07631],[-75.24557,4.07624],[-75.24582,4.07623],[-75.24604,4.0762],[-75.24613,4.07605],[-75.24626,4.07597],[-75.24646,4.07565],[-75.24667,4.07519],[-75.24678,4.07501],[-75.24696,4.07454],[-75.24708,4.0743],[-75.24709,4.07367],[-75.24707,4.07338],[-75.24719,4.07325],[-75.24753,4.0733],[-75.24779,4.07339],[-75.24801,4.07354],[-75.24818,4.07352],[-75.24854,4.07332],[-75.24877,4.07304],[-75.249,4.07282],[-75.24924,4.07263],[-75.24934,4.07248],[-75.2496,4.07216],[-75.24974,4.07167],[-75.24991,4.07121],[-75.24998,4.07102],[-75.25003,4.07081],[-75.24997,4.0706],[-75.25,4.07032],[-75.25009,4.07014],[-75.25032,4.06958],[-75.25049,4.06935],[-75.25071,4.06922],[-75.25098,4.06919],[-75.25145,4.06905],[-75.25194,4.06882],[-75.25227,4.06855],[-75.25286,4.06826],[-75.25312,4.06836],[-75.25345,4.06841],[-75.25358,4.06835],[-75.25362,4.06782],[-75.25367,4.06755],[-75.25392,4.06736],[-75.2546,4.06684],[-75.25499,4.0666],[-75.2553,4.06643],[-75.25547,4.06645],[-75.25561,4.0666],[-75.25575,4.06648]]},"properties":{"NIVEL_PROP":"N3-Terciaria"}},{"type":"Feature","geometry":{"type":"LineString","coordinates":[[-75.10403,3.53051],[-75.10329,3.53014],[-75.10306,3.52998],[-75.1028,3.52987],[-75.10246,3.52981],[-75.10218,3.52983]]},"properties":{"NIVEL_PROP":"N3-Terciaria"}},{"type":"Feature","geometry":{"type":"LineString","coordinates":[[-75.13631,3.85992],[-75.13627,3.86012],[-75.13632,3.86029]]},"properties":{"NIVEL_PROP":"Sendero"}},{"type":"Feature","geometry":{"type":"LineString","coordinates":[[-75.02458,3.8096],[-75.0247,3.81038],[-75.02477,3.81082],[-75.02475,3.81122],[-75.02467,3.81153],[-75.02472,3.81174],[-75.02478,3.81214],[-75.02473,3.81241],[-75.02472,3.81245]]},"properties":{"NIVEL_PROP":"N3-Camino vecinal"}},{"type":"Feature","geometry":{"type":"LineString","coordinates":[[-75.31156,3.96129],[-75.31179,3.961],[-75.31223,3.96054],[-75.31254,3.9601],[-75.31283,3.9596],[-75.31288,3.95949],[-75.31283,3.9594],[-75.31271,3.95929],[-75.31257,3.95917],[-75.31258,3.95888]]},"properties":{"NIVEL_PROP":"N3-Terciaria"}},{"type":"Feature","geometry":{"type":"LineString","coordinates":[[-75.09095,3.62454],[-75.0913,3.62466],[-75.09147,3.62473]]},"properties":{"NIVEL_PROP":"N3-Terciaria"}},{"type":"Feature","geometry":{"type":"LineString","coordinates":[[-75.0979,3.77162],[-75.09789,3.77178]]},"properties":{"NIVEL_PROP":"N3-Terciaria"}},{"type":"Feature","geometry":{"type":"LineString","coordinates":[[-75.21789,3.92677],[-75.21821,3.92668],[-75.21861,3.92657]]},"properties":{"NIVEL_PROP":"N3-Terciaria"}},{"type":"Feature","geometry":{"type":"LineString","coordinates":[[-75.22537,3.77543],[-75.22537,3.7756],[-75.22539,3.77578],[-75.22544,3.77588],[-75.2255,3.77595],[-75.22557,3.7761],[-75.22555,3.77621],[-75.22553,3.77628],[-75.22544,3.77665],[-75.22528,3.77681]]},"properties":{"NIVEL_PROP":"N3-Terciaria"}},{"type":"Feature","geometry":{"type":"LineString","coordinates":[[-75.09719,3.62549],[-75.09706,3.62546],[-75.09687,3.62542],[-75.09658,3.62534]]},"properties":{"NIVEL_PROP":"N3-Terciaria"}},{"type":"Feature","geometry":{"type":"LineString","coordinates":[[-75.12649,3.59163],[-75.12665,3.59155]]},"properties":{"NIVEL_PROP":"N3-Terciaria"}},{"type":"Feature","geometry":{"type":"LineString","coordinates":[[-75.18494,3.91315],[-75.18498,3.91302],[-75.1857,3.91191],[-75.18614,3.91134],[-75.18648,3.91104],[-75.1869,3.91096],[-75.18745,3.91083],[-75.18752,3.91081],[-75.18855,3.90873],[-75.18883,3.90849],[-75.18902,3.90802],[-75.18921,3.90699],[-75.18923,3.90665],[-75.18985,3.90542],[-75.1905,3.90494],[-75.19365,3.90129],[-75.19363,3.90086],[-75.19348,3.89928],[-75.19358,3.89862],[-75.19386,3.89746],[-75.19384,3.89699],[-75.1938,3.89599],[-75.19273,3.89511],[-75.1926,3.8949],[-75.19239,3.89424],[-75.19209,3.89373],[-75.19184,3.8936],[-75.19163,3.8934],[-75.19153,3.8931],[-75.1918,3.89037],[-75.19181,3.8902],[-75.19166,3.88989],[-75.19164,3.88904],[-75.19136,3.88823],[-75.19048,3.88764],[-75.19024,3.88682],[-75.1899,3.88641],[-75.18968,3.88603],[-75.18858,3.88472],[-75.18819,3.88414],[-75.18807,3.88378],[-75.18759,3.88244],[-75.18722,3.88204],[-75.18549,3.88046],[-75.18501,3.88027],[-75.18474,3.88028],[-75.18434,3.88035],[-75.18384,3.88054],[-75.18357,3.88059],[-75.18337,3.88054],[-75.18286,3.8805],[-75.18224,3.88077],[-75.18197,3.88088],[-75.18164,3.88071],[-75.18127,3.88044],[-75.18093,3.88035],[-75.18063,3.88031],[-75.17991,3.88046],[-75.17874,3.88071],[-75.17793,3.88086],[-75.17759,3.88081],[-75.17704,3.88051],[-75.17669,3.88034],[-75.17627,3.88031],[-75.17588,3.88036],[-75.17537,3.88046],[-75.17501,3.88054],[-75.17417,3.88068],[-75.17363,3.88063],[-75.17295,3.88053],[-75.1723,3.88043],[-75.17165,3.88041],[-75.17154,3.8804],[-75.17094,3.88039],[-75.17052,3.88039]]},"properties":{"NIVEL_PROP":"N3-Terciaria"}},{"type":"Feature","geometry":{"type":"LineString","coordinates":[[-75.2626,3.96194],[-75.2625,3.96216],[-75.26246,3.96238],[-75.26234,3.96276],[-75.26225,3.96289],[-75.26217,3.96304]]},"properties":{"NIVEL_PROP":"N3-Terciaria"}},{"type":"Feature","geometry":{"type":"LineString","coordinates":[[-75.15768,3.93219],[-75.15778,3.93208],[-75.15792,3.93202],[-75.15804,3.93205],[-75.15829,3.9322],[-75.15867,3.93244],[-75.15891,3.9326],[-75.15909,3.93274],[-75.15937,3.93271],[-75.15957,3.93262],[-75.15974,3.93256],[-75.16001,3.93264]]},"properties":{"NIVEL_PROP":"N3-Terciaria"}},{"type":"Feature","geometry":{"type":"LineString","coordinates":[[-75.22974,3.77666],[-75.22953,3.77679],[-75.22878,3.77714],[-75.22838,3.77737],[-75.22819,3.77764],[-75.22774,3.7784],[-75.22706,3.77928],[-75.22701,3.77936],[-75.22702,3.77947]]},"properties":{"NIVEL_PROP":"N3-Terciaria"}},{"type":"Feature","geometry":{"type":"LineString","coordinates":[[-75.05196,3.72318],[-75.05178,3.7235],[-75.0517,3.72367],[-75.0516,3.724],[-75.05153,3.72436],[-75.05147,3.7247],[-75.05139,3.72503],[-75.05135,3.72533],[-75.05132,3.72561],[-75.05135,3.7258],[-75.0514,3.72607],[-75.05142,3.72632],[-75.05145,3.7266],[-75.05153,3.72683],[-75.05164,3.72706],[-75.05177,3.72727],[-75.05187,3.72745],[-75.05194,3.72765],[-75.05191,3.72781],[-75.05181,3.7279],[-75.05173,3.728],[-75.05167,3.72817],[-75.0516,3.7283],[-75.0515,3.72842],[-75.05134,3.72851],[-75.05121,3.72856],[-75.05106,3.72863],[-75.05088,3.72875],[-75.05083,3.7288],[-75.05071,3.72894]]},"properties":{"NIVEL_PROP":"N3-Camino vecinal"}},{"type":"Feature","geometry":{"type":"LineString","coordinates":[[-75.01465,3.70298],[-75.01501,3.70298],[-75.01565,3.70309],[-75.01592,3.70319],[-75.01692,3.70343],[-75.01741,3.70364],[-75.01841,3.70412],[-75.02334,3.70656],[-75.02367,3.70677],[-75.02401,3.70705],[-75.02462,3.70759],[-75.02485,3.70778],[-75.02523,3.70801],[-75.0263,3.70867]]},"properties":{"NIVEL_PROP":"N3-Terciaria"}},{"type":"Feature","geometry":{"type":"LineString","coordinates":[[-75.14905,3.89362],[-75.14934,3.89318],[-75.14937,3.89314],[-75.14966,3.8928],[-75.1501,3.89231],[-75.15035,3.89218],[-75.15067,3.89209],[-75.15113,3.89184],[-75.15136,3.89163],[-75.15156,3.891],[-75.15185,3.89083],[-75.15219,3.89027],[-75.15251,3.88973],[-75.15263,3.88944],[-75.15259,3.88904],[-75.15287,3.88854],[-75.15294,3.88792],[-75.15307,3.8872],[-75.15357,3.88632],[-75.15389,3.88566],[-75.15394,3.88488],[-75.15407,3.88448]]},"properties":{"NIVEL_PROP":"N3-Terciaria"}},{"type":"Feature","geometry":{"type":"LineString","coordinates":[[-75.09887,3.53351],[-75.09804,3.5338],[-75.0972,3.53409]]},"properties":{"NIVEL_PROP":"N3-Terciaria"}},{"type":"Feature","geometry":{"type":"LineString","coordinates":[[-75.13317,3.43101],[-75.13311,3.43107],[-75.13285,3.43132]]},"properties":{"NIVEL_PROP":"N2-Secundaria"}},{"type":"Feature","geometry":{"type":"LineString","coordinates":[[-75.19281,3.40167],[-75.19233,3.40135],[-75.19219,3.4013],[-75.192,3.40127]]},"properties":{"NIVEL_PROP":"N3-Terciaria"}},{"type":"Feature","geometry":{"type":"LineString","coordinates":[[-75.15491,3.75187],[-75.15463,3.75178],[-75.15443,3.75162],[-75.15419,3.75147],[-75.15388,3.75137],[-75.15357,3.75129],[-75.15347,3.75124],[-75.15343,3.75111],[-75.15342,3.75095],[-75.15336,3.75064],[-75.15303,3.74953]]},"properties":{"NIVEL_PROP":"N3-Terciaria"}},{"type":"Feature","geometry":{"type":"LineString","coordinates":[[-75.02864,3.70596],[-75.02864,3.70608],[-75.02861,3.70621],[-75.02856,3.70631]]},"properties":{"NIVEL_PROP":"N3-Terciaria"}},{"type":"Feature","geometry":{"type":"LineString","coordinates":[[-75.14869,3.9409],[-75.14816,3.94071],[-75.14729,3.94038],[-75.14686,3.94021],[-75.14663,3.9402],[-75.14648,3.94025],[-75.14635,3.94037],[-75.14598,3.94085],[-75.14553,3.94138],[-75.14533,3.94155]]},"properties":{"NIVEL_PROP":"N3-Terciaria"}},{"type":"Feature","geometry":{"type":"LineString","coordinates":[[-75.17991,3.88046],[-75.17965,3.87971]]},"properties":{"NIVEL_PROP":"N3-Terciaria"}},{"type":"Feature","geometry":{"type":"LineString","coordinates":[[-75.09275,3.61612],[-75.09272,3.61602]]},"properties":{"NIVEL_PROP":"N3-Terciaria"}},{"type":"Feature","geometry":{"type":"LineString","coordinates":[[-75.09187,3.62135],[-75.09182,3.62115]]},"properties":{"NIVEL_PROP":"N3-Terciaria"}},{"type":"Feature","geometry":{"type":"LineString","coordinates":[[-75.14734,3.47006],[-75.14741,3.47026],[-75.14743,3.47037],[-75.14744,3.47048],[-75.14744,3.47066],[-75.14721,3.47112],[-75.14713,3.47121],[-75.14705,3.47126],[-75.14684,3.47138],[-75.14658,3.47157],[-75.14624,3.47183],[-75.14582,3.47211],[-75.1455,3.47238]]},"properties":{"NIVEL_PROP":"N3-Servicio"}},{"type":"Feature","geometry":{"type":"LineString","coordinates":[[-75.09676,3.96533],[-75.09668,3.9653],[-75.09444,3.9635]]},"properties":{"NIVEL_PROP":"N3-Camino vecinal"}},{"type":"Feature","geometry":{"type":"LineString","coordinates":[[-75.22241,3.93178],[-75.22212,3.9317]]},"properties":{"NIVEL_PROP":"N3-Terciaria"}},{"type":"Feature","geometry":{"type":"LineString","coordinates":[[-75.13751,3.86211],[-75.13706,3.86209],[-75.13673,3.86235],[-75.13623,3.86243],[-75.1358,3.86235],[-75.13555,3.86216],[-75.13543,3.8622],[-75.13491,3.86199],[-75.13432,3.86184],[-75.13408,3.86197],[-75.13385,3.86189],[-75.1337,3.86185],[-75.13346,3.86195],[-75.13249,3.86132],[-75.13247,3.86103],[-75.13221,3.8611]]},"properties":{"NIVEL_PROP":"N3-Servicio"}},{"type":"Feature","geometry":{"type":"LineString","coordinates":[[-75.10378,3.96979],[-75.10398,3.96935],[-75.10404,3.96898],[-75.10433,3.96836]]},"properties":{"NIVEL_PROP":"N3-Terciaria"}},{"type":"Feature","geometry":{"type":"LineString","coordinates":[[-75.09778,3.62993],[-75.09617,3.62946],[-75.09607,3.62945],[-75.09471,3.62941],[-75.09406,3.62932]]},"properties":{"NIVEL_PROP":"N3-Terciaria"}},{"type":"Feature","geometry":{"type":"LineString","coordinates":[[-75.12551,3.92787],[-75.12511,3.92796],[-75.125,3.92801]]},"properties":{"NIVEL_PROP":"N3-Terciaria"}},{"type":"Feature","geometry":{"type":"LineString","coordinates":[[-75.15487,3.85793],[-75.15345,3.85827],[-75.15312,3.85839],[-75.15291,3.85862],[-75.15302,3.85893],[-75.1528,3.85936],[-75.15274,3.85952],[-75.15245,3.86014],[-75.15171,3.86048],[-75.15153,3.86064],[-75.14997,3.86084],[-75.14905,3.8607],[-75.14805,3.86043],[-75.14789,3.86028],[-75.14773,3.86029],[-75.14622,3.86135]]},"properties":{"NIVEL_PROP":"N3-Terciaria"}},{"type":"Feature","geometry":{"type":"LineString","coordinates":[[-75.10095,3.58038],[-75.09968,3.58033],[-75.09961,3.58038],[-75.09941,3.58054],[-75.09934,3.58057],[-75.09926,3.58054],[-75.09919,3.58044],[-75.09909,3.58038],[-75.09892,3.58035],[-75.09872,3.58032],[-75.09857,3.5803],[-75.09835,3.58033],[-75.09819,3.58037],[-75.09802,3.58045],[-75.09792,3.58051],[-75.09781,3.5805],[-75.09769,3.58045],[-75.09723,3.57995]]},"properties":{"NIVEL_PROP":"N3-Terciaria"}},{"type":"Feature","geometry":{"type":"LineString","coordinates":[[-75.18883,3.40094],[-75.18857,3.40174]]},"properties":{"NIVEL_PROP":"N3-Terciaria"}},{"type":"Feature","geometry":{"type":"LineString","coordinates":[[-75.11995,3.7715],[-75.11979,3.77139]]},"properties":{"NIVEL_PROP":"N3-Terciaria"}},{"type":"Feature","geometry":{"type":"LineString","coordinates":[[-75.06639,3.77189],[-75.06632,3.77196],[-75.06626,3.77198],[-75.06612,3.77202],[-75.06609,3.77205],[-75.06606,3.77214],[-75.0661,3.77317]]},"properties":{"NIVEL_PROP":"N3-Servicio"}},{"type":"Feature","geometry":{"type":"LineString","coordinates":[[-75.20034,3.41504],[-75.20036,3.41514],[-75.20036,3.41533],[-75.20031,3.41552],[-75.20023,3.41576],[-75.20022,3.41583],[-75.20024,3.41592],[-75.20027,3.41599],[-75.2003,3.41602],[-75.20034,3.41607],[-75.20035,3.41611],[-75.20036,3.4162],[-75.20036,3.41627],[-75.20038,3.41633],[-75.20051,3.41662],[-75.20065,3.41691],[-75.2007,3.41701],[-75.20072,3.41716],[-75.2007,3.41731],[-75.20058,3.41788],[-75.20054,3.41802],[-75.20052,3.41811],[-75.20053,3.41818],[-75.20055,3.41823],[-75.20066,3.41834],[-75.20077,3.41844],[-75.20089,3.41848]]},"properties":{"NIVEL_PROP":"N3-Terciaria"}},{"type":"Feature","geometry":{"type":"LineString","coordinates":[[-75.01721,3.68918],[-75.01974,3.69096],[-75.01982,3.69103],[-75.0199,3.6911],[-75.01998,3.69118],[-75.02006,3.69127],[-75.02009,3.69131],[-75.02012,3.69136],[-75.02016,3.69143],[-75.0202,3.69151],[-75.02023,3.69158],[-75.02025,3.69162],[-75.02026,3.69166],[-75.02026,3.69172],[-75.02026,3.69177]]},"properties":{"NIVEL_PROP":"N3-Servicio"}},{"type":"Feature","geometry":{"type":"LineString","coordinates":[[-75.10464,3.93557],[-75.10483,3.93565],[-75.10523,3.93573],[-75.10606,3.93583],[-75.10625,3.93592]]},"properties":{"NIVEL_PROP":"N3-Terciaria"}},{"type":"Feature","geometry":{"type":"LineString","coordinates":[[-74.99856,3.75681],[-74.99743,3.7582]]},"properties":{"NIVEL_PROP":"N3-Terciaria"}},{"type":"Feature","geometry":{"type":"LineString","coordinates":[[-75.05255,3.72387],[-75.05247,3.72382],[-75.05242,3.72375],[-75.05236,3.72367],[-75.05203,3.72326],[-75.05196,3.72318],[-75.05193,3.72314],[-75.05186,3.72309],[-75.05176,3.72302],[-75.05166,3.72294],[-75.05152,3.72288],[-75.05141,3.72284],[-75.05132,3.72282],[-75.0512,3.72279],[-75.05113,3.72279],[-75.05104,3.72277],[-75.05064,3.72264],[-75.05058,3.72263],[-75.05047,3.72262],[-75.05039,3.7226],[-75.05031,3.72258],[-75.05014,3.72251],[-75.05008,3.72248],[-75.04999,3.7224]]},"properties":{"NIVEL_PROP":"N3-Servicio"}},{"type":"Feature","geometry":{"type":"LineString","coordinates":[[-75.22192,3.93351],[-75.22169,3.93418]]},"properties":{"NIVEL_PROP":"N3-Terciaria"}},{"type":"Feature","geometry":{"type":"LineString","coordinates":[[-75.1646,3.93565],[-75.16465,3.93537],[-75.16471,3.93525],[-75.16506,3.93486],[-75.16531,3.93456]]},"properties":{"NIVEL_PROP":"N3-Terciaria"}},{"type":"Feature","geometry":{"type":"LineString","coordinates":[[-75.08195,3.71652],[-75.08081,3.71692],[-75.08026,3.71708]]},"properties":{"NIVEL_PROP":"N3-Terciaria"}},{"type":"Feature","geometry":{"type":"LineString","coordinates":[[-75.09662,3.62282],[-75.09612,3.62266],[-75.09598,3.62262],[-75.0958,3.62257]]},"properties":{"NIVEL_PROP":"N2-Secundaria"}},{"type":"Feature","geometry":{"type":"LineString","coordinates":[[-75.60316,4.00936],[-75.6038,4.00989],[-75.60448,4.01043],[-75.60471,4.01061],[-75.6048,4.01068]]},"properties":{"NIVEL_PROP":"N3-Terciaria"}},{"type":"Feature","geometry":{"type":"LineString","coordinates":[[-75.22331,3.93213],[-75.22315,3.93277],[-75.22308,3.93298],[-75.22305,3.93308],[-75.22302,3.93324],[-75.22301,3.93358],[-75.22298,3.93382]]},"properties":{"NIVEL_PROP":"N3-Terciaria"}},{"type":"Feature","geometry":{"type":"LineString","coordinates":[[-75.11715,3.96596],[-75.11747,3.96682],[-75.11766,3.9676],[-75.11777,3.96845],[-75.11765,3.96881],[-75.11735,3.96894],[-75.11709,3.97012]]},"properties":{"NIVEL_PROP":"N3-Terciaria"}},{"type":"Feature","geometry":{"type":"LineString","coordinates":[[-75.03693,3.80217],[-75.0372,3.80133],[-75.0369,3.80101],[-75.03681,3.79977],[-75.0369,3.79904],[-75.03664,3.79825],[-75.03707,3.79761],[-75.03714,3.7963],[-75.03761,3.79596],[-75.03784,3.7954],[-75.03802,3.7945],[-75.03849,3.79337],[-75.03881,3.79229],[-75.03958,3.79107],[-75.03998,3.78915],[-75.04001,3.78739],[-75.0401,3.78578],[-75.0405,3.78323],[-75.04112,3.78137],[-75.04244,3.77924],[-75.04279,3.7788],[-75.04317,3.77808],[-75.04539,3.77465],[-75.04573,3.77419],[-75.04575,3.77406],[-75.04575,3.77394]]},"properties":{"NIVEL_PROP":"N3-Terciaria"}},{"type":"Feature","geometry":{"type":"LineString","coordinates":[[-75.14823,3.89458],[-75.14761,3.89635],[-75.14757,3.89686],[-75.14725,3.89794],[-75.147,3.89885],[-75.14691,3.89972]]},"properties":{"NIVEL_PROP":"N3-Terciaria"}},{"type":"Feature","geometry":{"type":"LineString","coordinates":[[-75.17331,3.84264],[-75.17358,3.84265],[-75.17422,3.84266],[-75.17518,3.84274],[-75.17528,3.84286],[-75.17532,3.84312],[-75.17545,3.84332],[-75.17553,3.84353],[-75.17555,3.84367],[-75.17544,3.84399],[-75.17541,3.84433],[-75.1755,3.84476],[-75.17566,3.84508],[-75.17579,3.84532],[-75.17584,3.84556],[-75.17581,3.84577],[-75.17567,3.84604],[-75.17562,3.84634],[-75.17561,3.84656],[-75.17561,3.84679],[-75.17557,3.84689],[-75.17531,3.84705],[-75.17496,3.8472],[-75.17478,3.84746],[-75.17473,3.84772],[-75.17479,3.84864]]},"properties":{"NIVEL_PROP":"N3-Camino vecinal"}},{"type":"Feature","geometry":{"type":"LineString","coordinates":[[-75.27814,3.95038],[-75.27809,3.95062]]},"properties":{"NIVEL_PROP":"N3-Terciaria"}},{"type":"Feature","geometry":{"type":"LineString","coordinates":[[-75.09096,3.90521],[-75.09103,3.90527],[-75.09116,3.90534],[-75.09155,3.90547],[-75.0916,3.90554],[-75.09148,3.90684],[-75.09097,3.90838],[-75.09097,3.90863],[-75.09101,3.90894],[-75.09128,3.9098],[-75.09135,3.91048],[-75.09132,3.91076],[-75.09135,3.91106],[-75.09159,3.91176]]},"properties":{"NIVEL_PROP":"N3-Terciaria"}},{"type":"Feature","geometry":{"type":"LineString","coordinates":[[-75.09035,3.62167],[-75.09012,3.62234],[-75.09006,3.62253],[-75.08995,3.62285],[-75.08988,3.62308],[-75.08982,3.62327]]},"properties":{"NIVEL_PROP":"N3-Terciaria"}},{"type":"Feature","geometry":{"type":"LineString","coordinates":[[-75.30007,3.81806],[-75.29961,3.81839],[-75.29904,3.81876],[-75.29897,3.81883],[-75.29902,3.81896],[-75.29954,3.81995],[-75.29985,3.82156],[-75.29991,3.82423],[-75.29966,3.82468],[-75.29913,3.82491],[-75.29824,3.82583],[-75.29684,3.82755],[-75.29583,3.82818],[-75.29555,3.82814],[-75.29505,3.82793],[-75.29415,3.82803],[-75.29357,3.82883],[-75.29325,3.82946],[-75.29301,3.82954],[-75.29276,3.8298],[-75.29261,3.83006],[-75.29221,3.83116],[-75.29213,3.83161],[-75.29218,3.83204],[-75.29202,3.83269],[-75.29171,3.83298],[-75.2916,3.8335],[-75.29111,3.83443],[-75.29087,3.83452],[-75.29048,3.8343],[-75.29021,3.83425],[-75.28989,3.83509],[-75.28984,3.83529],[-75.28938,3.8355],[-75.28881,3.83573],[-75.28841,3.83602],[-75.28689,3.83884],[-75.2868,3.83912],[-75.28565,3.84192],[-75.28522,3.84214],[-75.28497,3.84246],[-75.2846,3.84325],[-75.28458,3.84339],[-75.28463,3.84359],[-75.28478,3.84387],[-75.28448,3.84405],[-75.28427,3.84432],[-75.28401,3.84446],[-75.28381,3.84463],[-75.28337,3.84467],[-75.28308,3.84477],[-75.28248,3.84518],[-75.28206,3.84527],[-75.28195,3.84535],[-75.28192,3.84573],[-75.28181,3.84587],[-75.28041,3.84663],[-75.28029,3.84676],[-75.28045,3.84699],[-75.28045,3.84714],[-75.27977,3.84823],[-75.27917,3.84834],[-75.27856,3.84838],[-75.27838,3.84838],[-75.27744,3.8483],[-75.27733,3.84837],[-75.27718,3.84846],[-75.27716,3.84868],[-75.277,3.84875],[-75.27671,3.8487],[-75.27656,3.84881],[-75.27654,3.84892],[-75.27634,3.84933],[-75.27625,3.84945],[-75.27595,3.8497],[-75.27577,3.84983],[-75.2755,3.84983],[-75.27528,3.84989],[-75.27517,3.84995],[-75.27512,3.85018],[-75.27518,3.85037],[-75.27514,3.85062],[-75.27508,3.85067]]},"properties":{"NIVEL_PROP":"N3-Terciaria"}},{"type":"Feature","geometry":{"type":"LineString","coordinates":[[-75.13999,3.46242],[-75.13971,3.46208],[-75.1396,3.46191],[-75.13953,3.46176],[-75.13951,3.46166],[-75.13945,3.46142],[-75.13941,3.46122],[-75.13941,3.46105],[-75.13941,3.46091],[-75.13946,3.46077],[-75.13952,3.46064],[-75.13965,3.46039],[-75.13974,3.46026],[-75.13982,3.46015],[-75.13994,3.46004],[-75.14017,3.45989],[-75.14054,3.45966],[-75.14095,3.45945],[-75.1412,3.45929],[-75.14145,3.45916],[-75.14187,3.45895],[-75.14205,3.45887],[-75.14227,3.45874],[-75.14244,3.45861],[-75.14261,3.45847],[-75.14264,3.45844],[-75.1429,3.45807],[-75.14311,3.45775],[-75.14319,3.45762],[-75.14328,3.45745],[-75.14335,3.4573],[-75.14341,3.45715],[-75.14354,3.4567],[-75.14366,3.45642],[-75.14377,3.45619],[-75.1439,3.45598],[-75.14413,3.45554],[-75.14422,3.45537],[-75.14427,3.45523],[-75.14428,3.45509],[-75.14432,3.45498],[-75.14442,3.45479],[-75.14448,3.45469],[-75.14452,3.45459],[-75.14451,3.45449],[-75.14448,3.45436],[-75.14439,3.45419],[-75.14433,3.45407],[-75.14424,3.45392],[-75.14416,3.45381],[-75.14413,3.45365],[-75.14413,3.45347],[-75.14411,3.45336],[-75.14407,3.45324],[-75.14398,3.45306],[-75.14382,3.45279],[-75.14359,3.45243],[-75.14345,3.45215],[-75.14329,3.45185],[-75.14317,3.45151],[-75.14312,3.45132],[-75.14309,3.45116],[-75.14298,3.45098],[-75.14284,3.45079],[-75.14271,3.45059],[-75.14259,3.45042],[-75.1424,3.45027],[-75.1422,3.45013],[-75.14183,3.44982],[-75.14134,3.44954],[-75.14127,3.44946],[-75.14124,3.44936],[-75.14124,3.44921],[-75.14125,3.44905],[-75.14121,3.44876],[-75.1411,3.44829],[-75.14108,3.44812],[-75.14109,3.44797],[-75.14111,3.44783],[-75.14117,3.44773],[-75.14125,3.44758],[-75.14127,3.4475],[-75.14132,3.44738],[-75.14135,3.44718],[-75.14138,3.44703],[-75.14137,3.44692],[-75.14133,3.44679],[-75.14123,3.44659],[-75.141,3.4463],[-75.14068,3.44596],[-75.14052,3.44566],[-75.14043,3.44557],[-75.14034,3.4455],[-75.14012,3.44542],[-75.1398,3.44536],[-75.1396,3.4453],[-75.13933,3.4452],[-75.13916,3.44513],[-75.13906,3.4451],[-75.1389,3.44508],[-75.13879,3.44512],[-75.1387,3.44513],[-75.13859,3.44511],[-75.13824,3.44499],[-75.13818,3.44495],[-75.13806,3.44489],[-75.13793,3.44486],[-75.13782,3.44487],[-75.13772,3.44485],[-75.13758,3.44482],[-75.13746,3.44479],[-75.13736,3.44476],[-75.13729,3.44472],[-75.13721,3.44466],[-75.13713,3.44459],[-75.13708,3.44453],[-75.13645,3.44395],[-75.13572,3.44334],[-75.13538,3.44295],[-75.13482,3.44244],[-75.13436,3.44214],[-75.13411,3.4419],[-75.13316,3.44031],[-75.13302,3.44011],[-75.1329,3.43991],[-75.13276,3.43974],[-75.1327,3.43956],[-75.13254,3.43876],[-75.13241,3.43857],[-75.13208,3.43836],[-75.13176,3.43818],[-75.13116,3.43782],[-75.13096,3.43772],[-75.13058,3.43765],[-75.13031,3.43761],[-75.13015,3.43756],[-75.13008,3.43755],[-75.13005,3.43754],[-75.13002,3.43751],[-75.13001,3.43746]]},"properties":{"NIVEL_PROP":"N2-Secundaria"}},{"type":"Feature","geometry":{"type":"LineString","coordinates":[[-75.0623,3.8184],[-75.06209,3.81912],[-75.06209,3.81914],[-75.06202,3.81939]]},"properties":{"NIVEL_PROP":"N3-Terciaria"}},{"type":"Feature","geometry":{"type":"LineString","coordinates":[[-75.13262,3.43267],[-75.13285,3.43258],[-75.13299,3.43247],[-75.13308,3.43218],[-75.13314,3.43202]]},"properties":{"NIVEL_PROP":"N3-Terciaria"}},{"type":"Feature","geometry":{"type":"LineString","coordinates":[[-75.05575,3.76306],[-75.05541,3.76351],[-75.05515,3.76389],[-75.05506,3.76401],[-75.05494,3.76414],[-75.05486,3.76426],[-75.0548,3.76443],[-75.05477,3.76454],[-75.05473,3.76469],[-75.05471,3.7648],[-75.0547,3.76495],[-75.05471,3.76514],[-75.05473,3.76538],[-75.05477,3.76564],[-75.0548,3.76581],[-75.05483,3.76592],[-75.05487,3.76607],[-75.05493,3.7662],[-75.05509,3.76652],[-75.05515,3.76668],[-75.05518,3.76682],[-75.0552,3.76694],[-75.05518,3.76709],[-75.05514,3.76724],[-75.05514,3.76733],[-75.05513,3.76744],[-75.05513,3.76753],[-75.05513,3.76764],[-75.05514,3.7678],[-75.05516,3.76797],[-75.05514,3.7681],[-75.05511,3.7682],[-75.05508,3.76837],[-75.05506,3.76853],[-75.05505,3.76908],[-75.05502,3.76925],[-75.05491,3.76959],[-75.05483,3.76977],[-75.05476,3.7699],[-75.05472,3.77002],[-75.05472,3.7701],[-75.05477,3.77028],[-75.05479,3.77036],[-75.05483,3.77046],[-75.05491,3.77062],[-75.05498,3.77075],[-75.05503,3.77091],[-75.05506,3.77104],[-75.05508,3.77116],[-75.05507,3.77128],[-75.05502,3.77144],[-75.055,3.77164],[-75.05501,3.77175],[-75.05505,3.77191],[-75.05506,3.77201],[-75.05506,3.77212],[-75.05505,3.77224],[-75.05499,3.7724],[-75.05496,3.77256],[-75.05491,3.77292],[-75.05485,3.77339],[-75.05476,3.77413],[-75.05479,3.77434]]},"properties":{"NIVEL_PROP":"N3-Terciaria"}},{"type":"Feature","geometry":{"type":"LineString","coordinates":[[-75.22461,3.78427],[-75.22414,3.78414],[-75.22377,3.78402],[-75.22362,3.78397],[-75.22347,3.7839],[-75.22336,3.78385],[-75.22326,3.78379],[-75.22315,3.78372],[-75.22304,3.78366]]},"properties":{"NIVEL_PROP":"N3-Servicio"}},{"type":"Feature","geometry":{"type":"LineString","coordinates":[[-75.19142,3.79726],[-75.1918,3.79716],[-75.19218,3.79702]]},"properties":{"NIVEL_PROP":"N2-Secundaria"}},{"type":"Feature","geometry":{"type":"LineString","coordinates":[[-75.17185,3.76792],[-75.17198,3.76817],[-75.17204,3.76826],[-75.17225,3.76836],[-75.17245,3.76844],[-75.17263,3.76851],[-75.17273,3.76861],[-75.17278,3.76882],[-75.17275,3.76915],[-75.17273,3.76934],[-75.17264,3.76954],[-75.17261,3.76967],[-75.17266,3.76985],[-75.17271,3.77012],[-75.1727,3.77037],[-75.17262,3.7707],[-75.17256,3.77091],[-75.17241,3.77109],[-75.17229,3.77124],[-75.17226,3.77136]]},"properties":{"NIVEL_PROP":"N3-Camino vecinal"}},{"type":"Feature","geometry":{"type":"LineString","coordinates":[[-75.19443,3.80081],[-75.19429,3.80074],[-75.19373,3.80067]]},"properties":{"NIVEL_PROP":"N3-Terciaria"}},{"type":"Feature","geometry":{"type":"LineString","coordinates":[[-75.09888,3.5761],[-75.09899,3.57714],[-75.09904,3.57759],[-75.09921,3.57805],[-75.09954,3.57963],[-75.09963,3.58006],[-75.09968,3.58033],[-75.09985,3.5808],[-75.09998,3.58108],[-75.10015,3.58137],[-75.10023,3.58154],[-75.10029,3.58168],[-75.10033,3.58185],[-75.10034,3.58212],[-75.10037,3.58246],[-75.10044,3.5831],[-75.10049,3.58333],[-75.10054,3.58345],[-75.10063,3.58365],[-75.10105,3.58489]]},"properties":{"NIVEL_PROP":"N3-Terciaria"}},{"type":"Feature","geometry":{"type":"LineString","coordinates":[[-75.33799,3.8211],[-75.3378,3.82131],[-75.33728,3.82118],[-75.33588,3.82091],[-75.33527,3.82079],[-75.33438,3.82075],[-75.3332,3.82094],[-75.33312,3.82095],[-75.33284,3.821],[-75.33231,3.82116],[-75.33102,3.82167],[-75.32987,3.82174],[-75.32883,3.82181],[-75.3286,3.82181]]},"properties":{"NIVEL_PROP":"N3-Terciaria"}},{"type":"Feature","geometry":{"type":"LineString","coordinates":[[-75.10689,3.86554],[-75.10709,3.86563],[-75.10715,3.86567],[-75.10718,3.86569],[-75.10726,3.86575],[-75.10729,3.86578],[-75.10731,3.8658],[-75.10733,3.86586],[-75.10733,3.86587],[-75.10733,3.86592],[-75.10733,3.86593],[-75.10733,3.86593],[-75.10733,3.86593],[-75.10735,3.86594]]},"properties":{"NIVEL_PROP":"N3-Servicio"}},{"type":"Feature","geometry":{"type":"LineString","coordinates":[[-75.19458,3.79373],[-75.19422,3.79363],[-75.19386,3.79356],[-75.19342,3.79351]]},"properties":{"NIVEL_PROP":"N3-Terciaria"}},{"type":"Feature","geometry":{"type":"LineString","coordinates":[[-75.05209,3.8368],[-75.05138,3.83708],[-75.05069,3.83741],[-75.0504,3.83768],[-75.05024,3.83792],[-75.05023,3.83795],[-75.05024,3.83799],[-75.05025,3.83801]]},"properties":{"NIVEL_PROP":"N3-Terciaria"}},{"type":"Feature","geometry":{"type":"LineString","coordinates":[[-75.07823,3.5987],[-75.07795,3.5986],[-75.07759,3.59845],[-75.07735,3.59826],[-75.07715,3.59811],[-75.07694,3.59799],[-75.07677,3.59784],[-75.0765,3.59767],[-75.07633,3.5975],[-75.07609,3.59726],[-75.07579,3.59699],[-75.07556,3.59682],[-75.07496,3.59647],[-75.0748,3.5964],[-75.07465,3.59637],[-75.07443,3.59635],[-75.07411,3.59629],[-75.07391,3.59625],[-75.07381,3.59625],[-75.07318,3.59633],[-75.07309,3.59632],[-75.07301,3.59623],[-75.07286,3.59596],[-75.07261,3.59571],[-75.07209,3.59529],[-75.0707,3.59432],[-75.07021,3.59395],[-75.06994,3.5938],[-75.06967,3.59356],[-75.06838,3.59255],[-75.06804,3.59233],[-75.06795,3.59225],[-75.06789,3.59213],[-75.0671,3.59052],[-75.06708,3.59049],[-75.06683,3.59023],[-75.06656,3.58999],[-75.0663,3.58971],[-75.06606,3.58952],[-75.06583,3.58923],[-75.06561,3.58908],[-75.06556,3.58905],[-75.06524,3.58877],[-75.06487,3.58844],[-75.06408,3.58773],[-75.06362,3.58729],[-75.06352,3.58722],[-75.06341,3.58717],[-75.06324,3.58708],[-75.06262,3.58674],[-75.06185,3.5863],[-75.06121,3.58596],[-75.06084,3.58578],[-75.0605,3.58557],[-75.06039,3.58551],[-75.06028,3.58543],[-75.06018,3.58535],[-75.06009,3.58526],[-75.05998,3.58518],[-75.05986,3.58508],[-75.05893,3.58435],[-75.05827,3.58382],[-75.05719,3.58293],[-75.05666,3.58255],[-75.05576,3.58197],[-75.05514,3.58156],[-75.05489,3.58134],[-75.05472,3.58114],[-75.05442,3.58096],[-75.05375,3.58063],[-75.05317,3.58027],[-75.05273,3.58003],[-75.0524,3.57986],[-75.05165,3.57968],[-75.05093,3.5795],[-75.05016,3.57922],[-75.04956,3.57899],[-75.04922,3.57889],[-75.04881,3.57871],[-75.04861,3.57866],[-75.04783,3.57861],[-75.04737,3.5786],[-75.04701,3.57852],[-75.04638,3.57839],[-75.04602,3.57832],[-75.04566,3.57826],[-75.04507,3.5781],[-75.04468,3.57796],[-75.04419,3.57786],[-75.04365,3.57778],[-75.04314,3.57777],[-75.04263,3.57767],[-75.04203,3.57761],[-75.04168,3.57752],[-75.04087,3.57744],[-75.04064,3.57737],[-75.04039,3.57724],[-75.03993,3.57711],[-75.0394,3.57691],[-75.03879,3.5767],[-75.03824,3.57647],[-75.03778,3.57625],[-75.03756,3.57621],[-75.03737,3.57629],[-75.03714,3.57657],[-75.03687,3.57694],[-75.03651,3.57753],[-75.03522,3.57925],[-75.03423,3.58021],[-75.03361,3.58067],[-75.0328,3.58166],[-75.03134,3.58363],[-75.03066,3.5846],[-75.02976,3.58581],[-75.02956,3.5859],[-75.02909,3.58654],[-75.02854,3.58755],[-75.02806,3.5881],[-75.02744,3.58867],[-75.02632,3.58985],[-75.02585,3.59042],[-75.02566,3.59069],[-75.02562,3.59102],[-75.02542,3.59175],[-75.02499,3.59303],[-75.02462,3.59417],[-75.02452,3.59492],[-75.02416,3.59605]]},"properties":{"NIVEL_PROP":"N3-Terciaria"}},{"type":"Feature","geometry":{"type":"LineString","coordinates":[[-75.02153,3.69256],[-75.02193,3.69198],[-75.02243,3.69126],[-75.02268,3.69093],[-75.02275,3.69084]]},"properties":{"NIVEL_PROP":"N3-Terciaria"}},{"type":"Feature","geometry":{"type":"LineString","coordinates":[[-75.09601,3.62177],[-75.09613,3.62127],[-75.09626,3.62084],[-75.09647,3.62015],[-75.09682,3.61905],[-75.09702,3.61823],[-75.09727,3.61755]]},"properties":{"NIVEL_PROP":"N3-Terciaria"}},{"type":"Feature","geometry":{"type":"LineString","coordinates":[[-75.26553,3.73134],[-75.26564,3.73147],[-75.26581,3.73156],[-75.26585,3.73167],[-75.26573,3.73188],[-75.26554,3.73215]]},"properties":{"NIVEL_PROP":"N3-Camino vecinal"}},{"type":"Feature","geometry":{"type":"LineString","coordinates":[[-75.10589,3.73222],[-75.10594,3.73215],[-75.10595,3.73214],[-75.10596,3.73213],[-75.10605,3.73211],[-75.10606,3.7321],[-75.10608,3.73208],[-75.10617,3.73191],[-75.10627,3.73175],[-75.10631,3.73168],[-75.10645,3.73146],[-75.10646,3.73145],[-75.10646,3.73145],[-75.10646,3.73144],[-75.10642,3.73138]]},"properties":{"NIVEL_PROP":"N3-Servicio"}},{"type":"Feature","geometry":{"type":"LineString","coordinates":[[-75.04955,3.69474],[-75.04988,3.69506],[-75.05053,3.69602],[-75.05073,3.69627],[-75.0509,3.6965],[-75.05095,3.69661],[-75.05103,3.69697],[-75.0511,3.69716],[-75.05132,3.69755],[-75.05143,3.69766],[-75.05152,3.6977],[-75.05265,3.69802],[-75.05278,3.69805],[-75.05289,3.69805],[-75.0531,3.69799],[-75.05321,3.698],[-75.05329,3.69801],[-75.05337,3.69805],[-75.05366,3.69822],[-75.05375,3.69824],[-75.05497,3.69851],[-75.05512,3.69853],[-75.05518,3.6985],[-75.05521,3.69845],[-75.05548,3.69801],[-75.05552,3.69795],[-75.05557,3.69794],[-75.05562,3.69795],[-75.0557,3.69798],[-75.05576,3.69799],[-75.0558,3.698],[-75.05585,3.69798],[-75.05633,3.69761],[-75.05651,3.69738],[-75.05673,3.69715],[-75.05681,3.69709],[-75.05688,3.69706],[-75.05694,3.69705],[-75.05703,3.69706],[-75.05713,3.69708],[-75.05727,3.69712],[-75.05734,3.69716],[-75.05748,3.69723],[-75.05751,3.69724],[-75.05756,3.69725],[-75.0576,3.69726],[-75.05764,3.69725],[-75.05768,3.69724],[-75.05772,3.69723],[-75.05833,3.69685],[-75.05839,3.69676],[-75.05838,3.69669],[-75.05832,3.69663],[-75.05753,3.69629],[-75.05745,3.69623],[-75.05744,3.69613],[-75.05744,3.69604],[-75.05755,3.69525]]},"properties":{"NIVEL_PROP":"N3-Terciaria"}},{"type":"Feature","geometry":{"type":"LineString","coordinates":[[-75.18299,3.98901],[-75.18311,3.98926]]},"properties":{"NIVEL_PROP":"N3-Terciaria"}},{"type":"Feature","geometry":{"type":"LineString","coordinates":[[-75.1706,3.91233],[-75.17058,3.91247],[-75.1701,3.91268],[-75.16996,3.9128],[-75.16952,3.91293],[-75.1691,3.91324],[-75.1686,3.91341],[-75.1681,3.91378]]},"properties":{"NIVEL_PROP":"N3-Terciaria"}},{"type":"Feature","geometry":{"type":"LineString","coordinates":[[-75.05736,3.67506],[-75.05753,3.67597],[-75.05756,3.67622],[-75.05756,3.67646],[-75.05753,3.67662],[-75.05735,3.67726]]},"properties":{"NIVEL_PROP":"N3-Terciaria"}},{"type":"Feature","geometry":{"type":"LineString","coordinates":[[-75.09173,3.62143],[-75.09144,3.62142],[-75.0908,3.62137]]},"properties":{"NIVEL_PROP":"N3-Terciaria"}},{"type":"Feature","geometry":{"type":"LineString","coordinates":[[-75.06863,3.66396],[-75.06488,3.67028]]},"properties":{"NIVEL_PROP":"N3-Camino vecinal"}},{"type":"Feature","geometry":{"type":"LineString","coordinates":[[-75.17536,3.91672],[-75.17549,3.91733]]},"properties":{"NIVEL_PROP":"N3-Terciaria"}},{"type":"Feature","geometry":{"type":"LineString","coordinates":[[-75.18144,3.99072],[-75.18211,3.99108]]},"properties":{"NIVEL_PROP":"N3-Terciaria"}},{"type":"Feature","geometry":{"type":"LineString","coordinates":[[-75.19044,3.40146],[-75.19036,3.40163],[-75.19014,3.40214],[-75.19006,3.40235],[-75.18984,3.40304],[-75.18978,3.40332],[-75.18975,3.40354],[-75.18961,3.40402],[-75.18944,3.40457],[-75.18921,3.40559]]},"properties":{"NIVEL_PROP":"N3-Terciaria"}},{"type":"Feature","geometry":{"type":"LineString","coordinates":[[-75.06525,3.72967],[-75.0649,3.72954],[-75.06461,3.72942],[-75.06429,3.72934],[-75.06404,3.72926],[-75.06394,3.72919],[-75.06388,3.72912],[-75.06383,3.729],[-75.06381,3.72893],[-75.06379,3.72883],[-75.06375,3.72873],[-75.06375,3.72865],[-75.06376,3.72858],[-75.06379,3.72853],[-75.06384,3.72849],[-75.06391,3.72842],[-75.06405,3.72828],[-75.06408,3.72812],[-75.06414,3.728],[-75.06423,3.7279],[-75.06433,3.72778],[-75.06442,3.72764],[-75.06446,3.72749],[-75.06446,3.72715],[-75.06451,3.72684],[-75.06456,3.72668],[-75.06467,3.72653],[-75.06484,3.72626],[-75.06506,3.7257],[-75.06523,3.72523],[-75.06584,3.72418],[-75.06645,3.72327]]},"properties":{"NIVEL_PROP":"N3-Camino vecinal"}},{"type":"Feature","geometry":{"type":"LineString","coordinates":[[-75.14984,3.74297],[-75.14994,3.74301],[-75.15004,3.74317],[-75.15007,3.74336],[-75.15002,3.74387]]},"properties":{"NIVEL_PROP":"N3-Terciaria"}},{"type":"Feature","geometry":{"type":"LineString","coordinates":[[-75.02229,3.6931],[-75.02269,3.69271],[-75.02329,3.6921],[-75.02377,3.6916]]},"properties":{"NIVEL_PROP":"N3-Terciaria"}},{"type":"Feature","geometry":{"type":"LineString","coordinates":[[-75.09401,3.96811],[-75.09412,3.96855],[-75.09423,3.96885],[-75.09442,3.96916],[-75.09463,3.9695],[-75.09485,3.96981]]},"properties":{"NIVEL_PROP":"N3-Servicio"}},{"type":"Feature","geometry":{"type":"LineString","coordinates":[[-75.10343,3.53129],[-75.1034,3.53146],[-75.10335,3.53173]]},"properties":{"NIVEL_PROP":"N3-Terciaria"}},{"type":"Feature","geometry":{"type":"LineString","coordinates":[[-75.22175,3.93547],[-75.22146,3.93581],[-75.22129,3.93598]]},"properties":{"NIVEL_PROP":"N3-Terciaria"}},{"type":"Feature","geometry":{"type":"LineString","coordinates":[[-75.01319,3.71657],[-75.01329,3.7163],[-75.01347,3.71599],[-75.01347,3.71595]]},"properties":{"NIVEL_PROP":"N3-Terciaria"}},{"type":"Feature","geometry":{"type":"LineString","coordinates":[[-75.11779,3.98015],[-75.11765,3.98103],[-75.11752,3.98208],[-75.11745,3.98276],[-75.11755,3.98284],[-75.11787,3.98288],[-75.11814,3.98305],[-75.11835,3.98329],[-75.11846,3.98357],[-75.11858,3.98385],[-75.1187,3.98397],[-75.11897,3.98421],[-75.11906,3.98442],[-75.1193,3.98463],[-75.11952,3.98473],[-75.11974,3.98474],[-75.11981,3.98478],[-75.11995,3.98489],[-75.12017,3.98506],[-75.12034,3.98513],[-75.12054,3.98514],[-75.12071,3.98513],[-75.12082,3.98519],[-75.12117,3.98566],[-75.12125,3.98579],[-75.12134,3.98585],[-75.12149,3.98582],[-75.12148,3.98575],[-75.12152,3.98567],[-75.12159,3.98566],[-75.12169,3.9857],[-75.12177,3.98576],[-75.12184,3.98577],[-75.12192,3.98578],[-75.12199,3.98593],[-75.12206,3.98607],[-75.12213,3.98614]]},"properties":{"NIVEL_PROP":"N3-Camino vecinal"}},{"type":"Feature","geometry":{"type":"LineString","coordinates":[[-75.22377,3.93182],[-75.22367,3.93222],[-75.22357,3.93276]]},"properties":{"NIVEL_PROP":"N3-Terciaria"}},{"type":"Feature","geometry":{"type":"LineString","coordinates":[[-75.19141,3.79533],[-75.1923,3.79571]]},"properties":{"NIVEL_PROP":"N3-Terciaria"}},{"type":"Feature","geometry":{"type":"LineString","coordinates":[[-75.19487,3.79523],[-75.19466,3.79585],[-75.19459,3.79603],[-75.19428,3.79695],[-75.19394,3.79772],[-75.19373,3.79824],[-75.19354,3.79875],[-75.19347,3.79891]]},"properties":{"NIVEL_PROP":"N3-Terciaria"}},{"type":"Feature","geometry":{"type":"LineString","coordinates":[[-75.14129,3.7567],[-75.14188,3.75718],[-75.1423,3.7574],[-75.14275,3.75755],[-75.14307,3.75772],[-75.14325,3.7579],[-75.14343,3.75842],[-75.14365,3.75876],[-75.14433,3.75945],[-75.14449,3.75962],[-75.1448,3.75986],[-75.14499,3.76025]]},"properties":{"NIVEL_PROP":"N3-Camino vecinal"}},{"type":"Feature","geometry":{"type":"LineString","coordinates":[[-75.0643,3.8191],[-75.06404,3.81995],[-75.06385,3.82058],[-75.06372,3.82103]]},"properties":{"NIVEL_PROP":"N3-Terciaria"}},{"type":"Feature","geometry":{"type":"LineString","coordinates":[[-75.06989,3.80663],[-75.07015,3.80461]]},"properties":{"NIVEL_PROP":"N3-Terciaria"}},{"type":"Feature","geometry":{"type":"LineString","coordinates":[[-75.22052,3.93622],[-75.22035,3.93602]]},"properties":{"NIVEL_PROP":"Sendero"}},{"type":"Feature","geometry":{"type":"LineString","coordinates":[[-75.22219,3.9303],[-75.22229,3.92975]]},"properties":{"NIVEL_PROP":"Sendero"}},{"type":"Feature","geometry":{"type":"LineString","coordinates":[[-75.17338,3.69163],[-75.17293,3.69089],[-75.17244,3.69041],[-75.17223,3.68994],[-75.17205,3.6892],[-75.17195,3.68881]]},"properties":{"NIVEL_PROP":"N3-Terciaria"}},{"type":"Feature","geometry":{"type":"LineString","coordinates":[[-75.12276,3.90077],[-75.12173,3.90294],[-75.12165,3.90307],[-75.12147,3.90322],[-75.1213,3.90336],[-75.12104,3.90357],[-75.12091,3.90369],[-75.12061,3.9039],[-75.12036,3.90407],[-75.1201,3.90425],[-75.11983,3.90446],[-75.11972,3.90458],[-75.11958,3.90469],[-75.11916,3.90494],[-75.1189,3.90512],[-75.11881,3.90526],[-75.11883,3.90551],[-75.11873,3.9058],[-75.11871,3.90598],[-75.11864,3.90616],[-75.11859,3.90635],[-75.11866,3.90652],[-75.11875,3.90653],[-75.11896,3.90669],[-75.11902,3.9068],[-75.11909,3.90689],[-75.11928,3.90703],[-75.11933,3.90716],[-75.11945,3.90738]]},"properties":{"NIVEL_PROP":"N3-Terciaria"}},{"type":"Feature","geometry":{"type":"LineString","coordinates":[[-75.12218,3.50503],[-75.12215,3.50488],[-75.1221,3.5048],[-75.12197,3.50469],[-75.12194,3.50466],[-75.12196,3.50462],[-75.1221,3.5045]]},"properties":{"NIVEL_PROP":"N3-Camino vecinal"}},{"type":"Feature","geometry":{"type":"LineString","coordinates":[[-75.15005,3.48886],[-75.14954,3.48867],[-75.14819,3.48834],[-75.14786,3.4883],[-75.14727,3.48835],[-75.14703,3.48837],[-75.14619,3.48863],[-75.14556,3.48894],[-75.14531,3.48896],[-75.1452,3.48901],[-75.14499,3.4892],[-75.14481,3.48927],[-75.14462,3.48928],[-75.14369,3.48917],[-75.1433,3.48919],[-75.14252,3.48898],[-75.14221,3.4889],[-75.14189,3.48952]]},"properties":{"NIVEL_PROP":"N3-Terciaria"}},{"type":"Feature","geometry":{"type":"LineString","coordinates":[[-75.09273,3.62687],[-75.09238,3.62676],[-75.09201,3.62665]]},"properties":{"NIVEL_PROP":"N3-Terciaria"}},{"type":"Feature","geometry":{"type":"LineString","coordinates":[[-75.10004,3.95816],[-75.10026,3.95813],[-75.10036,3.95816],[-75.10086,3.95851],[-75.10132,3.95876],[-75.10188,3.95908],[-75.1022,3.95918],[-75.1026,3.95926],[-75.1031,3.95949],[-75.10362,3.95959],[-75.10409,3.95965],[-75.10517,3.9604],[-75.10587,3.96093],[-75.10604,3.96118],[-75.10631,3.96162],[-75.10666,3.962],[-75.10694,3.96221],[-75.10732,3.96256],[-75.10759,3.96266],[-75.10795,3.96287],[-75.10817,3.96301],[-75.10869,3.96332],[-75.10894,3.96371],[-75.10926,3.96405],[-75.10944,3.96421],[-75.10965,3.96482],[-75.10983,3.96533],[-75.10996,3.96562],[-75.10992,3.96613],[-75.10992,3.9669],[-75.1099,3.9672],[-75.11012,3.96821],[-75.11016,3.96839],[-75.10986,3.9688],[-75.10964,3.9692]]},"properties":{"NIVEL_PROP":"N3-Terciaria"}},{"type":"Feature","geometry":{"type":"LineString","coordinates":[[-75.1245,3.70653],[-75.12443,3.70671],[-75.12403,3.70786],[-75.124,3.70798],[-75.12402,3.70811],[-75.12626,3.71064],[-75.12713,3.71157],[-75.12732,3.71177],[-75.1284,3.71283],[-75.12872,3.71303],[-75.13357,3.71455],[-75.13414,3.71493],[-75.13433,3.71503],[-75.13455,3.71515],[-75.13469,3.71533],[-75.13477,3.71628],[-75.13486,3.7164],[-75.13495,3.71647],[-75.13531,3.71664],[-75.13593,3.71715],[-75.13632,3.71742],[-75.13649,3.7176],[-75.13697,3.71781],[-75.13776,3.718],[-75.13803,3.71804],[-75.13814,3.71804],[-75.13827,3.71802],[-75.13846,3.71793],[-75.13864,3.71788],[-75.13881,3.71784],[-75.13926,3.71784],[-75.13965,3.71786],[-75.14076,3.71791],[-75.14127,3.71774],[-75.14139,3.71764],[-75.14157,3.71723],[-75.14197,3.71689],[-75.14303,3.716],[-75.14366,3.71487],[-75.14387,3.71463],[-75.1443,3.71378],[-75.14441,3.7132],[-75.14458,3.71268],[-75.14461,3.71231],[-75.14446,3.71195],[-75.14372,3.71101],[-75.1427,3.70911],[-75.14207,3.70727],[-75.14197,3.70654],[-75.14171,3.7058],[-75.14171,3.70533],[-75.14151,3.70484],[-75.14157,3.70405],[-75.14297,3.70307],[-75.1433,3.70263],[-75.1436,3.70218],[-75.14396,3.70187],[-75.14449,3.70156],[-75.14479,3.7011],[-75.14511,3.70091],[-75.14568,3.70036],[-75.14582,3.70018],[-75.14597,3.69968],[-75.14649,3.69925],[-75.14839,3.69729],[-75.15011,3.69686],[-75.15068,3.69691],[-75.15104,3.69716],[-75.15198,3.69736],[-75.15229,3.69736],[-75.1525,3.69746],[-75.15281,3.69746],[-75.1534,3.69761],[-75.15415,3.6977],[-75.15434,3.69797],[-75.15465,3.69807],[-75.15503,3.69808],[-75.15574,3.69793],[-75.15656,3.69776],[-75.15755,3.69828],[-75.15794,3.69868],[-75.15845,3.69883],[-75.15894,3.69931],[-75.15932,3.69967],[-75.1601,3.70012],[-75.16053,3.7001],[-75.16109,3.69992],[-75.16165,3.69978],[-75.16229,3.69973],[-75.16259,3.69989],[-75.16299,3.70034],[-75.16314,3.70038],[-75.16371,3.7004],[-75.16414,3.7002],[-75.16469,3.69981]]},"properties":{"NIVEL_PROP":"N3-Terciaria"}},{"type":"Feature","geometry":{"type":"LineString","coordinates":[[-75.22247,3.93151],[-75.22269,3.93156],[-75.223,3.93165]]},"properties":{"NIVEL_PROP":"N3-Terciaria"}},{"type":"Feature","geometry":{"type":"LineString","coordinates":[[-75.10481,3.65593],[-75.10475,3.65595]]},"properties":{"NIVEL_PROP":"N3-Terciaria"}},{"type":"Feature","geometry":{"type":"LineString","coordinates":[[-75.22048,3.93492],[-75.22013,3.93486],[-75.21981,3.93478],[-75.21924,3.93461],[-75.21898,3.93455],[-75.21854,3.93445],[-75.21818,3.9344],[-75.21777,3.93433],[-75.21757,3.9343]]},"properties":{"NIVEL_PROP":"N3-Terciaria"}},{"type":"Feature","geometry":{"type":"LineString","coordinates":[[-75.15006,3.74184],[-75.14996,3.74257],[-75.14984,3.74297],[-75.14903,3.74311],[-75.14899,3.74323],[-75.14906,3.74369],[-75.14906,3.74401],[-75.1491,3.74559],[-75.14911,3.74576]]},"properties":{"NIVEL_PROP":"N3-Terciaria"}},{"type":"Feature","geometry":{"type":"LineString","coordinates":[[-75.10361,3.52802],[-75.10407,3.52817],[-75.10434,3.52824],[-75.10455,3.52832],[-75.10484,3.52839],[-75.10509,3.52845],[-75.10522,3.52848],[-75.10556,3.52861]]},"properties":{"NIVEL_PROP":"N3-Terciaria"}},{"type":"Feature","geometry":{"type":"LineString","coordinates":[[-75.02559,3.73632],[-75.02578,3.73602],[-75.02607,3.73579],[-75.02611,3.73574],[-75.02614,3.73564],[-75.02626,3.73316],[-75.02633,3.73271],[-75.02653,3.73227],[-75.02683,3.73179],[-75.0269,3.73165],[-75.02711,3.73043],[-75.02732,3.73006],[-75.02749,3.72993],[-75.02776,3.72982],[-75.02828,3.72971],[-75.02835,3.72963],[-75.02845,3.72948],[-75.02863,3.72895],[-75.02872,3.72868],[-75.02873,3.72835],[-75.02881,3.72823],[-75.02926,3.72755],[-75.02938,3.7273],[-75.02956,3.72699],[-75.02958,3.72673],[-75.02961,3.72639],[-75.02966,3.7256],[-75.03004,3.72346],[-75.03028,3.72201],[-75.03039,3.72131],[-75.03048,3.72087],[-75.0307,3.72015],[-75.03081,3.71961],[-75.031,3.71899],[-75.03119,3.71808],[-75.03119,3.71712],[-75.03128,3.71609],[-75.03123,3.71504],[-75.0312,3.71457],[-75.03122,3.71422],[-75.03132,3.71392],[-75.03145,3.71369],[-75.03165,3.71328],[-75.03204,3.71264],[-75.03216,3.7118],[-75.03239,3.71065],[-75.03223,3.71027],[-75.03199,3.70978],[-75.03194,3.70949],[-75.03192,3.70909],[-75.03195,3.70887],[-75.03206,3.7086],[-75.03238,3.70815],[-75.03246,3.70798],[-75.03247,3.70779]]},"properties":{"NIVEL_PROP":"N3-Terciaria"}},{"type":"Feature","geometry":{"type":"LineString","coordinates":[[-75.09991,3.53423],[-75.09877,3.53412],[-75.09804,3.5338]]},"properties":{"NIVEL_PROP":"N3-Terciaria"}},{"type":"Feature","geometry":{"type":"LineString","coordinates":[[-75.09237,3.6375],[-75.09255,3.63674],[-75.09406,3.63157],[-75.09419,3.63112],[-75.09446,3.63017],[-75.09467,3.62955],[-75.09471,3.62941],[-75.09477,3.6292],[-75.09488,3.62882],[-75.09498,3.62845],[-75.09503,3.62829],[-75.09508,3.6281],[-75.09513,3.62795],[-75.09539,3.62704],[-75.0955,3.62665],[-75.09572,3.62588],[-75.09593,3.62513],[-75.09616,3.62435],[-75.09635,3.62363]]},"properties":{"NIVEL_PROP":"N2-Secundaria"}},{"type":"Feature","geometry":{"type":"LineString","coordinates":[[-75.24029,3.88883],[-75.24018,3.88849],[-75.24003,3.88808],[-75.24,3.88789],[-75.24003,3.88765]]},"properties":{"NIVEL_PROP":"N3-Terciaria"}},{"type":"Feature","geometry":{"type":"LineString","coordinates":[[-75.09069,3.64323],[-75.08735,3.64253]]},"properties":{"NIVEL_PROP":"N3-Terciaria"}},{"type":"Feature","geometry":{"type":"LineString","coordinates":[[-75.22247,3.93151],[-75.22241,3.93178],[-75.22222,3.93255],[-75.22214,3.93292]]},"properties":{"NIVEL_PROP":"N3-Terciaria"}},{"type":"Feature","geometry":{"type":"LineString","coordinates":[[-75.09028,3.62987],[-75.09021,3.62996],[-75.09013,3.63],[-75.09003,3.63],[-75.08933,3.62988]]},"properties":{"NIVEL_PROP":"N3-Terciaria"}},{"type":"Feature","geometry":{"type":"LineString","coordinates":[[-74.99888,3.7295],[-74.99882,3.72961],[-74.99871,3.72982],[-74.99867,3.73004],[-74.99843,3.73034],[-74.99801,3.73072],[-74.99774,3.7309],[-74.99724,3.73121],[-74.99686,3.73145],[-74.99663,3.7317],[-74.99645,3.73192],[-74.99631,3.73201],[-74.99622,3.73202],[-74.99615,3.73191],[-74.99588,3.73161],[-74.99573,3.73154],[-74.99556,3.73149],[-74.99537,3.73143],[-74.99523,3.73131],[-74.99505,3.73118],[-74.99497,3.73109],[-74.99489,3.7309],[-74.99483,3.73082],[-74.99474,3.73079],[-74.99449,3.73082],[-74.99427,3.73082]]},"properties":{"NIVEL_PROP":"N3-Terciaria"}},{"type":"Feature","geometry":{"type":"LineString","coordinates":[[-75.10325,3.70205],[-75.10326,3.702]]},"properties":{"NIVEL_PROP":"N3-Terciaria"}},{"type":"Feature","geometry":{"type":"LineString","coordinates":[[-75.0699,3.79507],[-75.06988,3.79502],[-75.06983,3.79494],[-75.06979,3.79491],[-75.06971,3.79487],[-75.0696,3.79486],[-75.0693,3.7948]]},"properties":{"NIVEL_PROP":"N3-Servicio"}},{"type":"Feature","geometry":{"type":"LineString","coordinates":[[-75.06678,3.82199],[-75.06712,3.82212]]},"properties":{"NIVEL_PROP":"Sendero"}},{"type":"Feature","geometry":{"type":"LineString","coordinates":[[-75.13093,3.99395],[-75.13106,3.99393],[-75.13112,3.99394],[-75.13149,3.99398],[-75.13159,3.99403],[-75.13174,3.99408],[-75.13189,3.99417],[-75.13201,3.99428],[-75.13209,3.99443],[-75.13218,3.99451],[-75.1323,3.99461],[-75.13241,3.9947],[-75.13266,3.99488],[-75.13273,3.99499],[-75.13274,3.99509],[-75.1327,3.9952],[-75.1326,3.99532],[-75.13247,3.99533],[-75.13232,3.99533],[-75.13224,3.99539],[-75.13195,3.9955],[-75.13179,3.99553],[-75.13152,3.9956],[-75.13135,3.99563],[-75.13124,3.99565],[-75.1311,3.99572],[-75.131,3.99603],[-75.13082,3.99636]]},"properties":{"NIVEL_PROP":"N3-Terciaria"}},{"type":"Feature","geometry":{"type":"LineString","coordinates":[[-75.19633,3.79876],[-75.19704,3.79912]]},"properties":{"NIVEL_PROP":"N3-Terciaria"}},{"type":"Feature","geometry":{"type":"LineString","coordinates":[[-75.02856,3.70631],[-75.02869,3.70628],[-75.02881,3.7063]]},"properties":{"NIVEL_PROP":"N3-Terciaria"}},{"type":"Feature","geometry":{"type":"LineString","coordinates":[[-75.19342,3.40555],[-75.1938,3.40617],[-75.19389,3.40628],[-75.19434,3.40677],[-75.19468,3.40717],[-75.19501,3.40753],[-75.19528,3.40785],[-75.19564,3.40827],[-75.19601,3.40862],[-75.19616,3.40874],[-75.19631,3.40885],[-75.19658,3.40895],[-75.19685,3.40903],[-75.19724,3.40916],[-75.19779,3.40944],[-75.1981,3.40962]]},"properties":{"NIVEL_PROP":"N3-Terciaria"}},{"type":"Feature","geometry":{"type":"LineString","coordinates":[[-75.06704,3.69204],[-75.06696,3.69192],[-75.06692,3.69188],[-75.06689,3.69186],[-75.06682,3.69184],[-75.06652,3.69163],[-75.06638,3.6915],[-75.06632,3.69143],[-75.06627,3.69134],[-75.06623,3.69122],[-75.06622,3.69108],[-75.06622,3.69095],[-75.06628,3.69067],[-75.06628,3.69064],[-75.06625,3.69053],[-75.0662,3.69041],[-75.06608,3.69022],[-75.066,3.69011],[-75.06597,3.69006],[-75.06596,3.69003],[-75.06597,3.68998],[-75.06604,3.68968],[-75.06604,3.68955],[-75.06601,3.68942],[-75.06578,3.68903],[-75.06574,3.6889],[-75.06571,3.68857],[-75.0658,3.68813],[-75.06581,3.68772],[-75.06578,3.68735],[-75.06579,3.68721],[-75.06583,3.68693],[-75.06583,3.68687],[-75.06581,3.68682],[-75.06569,3.68661],[-75.06546,3.68625],[-75.06534,3.68596],[-75.0651,3.68508],[-75.06482,3.68413],[-75.06462,3.68368],[-75.06452,3.68346],[-75.06447,3.68333],[-75.06444,3.68322],[-75.06442,3.68314],[-75.06441,3.683],[-75.0644,3.68247],[-75.06438,3.68213],[-75.06437,3.68207],[-75.06435,3.68203],[-75.06431,3.68198],[-75.06426,3.68194],[-75.06369,3.68167],[-75.06358,3.68162],[-75.06356,3.68159],[-75.06355,3.68156],[-75.06354,3.68154],[-75.06354,3.68151],[-75.06355,3.68144],[-75.06359,3.68108],[-75.06362,3.6809],[-75.06367,3.68071],[-75.06374,3.68052],[-75.06384,3.68034],[-75.06392,3.68015],[-75.06393,3.68006],[-75.06395,3.67995],[-75.06394,3.67978],[-75.06392,3.67964],[-75.06386,3.67943],[-75.06385,3.67937],[-75.06386,3.67883],[-75.06386,3.67873],[-75.06389,3.67861],[-75.06402,3.6783],[-75.06412,3.67809],[-75.06416,3.67786],[-75.06418,3.67766],[-75.06427,3.67726],[-75.06426,3.67697],[-75.06423,3.67668],[-75.06419,3.67648],[-75.06416,3.67642],[-75.06413,3.67635],[-75.06412,3.67627],[-75.06413,3.67615],[-75.06416,3.67599],[-75.06438,3.67526],[-75.06454,3.67447],[-75.0649,3.67305],[-75.06491,3.67299],[-75.06491,3.67295],[-75.06489,3.6729],[-75.06488,3.67288],[-75.06486,3.67285],[-75.06484,3.67284],[-75.06469,3.67278],[-75.06461,3.67274],[-75.06457,3.6727],[-75.06457,3.67266],[-75.06458,3.67261],[-75.06529,3.67107],[-75.06544,3.67064]]},"properties":{"NIVEL_PROP":"N3-Terciaria"}},{"type":"Feature","geometry":{"type":"LineString","coordinates":[[-75.06075,3.81697],[-75.06083,3.81606],[-75.06088,3.81574],[-75.06088,3.81545]]},"properties":{"NIVEL_PROP":"N3-Terciaria"}},{"type":"Feature","geometry":{"type":"LineString","coordinates":[[-75.15199,3.46644],[-75.15575,3.46125],[-75.15669,3.46004],[-75.15808,3.45874],[-75.15976,3.45712],[-75.16122,3.45575],[-75.16295,3.45415],[-75.16354,3.45348],[-75.16815,3.44732],[-75.1711,3.44339],[-75.17209,3.44211],[-75.17293,3.44101],[-75.17647,3.43624],[-75.17706,3.43544]]},"properties":{"NIVEL_PROP":"N1-Principal"}},{"type":"Feature","geometry":{"type":"LineString","coordinates":[[-75.18804,3.45141],[-75.18771,3.45122],[-75.18757,3.45115],[-75.18744,3.45107],[-75.18737,3.45101],[-75.1873,3.45093],[-75.18627,3.44989],[-75.18613,3.44974],[-75.18606,3.44967],[-75.18598,3.44962],[-75.18558,3.44941],[-75.1852,3.44918],[-75.18469,3.44902],[-75.18442,3.44891],[-75.1843,3.44885],[-75.1842,3.44878],[-75.18412,3.4487],[-75.18381,3.44844],[-75.18356,3.44825],[-75.18328,3.44806],[-75.18318,3.44803],[-75.18307,3.44801],[-75.18296,3.448],[-75.18275,3.44798],[-75.18224,3.44792],[-75.18202,3.44783],[-75.18178,3.44773],[-75.18157,3.44763],[-75.18144,3.44756],[-75.18134,3.44749],[-75.18127,3.44743],[-75.1795,3.44573],[-75.17861,3.44487],[-75.17771,3.44403],[-75.17714,3.44348],[-75.1769,3.44327],[-75.17682,3.4432],[-75.17673,3.44313],[-75.17627,3.44287],[-75.17293,3.44101]]},"properties":{"NIVEL_PROP":"N3-Terciaria"}},{"type":"Feature","geometry":{"type":"LineString","coordinates":[[-75.1048,3.53013],[-75.10531,3.53031]]},"properties":{"NIVEL_PROP":"N3-Terciaria"}},{"type":"Feature","geometry":{"type":"LineString","coordinates":[[-75.13815,3.86003],[-75.13697,3.85979],[-75.13661,3.8598],[-75.13641,3.85987],[-75.13631,3.85992],[-75.13601,3.85979],[-75.13552,3.85979],[-75.13505,3.85974]]},"properties":{"NIVEL_PROP":"Sendero"}},{"type":"Feature","geometry":{"type":"LineString","coordinates":[[-75.09486,3.91203],[-75.09483,3.91207],[-75.09475,3.91212],[-75.09471,3.91213]]},"properties":{"NIVEL_PROP":"N3-Terciaria"}},{"type":"Feature","geometry":{"type":"LineString","coordinates":[[-74.98154,3.74994],[-74.9826,3.75033],[-74.98275,3.75041],[-74.98276,3.75056],[-74.98273,3.75101],[-74.98277,3.7512],[-74.98286,3.75132],[-74.98308,3.75159],[-74.9833,3.75175],[-74.98362,3.75193],[-74.98383,3.75201],[-74.98424,3.75205],[-74.98581,3.75209],[-74.98641,3.75209],[-74.98651,3.75203],[-74.98661,3.75186],[-74.98676,3.7516],[-74.98688,3.75145],[-74.98703,3.75136],[-74.98756,3.75126],[-74.98784,3.75126],[-74.98878,3.7515],[-74.98941,3.7516],[-74.9896,3.75161],[-74.98972,3.75161],[-74.99032,3.75159],[-74.99055,3.75157],[-74.99064,3.75159],[-74.9909,3.75171],[-74.9911,3.75175],[-74.9914,3.75176],[-74.99161,3.75171],[-74.99184,3.75169],[-74.99205,3.75169],[-74.9923,3.75186],[-74.99251,3.75206],[-74.9926,3.75212],[-74.99282,3.75214],[-74.99426,3.75229],[-74.99449,3.75228],[-74.99467,3.75232],[-74.99476,3.7524],[-74.99487,3.75257],[-74.99518,3.753],[-74.99707,3.7553],[-74.99856,3.75681],[-74.99967,3.75828],[-74.99973,3.75839],[-74.99994,3.75915],[-75.00003,3.75939],[-75.00008,3.75946],[-75.00018,3.75957],[-75.00026,3.75964],[-75.00057,3.75984],[-75.00078,3.76002],[-75.00112,3.76042],[-75.00122,3.76055],[-75.00125,3.76072],[-75.00121,3.7612],[-75.00118,3.76131],[-75.00119,3.76144],[-75.00124,3.76165]]},"properties":{"NIVEL_PROP":"N3-Terciaria"}},{"type":"Feature","geometry":{"type":"LineString","coordinates":[[-75.32417,3.81319],[-75.32386,3.81304],[-75.32324,3.81269],[-75.32288,3.81245],[-75.32267,3.81227],[-75.32248,3.81207],[-75.32239,3.81187],[-75.32227,3.8116],[-75.32204,3.81097],[-75.32143,3.80909],[-75.32134,3.80882],[-75.3213,3.80864],[-75.3213,3.80853],[-75.32134,3.80842],[-75.32142,3.80835],[-75.32157,3.80827],[-75.32186,3.80814],[-75.32224,3.80797],[-75.32254,3.80783],[-75.32268,3.80772],[-75.32276,3.80759],[-75.3228,3.80744],[-75.32283,3.8072],[-75.32286,3.80692],[-75.32285,3.80684],[-75.32284,3.80675],[-75.32282,3.80666],[-75.32261,3.80609],[-75.32244,3.80569],[-75.32232,3.8055],[-75.32219,3.80536],[-75.32177,3.805],[-75.32167,3.8049],[-75.32163,3.80482],[-75.32162,3.80472],[-75.32159,3.80423],[-75.32159,3.80358],[-75.32162,3.80345],[-75.3217,3.80332],[-75.32178,3.80324],[-75.32188,3.80317],[-75.32299,3.80272],[-75.32311,3.80265],[-75.32324,3.80244],[-75.32384,3.80142],[-75.32394,3.80131],[-75.32403,3.80125],[-75.32413,3.80121],[-75.32419,3.80121],[-75.32428,3.80124],[-75.32448,3.80135],[-75.3246,3.8014],[-75.32469,3.8014],[-75.32476,3.80138],[-75.32484,3.80132],[-75.3249,3.80123],[-75.32496,3.80109],[-75.32503,3.80085],[-75.32541,3.79967],[-75.32609,3.79769]]},"properties":{"NIVEL_PROP":"N1-Principal"}},{"type":"Feature","geometry":{"type":"LineString","coordinates":[[-75.21777,3.93433],[-75.21787,3.93384],[-75.21785,3.93378],[-75.21779,3.93373],[-75.21764,3.93368]]},"properties":{"NIVEL_PROP":"N3-Terciaria"}},{"type":"Feature","geometry":{"type":"LineString","coordinates":[[-75.60682,4.01037],[-75.60632,4.01119]]},"properties":{"NIVEL_PROP":"N3-Terciaria"}},{"type":"Feature","geometry":{"type":"LineString","coordinates":[[-75.21209,3.76522],[-75.21228,3.76541],[-75.21241,3.76569]]},"properties":{"NIVEL_PROP":"N3-Terciaria"}},{"type":"Feature","geometry":{"type":"LineString","coordinates":[[-75.07428,3.75934],[-75.07465,3.75666],[-75.07538,3.75147],[-75.0757,3.74922],[-75.07576,3.74875],[-75.07586,3.74796],[-75.07654,3.74324],[-75.07745,3.73686],[-75.0781,3.73229]]},"properties":{"NIVEL_PROP":"N1-Principal"}},{"type":"Feature","geometry":{"type":"LineString","coordinates":[[-75.13506,3.85726],[-75.13538,3.85729],[-75.13568,3.85728],[-75.13594,3.85735],[-75.13601,3.85703],[-75.13604,3.85662],[-75.13609,3.8564],[-75.13623,3.85629],[-75.13614,3.8561],[-75.13623,3.85587],[-75.13645,3.85576],[-75.1367,3.85573],[-75.13683,3.85563],[-75.13675,3.85539],[-75.13665,3.85506],[-75.13652,3.85465],[-75.13649,3.85451],[-75.13634,3.85427],[-75.13626,3.85402],[-75.136,3.85396],[-75.13568,3.8539],[-75.13549,3.85384],[-75.13529,3.85408],[-75.13505,3.85414],[-75.13481,3.85415],[-75.1347,3.85431],[-75.13484,3.85468],[-75.13476,3.85493],[-75.13481,3.85519],[-75.1349,3.85542]]},"properties":{"NIVEL_PROP":"Sendero"}},{"type":"Feature","geometry":{"type":"LineString","coordinates":[[-75.21924,3.93461],[-75.21935,3.93413]]},"properties":{"NIVEL_PROP":"N3-Terciaria"}},{"type":"Feature","geometry":{"type":"LineString","coordinates":[[-75.0275,3.65343],[-75.0275,3.6532],[-75.02742,3.65272],[-75.02733,3.65238],[-75.02739,3.65191]]},"properties":{"NIVEL_PROP":"N3-Terciaria"}},{"type":"Feature","geometry":{"type":"LineString","coordinates":[[-75.18903,3.97796],[-75.18866,3.9779],[-75.18798,3.97789],[-75.18762,3.97786],[-75.18738,3.97776],[-75.18718,3.97741],[-75.18707,3.977],[-75.187,3.97649],[-75.18682,3.97581],[-75.18665,3.97552],[-75.18635,3.97541],[-75.18606,3.97531],[-75.18572,3.97471],[-75.18566,3.97419],[-75.18568,3.97398],[-75.18552,3.97382],[-75.18523,3.97374],[-75.18471,3.97381],[-75.18391,3.97424],[-75.18365,3.97432],[-75.1832,3.97422],[-75.18283,3.97412],[-75.18249,3.97387],[-75.18213,3.97351],[-75.18177,3.97334],[-75.18157,3.97329],[-75.18091,3.97343],[-75.18043,3.97351],[-75.18005,3.97347],[-75.17986,3.97345],[-75.17941,3.9732]]},"properties":{"NIVEL_PROP":"N3-Terciaria"}},{"type":"Feature","geometry":{"type":"LineString","coordinates":[[-75.08933,3.62988],[-75.08923,3.62987],[-75.08914,3.6299],[-75.08895,3.63012],[-75.08864,3.63052],[-75.08826,3.63105],[-75.08793,3.63151],[-75.08775,3.63169],[-75.08757,3.63189],[-75.08738,3.63212],[-75.08725,3.63234],[-75.0871,3.63269],[-75.08687,3.63314],[-75.08667,3.63354],[-75.08658,3.63378],[-75.08653,3.6339],[-75.08644,3.63397],[-75.08612,3.63399],[-75.0822,3.63404],[-75.08211,3.63403],[-75.08204,3.63398],[-75.08203,3.6339],[-75.08209,3.63362]]},"properties":{"NIVEL_PROP":"N3-Servicio"}},{"type":"Feature","geometry":{"type":"LineString","coordinates":[[-75.0999,3.53331],[-75.09976,3.5334],[-75.09948,3.5336]]},"properties":{"NIVEL_PROP":"N3-Terciaria"}},{"type":"Feature","geometry":{"type":"LineString","coordinates":[[-75.3098,3.96038],[-75.30972,3.96057],[-75.30978,3.96107],[-75.30972,3.96137],[-75.30958,3.96159],[-75.30933,3.96161],[-75.30919,3.96159],[-75.30905,3.9616],[-75.3086,3.96189],[-75.30817,3.96211],[-75.308,3.96223],[-75.30788,3.96261],[-75.30777,3.96317],[-75.30748,3.96332],[-75.30736,3.96364],[-75.30735,3.96425],[-75.30745,3.96436],[-75.30804,3.96486],[-75.30844,3.96524],[-75.30887,3.96574]]},"properties":{"NIVEL_PROP":"N3-Terciaria"}},{"type":"Feature","geometry":{"type":"LineString","coordinates":[[-75.14003,3.93221],[-75.14027,3.93249],[-75.14035,3.93281],[-75.14041,3.93351],[-75.14046,3.93375],[-75.14056,3.93385],[-75.14095,3.93409],[-75.14103,3.93422]]},"properties":{"NIVEL_PROP":"N3-Terciaria"}},{"type":"Feature","geometry":{"type":"LineString","coordinates":[[-75.19746,3.79608],[-75.19737,3.79631],[-75.19718,3.79673],[-75.19697,3.7972],[-75.19665,3.79794],[-75.19633,3.79876],[-75.19588,3.79971],[-75.19551,3.8005],[-75.19516,3.80129],[-75.19475,3.80216],[-75.19475,3.80231],[-75.19479,3.80242]]},"properties":{"NIVEL_PROP":"N3-Terciaria"}},{"type":"Feature","geometry":{"type":"LineString","coordinates":[[-75.2229,3.93202],[-75.22331,3.93213],[-75.22367,3.93222]]},"properties":{"NIVEL_PROP":"N3-Terciaria"}},{"type":"Feature","geometry":{"type":"LineString","coordinates":[[-75.05965,3.81875],[-75.05967,3.81897],[-75.05979,3.81985],[-75.0598,3.81987],[-75.05982,3.81991],[-75.05993,3.82041]]},"properties":{"NIVEL_PROP":"N3-Terciaria"}},{"type":"Feature","geometry":{"type":"LineString","coordinates":[[-75.12996,3.99593],[-75.13019,3.99592],[-75.13038,3.99589],[-75.13061,3.99565],[-75.13093,3.99556],[-75.13097,3.99545],[-75.13098,3.99482],[-75.13093,3.99395],[-75.13093,3.99387],[-75.1309,3.99329],[-75.13076,3.99281],[-75.13052,3.99218],[-75.12991,3.99054],[-75.12963,3.9898],[-75.1293,3.98887],[-75.12924,3.98872]]},"properties":{"NIVEL_PROP":"N3-Terciaria"}},{"type":"Feature","geometry":{"type":"LineString","coordinates":[[-75.21929,3.9341],[-75.21933,3.93393]]},"properties":{"NIVEL_PROP":"N3-Servicio"}},{"type":"Feature","geometry":{"type":"LineString","coordinates":[[-75.18251,3.83549],[-75.1824,3.83505],[-75.18217,3.83482],[-75.18213,3.8338],[-75.18234,3.83336],[-75.18308,3.83285],[-75.18331,3.83248],[-75.18316,3.83199],[-75.18333,3.83188],[-75.1835,3.83173],[-75.18368,3.83114],[-75.18394,3.83055],[-75.18401,3.83028],[-75.18426,3.83003],[-75.1843,3.82941],[-75.18398,3.82893],[-75.18398,3.82856],[-75.18381,3.82843],[-75.1832,3.82827],[-75.18263,3.82768],[-75.18248,3.82709],[-75.18234,3.82687]]},"properties":{"NIVEL_PROP":"N3-Terciaria"}},{"type":"Feature","geometry":{"type":"LineString","coordinates":[[-75.05085,3.83861],[-75.05051,3.8383],[-75.05025,3.83801]]},"properties":{"NIVEL_PROP":"N3-Terciaria"}},{"type":"Feature","geometry":{"type":"LineString","coordinates":[[-75.11751,3.52725],[-75.11745,3.52702],[-75.11744,3.52698],[-75.11744,3.52696],[-75.11743,3.52695],[-75.11741,3.52694],[-75.1173,3.52684],[-75.11726,3.5268],[-75.11723,3.52676],[-75.11722,3.52672],[-75.11721,3.52669],[-75.11723,3.52658],[-75.11724,3.52643],[-75.11724,3.52635],[-75.11722,3.52623],[-75.11716,3.52614],[-75.11712,3.5261],[-75.11703,3.52604],[-75.117,3.52602],[-75.11698,3.526],[-75.11696,3.52598],[-75.11695,3.52597],[-75.11691,3.52589],[-75.11672,3.52504],[-75.11669,3.52489],[-75.11667,3.52485],[-75.11665,3.52481],[-75.11661,3.52477],[-75.11645,3.52465],[-75.1162,3.52445]]},"properties":{"NIVEL_PROP":"N3-Terciaria"}},{"type":"Feature","geometry":{"type":"LineString","coordinates":[[-75.22256,3.93332],[-75.2229,3.93202],[-75.223,3.93165]]},"properties":{"NIVEL_PROP":"N3-Terciaria"}},{"type":"Feature","geometry":{"type":"LineString","coordinates":[[-75.33346,3.81049],[-75.33296,3.81013],[-75.33283,3.80993]]},"properties":{"NIVEL_PROP":"N3-Terciaria"}},{"type":"Feature","geometry":{"type":"LineString","coordinates":[[-75.12827,3.59114],[-75.12842,3.59102],[-75.12851,3.59094],[-75.12858,3.59085],[-75.12866,3.59073],[-75.12918,3.58985],[-75.12921,3.5898],[-75.12924,3.58977],[-75.12928,3.58975],[-75.12934,3.58973],[-75.13012,3.58968]]},"properties":{"NIVEL_PROP":"N3-Servicio"}},{"type":"Feature","geometry":{"type":"LineString","coordinates":[[-75.16372,3.94249],[-75.16387,3.94258],[-75.16416,3.94277]]},"properties":{"NIVEL_PROP":"N3-Terciaria"}},{"type":"Feature","geometry":{"type":"LineString","coordinates":[[-75.10105,3.58489],[-75.10102,3.58499],[-75.10104,3.58506],[-75.10109,3.5851],[-75.10115,3.58516],[-75.1013,3.58531],[-75.10153,3.58547],[-75.10162,3.58557],[-75.10169,3.58567],[-75.10204,3.58629],[-75.10219,3.5865],[-75.1022,3.58655],[-75.1022,3.58662],[-75.10212,3.58684],[-75.10204,3.58709],[-75.10199,3.58753],[-75.10193,3.58798],[-75.10197,3.58819],[-75.10205,3.58844],[-75.10214,3.58876],[-75.10225,3.58928],[-75.10241,3.58995],[-75.10247,3.59007],[-75.10219,3.59091],[-75.10177,3.59225]]},"properties":{"NIVEL_PROP":"N3-Terciaria"}},{"type":"Feature","geometry":{"type":"LineString","coordinates":[[-75.21894,3.9381],[-75.21854,3.93745]]},"properties":{"NIVEL_PROP":"N3-Terciaria"}},{"type":"Feature","geometry":{"type":"LineString","coordinates":[[-75.17379,3.70959],[-75.17335,3.70989],[-75.17302,3.71012],[-75.17278,3.71039],[-75.17263,3.71061],[-75.17236,3.71076],[-75.17216,3.71092],[-75.17217,3.7111],[-75.17213,3.71132],[-75.17192,3.71148],[-75.17165,3.71147],[-75.17148,3.71154],[-75.17143,3.71181],[-75.17133,3.7121],[-75.17098,3.7125],[-75.17051,3.71279],[-75.1702,3.71294],[-75.17013,3.71313],[-75.17024,3.7133],[-75.17038,3.7134],[-75.17041,3.7135],[-75.17038,3.71362],[-75.1703,3.71367],[-75.16993,3.71366],[-75.16976,3.71369],[-75.16972,3.71376],[-75.16971,3.71385],[-75.16978,3.71394],[-75.16985,3.714],[-75.16986,3.71405],[-75.1698,3.71411],[-75.16969,3.71413],[-75.16956,3.71423],[-75.16954,3.71431],[-75.1696,3.71452],[-75.1697,3.71483],[-75.16964,3.7151],[-75.16929,3.71618],[-75.16933,3.71634],[-75.16934,3.71657],[-75.16928,3.71679]]},"properties":{"NIVEL_PROP":"N3-Camino vecinal"}},{"type":"Feature","geometry":{"type":"LineString","coordinates":[[-75.07576,3.74875],[-75.07706,3.74898]]},"properties":{"NIVEL_PROP":"N3-Servicio"}},{"type":"Feature","geometry":{"type":"LineString","coordinates":[[-75.22265,3.92794],[-75.22306,3.92802],[-75.22346,3.92812],[-75.22353,3.92816]]},"properties":{"NIVEL_PROP":"N3-Terciaria"}},{"type":"Feature","geometry":{"type":"LineString","coordinates":[[-75.14312,3.46569],[-75.14295,3.46555],[-75.14266,3.4654],[-75.14244,3.4653],[-75.14219,3.46518],[-75.14199,3.46506],[-75.14179,3.46487],[-75.14141,3.46441],[-75.14112,3.46397],[-75.14092,3.46335],[-75.14089,3.46329],[-75.14085,3.46324],[-75.14027,3.46272]]},"properties":{"NIVEL_PROP":"N2-Secundaria"}},{"type":"Feature","geometry":{"type":"LineString","coordinates":[[-75.09872,3.58032],[-75.0988,3.57993],[-75.09891,3.57956],[-75.09906,3.57919]]},"properties":{"NIVEL_PROP":"N3-Camino vecinal"}},{"type":"Feature","geometry":{"type":"LineString","coordinates":[[-75.0063,3.79454],[-75.00662,3.7945],[-75.00702,3.79456],[-75.00788,3.79476],[-75.00849,3.79511],[-75.009,3.79538],[-75.00959,3.79556],[-75.00986,3.79564],[-75.01013,3.79569],[-75.01033,3.79564],[-75.01137,3.79509],[-75.01166,3.79499],[-75.01187,3.79497],[-75.01251,3.79492],[-75.01282,3.79494],[-75.01288,3.79494],[-75.01315,3.79498],[-75.01338,3.79498],[-75.01366,3.79488],[-75.01402,3.79463],[-75.01453,3.7941],[-75.01474,3.79402],[-75.01631,3.79384],[-75.01843,3.79384]]},"properties":{"NIVEL_PROP":"N3-Terciaria"}},{"type":"Feature","geometry":{"type":"LineString","coordinates":[[-75.06157,3.82098],[-75.06153,3.82109],[-75.06149,3.82122],[-75.06141,3.82134],[-75.06136,3.82152],[-75.0613,3.82164],[-75.06127,3.82173],[-75.06125,3.82183],[-75.06118,3.82194],[-75.06116,3.82204],[-75.06114,3.82212],[-75.06106,3.82232],[-75.06101,3.82243],[-75.06097,3.82258],[-75.06091,3.82267],[-75.06081,3.82283],[-75.06066,3.82298],[-75.0606,3.82304],[-75.06054,3.82305]]},"properties":{"NIVEL_PROP":"Sendero"}},{"type":"Feature","geometry":{"type":"LineString","coordinates":[[-75.27809,3.95062],[-75.27766,3.95062],[-75.27713,3.9506],[-75.27646,3.95079],[-75.27586,3.95092],[-75.27526,3.95135],[-75.27453,3.95156],[-75.27363,3.95152],[-75.27339,3.95181],[-75.27335,3.95223],[-75.27336,3.95241],[-75.27331,3.95256],[-75.27315,3.9528],[-75.273,3.953],[-75.2729,3.95321],[-75.2729,3.95349],[-75.27297,3.95376],[-75.27306,3.95399],[-75.27324,3.95404],[-75.2735,3.95398],[-75.27374,3.95401],[-75.2739,3.95417],[-75.27407,3.95448],[-75.27407,3.95464],[-75.27399,3.95477],[-75.27381,3.95499],[-75.27363,3.9551],[-75.2732,3.95515],[-75.27284,3.95498],[-75.27273,3.95503],[-75.27276,3.9552],[-75.27288,3.95541],[-75.27277,3.95567],[-75.27262,3.95583],[-75.27244,3.95592],[-75.27207,3.95585],[-75.27199,3.95567],[-75.27188,3.95561],[-75.27176,3.95562],[-75.27153,3.95574],[-75.27135,3.95597],[-75.27113,3.95641],[-75.27085,3.95695],[-75.2707,3.95699],[-75.27019,3.95702],[-75.26983,3.95732],[-75.26931,3.95753],[-75.26886,3.95786],[-75.26867,3.9582],[-75.26809,3.95901],[-75.26764,3.95982],[-75.26733,3.96027],[-75.26703,3.96064],[-75.26654,3.96085],[-75.26633,3.96095],[-75.26608,3.96122],[-75.26583,3.96142],[-75.26533,3.96154],[-75.26487,3.96183],[-75.26453,3.96216],[-75.26419,3.9627],[-75.26392,3.96347]]},"properties":{"NIVEL_PROP":"N3-Terciaria"}},{"type":"Feature","geometry":{"type":"LineString","coordinates":[[-75.18353,3.99215],[-75.18364,3.99213],[-75.18398,3.99227],[-75.18421,3.99241],[-75.18458,3.99255],[-75.18487,3.99272],[-75.18515,3.99283],[-75.18548,3.99291],[-75.18582,3.99303]]},"properties":{"NIVEL_PROP":"N3-Terciaria"}},{"type":"Feature","geometry":{"type":"LineString","coordinates":[[-75.13844,3.9278],[-75.13853,3.92736],[-75.13877,3.92608],[-75.13881,3.92568],[-75.13866,3.92534],[-75.13843,3.92449],[-75.13817,3.92353],[-75.13781,3.92225],[-75.13768,3.92188],[-75.13738,3.9208],[-75.13741,3.92042],[-75.1376,3.92004],[-75.13779,3.91941],[-75.1378,3.91911],[-75.1378,3.91858],[-75.13772,3.9182],[-75.13773,3.91795],[-75.13788,3.91768],[-75.13798,3.91746],[-75.13802,3.91718],[-75.13826,3.91663],[-75.13839,3.91628],[-75.13841,3.91612],[-75.13852,3.91604],[-75.13862,3.91584],[-75.13875,3.91569],[-75.13891,3.91547],[-75.13892,3.9153]]},"properties":{"NIVEL_PROP":"N3-Terciaria"}},{"type":"Feature","geometry":{"type":"LineString","coordinates":[[-75.09303,3.61992],[-75.09331,3.619],[-75.0936,3.61814],[-75.09384,3.61733],[-75.09407,3.6165]]},"properties":{"NIVEL_PROP":"N3-Terciaria"}},{"type":"Feature","geometry":{"type":"LineString","coordinates":[[-75.19347,3.79309],[-75.19312,3.7929],[-75.19304,3.79279],[-75.19246,3.79123],[-75.19193,3.79042],[-75.19143,3.78946],[-75.19079,3.78808],[-75.19038,3.78736],[-75.19016,3.78694],[-75.18999,3.78636],[-75.18953,3.78551]]},"properties":{"NIVEL_PROP":"N3-Terciaria"}},{"type":"Feature","geometry":{"type":"LineString","coordinates":[[-75.07255,3.77167],[-75.07255,3.77161]]},"properties":{"NIVEL_PROP":"N1-Principal"}},{"type":"Feature","geometry":{"type":"LineString","coordinates":[[-75.10185,3.77433],[-75.1017,3.7744],[-75.10158,3.77445],[-75.10143,3.77453],[-75.10128,3.77462],[-75.10118,3.77468],[-75.10112,3.77472],[-75.10108,3.77473],[-75.10104,3.77475],[-75.10089,3.7748],[-75.1008,3.77484],[-75.10072,3.77488],[-75.10064,3.77496],[-75.1005,3.77511],[-75.10045,3.77514],[-75.10023,3.7753],[-75.10003,3.77545],[-75.09985,3.77563],[-75.09979,3.77568],[-75.09973,3.77573],[-75.09964,3.77577],[-75.09957,3.7758],[-75.09949,3.77582],[-75.09931,3.77587],[-75.09914,3.77591],[-75.09872,3.77604],[-75.09853,3.77612],[-75.09845,3.77616],[-75.09838,3.77621],[-75.09822,3.77634],[-75.09812,3.77645],[-75.09795,3.77657],[-75.09781,3.77667],[-75.09769,3.77677],[-75.09756,3.77691],[-75.09749,3.77698],[-75.09739,3.77707],[-75.0973,3.77714],[-75.09718,3.77723],[-75.09705,3.77736],[-75.0969,3.77759],[-75.09683,3.77767],[-75.09673,3.77783],[-75.09652,3.77809],[-75.09642,3.77822],[-75.09632,3.77841],[-75.0962,3.7786],[-75.0961,3.77881],[-75.09602,3.77894],[-75.0959,3.77908],[-75.09577,3.77922],[-75.09572,3.77928],[-75.09562,3.77946]]},"properties":{"NIVEL_PROP":"N3-Terciaria"}},{"type":"Feature","geometry":{"type":"LineString","coordinates":[[-75.17647,3.43624],[-75.17621,3.43601],[-75.17595,3.43583],[-75.17573,3.43567],[-75.17549,3.43547],[-75.17536,3.43535],[-75.17526,3.43519],[-75.17519,3.43504],[-75.1749,3.43435],[-75.1748,3.43416],[-75.17461,3.43396],[-75.17451,3.43389],[-75.17435,3.43381],[-75.1742,3.43374],[-75.17412,3.43376],[-75.17405,3.43386],[-75.1736,3.43443],[-75.1735,3.43454],[-75.17336,3.43461],[-75.17309,3.43471],[-75.17249,3.43496],[-75.17235,3.43502],[-75.17216,3.43507],[-75.17183,3.4351],[-75.17154,3.43514],[-75.17137,3.43513],[-75.17127,3.43511],[-75.17115,3.43507],[-75.17098,3.435],[-75.17092,3.43498],[-75.17086,3.43496],[-75.17077,3.43492],[-75.17073,3.43489],[-75.17068,3.43486],[-75.17064,3.43485],[-75.17059,3.43485],[-75.17045,3.43488],[-75.17023,3.43495],[-75.17013,3.43498],[-75.17004,3.43499],[-75.16985,3.43501],[-75.16978,3.43503],[-75.16972,3.43507],[-75.16966,3.43513],[-75.16963,3.43516],[-75.16958,3.43518],[-75.16954,3.43519],[-75.16946,3.4352],[-75.16936,3.43519],[-75.16926,3.43518],[-75.16918,3.43517],[-75.16912,3.43515],[-75.16906,3.43511],[-75.16902,3.43505],[-75.16898,3.43501],[-75.16893,3.43494],[-75.16882,3.43485],[-75.16874,3.43479],[-75.16868,3.43475],[-75.16862,3.43473],[-75.16854,3.43474],[-75.1685,3.43476],[-75.16835,3.43482],[-75.16814,3.43491],[-75.16806,3.43492],[-75.16798,3.43492],[-75.16788,3.43491],[-75.16779,3.43489],[-75.16748,3.43474],[-75.16737,3.43469],[-75.1673,3.43464],[-75.16728,3.4346],[-75.16729,3.43456],[-75.16729,3.43432],[-75.16725,3.43421],[-75.16715,3.43405],[-75.16708,3.43399],[-75.16699,3.43394],[-75.16683,3.43385],[-75.16667,3.43378],[-75.16654,3.43375],[-75.16639,3.43375],[-75.16611,3.43375],[-75.16574,3.43377],[-75.16555,3.43378],[-75.16548,3.43379],[-75.16543,3.43379],[-75.16538,3.43379],[-75.16533,3.43378],[-75.16518,3.43367],[-75.16512,3.43359],[-75.16504,3.43349],[-75.16498,3.43337],[-75.16496,3.43329],[-75.16492,3.43319],[-75.1649,3.43311],[-75.16485,3.43303],[-75.16479,3.43297],[-75.16471,3.43293],[-75.16462,3.43288],[-75.16452,3.43284],[-75.16426,3.43279],[-75.16411,3.43273],[-75.16397,3.43267],[-75.1637,3.43256],[-75.16363,3.43253],[-75.16357,3.43247],[-75.16343,3.43233],[-75.16313,3.43144],[-75.16301,3.43104],[-75.16287,3.43066],[-75.16262,3.43006],[-75.16251,3.42975],[-75.16245,3.42961],[-75.16239,3.4295],[-75.16234,3.42944],[-75.16192,3.429],[-75.16119,3.42826],[-75.16051,3.42761],[-75.16039,3.42748],[-75.16032,3.42745],[-75.16017,3.42746],[-75.16008,3.42748],[-75.15992,3.42755],[-75.15954,3.42784],[-75.15928,3.42809],[-75.15865,3.42871]]},"properties":{"NIVEL_PROP":"N3-Terciaria"}},{"type":"Feature","geometry":{"type":"LineString","coordinates":[[-75.10324,3.70213],[-75.10325,3.70205]]},"properties":{"NIVEL_PROP":"N3-Terciaria"}},{"type":"Feature","geometry":{"type":"LineString","coordinates":[[-75.04283,3.77194],[-75.04176,3.77138],[-75.04174,3.77131],[-75.04182,3.77056],[-75.04182,3.77049],[-75.0418,3.77044],[-75.04172,3.7704],[-75.04063,3.77012],[-75.04053,3.77007],[-75.04049,3.77001],[-75.04036,3.76801],[-75.04033,3.76788],[-75.04021,3.76781],[-75.03791,3.76655],[-75.0378,3.76641],[-75.03788,3.76602],[-75.03931,3.76047]]},"properties":{"NIVEL_PROP":"N3-Terciaria"}},{"type":"Feature","geometry":{"type":"LineString","coordinates":[[-75.11913,3.77256],[-75.1191,3.77255]]},"properties":{"NIVEL_PROP":"N3-Terciaria"}},{"type":"Feature","geometry":{"type":"LineString","coordinates":[[-75.1206,3.43323],[-75.12064,3.4331]]},"properties":{"NIVEL_PROP":"Sendero"}},{"type":"Feature","geometry":{"type":"LineString","coordinates":[[-75.21968,3.93146],[-75.22017,3.93168]]},"properties":{"NIVEL_PROP":"N3-Terciaria"}},{"type":"Feature","geometry":{"type":"LineString","coordinates":[[-75.14113,3.75629],[-75.14142,3.75619],[-75.14215,3.75581],[-75.14261,3.75549],[-75.143,3.75504],[-75.14337,3.7544],[-75.14388,3.75418],[-75.14448,3.75401],[-75.14482,3.75398],[-75.14515,3.75395],[-75.14579,3.75372],[-75.14655,3.75337],[-75.14728,3.75296],[-75.14738,3.75289],[-75.14756,3.75288],[-75.14901,3.75296],[-75.14941,3.75296],[-75.14972,3.75287],[-75.14995,3.7528],[-75.15012,3.7527],[-75.15035,3.7525],[-75.15044,3.75247],[-75.15057,3.75242],[-75.15084,3.75234],[-75.15156,3.75231],[-75.15259,3.75232],[-75.15278,3.75233],[-75.15306,3.75253],[-75.15404,3.75359],[-75.15429,3.75378],[-75.15439,3.75388],[-75.15454,3.75421],[-75.15462,3.75433],[-75.15465,3.75445],[-75.15466,3.75458],[-75.15463,3.75501],[-75.15461,3.75538],[-75.15506,3.75949],[-75.15503,3.7597],[-75.15495,3.75978],[-75.15479,3.75985],[-75.1543,3.75997],[-75.15414,3.76013],[-75.15405,3.76026],[-75.15394,3.76058],[-75.15371,3.76109],[-75.15353,3.76146],[-75.15342,3.76228],[-75.15322,3.76382],[-75.15293,3.76522],[-75.15293,3.76537],[-75.15297,3.76547],[-75.15307,3.76561],[-75.15369,3.76618],[-75.15416,3.76671],[-75.15447,3.76692],[-75.15725,3.7682],[-75.15736,3.7683],[-75.15881,3.77113],[-75.15907,3.77135],[-75.15985,3.77169],[-75.16003,3.77184],[-75.16067,3.7732]]},"properties":{"NIVEL_PROP":"N3-Terciaria"}},{"type":"Feature","geometry":{"type":"LineString","coordinates":[[-75.05889,3.81995],[-75.05908,3.82106],[-75.05913,3.82141],[-75.05914,3.82184],[-75.05912,3.82192],[-75.05909,3.82198],[-75.05887,3.82223],[-75.05836,3.82268],[-75.05816,3.823],[-75.05813,3.82305],[-75.05808,3.82308],[-75.05789,3.82324],[-75.05783,3.82335],[-75.0578,3.82348],[-75.05779,3.82366],[-75.05769,3.82397],[-75.05751,3.82417],[-75.05732,3.82427],[-75.05709,3.8243],[-75.05691,3.82427],[-75.05678,3.82422],[-75.05663,3.82403],[-75.05637,3.82383],[-75.05609,3.82368],[-75.0559,3.82362],[-75.05563,3.82359],[-75.05546,3.82366],[-75.05529,3.82376],[-75.05507,3.82393],[-75.05486,3.82417],[-75.05473,3.82438]]},"properties":{"NIVEL_PROP":"N3-Terciaria"}},{"type":"Feature","geometry":{"type":"LineString","coordinates":[[-75.19118,3.40044],[-75.19058,3.40041]]},"properties":{"NIVEL_PROP":"N3-Terciaria"}},{"type":"Feature","geometry":{"type":"LineString","coordinates":[[-75.22274,3.92759],[-75.22316,3.92768],[-75.22357,3.92775]]},"properties":{"NIVEL_PROP":"N3-Terciaria"}},{"type":"Feature","geometry":{"type":"LineString","coordinates":[[-75.12753,3.98929],[-75.12766,3.98918],[-75.12809,3.98863]]},"properties":{"NIVEL_PROP":"N3-Camino vecinal"}},{"type":"Feature","geometry":{"type":"LineString","coordinates":[[-75.17379,3.70959],[-75.17404,3.70952],[-75.17416,3.70957],[-75.17477,3.70946]]},"properties":{"NIVEL_PROP":"Sendero"}},{"type":"Feature","geometry":{"type":"LineString","coordinates":[[-75.26811,3.79027],[-75.26794,3.78989],[-75.26779,3.78975],[-75.2677,3.78961],[-75.2677,3.78949],[-75.26775,3.78932],[-75.26782,3.78902],[-75.26781,3.78878],[-75.26773,3.78849]]},"properties":{"NIVEL_PROP":"N3-Camino vecinal"}},{"type":"Feature","geometry":{"type":"LineString","coordinates":[[-75.21745,3.92663],[-75.21704,3.92683]]},"properties":{"NIVEL_PROP":"N3-Servicio"}},{"type":"Feature","geometry":{"type":"LineString","coordinates":[[-75.13677,3.71838],[-75.13682,3.71851],[-75.13703,3.71876],[-75.13707,3.71896],[-75.13712,3.71914],[-75.13719,3.71944],[-75.13721,3.71966],[-75.13719,3.71977],[-75.13711,3.71991],[-75.13693,3.72015],[-75.13675,3.72037],[-75.13666,3.7206],[-75.13658,3.72081],[-75.13658,3.72091],[-75.13665,3.72104],[-75.13674,3.72109],[-75.13702,3.72121],[-75.1372,3.72132],[-75.13723,3.72138],[-75.13721,3.72153],[-75.13716,3.72186],[-75.13719,3.72196],[-75.13723,3.722],[-75.1373,3.72203],[-75.13735,3.72209],[-75.13738,3.72216],[-75.13738,3.72226],[-75.13733,3.72243],[-75.1373,3.72264],[-75.13728,3.72293],[-75.13729,3.72338],[-75.13733,3.72375],[-75.13732,3.72391],[-75.13732,3.72404],[-75.13737,3.72415],[-75.1375,3.72439],[-75.1376,3.72475],[-75.13763,3.72488],[-75.13766,3.72504],[-75.13782,3.72566],[-75.1379,3.72598],[-75.13794,3.72606]]},"properties":{"NIVEL_PROP":"N3-Terciaria"}},{"type":"Feature","geometry":{"type":"LineString","coordinates":[[-75.0723,3.7734],[-75.07263,3.7735],[-75.07287,3.77352],[-75.07482,3.77365],[-75.07519,3.77371],[-75.07586,3.77385],[-75.0761,3.77391],[-75.07626,3.77401],[-75.07639,3.77416],[-75.07661,3.77529],[-75.07673,3.77539],[-75.07689,3.77546],[-75.07715,3.77549],[-75.07789,3.77544]]},"properties":{"NIVEL_PROP":"N3-Servicio"}},{"type":"Feature","geometry":{"type":"LineString","coordinates":[[-75.09211,3.6291],[-75.09223,3.62867],[-75.0924,3.62804],[-75.09273,3.62687],[-75.09306,3.62571]]},"properties":{"NIVEL_PROP":"N3-Terciaria"}},{"type":"Feature","geometry":{"type":"LineString","coordinates":[[-75.09766,3.62204],[-75.09813,3.62217]]},"properties":{"NIVEL_PROP":"N3-Terciaria"}},{"type":"Feature","geometry":{"type":"LineString","coordinates":[[-75.18954,3.7243],[-75.18925,3.72448],[-75.18889,3.72476],[-75.18858,3.72513],[-75.18817,3.72551],[-75.18783,3.72573],[-75.18768,3.72575]]},"properties":{"NIVEL_PROP":"N3-Terciaria"}},{"type":"Feature","geometry":{"type":"LineString","coordinates":[[-75.05445,3.70217],[-75.05452,3.70223],[-75.05457,3.7023],[-75.05462,3.70241],[-75.05468,3.70251],[-75.05484,3.70284],[-75.05492,3.70297],[-75.05501,3.70309],[-75.05538,3.70346]]},"properties":{"NIVEL_PROP":"N3-Servicio"}},{"type":"Feature","geometry":{"type":"LineString","coordinates":[[-75.16825,3.69897],[-75.16782,3.69864],[-75.16766,3.69846],[-75.16746,3.6982],[-75.16728,3.6978],[-75.16716,3.6976],[-75.16683,3.69727],[-75.16671,3.69715],[-75.16665,3.69709],[-75.16659,3.69694],[-75.16664,3.69665],[-75.16669,3.69634]]},"properties":{"NIVEL_PROP":"N3-Terciaria"}},{"type":"Feature","geometry":{"type":"LineString","coordinates":[[-75.09471,3.91213],[-75.09464,3.91213],[-75.09458,3.91212]]},"properties":{"NIVEL_PROP":"N3-Terciaria"}},{"type":"Feature","geometry":{"type":"LineString","coordinates":[[-75.22269,3.93156],[-75.22284,3.93104],[-75.22298,3.93049],[-75.2231,3.92996],[-75.22318,3.9295],[-75.22324,3.9293]]},"properties":{"NIVEL_PROP":"N3-Terciaria"}},{"type":"Feature","geometry":{"type":"LineString","coordinates":[[-75.17869,3.76638],[-75.1786,3.76592]]},"properties":{"NIVEL_PROP":"N3-Servicio"}},{"type":"Feature","geometry":{"type":"LineString","coordinates":[[-75.10588,3.80888],[-75.1058,3.80884],[-75.10501,3.8083],[-75.10498,3.80828]]},"properties":{"NIVEL_PROP":"N3-Terciaria"}},{"type":"Feature","geometry":{"type":"LineString","coordinates":[[-75.33257,3.8135],[-75.33309,3.81282],[-75.3333,3.81256],[-75.33383,3.81187],[-75.33393,3.81174],[-75.33411,3.81152],[-75.33419,3.81134],[-75.33424,3.81119],[-75.3344,3.81072],[-75.33445,3.81065],[-75.33459,3.81061],[-75.33463,3.81066],[-75.33468,3.81093],[-75.33475,3.81104],[-75.33481,3.81107],[-75.33488,3.81104],[-75.33493,3.81093],[-75.33494,3.81085],[-75.33493,3.81077],[-75.3349,3.81068],[-75.33486,3.81063],[-75.33485,3.81058],[-75.33493,3.81041],[-75.33496,3.81034],[-75.335,3.81026],[-75.33516,3.81017],[-75.33526,3.81011],[-75.33536,3.81008],[-75.3356,3.80999],[-75.3358,3.80983],[-75.33598,3.80958],[-75.33604,3.80939],[-75.33612,3.809],[-75.33616,3.80893],[-75.33624,3.80886],[-75.33638,3.80886],[-75.3371,3.80884],[-75.33782,3.80875],[-75.33848,3.80873],[-75.33871,3.80872],[-75.3388,3.80867],[-75.33901,3.80847],[-75.33924,3.80816],[-75.33967,3.80755],[-75.33989,3.80724],[-75.33999,3.80713],[-75.34008,3.80708],[-75.34031,3.80705],[-75.34066,3.80699],[-75.34079,3.80698],[-75.34107,3.80701],[-75.34126,3.807],[-75.34133,3.80695],[-75.3414,3.80688],[-75.34166,3.80685],[-75.34221,3.80684],[-75.34269,3.80677],[-75.34286,3.80676],[-75.34297,3.80678],[-75.34309,3.80691],[-75.34332,3.80698],[-75.34405,3.80717],[-75.34434,3.80718],[-75.3445,3.8072],[-75.34472,3.80731],[-75.34484,3.80732],[-75.34496,3.80728],[-75.34514,3.80721],[-75.34538,3.80723],[-75.34574,3.80726],[-75.34591,3.80724],[-75.34607,3.80716],[-75.34622,3.80703]]},"properties":{"NIVEL_PROP":"N3-Terciaria"}},{"type":"Feature","geometry":{"type":"LineString","coordinates":[[-75.09832,3.62008],[-75.09828,3.62013],[-75.09824,3.62035],[-75.09818,3.6207]]},"properties":{"NIVEL_PROP":"N3-Terciaria"}},{"type":"Feature","geometry":{"type":"LineString","coordinates":[[-75.16889,3.92993],[-75.16921,3.92932],[-75.16947,3.9287]]},"properties":{"NIVEL_PROP":"N3-Terciaria"}},{"type":"Feature","geometry":{"type":"LineString","coordinates":[[-75.13646,3.92825],[-75.13629,3.92834],[-75.13595,3.92858],[-75.13556,3.92879],[-75.13519,3.92907],[-75.13498,3.92924],[-75.13478,3.92935],[-75.13459,3.92962],[-75.13466,3.93001],[-75.13479,3.93046],[-75.13484,3.93058],[-75.13476,3.93091],[-75.13459,3.93126],[-75.13443,3.93144],[-75.13433,3.93164]]},"properties":{"NIVEL_PROP":"N3-Terciaria"}},{"type":"Feature","geometry":{"type":"LineString","coordinates":[[-75.09868,3.6302],[-75.09863,3.63016],[-75.09858,3.63011],[-75.09849,3.63005],[-75.09838,3.63003],[-75.09829,3.63002],[-75.09822,3.63002],[-75.09814,3.63],[-75.09808,3.62995],[-75.09799,3.62985],[-75.09791,3.62976]]},"properties":{"NIVEL_PROP":"N3-Terciaria"}},{"type":"Feature","geometry":{"type":"LineString","coordinates":[[-75.16279,3.80807],[-75.16268,3.80779],[-75.16258,3.80742],[-75.16211,3.80648],[-75.16184,3.80536],[-75.16147,3.8044],[-75.16132,3.80407],[-75.16065,3.80322],[-75.16022,3.80247],[-75.15998,3.80219],[-75.15932,3.80177],[-75.15849,3.80096],[-75.15823,3.80048],[-75.15809,3.80012],[-75.15805,3.79908],[-75.15786,3.7979],[-75.1577,3.79737],[-75.1573,3.79687],[-75.15624,3.79585],[-75.15561,3.79503],[-75.15527,3.79453],[-75.15451,3.79377],[-75.15365,3.79324],[-75.15221,3.79246],[-75.15032,3.79179],[-75.14587,3.7904],[-75.14543,3.79026],[-75.14479,3.79019],[-75.1428,3.79048],[-75.14265,3.79051],[-75.14236,3.79113],[-75.14225,3.79156],[-75.14199,3.79194],[-75.14182,3.79249],[-75.14155,3.79289],[-75.14111,3.7931],[-75.14057,3.79323],[-75.14017,3.79343],[-75.13949,3.79354],[-75.13891,3.79356],[-75.13867,3.79361],[-75.13793,3.79378],[-75.13723,3.79386],[-75.13679,3.79403],[-75.13635,3.79397],[-75.13552,3.79412],[-75.13485,3.794],[-75.13405,3.79401],[-75.13351,3.79392],[-75.13349,3.7935],[-75.13328,3.79338],[-75.13217,3.79316],[-75.13158,3.79292],[-75.13029,3.79165],[-75.12855,3.78965],[-75.12847,3.78948],[-75.12853,3.78898],[-75.12852,3.78836],[-75.12795,3.7873],[-75.12744,3.78685],[-75.12665,3.78655],[-75.12624,3.78633],[-75.12618,3.78621],[-75.12646,3.78515],[-75.12639,3.78505],[-75.12411,3.78448],[-75.12361,3.78339],[-75.12225,3.78231],[-75.12251,3.78142],[-75.12215,3.78078],[-75.12193,3.78013],[-75.12187,3.77996],[-75.12127,3.77906],[-75.12155,3.77789],[-75.12154,3.77782],[-75.12133,3.77766],[-75.12152,3.77714],[-75.12048,3.7764],[-75.12007,3.77489],[-75.11977,3.77421],[-75.11976,3.77273],[-75.11969,3.77245],[-75.11977,3.77212],[-75.12,3.77164],[-75.12001,3.77155],[-75.11995,3.7715]]},"properties":{"NIVEL_PROP":"N3-Terciaria"}},{"type":"Feature","geometry":{"type":"LineString","coordinates":[[-75.22247,3.9286],[-75.22334,3.92885]]},"properties":{"NIVEL_PROP":"N3-Terciaria"}},{"type":"Feature","geometry":{"type":"LineString","coordinates":[[-75.095,3.62229],[-75.0951,3.62224],[-75.09571,3.62243],[-75.0958,3.62257]]},"properties":{"NIVEL_PROP":"N3-Servicio"}},{"type":"Feature","geometry":{"type":"LineString","coordinates":[[-75.33346,3.81049],[-75.33356,3.81029]]},"properties":{"NIVEL_PROP":"N3-Terciaria"}},{"type":"Feature","geometry":{"type":"LineString","coordinates":[[-75.16515,3.82714],[-75.16589,3.82675],[-75.1666,3.82626],[-75.16744,3.82531],[-75.1674,3.82495],[-75.16725,3.82452],[-75.16741,3.82405],[-75.16739,3.82373],[-75.1669,3.82321],[-75.16682,3.82305],[-75.16686,3.8227],[-75.16717,3.82201]]},"properties":{"NIVEL_PROP":"N3-Terciaria"}},{"type":"Feature","geometry":{"type":"LineString","coordinates":[[-75.06522,3.82113],[-75.06372,3.82103],[-75.06312,3.82099],[-75.06214,3.82093],[-75.06176,3.8209],[-75.06167,3.8209],[-75.06088,3.82084],[-75.06054,3.82082]]},"properties":{"NIVEL_PROP":"N3-Terciaria"}},{"type":"Feature","geometry":{"type":"LineString","coordinates":[[-75.07957,3.72194],[-75.07871,3.72195],[-75.0785,3.72194],[-75.07831,3.72189],[-75.07796,3.72174],[-75.07761,3.72158],[-75.07751,3.72155],[-75.07745,3.72154],[-75.07739,3.72154],[-75.07725,3.72156],[-75.07711,3.72156],[-75.07702,3.72154],[-75.07694,3.72151],[-75.0751,3.7206],[-75.0748,3.72042],[-75.07475,3.72039],[-75.0747,3.72036],[-75.07462,3.72027],[-75.07446,3.72013],[-75.07411,3.71997]]},"properties":{"NIVEL_PROP":"N3-Terciaria"}},{"type":"Feature","geometry":{"type":"LineString","coordinates":[[-75.19616,3.79681],[-75.19638,3.79633],[-75.19653,3.79598],[-75.19666,3.79571]]},"properties":{"NIVEL_PROP":"N3-Terciaria"}},{"type":"Feature","geometry":{"type":"LineString","coordinates":[[-75.17579,3.70774],[-75.17572,3.7077],[-75.17509,3.70773],[-75.17494,3.70788]]},"properties":{"NIVEL_PROP":"N3-Camino vecinal"}},{"type":"Feature","geometry":{"type":"LineString","coordinates":[[-75.17706,3.43544],[-75.17751,3.43484]]},"properties":{"NIVEL_PROP":"N1-Principal"}},{"type":"Feature","geometry":{"type":"LineString","coordinates":[[-75.0944,3.62737],[-75.0936,3.62713],[-75.09316,3.627],[-75.09273,3.62687]]},"properties":{"NIVEL_PROP":"N3-Terciaria"}},{"type":"Feature","geometry":{"type":"LineString","coordinates":[[-75.12803,3.70907],[-75.12838,3.70922],[-75.12849,3.70929],[-75.12859,3.70941],[-75.12873,3.70962],[-75.12924,3.70998]]},"properties":{"NIVEL_PROP":"N3-Camino vecinal"}},{"type":"Feature","geometry":{"type":"LineString","coordinates":[[-75.18169,3.82474],[-75.18129,3.82546],[-75.18122,3.82573]]},"properties":{"NIVEL_PROP":"N3-Terciaria"}},{"type":"Feature","geometry":{"type":"LineString","coordinates":[[-75.22009,3.93661],[-75.21995,3.93731],[-75.21976,3.93806],[-75.21968,3.93837]]},"properties":{"NIVEL_PROP":"N3-Terciaria"}},{"type":"Feature","geometry":{"type":"LineString","coordinates":[[-75.60989,4.01358],[-75.60972,4.01354]]},"properties":{"NIVEL_PROP":"N2-Secundaria"}},{"type":"Feature","geometry":{"type":"LineString","coordinates":[[-75.21966,3.93535],[-75.21981,3.93478],[-75.21997,3.93423],[-75.22014,3.93356],[-75.22039,3.93312],[-75.22055,3.93291],[-75.22095,3.93206],[-75.22124,3.93172],[-75.22141,3.93153],[-75.22174,3.93116],[-75.22182,3.93102],[-75.22194,3.93082],[-75.22197,3.93072],[-75.22207,3.93037],[-75.2221,3.93028],[-75.22215,3.93001],[-75.22219,3.92974],[-75.22231,3.92919]]},"properties":{"NIVEL_PROP":"N3-Terciaria"}},{"type":"Feature","geometry":{"type":"LineString","coordinates":[[-75.069,3.7659],[-75.06868,3.76549],[-75.06841,3.7652],[-75.06821,3.76507],[-75.06749,3.76484],[-75.06556,3.76429],[-75.06423,3.76409],[-75.0628,3.764],[-75.06254,3.76403],[-75.06239,3.76404],[-75.06231,3.76404],[-75.06222,3.76403],[-75.06211,3.76399],[-75.06199,3.76392],[-75.06142,3.76344],[-75.06124,3.76332],[-75.0612,3.7633],[-75.06117,3.76329],[-75.06113,3.76329],[-75.06108,3.76329],[-75.06076,3.76336],[-75.06055,3.76343],[-75.06053,3.76343],[-75.06051,3.76343],[-75.06047,3.76342],[-75.06021,3.76332]]},"properties":{"NIVEL_PROP":"N3-Terciaria"}},{"type":"Feature","geometry":{"type":"LineString","coordinates":[[-75.19372,3.80055],[-75.19379,3.80051],[-75.19385,3.80041],[-75.19389,3.80015],[-75.19392,3.79984]]},"properties":{"NIVEL_PROP":"Sendero"}},{"type":"Feature","geometry":{"type":"LineString","coordinates":[[-75.01912,3.7296],[-75.01908,3.7297],[-75.01886,3.73018],[-75.01839,3.73081],[-75.01834,3.73094],[-75.0183,3.73117]]},"properties":{"NIVEL_PROP":"N3-Terciaria"}},{"type":"Feature","geometry":{"type":"LineString","coordinates":[[-74.99538,3.70544],[-74.99535,3.70572],[-74.99558,3.70579],[-74.99577,3.70598],[-74.99575,3.70622],[-74.99581,3.70638],[-74.99621,3.70686],[-74.99635,3.70722],[-74.99634,3.70741],[-74.99626,3.70758],[-74.99624,3.70774],[-74.9964,3.70809],[-74.9965,3.70887],[-74.99645,3.70923],[-74.99656,3.70968],[-74.99656,3.70981],[-74.99648,3.71015],[-74.99644,3.71049],[-74.9965,3.7111],[-74.99659,3.71134],[-74.99714,3.71213],[-74.99723,3.71246],[-74.99726,3.71297],[-74.99699,3.71437],[-74.99699,3.71468],[-74.99711,3.71506],[-74.99752,3.71592],[-74.9979,3.7166],[-74.9983,3.71713],[-74.99915,3.71779],[-74.99914,3.71803],[-74.99878,3.71899],[-74.99869,3.71926],[-74.99861,3.71962],[-74.99864,3.72014],[-74.99867,3.72101],[-74.99865,3.7213],[-74.99854,3.72174],[-74.99849,3.72209]]},"properties":{"NIVEL_PROP":"N3-Terciaria"}},{"type":"Feature","geometry":{"type":"LineString","coordinates":[[-75.17345,3.90798],[-75.17337,3.90816],[-75.1733,3.90829],[-75.17276,3.90851],[-75.17234,3.90879],[-75.17215,3.90907],[-75.17182,3.90998],[-75.17182,3.91024],[-75.17185,3.91065],[-75.17116,3.91162],[-75.1706,3.91214],[-75.1706,3.91233]]},"properties":{"NIVEL_PROP":"N3-Terciaria"}},{"type":"Feature","geometry":{"type":"LineString","coordinates":[[-75.13088,3.5904],[-75.13077,3.59023],[-75.13071,3.59007],[-75.13059,3.58984],[-75.13053,3.58976],[-75.13049,3.58972],[-75.13046,3.58969],[-75.13042,3.58967],[-75.13033,3.58966],[-75.13012,3.58968]]},"properties":{"NIVEL_PROP":"N3-Servicio"}},{"type":"Feature","geometry":{"type":"LineString","coordinates":[[-75.32986,3.92718],[-75.32948,3.92714],[-75.32939,3.92721],[-75.32924,3.92729],[-75.32904,3.92728],[-75.32882,3.9272],[-75.32836,3.92714],[-75.32798,3.92712],[-75.32764,3.92701],[-75.32734,3.92688],[-75.32669,3.92644],[-75.32633,3.92624],[-75.32556,3.92623],[-75.32533,3.92622],[-75.32506,3.92637],[-75.32465,3.92657],[-75.3245,3.92655],[-75.3242,3.92624],[-75.32416,3.92622],[-75.32365,3.92607],[-75.32339,3.92597],[-75.32331,3.92551],[-75.32332,3.92538],[-75.3234,3.92518],[-75.32342,3.92503],[-75.32276,3.9245],[-75.32247,3.92425],[-75.32202,3.92359],[-75.32187,3.92354],[-75.32122,3.92326],[-75.32109,3.923],[-75.32087,3.92244],[-75.32074,3.9224],[-75.32049,3.92239],[-75.32023,3.92234],[-75.32005,3.92223],[-75.31992,3.92194],[-75.31975,3.92184],[-75.31969,3.92164],[-75.31958,3.92161],[-75.31943,3.92164],[-75.319,3.92187],[-75.3177,3.92236],[-75.31761,3.92239],[-75.3175,3.92232],[-75.31755,3.92213],[-75.31768,3.92191],[-75.31784,3.92175],[-75.3184,3.92132],[-75.3185,3.92117],[-75.31861,3.92081],[-75.31864,3.9203],[-75.31859,3.92022],[-75.31855,3.91969],[-75.31862,3.91915],[-75.31872,3.91891],[-75.3189,3.91868],[-75.31921,3.91854],[-75.31942,3.91844],[-75.3197,3.91816],[-75.32002,3.91799],[-75.32037,3.91779],[-75.32062,3.91762],[-75.32086,3.91734],[-75.3212,3.91731],[-75.3218,3.91702],[-75.32269,3.91674],[-75.32355,3.91656],[-75.32423,3.91624],[-75.32458,3.91592],[-75.32481,3.91558],[-75.32556,3.91526],[-75.32764,3.91466],[-75.32893,3.91451],[-75.33033,3.91408],[-75.33114,3.91391],[-75.33211,3.91348],[-75.33294,3.91284],[-75.33344,3.91175],[-75.33389,3.91113],[-75.33528,3.91012],[-75.33717,3.90852],[-75.33809,3.90854],[-75.33951,3.90843],[-75.34054,3.90753],[-75.34153,3.90672],[-75.34231,3.90602],[-75.34289,3.90538],[-75.34333,3.905],[-75.34376,3.90419],[-75.34438,3.90385],[-75.34515,3.90376],[-75.34565,3.90378],[-75.34594,3.90368],[-75.3465,3.90331],[-75.34694,3.90327],[-75.34747,3.90338],[-75.34792,3.90333],[-75.34807,3.90338],[-75.34839,3.9035],[-75.34853,3.90356]]},"properties":{"NIVEL_PROP":"N3-Terciaria"}},{"type":"Feature","geometry":{"type":"LineString","coordinates":[[-75.21974,3.93839],[-75.21982,3.93808],[-75.22002,3.93732],[-75.22017,3.93668]]},"properties":{"NIVEL_PROP":"N3-Terciaria"}},{"type":"Feature","geometry":{"type":"LineString","coordinates":[[-75.09669,3.62612],[-75.0965,3.62684]]},"properties":{"NIVEL_PROP":"N3-Terciaria"}},{"type":"Feature","geometry":{"type":"LineString","coordinates":[[-75.10261,3.80562],[-75.10282,3.80518],[-75.10315,3.80443]]},"properties":{"NIVEL_PROP":"N3-Servicio"}},{"type":"Feature","geometry":{"type":"LineString","coordinates":[[-75.04743,3.78779],[-75.04648,3.78813],[-75.04638,3.78818],[-75.04558,3.78864],[-75.04449,3.78895],[-75.04426,3.78904],[-75.04402,3.78895],[-75.04016,3.78735],[-75.04001,3.78739],[-75.03811,3.78733],[-75.03698,3.78658],[-75.0368,3.78676],[-75.03648,3.78705],[-75.03623,3.78721],[-75.03588,3.78724],[-75.03529,3.7871],[-75.03519,3.78732],[-75.03511,3.7881],[-75.03488,3.78845],[-75.03419,3.78935],[-75.03337,3.78999],[-75.03278,3.79025],[-75.03208,3.79034],[-75.03118,3.79053],[-75.03015,3.79102],[-75.02913,3.79133],[-75.02826,3.79174],[-75.02713,3.79216],[-75.02638,3.79242],[-75.02607,3.79262],[-75.02597,3.79275],[-75.02587,3.7928],[-75.0257,3.79278],[-75.02545,3.79267],[-75.02466,3.79242],[-75.02082,3.79241],[-75.02054,3.79252],[-75.01919,3.79362],[-75.01868,3.79381],[-75.01843,3.79384]]},"properties":{"NIVEL_PROP":"N3-Terciaria"}},{"type":"Feature","geometry":{"type":"LineString","coordinates":[[-75.13881,3.5006],[-75.13878,3.50051]]},"properties":{"NIVEL_PROP":"N3-Servicio"}},{"type":"Feature","geometry":{"type":"LineString","coordinates":[[-75.27377,3.99155],[-75.2739,3.99144],[-75.27415,3.99092],[-75.27429,3.99064],[-75.27454,3.99035],[-75.27472,3.9899]]},"properties":{"NIVEL_PROP":"N3-Terciaria"}},{"type":"Feature","geometry":{"type":"LineString","coordinates":[[-75.19324,3.79793],[-75.19285,3.79879]]},"properties":{"NIVEL_PROP":"N3-Terciaria"}},{"type":"Feature","geometry":{"type":"LineString","coordinates":[[-75.17972,3.98983],[-75.17957,3.99014],[-75.17943,3.99073]]},"properties":{"NIVEL_PROP":"N3-Terciaria"}},{"type":"Feature","geometry":{"type":"LineString","coordinates":[[-75.11964,3.52658],[-75.11975,3.52645],[-75.11992,3.52618],[-75.12001,3.52592],[-75.12006,3.5256],[-75.12006,3.5254],[-75.12009,3.5252],[-75.12012,3.52507],[-75.12016,3.52494],[-75.12022,3.5248],[-75.12022,3.52453],[-75.12025,3.52432],[-75.12076,3.52267],[-75.12078,3.52262],[-75.1208,3.52254],[-75.12088,3.52163]]},"properties":{"NIVEL_PROP":"N3-Terciaria"}},{"type":"Feature","geometry":{"type":"LineString","coordinates":[[-75.18879,3.70601],[-75.18869,3.7068],[-75.18854,3.70736],[-75.18847,3.70765],[-75.18844,3.70782],[-75.18834,3.70808],[-75.18821,3.70828],[-75.18807,3.70849],[-75.18769,3.70894],[-75.1875,3.70918],[-75.18734,3.70928],[-75.18716,3.70933],[-75.18705,3.70934],[-75.1869,3.70937],[-75.18677,3.70947],[-75.18656,3.70969],[-75.18634,3.70997],[-75.18626,3.71009]]},"properties":{"NIVEL_PROP":"N3-Camino vecinal"}},{"type":"Feature","geometry":{"type":"LineString","coordinates":[[-75.14318,3.92897],[-75.1431,3.92865],[-75.14298,3.92833],[-75.14294,3.92792],[-75.14295,3.92782],[-75.14312,3.9276],[-75.14349,3.92733],[-75.14362,3.9272],[-75.14374,3.92706],[-75.14408,3.92706],[-75.14432,3.92703],[-75.14453,3.92693],[-75.14469,3.9267],[-75.14475,3.92634],[-75.14485,3.92588],[-75.14492,3.9253],[-75.14502,3.9247],[-75.14512,3.92402],[-75.14527,3.9235],[-75.14532,3.92312],[-75.14559,3.92247],[-75.14571,3.92201],[-75.14583,3.92185]]},"properties":{"NIVEL_PROP":"N3-Terciaria"}},{"type":"Feature","geometry":{"type":"LineString","coordinates":[[-75.17703,3.76569],[-75.17697,3.76558]]},"properties":{"NIVEL_PROP":"N3-Terciaria"}},{"type":"Feature","geometry":{"type":"LineString","coordinates":[[-75.06054,3.82082],[-75.06041,3.82086],[-75.06033,3.82092],[-75.06032,3.82106],[-75.06027,3.82111],[-75.06022,3.82116],[-75.06013,3.8212]]},"properties":{"NIVEL_PROP":"Sendero"}},{"type":"Feature","geometry":{"type":"LineString","coordinates":[[-74.99189,3.75973],[-74.99182,3.75965],[-74.99176,3.75963],[-74.99167,3.75962]]},"properties":{"NIVEL_PROP":"N3-Terciaria"}},{"type":"Feature","geometry":{"type":"LineString","coordinates":[[-75.09737,3.62642],[-75.09724,3.62691],[-75.09713,3.62696],[-75.09695,3.62697],[-75.09682,3.62693],[-75.09667,3.62689],[-75.0965,3.62684]]},"properties":{"NIVEL_PROP":"N3-Terciaria"}},{"type":"Feature","geometry":{"type":"LineString","coordinates":[[-75.24726,3.88611],[-75.24708,3.88588],[-75.24682,3.88562],[-75.24673,3.8855],[-75.2467,3.88534],[-75.24682,3.88503],[-75.24694,3.88473],[-75.24717,3.8843],[-75.2473,3.88411],[-75.24749,3.884],[-75.2481,3.88364],[-75.24823,3.88351],[-75.2485,3.88311],[-75.24859,3.88296],[-75.24861,3.8828],[-75.2486,3.88251],[-75.24853,3.88238],[-75.24821,3.88205],[-75.24792,3.88177],[-75.2479,3.88169],[-75.24792,3.88158],[-75.24802,3.88148],[-75.24815,3.88137],[-75.24824,3.88121],[-75.24827,3.881],[-75.24828,3.88074],[-75.24826,3.88034]]},"properties":{"NIVEL_PROP":"N3-Terciaria"}},{"type":"Feature","geometry":{"type":"LineString","coordinates":[[-75.34853,3.90356],[-75.34855,3.90351],[-75.34863,3.90327],[-75.34875,3.903],[-75.34895,3.90272],[-75.34887,3.90244],[-75.3496,3.90224],[-75.35022,3.90241],[-75.35086,3.90268],[-75.35153,3.90263],[-75.35193,3.90265],[-75.35224,3.90263],[-75.35228,3.90244],[-75.35223,3.90222],[-75.35201,3.90206],[-75.35176,3.90201],[-75.35172,3.90197],[-75.35174,3.90193],[-75.35194,3.90187],[-75.3522,3.90182],[-75.35243,3.90201],[-75.35258,3.90199],[-75.35271,3.90201],[-75.3529,3.90184],[-75.35302,3.90158],[-75.35348,3.90138],[-75.35387,3.90102],[-75.35436,3.90083],[-75.35445,3.90085],[-75.35455,3.9011],[-75.35464,3.90119],[-75.35475,3.90116],[-75.35479,3.90106],[-75.35458,3.90049],[-75.35456,3.9004],[-75.35458,3.90037],[-75.35467,3.90036],[-75.35484,3.90048],[-75.35519,3.90052],[-75.35537,3.90054],[-75.35548,3.90049],[-75.3555,3.90028],[-75.35557,3.90013],[-75.35587,3.89982],[-75.35603,3.89974],[-75.35616,3.89974],[-75.35626,3.89979],[-75.35625,3.89995],[-75.35629,3.90014],[-75.35655,3.90049],[-75.35669,3.90046],[-75.35694,3.90043],[-75.35721,3.90048],[-75.35738,3.90069],[-75.35733,3.90091],[-75.35742,3.90117],[-75.35734,3.90139],[-75.35734,3.90168],[-75.35744,3.90206],[-75.35755,3.90233],[-75.35763,3.90241],[-75.35775,3.90241],[-75.35781,3.90233],[-75.35777,3.90211],[-75.35773,3.90188],[-75.35772,3.90168],[-75.35787,3.90149],[-75.35802,3.90129],[-75.35809,3.90066],[-75.35813,3.90059],[-75.35817,3.90061],[-75.35821,3.90065],[-75.35822,3.90084],[-75.35831,3.9009],[-75.3585,3.90083],[-75.3587,3.90085],[-75.35876,3.90089],[-75.35883,3.90089],[-75.35889,3.90082],[-75.35887,3.90072],[-75.35875,3.90063],[-75.35877,3.90054],[-75.35884,3.9005],[-75.35904,3.90051],[-75.35911,3.90045],[-75.35911,3.90041],[-75.35921,3.90029],[-75.35933,3.90023],[-75.3596,3.90014],[-75.35964,3.90004],[-75.35963,3.89988],[-75.35963,3.89983]]},"properties":{"NIVEL_PROP":"N3-Terciaria"}},{"type":"Feature","geometry":{"type":"LineString","coordinates":[[-75.21944,3.93528],[-75.21953,3.93509]]},"properties":{"NIVEL_PROP":"Sendero"}},{"type":"Feature","geometry":{"type":"LineString","coordinates":[[-75.1038,3.53164],[-75.1034,3.53146]]},"properties":{"NIVEL_PROP":"N3-Servicio"}},{"type":"Feature","geometry":{"type":"LineString","coordinates":[[-75.094,3.61925],[-75.09331,3.619],[-75.09253,3.61872],[-75.09169,3.61841],[-75.09078,3.61807]]},"properties":{"NIVEL_PROP":"N3-Terciaria"}},{"type":"Feature","geometry":{"type":"LineString","coordinates":[[-75.06197,3.77436],[-75.06203,3.77431],[-75.06213,3.77426],[-75.06228,3.7742],[-75.06245,3.7741],[-75.0626,3.77397],[-75.06271,3.77383],[-75.06277,3.77368],[-75.06282,3.77348],[-75.0629,3.77293],[-75.06295,3.77267],[-75.06301,3.7725],[-75.06307,3.77237],[-75.06316,3.77225],[-75.06321,3.77222],[-75.06326,3.7722],[-75.06333,3.77217],[-75.06603,3.77176],[-75.06698,3.7716],[-75.06739,3.77158],[-75.06966,3.77116]]},"properties":{"NIVEL_PROP":"N3-Terciaria"}},{"type":"Feature","geometry":{"type":"LineString","coordinates":[[-75.11198,3.53374],[-75.11267,3.53458],[-75.11275,3.53465],[-75.11286,3.5347]]},"properties":{"NIVEL_PROP":"N3-Camino vecinal"}},{"type":"Feature","geometry":{"type":"LineString","coordinates":[[-75.12891,3.97232],[-75.12856,3.97243],[-75.12832,3.97252],[-75.12816,3.97267],[-75.12798,3.97289],[-75.12752,3.97322],[-75.12727,3.9734],[-75.12723,3.97353],[-75.1271,3.97383],[-75.12693,3.97402],[-75.12653,3.9743]]},"properties":{"NIVEL_PROP":"N3-Camino vecinal"}},{"type":"Feature","geometry":{"type":"LineString","coordinates":[[-75.18389,3.99438],[-75.18346,3.9945],[-75.18317,3.99473],[-75.18299,3.99476],[-75.18285,3.99492]]},"properties":{"NIVEL_PROP":"N3-Terciaria"}},{"type":"Feature","geometry":{"type":"LineString","coordinates":[[-75.10041,3.63852],[-75.10047,3.63871],[-75.10061,3.639],[-75.10066,3.63912],[-75.10071,3.63924],[-75.10077,3.63943],[-75.10147,3.64184],[-75.10151,3.64203],[-75.10164,3.64241],[-75.10176,3.64277],[-75.10196,3.64322],[-75.10207,3.64347],[-75.1028,3.64487],[-75.10375,3.64649],[-75.10384,3.64664],[-75.10388,3.64671],[-75.10394,3.64692],[-75.10404,3.64743],[-75.1041,3.6481],[-75.10417,3.64893],[-75.10421,3.64967],[-75.10427,3.65118],[-75.10429,3.65135],[-75.10433,3.65151],[-75.10438,3.65167],[-75.10455,3.65204],[-75.10461,3.65219],[-75.10464,3.65232],[-75.10479,3.65396],[-75.10482,3.6554],[-75.10481,3.65593],[-75.10485,3.65673],[-75.10488,3.65688],[-75.10491,3.65702],[-75.105,3.6572],[-75.10504,3.65729],[-75.10505,3.65735],[-75.10505,3.65741],[-75.10476,3.65962],[-75.10471,3.66001],[-75.10473,3.66017],[-75.10474,3.66032],[-75.10484,3.66058],[-75.10488,3.66077],[-75.10497,3.66238],[-75.10499,3.66262],[-75.10503,3.66281],[-75.10518,3.66337],[-75.10556,3.66467],[-75.10745,3.66788],[-75.10748,3.66796],[-75.10749,3.66804],[-75.10757,3.66957],[-75.10761,3.67077],[-75.10762,3.67088],[-75.10764,3.671],[-75.10768,3.67111],[-75.10792,3.67155],[-75.1082,3.67199],[-75.10926,3.67358],[-75.10933,3.67374],[-75.10937,3.67389],[-75.10967,3.67517],[-75.10969,3.67526],[-75.11004,3.67716],[-75.11009,3.67732],[-75.11018,3.67746],[-75.11031,3.67756],[-75.11046,3.6776],[-75.11058,3.67761],[-75.11149,3.67747],[-75.1118,3.67744],[-75.112,3.67746],[-75.11213,3.6775],[-75.11235,3.67762],[-75.11253,3.67773],[-75.1126,3.67776],[-75.11268,3.67779],[-75.11273,3.67779],[-75.11282,3.67781],[-75.11295,3.67782],[-75.11311,3.67781],[-75.11953,3.67675],[-75.1198,3.67679],[-75.12008,3.67696],[-75.12034,3.67726],[-75.12053,3.67764],[-75.12171,3.68006],[-75.12186,3.68048],[-75.12189,3.68089],[-75.12191,3.68181],[-75.12198,3.68207],[-75.12211,3.68229],[-75.12228,3.68243],[-75.12489,3.68378],[-75.12503,3.68394],[-75.12514,3.6841],[-75.12519,3.68428],[-75.12514,3.68444],[-75.12498,3.68482],[-75.12283,3.68885],[-75.12281,3.68904],[-75.12283,3.68922],[-75.12301,3.68968],[-75.12311,3.68994],[-75.12314,3.69018],[-75.12305,3.69044],[-75.12291,3.69063],[-75.12128,3.69208],[-75.12113,3.69233],[-75.12109,3.69253],[-75.1211,3.69293],[-75.12107,3.69299],[-75.121,3.69348],[-75.12111,3.69357]]},"properties":{"NIVEL_PROP":"N3-Terciaria"}},{"type":"Feature","geometry":{"type":"LineString","coordinates":[[-75.18019,3.77307],[-75.18023,3.77298],[-75.18029,3.77279],[-75.18047,3.77209]]},"properties":{"NIVEL_PROP":"N3-Terciaria"}},{"type":"Feature","geometry":{"type":"LineString","coordinates":[[-75.19094,3.97389],[-75.19027,3.97371],[-75.18955,3.97352],[-75.18912,3.97339],[-75.1889,3.97333],[-75.18861,3.97317],[-75.18846,3.97323],[-75.18841,3.97341],[-75.18815,3.97346],[-75.1878,3.9735],[-75.18738,3.97338],[-75.18711,3.97338],[-75.18689,3.97338],[-75.1867,3.97325],[-75.18671,3.97306],[-75.18678,3.9728],[-75.18676,3.97251],[-75.18682,3.97233],[-75.18697,3.97206],[-75.18693,3.97195],[-75.18665,3.97177],[-75.18646,3.9715],[-75.18629,3.97113],[-75.18613,3.97103],[-75.18605,3.97078],[-75.1859,3.97066],[-75.18562,3.97048],[-75.18534,3.97059]]},"properties":{"NIVEL_PROP":"N3-Terciaria"}},{"type":"Feature","geometry":{"type":"LineString","coordinates":[[-75.19486,3.78387],[-75.19466,3.78425],[-75.19416,3.78835],[-75.19382,3.79068],[-75.19373,3.79145]]},"properties":{"NIVEL_PROP":"N3-Terciaria"}},{"type":"Feature","geometry":{"type":"LineString","coordinates":[[-75.19616,3.79681],[-75.19582,3.7976],[-75.19548,3.7984],[-75.19512,3.7992],[-75.19478,3.79999],[-75.19446,3.80075],[-75.19443,3.80081],[-75.19422,3.80122]]},"properties":{"NIVEL_PROP":"N3-Terciaria"}},{"type":"Feature","geometry":{"type":"LineString","coordinates":[[-75.1908,3.73121],[-75.19041,3.73124],[-75.1902,3.73131]]},"properties":{"NIVEL_PROP":"N3-Terciaria"}},{"type":"Feature","geometry":{"type":"LineString","coordinates":[[-75.22082,3.93471],[-75.22078,3.93519],[-75.22068,3.93553],[-75.22035,3.93602],[-75.21999,3.93647],[-75.21942,3.93696],[-75.21901,3.93717]]},"properties":{"NIVEL_PROP":"N3-Terciaria"}},{"type":"Feature","geometry":{"type":"LineString","coordinates":[[-75.17931,3.77164],[-75.17982,3.77188],[-75.17993,3.7719],[-75.18018,3.77196],[-75.18047,3.77209],[-75.18058,3.7721],[-75.18068,3.77205],[-75.18089,3.77192],[-75.18106,3.77175],[-75.18116,3.77151],[-75.18123,3.77148],[-75.18131,3.77148],[-75.18148,3.77145],[-75.18171,3.77136]]},"properties":{"NIVEL_PROP":"N3-Terciaria"}},{"type":"Feature","geometry":{"type":"LineString","coordinates":[[-75.09406,3.62932],[-75.09355,3.62926],[-75.09303,3.6292],[-75.09262,3.62916],[-75.09211,3.6291],[-75.09078,3.62895]]},"properties":{"NIVEL_PROP":"N3-Terciaria"}},{"type":"Feature","geometry":{"type":"LineString","coordinates":[[-75.25664,3.88301],[-75.25687,3.88325],[-75.25717,3.88345],[-75.25744,3.88365],[-75.2575,3.88371],[-75.25749,3.88392],[-75.25749,3.88408],[-75.25743,3.88425],[-75.25735,3.88436],[-75.25733,3.88452]]},"properties":{"NIVEL_PROP":"N3-Terciaria"}},{"type":"Feature","geometry":{"type":"LineString","coordinates":[[-75.1191,3.77255],[-75.119,3.77252]]},"properties":{"NIVEL_PROP":"N3-Terciaria"}},{"type":"Feature","geometry":{"type":"LineString","coordinates":[[-75.11195,3.94081],[-75.11231,3.94086],[-75.11257,3.94091],[-75.11275,3.94103],[-75.11281,3.94118]]},"properties":{"NIVEL_PROP":"N3-Terciaria"}},{"type":"Feature","geometry":{"type":"LineString","coordinates":[[-75.30827,3.90225],[-75.30813,3.90201],[-75.30794,3.90181],[-75.30765,3.90164]]},"properties":{"NIVEL_PROP":"N3-Terciaria"}},{"type":"Feature","geometry":{"type":"LineString","coordinates":[[-75.13051,3.99711],[-75.13055,3.99712],[-75.13071,3.99709],[-75.13079,3.99702],[-75.13085,3.99693],[-75.13091,3.99681],[-75.13096,3.99674],[-75.13106,3.99667],[-75.13117,3.99667],[-75.13145,3.99668],[-75.13171,3.99664],[-75.13187,3.99663],[-75.13212,3.99657],[-75.1324,3.99642],[-75.13264,3.99633],[-75.13281,3.99629],[-75.1331,3.99632],[-75.13333,3.99636],[-75.13354,3.99644],[-75.13377,3.99658],[-75.13381,3.99663],[-75.1339,3.99679],[-75.13418,3.99789],[-75.13421,3.99838],[-75.13388,3.9989],[-75.13346,3.99935],[-75.13346,3.99995],[-75.13362,4.0004],[-75.13366,4.00079],[-75.13359,4.00111],[-75.13343,4.00128]]},"properties":{"NIVEL_PROP":"N3-Terciaria"}},{"type":"Feature","geometry":{"type":"LineString","coordinates":[[-75.11931,3.87754],[-75.11966,3.87795],[-75.11988,3.8782],[-75.1199,3.87837]]},"properties":{"NIVEL_PROP":"N3-Terciaria"}},{"type":"Feature","geometry":{"type":"LineString","coordinates":[[-75.1945,3.7485],[-75.19586,3.74967]]},"properties":{"NIVEL_PROP":"N3-Terciaria"}},{"type":"Feature","geometry":{"type":"LineString","coordinates":[[-75.22454,3.77658],[-75.22413,3.77699],[-75.22402,3.77708],[-75.22382,3.77717],[-75.22352,3.77754],[-75.22335,3.77777],[-75.22276,3.77789],[-75.22227,3.77765]]},"properties":{"NIVEL_PROP":"N3-Terciaria"}},{"type":"Feature","geometry":{"type":"LineString","coordinates":[[-75.30383,3.77268],[-75.30332,3.77211],[-75.30297,3.77191],[-75.30259,3.77182],[-75.30233,3.77171],[-75.30192,3.77108],[-75.3016,3.77082]]},"properties":{"NIVEL_PROP":"N3-Camino vecinal"}},{"type":"Feature","geometry":{"type":"LineString","coordinates":[[-75.34887,3.90244],[-75.34878,3.90225],[-75.3488,3.90192],[-75.34892,3.90155],[-75.34893,3.90143]]},"properties":{"NIVEL_PROP":"N3-Terciaria"}},{"type":"Feature","geometry":{"type":"LineString","coordinates":[[-75.20231,4.03204],[-75.20231,4.03204],[-75.20233,4.03185],[-75.2025,4.03161],[-75.20224,4.03153],[-75.20191,4.03148],[-75.20168,4.0315]]},"properties":{"NIVEL_PROP":"N3-Terciaria"}},{"type":"Feature","geometry":{"type":"LineString","coordinates":[[-75.1004,3.53372],[-75.0999,3.53331]]},"properties":{"NIVEL_PROP":"N3-Terciaria"}},{"type":"Feature","geometry":{"type":"LineString","coordinates":[[-75.13552,3.85812],[-75.13534,3.85778],[-75.1353,3.85756],[-75.13506,3.85726]]},"properties":{"NIVEL_PROP":"N3-Camino vecinal"}},{"type":"Feature","geometry":{"type":"LineString","coordinates":[[-75.19459,3.79603],[-75.19408,3.79591]]},"properties":{"NIVEL_PROP":"N3-Terciaria"}},{"type":"Feature","geometry":{"type":"LineString","coordinates":[[-75.09992,3.54374],[-75.09991,3.54369],[-75.09991,3.54364],[-75.10016,3.54274],[-75.10018,3.54246],[-75.10019,3.5418],[-75.10017,3.54168],[-75.10009,3.54157],[-75.09955,3.54112],[-75.09947,3.54103],[-75.09938,3.54082],[-75.09933,3.54053],[-75.09929,3.54031],[-75.0993,3.54016],[-75.09938,3.53954],[-75.09943,3.53907],[-75.09948,3.53867],[-75.09958,3.53828],[-75.09972,3.53788],[-75.10012,3.53704],[-75.10015,3.53695],[-75.1006,3.53656],[-75.10074,3.53644],[-75.10086,3.5363],[-75.10094,3.53623],[-75.10107,3.53618]]},"properties":{"NIVEL_PROP":"N3-Terciaria"}},{"type":"Feature","geometry":{"type":"LineString","coordinates":[[-75.28402,3.87606],[-75.28424,3.8764],[-75.28435,3.87714],[-75.28447,3.8775],[-75.28475,3.87776],[-75.28506,3.87795],[-75.28533,3.878],[-75.28553,3.87821],[-75.28569,3.87916],[-75.28547,3.88025],[-75.28564,3.88066],[-75.28549,3.88112],[-75.28558,3.88183],[-75.28577,3.88206],[-75.28602,3.88213],[-75.28625,3.88239],[-75.28669,3.88272],[-75.28708,3.88306],[-75.28751,3.88407],[-75.28798,3.88475],[-75.28805,3.88508],[-75.28808,3.88559],[-75.28815,3.88606],[-75.28845,3.88629],[-75.28895,3.88675],[-75.28918,3.88703],[-75.28933,3.88738],[-75.2896,3.88821],[-75.28985,3.88843],[-75.29069,3.88959],[-75.29141,3.89046],[-75.29175,3.89084],[-75.29181,3.89117],[-75.29205,3.89164],[-75.29261,3.89225],[-75.29344,3.89318],[-75.29331,3.89521],[-75.2932,3.89591],[-75.29305,3.89669],[-75.29287,3.8971],[-75.29281,3.89764],[-75.29303,3.89934]]},"properties":{"NIVEL_PROP":"N3-Terciaria"}},{"type":"Feature","geometry":{"type":"LineString","coordinates":[[-75.19408,3.79591],[-75.19376,3.79673],[-75.19345,3.7975],[-75.1933,3.79794]]},"properties":{"NIVEL_PROP":"N3-Terciaria"}},{"type":"Feature","geometry":{"type":"LineString","coordinates":[[-75.0908,3.62137],[-75.09062,3.62135],[-75.09028,3.62126],[-75.09,3.62119],[-75.0897,3.62112]]},"properties":{"NIVEL_PROP":"N3-Terciaria"}},{"type":"Feature","geometry":{"type":"LineString","coordinates":[[-75.26843,3.79191],[-75.26828,3.79174],[-75.26819,3.79156]]},"properties":{"NIVEL_PROP":"N3-Servicio"}},{"type":"Feature","geometry":{"type":"LineString","coordinates":[[-74.99287,3.66593],[-74.99275,3.66618],[-74.99179,3.66782]]},"properties":{"NIVEL_PROP":"N3-Terciaria"}},{"type":"Feature","geometry":{"type":"LineString","coordinates":[[-75.18877,3.79773],[-75.18887,3.79785],[-75.18894,3.79793],[-75.18907,3.79807],[-75.18908,3.79825],[-75.18951,3.79881],[-75.18972,3.79908],[-75.19,3.79932],[-75.19027,3.79959],[-75.19079,3.80001],[-75.19114,3.8003],[-75.19194,3.80072],[-75.19257,3.80121],[-75.1929,3.80137],[-75.19313,3.80123]]},"properties":{"NIVEL_PROP":"N3-Terciaria"}}]}